tf,club_rank_atlas,goblet_rank_atlas,club_rank_resolver,goblet_rank_resolver,club_rank_orig10,goblet_rank_orig10,both_fam,n_lib,club_top25_all3,above_goblet_all3,robust_club_specific
CREB3L4,1,4,1.0,2.0,1.0,2.0,False,3,True,True,True
MITF,2,1,2.0,1.0,2.0,1.0,True,5,True,False,False
FOXA1,3,2,4.0,3.0,4.0,3.0,True,6,True,False,False
XBP1,4,10,3.0,4.0,3.0,4.0,True,4,True,True,True
ELF3,5,3,5.0,7.0,8.0,7.0,True,4,True,False,False
HNF4G,6,5,12.0,6.0,20.0,6.0,True,5,True,False,False
STAT1,7,6,10.0,5.0,11.0,5.0,True,6,True,False,False
MECOM,8,7,6.0,11.0,7.0,10.0,True,3,True,False,False
ZNF189,9,15,13.0,14.0,10.0,15.0,False,3,True,True,True
CREB3L2,10,31,7.0,15.0,6.0,13.0,False,3,True,True,True
ZNF587,11,21,14.0,17.0,12.0,16.0,False,3,True,True,True
SATB2,12,14,160.0,18.0,463.0,21.0,False,3,False,False,False
ZKSCAN1,13,16,20.0,12.0,26.0,12.0,True,5,False,False,False
THRB,14,52,47.0,30.0,82.0,34.0,False,3,False,False,False
NCOA2,15,20,18.0,43.0,13.0,41.0,True,4,True,True,True
FOXP4,16,22,9.0,20.0,9.0,18.0,False,3,True,True,True
FOXA3,17,48,36.0,19.0,56.0,22.0,False,3,False,False,False
SMAD4,18,18,19.0,31.0,15.0,31.0,True,5,True,False,False
MESP1,19,55,11.0,37.0,17.0,39.0,False,3,True,True,True
NCOA3,20,17,29.0,46.0,29.0,47.0,True,4,False,False,False
NR2F6,21,8,22.0,13.0,40.0,14.0,True,4,False,False,False
ELF5,22,75,30.0,44.0,54.0,50.0,True,5,False,False,False
NFE2,23,24,16.0,36.0,18.0,36.0,True,5,True,True,True
ZNF69,24,63,17.0,28.0,19.0,27.0,False,3,True,True,True
DMRTA1,25,73,15.0,24.0,16.0,24.0,False,3,True,True,True
NR2C2,26,66,32.0,74.0,31.0,70.0,True,5,False,True,False
NR3C2,27,60,23.0,52.0,23.0,46.0,False,3,False,True,False
CREB3L1,28,118,41.0,26.0,50.0,32.0,True,4,False,False,False
FOXO3,29,61,38.0,50.0,30.0,51.0,True,4,False,True,False
NCOA1,30,35,31.0,60.0,21.0,56.0,True,4,False,True,False
ETV6,31,26,24.0,41.0,27.0,40.0,True,4,False,False,False
CLOCK,32,51,51.0,65.0,36.0,63.0,False,5,False,True,False
ZNF217,33,11,175.0,85.0,192.0,95.0,True,6,False,False,False
ZNF552,34,74,26.0,45.0,34.0,45.0,False,3,False,True,False
ZNF704,35,85,25.0,68.0,25.0,66.0,False,3,False,True,False
ZNF396,36,50,77.0,25.0,73.0,26.0,False,3,False,False,False
ZNF236,37,77,35.0,312.0,24.0,243.0,False,3,False,True,False
ZNF710,38,25,27.0,29.0,32.0,30.0,False,3,False,False,False
OVOL2,39,39,37.0,42.0,44.0,43.0,False,3,False,False,False
ZNF407,40,59,43.0,177.0,28.0,149.0,False,3,False,True,False
ZSCAN16,41,69,33.0,32.0,42.0,28.0,False,3,False,False,False
STAT2,42,44,52.0,40.0,52.0,42.0,True,5,False,False,False
ZBTB41,43,72,53.0,55.0,46.0,49.0,False,3,False,True,False
ZNF875,44,110,34.0,70.0,39.0,61.0,False,3,False,True,False
CASZ1,45,41,45.0,48.0,51.0,44.0,False,3,False,False,False
ZFAT,46,58,58.0,71.0,66.0,74.0,False,3,False,True,False
CREB3,47,81,50.0,16.0,89.0,17.0,True,4,False,False,False
HIVEP1,48,68,46.0,112.0,35.0,127.0,False,3,False,True,False
ZBTB42,49,53,42.0,38.0,45.0,38.0,False,2,False,False,False
SREBF2,50,28,21.0,27.0,22.0,23.0,True,6,False,False,False
STAT3,51,19,28.0,67.0,14.0,53.0,True,6,False,False,False
MYB,52,56,54.0,49.0,65.0,48.0,True,6,False,False,False
ZNF81,53,106,57.0,141.0,47.0,128.0,False,3,False,True,False
ESRRG,54,93,63.0,58.0,68.0,59.0,False,3,False,False,False
LCOR,55,92,79.0,62.0,70.0,65.0,False,3,False,False,False
STAT5A,56,30,73.0,33.0,90.0,33.0,True,6,False,False,False
IRF1,57,32,96.0,63.0,110.0,68.0,True,6,False,False,False
SPDEF,58,160,64.0,51.0,102.0,58.0,False,3,False,False,False
TBX10,59,131,314.0,47.0,551.0,54.0,False,3,False,False,False
ZNF117,60,99,44.0,79.0,33.0,73.0,False,3,False,True,False
CXXC5,61,97,76.0,72.0,113.0,72.0,False,2,False,False,False
ZNF75D,62,98,69.0,91.0,71.0,92.0,False,3,False,True,False
RUNX1,63,13,191.0,158.0,103.0,167.0,True,5,False,False,False
ZBTB7A,64,29,290.0,97.0,280.0,90.0,True,5,False,False,False
SP140L,65,90,102.0,66.0,175.0,71.0,False,2,False,False,False
ZNF664,66,89,62.0,59.0,57.0,60.0,False,3,False,False,False
ZNF780A,67,130,85.0,84.0,84.0,79.0,False,3,False,False,False
FOXO4,68,129,48.0,61.0,48.0,62.0,False,3,False,True,False
IRF9,69,116,143.0,54.0,198.0,57.0,False,4,False,False,False
ZBTB46,70,65,55.0,53.0,59.0,52.0,False,3,False,False,False
ZFHX3,71,88,56.0,178.0,62.0,169.0,False,3,False,True,False
BHLHA15,72,54,40.0,35.0,41.0,29.0,False,2,False,False,False
TET2,73,100,80.0,133.0,93.0,136.0,False,2,False,True,False
PRDM8,74,201,39.0,98.0,37.0,100.0,False,3,False,True,False
ZNF609,75,78,49.0,338.0,43.0,307.0,False,3,False,True,False
BATF2,76,113,165.0,56.0,300.0,64.0,False,3,False,False,False
FOXA2,77,173,8.0,95.0,5.0,77.0,True,6,False,True,False
ZBTB34,78,64,111.0,80.0,162.0,82.0,False,3,False,False,False
ZNF776,79,267,82.0,203.0,77.0,196.0,False,3,False,True,False
ZNF510,80,127,78.0,162.0,60.0,163.0,False,3,False,True,False
IKZF2,81,141,137.0,145.0,193.0,170.0,False,3,False,False,False
ESR1,82,47,406.0,174.0,465.0,180.0,True,6,False,False,False
ZBTB37,83,175,110.0,224.0,94.0,217.0,False,3,False,True,False
MESP2,84,293,71.0,264.0,85.0,259.0,False,3,False,True,False
SP100,85,162,162.0,73.0,213.0,83.0,False,3,False,False,False
CCDC17,86,9,153.0,8.0,260.0,8.0,False,2,False,False,False
GRHL2,87,45,174.0,126.0,232.0,116.0,True,5,False,False,False
PURA,88,319,214.0,179.0,163.0,160.0,False,2,False,False,False
NFATC2,89,166,65.0,89.0,64.0,85.0,False,3,False,True,False
ZNF429,90,441,152.0,332.0,200.0,310.0,False,3,False,True,False
SOX5,91,264,91.0,134.0,87.0,126.0,False,3,False,True,False
LBX2,92,136,59.0,39.0,72.0,35.0,False,3,False,False,False
ZNF417,93,286,123.0,192.0,157.0,200.0,False,3,False,True,False
RREB1,94,105,245.0,206.0,273.0,203.0,False,3,False,False,False
NFAT5,95,123,98.0,359.0,119.0,322.0,False,3,False,True,False
ZNF555,96,258,118.0,163.0,159.0,154.0,False,3,False,False,False
ASH1L,97,194,150.0,437.0,114.0,383.0,False,3,False,True,False
CXXC4,98,102,61.0,57.0,75.0,55.0,True,3,False,False,False
ZNF652,99,249,179.0,219.0,161.0,229.0,True,4,False,True,False
ZNF341,100,138,68.0,90.0,76.0,94.0,False,3,False,True,False
KDM5B,101,42,100.0,114.0,55.0,102.0,True,5,False,False,False
SP140,102,139,215.0,69.0,285.0,76.0,False,3,False,False,False
ZNF621,103,184,128.0,186.0,122.0,184.0,False,3,False,True,False
BACH1,104,43,127.0,168.0,91.0,186.0,True,6,False,False,False
GPBP1L1,105,142,131.0,116.0,134.0,124.0,False,2,False,False,False
MYSM1,106,224,157.0,425.0,98.0,390.0,False,3,False,True,False
MLXIP,107,84,75.0,100.0,69.0,98.0,False,3,False,False,False
SP110,108,234,136.0,78.0,181.0,84.0,False,3,False,False,False
ZNF780B,109,329,90.0,320.0,86.0,280.0,False,3,False,True,False
GLMP,110,167,66.0,34.0,120.0,37.0,False,2,False,False,False
HIVEP2,111,112,92.0,151.0,81.0,156.0,False,3,False,True,False
TBXT,112,265,182.0,109.0,202.0,125.0,True,4,False,False,False
BARHL1,113,154,106.0,120.0,141.0,130.0,False,3,False,False,False
FOXJ1,114,12,146.0,9.0,212.0,9.0,False,3,False,False,False
ZNF592,115,80,67.0,123.0,53.0,114.0,True,4,False,False,False
TET3,116,117,117.0,171.0,104.0,173.0,False,2,False,True,False
MBNL2,117,171,74.0,108.0,61.0,109.0,False,3,False,True,False
ZNF24,118,182,154.0,106.0,131.0,101.0,True,4,False,False,False
ZNF440,119,67,230.0,23.0,255.0,25.0,False,3,False,False,False
ZNF20,120,148,108.0,87.0,125.0,87.0,False,3,False,False,False
USF3,121,209,132.0,184.0,139.0,188.0,False,2,False,True,False
ZBTB10,122,214,113.0,222.0,79.0,226.0,False,3,False,True,False
FOXJ3,123,193,105.0,285.0,92.0,277.0,False,3,False,True,False
ATF6,124,161,119.0,99.0,128.0,105.0,False,3,False,False,False
ZNF264,125,205,211.0,330.0,166.0,349.0,False,3,False,True,False
SP1,126,34,83.0,300.0,38.0,234.0,True,5,False,False,False
ZNF808,127,243,116.0,181.0,118.0,185.0,False,3,False,True,False
ZNF37A,128,342,166.0,238.0,147.0,231.0,False,3,False,True,False
ZNF507,129,262,192.0,475.0,121.0,450.0,False,3,False,True,False
GZF1,130,104,94.0,102.0,95.0,108.0,False,3,False,False,False
GATAD2B,131,218,122.0,441.0,115.0,424.0,False,3,False,True,False
ZNF70,132,231,167.0,164.0,124.0,141.0,False,3,False,False,False
RFX3,133,33,172.0,21.0,180.0,19.0,False,3,False,False,False
ZNF493,134,383,168.0,322.0,169.0,317.0,False,3,False,True,False
ZBTB18,135,200,133.0,121.0,173.0,134.0,False,2,False,False,False
KMT2A,136,227,170.0,537.0,130.0,493.0,True,3,False,True,False
ZBED6,137,195,223.0,213.0,249.0,222.0,False,1,False,False,False
ZNF432,138,151,147.0,94.0,133.0,88.0,False,3,False,False,False
LHX8,139,274,161.0,149.0,185.0,159.0,False,3,False,False,False
PRDM2,140,210,155.0,325.0,127.0,299.0,False,3,False,True,False
ZNF736,141,236,101.0,399.0,160.0,372.0,False,2,False,True,False
HES6,142,168,141.0,75.0,217.0,81.0,False,3,False,False,False
NACC2,143,132,109.0,115.0,123.0,110.0,False,2,False,False,False
ZNF165,144,187,236.0,81.0,244.0,80.0,True,3,False,False,False
SGSM2,145,158,88.0,165.0,100.0,145.0,False,2,False,True,False
ZNF445,146,289,207.0,350.0,171.0,332.0,False,3,False,True,False
RBAK,147,260,181.0,365.0,170.0,373.0,False,3,False,True,False
ZBTB26,148,497,272.0,655.0,248.0,624.0,False,3,False,True,False
ARID2,149,190,213.0,355.0,148.0,351.0,True,4,False,True,False
MXD4,150,76,89.0,96.0,99.0,91.0,False,3,False,False,False
ZNF33A,151,295,187.0,232.0,144.0,220.0,False,3,False,True,False
ZNF28,152,226,283.0,187.0,277.0,198.0,False,3,False,False,False
ZNF778,153,211,99.0,117.0,97.0,112.0,False,3,False,True,False
ZBTB40,154,124,86.0,209.0,74.0,202.0,False,3,False,False,False
E2F5,155,172,97.0,77.0,107.0,78.0,True,4,False,False,False
ZNF782,156,320,135.0,434.0,106.0,399.0,False,3,False,True,False
POU5F2,157,364,365.0,244.0,469.0,262.0,False,2,False,False,False
CUX1,158,82,72.0,310.0,49.0,248.0,True,6,False,False,False
ZNF564,159,269,121.0,161.0,105.0,165.0,False,3,False,True,False
ZMAT1,160,377,183.0,307.0,188.0,258.0,False,3,False,True,False
ZNF91,161,339,241.0,256.0,254.0,265.0,False,3,False,True,False
PRDM4,162,107,227.0,271.0,194.0,282.0,False,3,False,False,False
ZNF800,163,299,212.0,304.0,176.0,309.0,False,3,False,True,False
BCL6,164,62,256.0,140.0,205.0,152.0,True,5,False,False,False
ZNF148,165,335,249.0,357.0,210.0,329.0,False,3,False,True,False
ZNF860,166,202,509.0,185.0,724.0,204.0,False,2,False,False,False
RLF,167,207,163.0,278.0,152.0,297.0,False,3,False,True,False
ZBTB38,168,196,296.0,230.0,214.0,240.0,False,3,False,False,False
RORC,169,350,84.0,159.0,80.0,147.0,False,3,False,True,False
MEF2A,170,157,237.0,194.0,172.0,183.0,True,6,False,False,False
JAZF1,171,146,129.0,93.0,126.0,96.0,False,3,False,False,False
MGA,172,310,295.0,801.0,138.0,722.0,False,3,False,True,False
ZSCAN5A,173,250,130.0,119.0,136.0,111.0,False,3,False,False,False
ZNF605,174,435,232.0,314.0,289.0,328.0,False,3,False,True,False
IRX5,175,180,107.0,122.0,132.0,113.0,False,3,False,False,False
MBD2,176,87,391.0,131.0,420.0,139.0,False,4,False,False,False
ZNF594,177,548,252.0,459.0,283.0,447.0,False,3,False,True,False
ZNF44,178,309,218.0,200.0,218.0,206.0,False,3,False,False,False
ZKSCAN8,179,327,145.0,403.0,149.0,403.0,False,2,False,True,False
ZFHX2,180,278,115.0,125.0,112.0,118.0,False,3,False,True,False
ZBTB6,181,349,331.0,231.0,259.0,270.0,False,3,False,False,False
PURB,182,153,225.0,279.0,184.0,294.0,False,2,False,False,False
ZNF585B,183,485,139.0,422.0,151.0,384.0,False,3,False,True,False
BAZ2B,184,317,258.0,396.0,220.0,345.0,False,3,False,True,False
CREBL2,185,229,114.0,113.0,109.0,117.0,False,3,False,False,False
IRX3,186,137,124.0,101.0,153.0,107.0,False,3,False,False,False
NPAS3,187,391,204.0,284.0,258.0,293.0,False,3,False,True,False
ZNF467,188,304,302.0,139.0,537.0,176.0,False,3,False,False,False
ZNF646,189,94,87.0,128.0,83.0,123.0,False,3,False,False,False
ZNF234,190,671,395.0,585.0,454.0,580.0,False,3,False,True,False
ZNF529,191,424,196.0,348.0,208.0,336.0,False,3,False,True,False
ZNF254,192,244,173.0,337.0,156.0,313.0,False,3,False,True,False
ZNF418,193,437,219.0,297.0,275.0,318.0,False,3,False,True,False
ZNF827,194,291,261.0,268.0,272.0,274.0,False,3,False,True,False
GLIS3,195,197,104.0,127.0,101.0,121.0,False,3,False,True,False
ZNF316,196,46,70.0,103.0,58.0,99.0,False,3,False,False,False
ZNF274,197,353,221.0,295.0,203.0,264.0,True,6,False,True,False
ZNF470,198,543,362.0,449.0,413.0,462.0,False,3,False,True,False
ZNF268,199,539,301.0,420.0,282.0,417.0,False,3,False,True,False
PLSCR1,200,212,201.0,110.0,227.0,115.0,False,2,False,False,False
GRHL1,201,285,209.0,248.0,252.0,249.0,False,3,False,False,False
PATZ1,202,271,81.0,212.0,67.0,209.0,False,3,False,True,False
ZFP91,203,155,389.0,216.0,288.0,230.0,False,3,False,False,False
ZNF763,204,449,253.0,250.0,310.0,263.0,False,3,False,False,False
KLF12,205,451,239.0,418.0,224.0,418.0,False,3,False,True,False
ZFP14,206,399,259.0,377.0,294.0,365.0,False,3,False,True,False
ZNF474,207,23,369.0,10.0,449.0,11.0,False,3,False,False,False
ZSCAN29,208,322,277.0,321.0,250.0,326.0,False,3,False,True,False
PRDM10,209,208,265.0,270.0,240.0,256.0,False,3,False,False,False
AKNA,210,185,189.0,137.0,229.0,137.0,False,3,False,False,False
ZNF648,211,213,698.0,302.0,878.0,316.0,False,3,False,False,False
ZNF772,212,684,415.0,502.0,538.0,505.0,False,3,False,False,False
ZNF585A,213,537,158.0,501.0,182.0,468.0,False,3,False,True,False
KDM2A,214,108,95.0,221.0,116.0,213.0,False,2,False,False,False
ZNF611,215,374,267.0,234.0,266.0,246.0,False,3,False,False,False
LTF,216,658,156.0,407.0,197.0,423.0,False,2,False,True,False
ZNF391,217,359,285.0,277.0,356.0,242.0,False,3,False,False,False
SRCAP,218,114,103.0,218.0,88.0,212.0,False,3,False,False,False
ZNF793,219,443,354.0,373.0,429.0,392.0,False,3,False,False,False
THAP12,220,356,333.0,217.0,262.0,238.0,False,2,False,False,False
POU2AF1,221,376,260.0,233.0,302.0,237.0,False,2,False,False,False
ZNF449,222,432,186.0,341.0,179.0,341.0,False,3,False,True,False
TMF1,223,242,203.0,135.0,219.0,129.0,False,2,False,False,False
ZNF626,224,531,326.0,419.0,367.0,412.0,False,3,False,True,False
ZBTB11,225,233,322.0,506.0,183.0,511.0,False,4,False,True,False
HOXB2,226,313,429.0,157.0,582.0,175.0,False,3,False,False,False
ZNF484,227,367,177.0,433.0,140.0,421.0,False,3,False,True,False
HMBOX1,228,334,310.0,299.0,253.0,306.0,True,4,False,False,False
ZXDC,229,120,180.0,197.0,165.0,187.0,False,3,False,False,False
ZNF382,230,404,311.0,303.0,355.0,300.0,False,3,False,False,False
ZNF527,231,834,411.0,784.0,483.0,765.0,False,3,False,True,False
NRL,232,475,216.0,142.0,239.0,155.0,False,3,False,False,False
ZNF101,233,256,349.0,199.0,388.0,216.0,False,3,False,False,False
ZBTB4,234,164,138.0,202.0,137.0,171.0,False,3,False,False,False
CREM,235,156,271.0,64.0,292.0,67.0,True,5,False,False,False
ZNF506,236,464,309.0,485.0,318.0,478.0,False,3,False,True,False
NFX1,237,303,323.0,236.0,337.0,241.0,False,3,False,False,False
ZNF491,238,524,246.0,343.0,297.0,353.0,False,3,False,True,False
ZNF514,239,440,336.0,458.0,339.0,433.0,False,3,False,True,False
BAZ2A,240,177,171.0,358.0,154.0,333.0,False,3,False,False,False
ARHGAP35,241,83,112.0,239.0,117.0,233.0,False,2,False,False,False
ZNF737,242,409,184.0,280.0,206.0,276.0,False,2,False,True,False
TIGD4,243,228,334.0,88.0,338.0,86.0,False,2,False,False,False
MEF2D,244,133,126.0,172.0,143.0,168.0,False,3,False,False,False
JRK,245,270,202.0,260.0,228.0,273.0,False,2,False,True,False
ZNF841,246,352,198.0,208.0,241.0,193.0,False,3,False,False,False
ZNF799,247,237,200.0,153.0,221.0,153.0,False,3,False,False,False
L3MBTL1,248,336,318.0,211.0,396.0,211.0,False,2,False,False,False
ZBTB21,249,199,325.0,410.0,145.0,449.0,False,2,False,False,False
ZNF23,250,259,257.0,182.0,308.0,138.0,False,3,False,False,False
IRF7,251,247,242.0,138.0,263.0,146.0,False,3,False,False,False
ZNF329,252,431,284.0,306.0,324.0,339.0,False,3,False,True,False
ZNF3,253,348,233.0,155.0,191.0,157.0,False,3,False,False,False
TEAD1,254,186,159.0,198.0,177.0,199.0,True,4,False,False,False
ZNF765,255,626,491.0,539.0,493.0,540.0,False,3,False,True,False
ZNF135,256,482,255.0,351.0,295.0,350.0,False,3,False,True,False
GLYR1,257,135,144.0,150.0,129.0,135.0,True,3,False,False,False
ZNF433,258,263,273.0,191.0,380.0,195.0,False,3,False,False,False
JUND,259,27,364.0,148.0,256.0,162.0,True,6,False,False,False
ZNF546,260,516,413.0,257.0,481.0,254.0,False,3,False,False,False
ZNF132,261,569,379.0,417.0,444.0,430.0,False,3,False,False,False
ZNF12,262,397,370.0,527.0,236.0,499.0,False,3,False,True,False
ZNF431,263,326,515.0,446.0,564.0,442.0,False,3,False,False,False
ZNF280D,264,513,282.0,603.0,231.0,535.0,False,3,False,True,False
ZNF708,265,417,263.0,401.0,268.0,397.0,False,3,False,True,False
ZNF320,266,555,386.0,512.0,432.0,513.0,False,3,False,True,False
ZNF787,267,95,205.0,118.0,238.0,120.0,False,3,False,False,False
ZNF451,268,363,345.0,645.0,247.0,565.0,False,3,False,True,False
CSRNP2,269,261,217.0,235.0,270.0,252.0,False,2,False,False,False
THAP5,270,565,490.0,356.0,403.0,348.0,False,3,False,False,False
ZNF226,271,406,367.0,294.0,398.0,279.0,False,3,False,False,False
RBSN,272,484,222.0,369.0,245.0,364.0,False,2,False,True,False
ZNF398,273,219,243.0,247.0,190.0,244.0,False,3,False,False,False
ZNF681,274,360,335.0,390.0,451.0,425.0,False,3,False,False,False
ZNF654,275,379,469.0,462.0,351.0,492.0,False,3,False,False,False
ZNF844,276,498,353.0,405.0,354.0,388.0,False,2,False,True,False
MECP2,277,248,224.0,415.0,209.0,387.0,False,3,False,False,False
ZNF169,278,460,297.0,289.0,336.0,312.0,False,3,False,False,False
ZNF528,279,500,317.0,397.0,350.0,401.0,False,3,False,True,False
ZNF562,280,331,805.0,431.0,969.0,443.0,False,3,False,False,False
ZSCAN1,281,351,235.0,180.0,298.0,174.0,False,3,False,False,False
ZNF606,282,506,281.0,461.0,290.0,446.0,False,3,False,True,False
ARNT,283,268,169.0,319.0,158.0,283.0,True,5,False,False,False
ZNF441,284,465,304.0,493.0,319.0,452.0,False,3,False,True,False
DMTF1,285,442,247.0,602.0,243.0,583.0,False,3,False,True,False
ZNF740,286,230,210.0,286.0,196.0,261.0,True,4,False,False,False
ZNF267,287,225,459.0,189.0,491.0,221.0,False,3,False,False,False
ARX,288,436,298.0,225.0,321.0,251.0,False,3,False,False,False
ZNF292,289,402,440.0,623.0,322.0,579.0,False,3,False,True,False
ZNF791,290,446,443.0,621.0,374.0,611.0,False,3,False,True,False
TIGD6,291,407,324.0,160.0,341.0,151.0,False,3,False,False,False
ZNF619,292,604,468.0,465.0,427.0,451.0,False,3,False,False,False
ZNF785,293,534,421.0,488.0,497.0,507.0,False,2,False,True,False
FOXN2,294,251,363.0,283.0,311.0,288.0,False,3,False,False,False
SPEN,295,318,234.0,559.0,215.0,542.0,False,2,False,True,False
SIX4,296,296,452.0,170.0,494.0,192.0,False,3,False,False,False
PRDM15,297,203,352.0,349.0,325.0,360.0,False,3,False,False,False
ZNF182,298,401,274.0,375.0,242.0,347.0,False,3,False,True,False
ZNF687,299,111,93.0,220.0,111.0,197.0,False,3,False,False,False
ZNF347,300,633,526.0,678.0,544.0,665.0,False,3,False,True,False
GTF2I,301,223,194.0,240.0,186.0,236.0,False,1,False,False,False
MYRFL,302,302,248.0,237.0,296.0,225.0,False,2,False,False,False
ZNF549,303,422,347.0,352.0,422.0,343.0,False,3,False,False,False
POU2F1,304,312,463.0,535.0,366.0,512.0,True,4,False,True,False
ZNF282,305,145,148.0,166.0,167.0,166.0,False,3,False,False,False
ZFPM1,306,152,178.0,129.0,189.0,122.0,False,3,False,False,False
ZNF700,307,375,343.0,331.0,342.0,325.0,False,3,False,False,False
ZHX3,308,389,305.0,558.0,312.0,537.0,False,3,False,True,False
ZNF8,309,448,383.0,386.0,378.0,400.0,False,2,False,True,False
BATF3,310,382,332.0,253.0,334.0,275.0,False,3,False,False,False
ZSCAN30,311,470,340.0,414.0,362.0,415.0,False,2,False,True,False
ZNF709,312,535,329.0,372.0,382.0,362.0,False,3,False,False,False
ZNF439,313,483,373.0,384.0,409.0,391.0,False,3,False,False,False
BPTF,314,461,419.0,683.0,344.0,637.0,False,2,False,True,False
ZNF682,315,520,262.0,484.0,293.0,480.0,False,3,False,True,False
LYL1,316,222,278.0,124.0,276.0,119.0,True,5,False,False,False
ZNF157,317,468,458.0,453.0,523.0,467.0,False,3,False,False,False
ZNF83,318,410,394.0,412.0,379.0,405.0,True,4,False,True,False
ZNF518A,319,525,409.0,547.0,365.0,528.0,False,3,False,True,False
KLF2,320,276,280.0,215.0,331.0,227.0,True,4,False,False,False
SATB1,321,445,313.0,298.0,333.0,301.0,True,4,False,False,False
ZNF613,322,396,398.0,318.0,435.0,305.0,False,3,False,False,False
IRF5,323,245,294.0,147.0,323.0,148.0,False,3,False,False,False
REPIN1,324,198,151.0,146.0,178.0,132.0,False,3,False,False,False
DZIP1,325,340,330.0,329.0,377.0,321.0,False,3,False,False,False
MTF1,326,277,351.0,176.0,383.0,182.0,False,2,False,False,False
USF1,327,40,60.0,82.0,63.0,69.0,True,5,False,False,False
ZNF33B,328,416,276.0,249.0,287.0,266.0,False,3,False,False,False
ZNF397,329,529,407.0,454.0,386.0,457.0,False,2,False,True,False
BHLHE41,330,546,420.0,282.0,411.0,290.0,False,2,False,False,False
HNF1B,331,385,164.0,241.0,155.0,239.0,True,3,False,True,False
SON,332,462,439.0,561.0,381.0,533.0,False,2,False,True,False
PLAGL2,333,298,328.0,345.0,317.0,395.0,False,3,False,False,False
ZNF853,334,495,348.0,309.0,401.0,340.0,False,2,False,False,False
DUX4,335,411,480.0,315.0,514.0,358.0,False,2,False,False,False
ZNF548,336,450,308.0,339.0,264.0,354.0,False,3,False,True,False
ZNF746,337,109,176.0,169.0,234.0,161.0,False,3,False,False,False
GATA1,338,103,447.0,76.0,445.0,75.0,True,6,False,False,False
IKZF4,339,418,316.0,411.0,314.0,411.0,False,3,False,True,False
ZXDB,340,305,299.0,421.0,164.0,448.0,False,3,False,False,False
ZNF230,341,469,414.0,340.0,472.0,346.0,False,3,False,False,False
ZHX1,342,284,697.0,262.0,738.0,214.0,False,4,False,False,False
ZNF444,343,300,120.0,190.0,150.0,177.0,False,3,False,False,False
RFX7,344,386,482.0,650.0,358.0,686.0,False,3,False,True,False
ZNF674,345,510,511.0,326.0,562.0,361.0,False,3,False,False,False
ELF2,346,434,358.0,426.0,320.0,431.0,False,3,False,True,False
ZKSCAN7,347,536,372.0,354.0,423.0,375.0,False,2,False,False,False
STAT5B,348,191,228.0,196.0,230.0,194.0,True,4,False,False,False
FAM200B,349,894,392.0,344.0,484.0,369.0,False,2,False,False,False
BATF,350,365,442.0,251.0,519.0,302.0,False,5,False,False,False
ZNF713,351,455,446.0,323.0,442.0,335.0,False,3,False,False,False
PEG3,352,561,275.0,511.0,305.0,496.0,False,2,False,True,False
NR1D2,353,458,506.0,448.0,487.0,441.0,False,3,False,False,False
ATMIN,354,332,540.0,452.0,518.0,470.0,False,3,False,False,False
ZNF599,355,343,292.0,229.0,223.0,207.0,False,3,False,False,False
ZNF10,356,430,291.0,361.0,251.0,367.0,False,3,False,True,False
ZNF487,357,315,382.0,144.0,431.0,150.0,False,3,False,False,False
ZNF461,358,577,471.0,564.0,522.0,562.0,False,3,False,True,False
NR2F1,359,241,254.0,154.0,286.0,142.0,True,4,False,False,False
ZNF688,360,505,401.0,255.0,434.0,271.0,False,3,False,False,False
ZNF701,361,601,607.0,471.0,693.0,502.0,False,3,False,False,False
NFE2L1,362,101,485.0,105.0,495.0,106.0,True,4,False,False,False
TCF20,363,140,451.0,483.0,446.0,474.0,False,3,False,False,False
MZF1,364,174,134.0,204.0,135.0,210.0,False,3,False,False,False
MYRF,365,479,385.0,287.0,535.0,303.0,False,2,False,False,False
CREBZF,366,316,346.0,647.0,201.0,599.0,False,3,False,False,False
MBD6,367,188,197.0,245.0,195.0,247.0,False,2,False,False,False
SMAD9,368,709,321.0,406.0,373.0,426.0,False,3,False,True,False
ZNF142,369,232,193.0,380.0,187.0,379.0,False,3,False,False,False
REL,370,373,387.0,457.0,400.0,473.0,False,3,False,True,False
ZNF175,371,412,400.0,451.0,405.0,438.0,False,4,False,True,False
ZNF524,372,509,240.0,167.0,328.0,178.0,False,3,False,False,False
MXD1,373,292,423.0,328.0,539.0,406.0,False,3,False,False,False
ZNF764,374,393,378.0,265.0,436.0,285.0,False,3,False,False,False
ZBTB22,375,79,195.0,104.0,207.0,103.0,False,3,False,False,False
ZFP30,376,521,460.0,563.0,485.0,555.0,False,3,False,True,False
ZFX,377,558,555.0,698.0,390.0,701.0,False,5,False,True,False
KMT2B,378,125,190.0,275.0,108.0,245.0,False,2,False,False,False
ZNF517,379,454,424.0,263.0,466.0,286.0,False,3,False,False,False
ZFP3,380,272,410.0,156.0,395.0,189.0,False,3,False,False,False
ZNF814,381,526,532.0,468.0,625.0,469.0,False,2,False,False,False
ZFY,382,486,368.0,334.0,404.0,352.0,False,3,False,False,False
ZBTB20,383,504,427.0,395.0,417.0,402.0,False,2,False,False,False
ZNF471,384,614,454.0,714.0,490.0,685.0,False,3,False,True,False
ZNF160,385,439,355.0,565.0,348.0,527.0,False,3,False,True,False
ZNF260,386,645,448.0,576.0,421.0,559.0,False,3,False,True,False
ZNF345,387,642,513.0,630.0,526.0,616.0,False,3,False,True,False
RFX2,388,49,462.0,22.0,437.0,20.0,False,4,False,False,False
ZNF497,389,387,251.0,254.0,265.0,250.0,False,3,False,False,False
ZNF419,390,605,570.0,505.0,610.0,516.0,False,3,False,False,False
ZNF717,391,581,472.0,416.0,488.0,427.0,False,3,False,False,False
ZNF197,392,447,465.0,489.0,304.0,453.0,False,4,False,True,False
LIN54,393,426,402.0,362.0,492.0,404.0,False,2,False,False,False
ZNF627,394,481,300.0,438.0,315.0,437.0,False,3,False,True,False
PRDM1,395,239,813.0,427.0,930.0,471.0,False,5,False,False,False
AHR,396,147,142.0,743.0,78.0,681.0,True,5,False,False,False
GTF2IRD2,397,477,437.0,447.0,391.0,434.0,False,3,False,True,False
RXRA,398,86,418.0,107.0,415.0,97.0,True,6,False,False,False
ATF5,399,126,390.0,83.0,521.0,89.0,False,3,False,False,False
ZNF563,400,421,476.0,130.0,534.0,133.0,False,3,False,False,False
CPXCR1,401,355,338.0,132.0,394.0,140.0,False,2,False,False,False
ZNF655,402,390,507.0,551.0,455.0,568.0,False,3,False,False,False
GTF2IRD1,403,368,494.0,305.0,550.0,324.0,False,2,False,False,False
CC2D1A,404,150,286.0,243.0,327.0,235.0,False,2,False,False,False
ZNF141,405,413,350.0,729.0,346.0,693.0,False,3,False,True,False
ZNF596,406,502,357.0,464.0,392.0,454.0,False,3,False,True,False
GMEB2,407,170,208.0,195.0,233.0,191.0,False,3,False,False,False
SOX30,408,428,279.0,143.0,303.0,158.0,False,2,False,False,False
ZNF333,409,573,375.0,629.0,284.0,629.0,False,3,False,True,False
ZBTB14,410,575,488.0,430.0,499.0,435.0,False,2,False,False,False
HES4,411,574,312.0,456.0,372.0,486.0,False,3,False,True,False
IKZF5,412,517,444.0,530.0,369.0,530.0,False,3,False,True,False
ZBTB33,413,337,381.0,366.0,279.0,363.0,True,5,False,False,False
PRR12,414,121,149.0,387.0,146.0,334.0,False,3,False,False,False
ZNF302,415,634,445.0,450.0,458.0,463.0,False,3,False,True,False
ZNF790,416,770,610.0,604.0,641.0,612.0,False,3,False,False,False
THRA,417,308,244.0,444.0,246.0,428.0,False,4,False,False,False
ZSCAN18,418,354,270.0,292.0,291.0,232.0,False,3,False,False,False
ZFP90,419,519,380.0,432.0,393.0,422.0,False,3,False,True,False
ANKZF1,420,380,320.0,404.0,313.0,386.0,False,3,False,False,False
ZBTB3,421,467,487.0,336.0,506.0,368.0,False,3,False,False,False
FIZ1,422,159,220.0,228.0,222.0,208.0,False,3,False,False,False
ZNF266,423,491,404.0,499.0,414.0,483.0,False,3,False,True,False
RBPJ,424,699,569.0,818.0,439.0,821.0,True,5,False,True,False
ZNF253,425,690,481.0,583.0,516.0,588.0,False,3,False,True,False
ZNF500,426,357,426.0,609.0,418.0,574.0,False,3,False,False,False
ZNF318,427,476,425.0,656.0,387.0,674.0,True,4,False,True,False
THAP6,428,665,524.0,627.0,452.0,592.0,False,3,False,True,False
ZNF570,429,733,649.0,749.0,695.0,740.0,False,3,False,True,False
ZNF783,430,427,337.0,486.0,364.0,490.0,False,3,False,False,False
ZNF229,431,489,450.0,363.0,500.0,382.0,False,2,False,False,False
ZNF718,432,538,486.0,517.0,479.0,509.0,False,3,False,True,False
DOT1L,433,165,199.0,333.0,211.0,355.0,False,3,False,False,False
TRPS1,434,254,730.0,672.0,752.0,659.0,False,3,False,False,False
ZNF568,435,725,557.0,613.0,594.0,607.0,False,3,False,True,False
ZNF490,436,405,412.0,497.0,448.0,464.0,False,3,False,False,False
ZNF283,437,783,670.0,706.0,669.0,729.0,False,3,False,True,False
POU6F1,438,503,435.0,487.0,376.0,461.0,False,3,False,True,False
NR2C1,439,311,327.0,510.0,340.0,460.0,False,3,False,False,False
ZNF630,440,607,519.0,482.0,543.0,484.0,False,2,False,False,False
ZNF544,441,398,496.0,428.0,508.0,444.0,False,3,False,False,False
ZNF324,442,341,339.0,311.0,370.0,315.0,False,3,False,False,False
GTF2IRD2B,443,425,306.0,342.0,267.0,327.0,False,3,False,False,False
ZNF319,444,235,341.0,261.0,357.0,257.0,False,3,False,False,False
MAFK,445,36,457.0,214.0,385.0,272.0,True,5,False,False,False
ZBTB25,446,488,473.0,610.0,419.0,600.0,False,3,False,True,False
ZNF678,447,579,489.0,748.0,371.0,778.0,False,3,False,True,False
ZNF516,448,283,417.0,291.0,407.0,291.0,False,3,False,False,False
ZNF335,449,183,293.0,258.0,299.0,253.0,False,3,False,False,False
PHF21A,450,282,344.0,371.0,281.0,298.0,False,3,False,False,False
MAFG,451,70,523.0,111.0,547.0,143.0,False,4,False,False,False
USF2,452,37,376.0,136.0,332.0,131.0,True,5,False,False,False
ZNF334,453,493,266.0,513.0,307.0,503.0,False,3,False,True,False
CARF,454,554,466.0,649.0,410.0,601.0,False,2,False,True,False
ZNF404,455,615,566.0,495.0,631.0,497.0,False,3,False,False,False
ZNF66,456,490,384.0,378.0,425.0,376.0,False,2,False,False,False
GABPA,457,287,538.0,571.0,309.0,531.0,False,6,False,False,False
SP3,458,452,589.0,800.0,450.0,757.0,False,3,False,False,False
NR4A2,459,480,531.0,424.0,549.0,459.0,True,4,False,False,False
KLF15,460,649,397.0,508.0,368.0,508.0,False,3,False,True,False
CENPB,461,91,434.0,173.0,482.0,164.0,False,3,False,False,False
ZNF653,462,217,206.0,188.0,278.0,190.0,False,3,False,False,False
NPAS2,463,192,229.0,367.0,261.0,366.0,False,3,False,False,False
FBXL19,464,253,238.0,281.0,274.0,289.0,False,2,False,False,False
ZBTB44,465,612,537.0,692.0,443.0,680.0,False,3,False,True,False
RHOXF2B,466,567,625.0,364.0,662.0,370.0,False,3,False,False,False
SCX,467,297,374.0,301.0,406.0,278.0,False,1,False,False,False
ZNF248,468,613,467.0,573.0,461.0,556.0,False,3,False,True,False
TCF7L2,469,71,568.0,703.0,456.0,653.0,False,6,False,False,False
TRERF1,470,306,552.0,409.0,593.0,396.0,False,3,False,False,False
PRRX2,471,400,726.0,272.0,811.0,304.0,False,3,False,False,False
ZNF224,472,672,597.0,680.0,558.0,689.0,False,3,False,True,False
ZNF154,473,716,464.0,584.0,426.0,584.0,False,3,False,True,False
ZNF214,474,414,393.0,266.0,389.0,268.0,False,3,False,False,False
ZNF577,475,704,591.0,651.0,624.0,642.0,False,3,False,True,False
GMEB1,476,457,550.0,616.0,579.0,623.0,False,3,False,False,False
ZNF572,477,897,626.0,738.0,656.0,731.0,False,3,False,True,False
ZNF829,478,732,586.0,648.0,633.0,636.0,False,3,False,True,False
ZBTB43,479,344,565.0,327.0,584.0,374.0,False,3,False,False,False
ZNF200,480,556,534.0,443.0,598.0,466.0,False,3,False,False,False
ZNF136,481,597,493.0,690.0,471.0,690.0,False,3,False,True,False
RFX1,482,181,303.0,207.0,269.0,205.0,False,4,False,False,False
ZKSCAN3,483,625,479.0,574.0,467.0,557.0,False,3,False,True,False
ZNF337,484,530,307.0,626.0,301.0,610.0,False,3,False,True,False
MEF2C,485,746,288.0,679.0,237.0,625.0,False,5,False,True,False
MBD1,486,144,226.0,269.0,174.0,267.0,False,3,False,False,False
ZNF76,487,323,185.0,374.0,168.0,320.0,False,3,False,False,False
ZSCAN25,488,514,470.0,555.0,474.0,571.0,False,2,False,True,False
ZNF483,489,532,504.0,545.0,501.0,526.0,False,3,False,True,False
ZNF557,490,740,665.0,625.0,719.0,639.0,False,3,False,False,False
ZNF513,491,252,399.0,152.0,402.0,144.0,False,3,False,False,False
ZNF571,492,713,571.0,723.0,597.0,715.0,False,3,False,True,False
ZBTB7C,493,57,1071.0,500.0,1109.0,494.0,False,3,False,False,False
ZNF610,494,583,501.0,388.0,505.0,380.0,False,3,False,False,False
ZNF672,495,240,287.0,92.0,359.0,93.0,False,3,False,False,False
SIX3,496,629,512.0,435.0,515.0,440.0,False,3,False,False,False
SNAI3,497,273,522.0,252.0,578.0,269.0,False,3,False,False,False
VEZF1,498,572,497.0,492.0,447.0,487.0,False,3,False,False,False
KCMF1,499,279,725.0,273.0,670.0,311.0,False,3,False,False,False
ZNF354B,500,518,560.0,802.0,528.0,777.0,False,3,False,True,False
ZNF225,501,810,603.0,597.0,650.0,615.0,False,2,False,False,False
KLF16,502,96,416.0,175.0,428.0,179.0,False,3,False,False,False
WIZ,503,216,268.0,413.0,235.0,419.0,False,3,False,False,False
ZNF579,504,280,377.0,205.0,399.0,201.0,False,3,False,False,False
ZNF19,505,419,408.0,226.0,352.0,215.0,False,3,False,False,False
ZNF789,506,545,529.0,560.0,511.0,566.0,False,3,False,True,False
ZBED5,507,540,449.0,590.0,430.0,586.0,False,2,False,True,False
SNAPC4,508,189,231.0,183.0,225.0,172.0,True,4,False,False,False
PBX4,509,472,356.0,296.0,353.0,308.0,False,3,False,False,False
ZNF233,510,550,614.0,382.0,682.0,409.0,False,3,False,False,False
E4F1,511,220,188.0,193.0,226.0,181.0,False,3,False,False,False
STAT6,512,163,436.0,259.0,438.0,260.0,True,4,False,False,False
ZNF384,513,115,140.0,463.0,142.0,439.0,True,5,False,False,False
ZNF276,514,275,521.0,383.0,583.0,389.0,False,3,False,False,False
ZNF671,515,571,484.0,580.0,453.0,560.0,False,3,False,True,False
PPARD,516,38,319.0,274.0,345.0,296.0,True,4,False,False,False
ZNF454,517,595,516.0,577.0,530.0,582.0,False,3,False,True,False
ZNF607,518,669,455.0,694.0,496.0,668.0,False,3,False,True,False
ZNF805,519,478,590.0,795.0,502.0,825.0,False,3,False,False,False
DACH1,520,429,539.0,436.0,553.0,436.0,False,3,False,False,False
CPEB1,521,580,508.0,469.0,527.0,477.0,False,2,False,False,False
TRAFD1,522,369,438.0,385.0,462.0,393.0,False,3,False,False,False
ZNF426,523,522,715.0,516.0,760.0,523.0,False,3,False,False,False
MXI1,524,204,483.0,267.0,329.0,255.0,False,5,False,False,False
ZSCAN22,525,507,640.0,566.0,666.0,627.0,False,3,False,False,False
ZNF616,526,679,599.0,546.0,653.0,561.0,False,3,False,False,False
HMG20B,527,370,433.0,210.0,536.0,223.0,False,3,False,False,False
ZNF597,528,557,544.0,466.0,531.0,488.0,False,3,False,False,False
ZNF468,529,496,567.0,423.0,587.0,445.0,False,3,False,False,False
RBCK1,530,347,359.0,276.0,424.0,292.0,False,2,False,False,False
ZNF852,531,582,551.0,526.0,571.0,518.0,False,2,False,False,False
ZNF761,532,644,657.0,470.0,673.0,504.0,False,3,False,False,False
RFX6,533,438,342.0,308.0,375.0,281.0,False,3,False,False,False
ZNF768,534,338,441.0,242.0,457.0,228.0,False,3,False,False,False
ZNF727,535,681,431.0,611.0,416.0,604.0,False,2,False,True,False
HINFP,536,551,528.0,478.0,548.0,489.0,False,3,False,False,False
ZNF615,537,818,664.0,770.0,715.0,763.0,False,3,False,True,False
ZNF446,538,361,264.0,316.0,306.0,295.0,False,3,False,False,False
SETDB2,539,693,594.0,716.0,591.0,700.0,False,3,False,True,False
ZNF221,540,775,691.0,746.0,797.0,742.0,False,3,False,False,False
PIN1,541,790,478.0,370.0,560.0,381.0,False,2,False,False,False
ZNF721,542,487,546.0,549.0,554.0,544.0,False,3,False,False,False
ZNF629,543,266,517.0,379.0,510.0,356.0,False,3,False,False,False
ZNF251,544,563,503.0,586.0,473.0,564.0,False,3,False,True,False
ZFP2,545,718,573.0,653.0,613.0,632.0,False,3,False,True,False
OLIG2,546,741,361.0,538.0,199.0,547.0,False,4,False,True,False
KAT7,547,628,556.0,522.0,569.0,529.0,False,2,False,False,False
HOXA11,548,403,559.0,246.0,700.0,331.0,False,3,False,False,False
ZNF479,549,697,580.0,498.0,638.0,498.0,False,2,False,False,False
AHCTF1,550,541,582.0,742.0,503.0,738.0,False,3,False,False,False
HSF4,551,325,618.0,353.0,681.0,357.0,False,3,False,False,False
ZNF583,552,863,736.0,752.0,775.0,771.0,False,3,False,False,False
L3MBTL4,553,668,549.0,682.0,513.0,684.0,False,2,False,True,False
JRKL,554,751,716.0,642.0,658.0,645.0,False,2,False,False,False
ZNF425,555,728,602.0,518.0,622.0,520.0,False,3,False,False,False
ZNF486,556,640,289.0,646.0,204.0,643.0,False,3,False,True,False
ZNF75A,557,723,675.0,643.0,602.0,619.0,False,3,False,False,False
KLF6,558,321,542.0,638.0,517.0,657.0,True,4,False,False,False
CSRNP1,559,588,518.0,622.0,486.0,652.0,False,2,False,True,False
ATF6B,560,547,530.0,442.0,568.0,455.0,False,2,False,False,False
NFKB2,561,324,543.0,614.0,586.0,648.0,False,4,False,False,False
ZNF644,562,670,596.0,688.0,532.0,660.0,False,4,False,True,False
ZNF623,563,816,646.0,771.0,614.0,785.0,False,3,False,True,False
ELK3,564,290,505.0,313.0,504.0,323.0,False,4,False,False,False
ZBTB8B,565,888,803.0,782.0,844.0,789.0,False,2,False,False,False
TCF24,566,508,608.0,290.0,652.0,284.0,False,3,False,False,False
ZNF43,567,678,592.0,875.0,590.0,853.0,False,3,False,True,False
PHF1,568,466,477.0,408.0,475.0,407.0,False,2,False,False,False
HOXB3,569,388,817.0,293.0,901.0,314.0,False,3,False,False,False
ZNF284,570,791,712.0,659.0,762.0,697.0,False,3,False,False,False
ARID5A,571,562,572.0,503.0,608.0,538.0,False,2,False,False,False
ESR2,572,511,706.0,494.0,660.0,481.0,False,5,False,False,False
ZNF98,573,593,360.0,587.0,335.0,593.0,False,3,False,True,False
ZNF587B,574,591,808.0,816.0,758.0,831.0,False,2,False,True,False
ZNF658,575,590,547.0,473.0,555.0,465.0,False,2,False,False,False
ZSCAN23,576,748,536.0,701.0,520.0,692.0,False,3,False,True,False
ZBTB1,577,616,656.0,812.0,574.0,811.0,False,3,False,True,False
EHF,578,143,920.0,681.0,1031.0,695.0,False,4,False,False,False
ZNF211,579,596,430.0,582.0,397.0,573.0,False,3,False,True,False
ZNF415,580,647,525.0,541.0,529.0,536.0,False,3,False,True,False
SKIL,581,624,622.0,594.0,607.0,608.0,False,3,False,False,False
MTERF2,582,631,527.0,556.0,512.0,550.0,False,2,False,True,False
NR4A3,583,611,535.0,612.0,507.0,621.0,False,3,False,True,False
ZNF865,584,149,371.0,324.0,384.0,319.0,False,2,False,False,False
ZNF566,585,772,633.0,807.0,637.0,798.0,False,3,False,True,False
PROX1,586,433,396.0,368.0,343.0,287.0,False,4,False,False,False
ZNF554,587,695,641.0,557.0,654.0,543.0,False,3,False,False,False
MNT,588,215,701.0,544.0,776.0,554.0,False,4,False,False,False
SNAPC5,589,915,658.0,389.0,696.0,398.0,False,2,False,False,False
NAIF1,590,494,627.0,391.0,679.0,429.0,False,2,False,False,False
NFYA,591,206,605.0,570.0,412.0,541.0,True,5,False,False,False
HAND2,592,542,615.0,575.0,711.0,570.0,False,3,False,False,False
ZFP41,593,346,474.0,474.0,440.0,456.0,False,3,False,False,False
ZNF816,594,768,654.0,644.0,718.0,688.0,False,2,False,False,False
OLIG1,595,585,125.0,445.0,96.0,420.0,False,3,False,False,False
MEIS2,596,549,676.0,519.0,702.0,514.0,False,4,False,False,False
SALL4,597,662,839.0,598.0,965.0,646.0,False,4,False,False,False
ZNF410,598,515,588.0,554.0,563.0,587.0,False,3,False,False,False
SOX13,599,345,514.0,589.0,525.0,572.0,False,4,False,False,False
GPBP1,600,587,576.0,552.0,609.0,548.0,False,2,False,False,False
BBX,601,696,692.0,615.0,677.0,609.0,False,3,False,False,False
HEY1,602,700,778.0,579.0,830.0,617.0,False,3,False,False,False
TERB1,603,721,585.0,525.0,632.0,558.0,False,2,False,False,False
ZNF559,604,750,574.0,760.0,552.0,741.0,False,3,False,True,False
ZNF628,605,246,432.0,376.0,470.0,378.0,False,3,False,False,False
ZNF48,606,566,583.0,490.0,596.0,491.0,False,3,False,False,False
MSANTD4,607,729,579.0,592.0,605.0,590.0,False,2,False,False,False
ZNF705G,608,720,,,,663.0,False,1,False,False,False
ZBTB48,609,333,541.0,335.0,566.0,338.0,False,3,False,False,False
ATF2,610,589,677.0,769.0,489.0,734.0,False,5,False,False,False
ZSCAN31,611,576,600.0,591.0,629.0,594.0,False,2,False,False,False
YBX3,612,408,666.0,394.0,651.0,408.0,False,2,False,False,False
FOXR1,613,617,563.0,480.0,581.0,517.0,False,3,False,False,False
IRF3,614,176,638.0,223.0,612.0,219.0,False,5,False,False,False
ZNF304,615,675,637.0,662.0,643.0,662.0,False,3,False,True,False
ZNF620,616,842,686.0,733.0,730.0,744.0,False,3,False,True,False
ZNF235,617,788,553.0,640.0,592.0,667.0,False,3,False,True,False
MKX,618,659,533.0,524.0,545.0,552.0,False,3,False,False,False
ZEB2,619,677,422.0,617.0,326.0,606.0,False,4,False,True,False
ZFP82,620,846,651.0,704.0,663.0,782.0,False,3,False,True,False
ZNF536,621,687,562.0,520.0,546.0,524.0,False,3,False,False,False
TERF2,622,453,757.0,783.0,689.0,776.0,True,4,False,False,False
ZNF608,623,820,405.0,786.0,330.0,755.0,False,3,False,True,False
ZNF747,624,586,609.0,402.0,585.0,394.0,False,3,False,False,False
ZNF879,625,823,668.0,754.0,683.0,760.0,False,2,False,True,False
TBX22,626,553,561.0,440.0,559.0,432.0,False,3,False,False,False
LCORL,627,710,755.0,836.0,635.0,875.0,False,3,False,True,False
RAX2,628,821,844.0,793.0,899.0,832.0,False,3,False,False,False
ZNF573,629,855,743.0,848.0,745.0,838.0,False,3,False,True,False
DPF1,630,602,575.0,479.0,616.0,506.0,False,3,False,False,False
IKZF3,631,787,773.0,599.0,816.0,626.0,False,3,False,False,False
KLF13,632,281,593.0,695.0,540.0,683.0,False,4,False,False,False
GLI2,633,763,852.0,663.0,869.0,696.0,False,3,False,False,False
ZNF534,634,761,630.0,632.0,675.0,634.0,False,2,False,False,False
FOXC1,635,533,661.0,588.0,714.0,603.0,False,3,False,False,False
ZNF777,636,179,495.0,346.0,477.0,342.0,False,3,False,False,False
ZKSCAN2,637,743,663.0,673.0,627.0,669.0,False,3,False,True,False
NRF1,638,371,500.0,439.0,468.0,414.0,False,5,False,False,False
TCFL5,639,621,732.0,467.0,728.0,495.0,False,3,False,False,False
ZNF285,640,742,671.0,631.0,710.0,647.0,False,2,False,False,False
LMX1A,641,499,765.0,398.0,814.0,385.0,False,3,False,False,False
ZNF473,642,307,711.0,86.0,729.0,104.0,False,3,False,False,False
ZGLP1,643,650,639.0,531.0,628.0,546.0,False,2,False,False,False
BARX2,644,463,681.0,496.0,720.0,485.0,False,3,False,False,False
LHX9,645,719,461.0,596.0,460.0,589.0,False,3,False,True,False
SAFB2,646,444,577.0,639.0,577.0,618.0,False,2,False,False,False
ZNF213,647,394,499.0,481.0,524.0,482.0,False,3,False,False,False
GATAD2A,648,221,554.0,521.0,509.0,515.0,False,3,False,False,False
SIX1,649,688,727.0,568.0,756.0,581.0,False,3,False,False,False
NR4A1,650,744,595.0,785.0,615.0,803.0,False,4,False,True,False
CENPX,651,835,733.0,523.0,839.0,567.0,False,1,False,False,False
MSANTD1,652,666,624.0,608.0,676.0,613.0,False,2,False,False,False
NFIL3,653,366,606.0,668.0,541.0,705.0,False,3,False,False,False
ZNF598,654,238,564.0,393.0,576.0,413.0,False,3,False,False,False
MYPOP,655,599,632.0,562.0,678.0,534.0,False,2,False,False,False
EBF4,656,738,403.0,671.0,361.0,638.0,False,3,False,True,False
NFATC3,657,635,696.0,581.0,667.0,597.0,False,3,False,False,False
ZNF99,658,752,623.0,619.0,659.0,622.0,False,3,False,False,False
SOX12,659,608,620.0,605.0,618.0,598.0,False,3,False,False,False
ZNF420,660,807,659.0,813.0,664.0,790.0,False,3,False,True,False
FOXP1,661,653,703.0,757.0,572.0,769.0,False,5,False,False,False
CGGBP1,662,826,647.0,765.0,623.0,764.0,False,2,False,True,False
ZNF350,663,808,785.0,708.0,827.0,713.0,False,3,False,False,False
ZBED1,664,122,635.0,227.0,639.0,218.0,False,4,False,False,False
ZNF550,665,654,729.0,699.0,636.0,702.0,False,3,False,False,False
IKZF1,666,501,510.0,400.0,433.0,410.0,True,6,False,False,False
MTERF4,667,745,648.0,664.0,665.0,677.0,False,2,False,True,False
PHF20,668,610,687.0,572.0,668.0,576.0,False,3,False,False,False
ZNF428,669,795,718.0,507.0,805.0,532.0,False,3,False,False,False
PRDM5,670,769,315.0,756.0,271.0,752.0,False,4,False,True,False
ZNF496,671,623,548.0,744.0,464.0,726.0,False,3,False,False,False
ZNF880,672,889,820.0,709.0,875.0,748.0,False,2,False,False,False
HOXB6,673,395,787.0,381.0,866.0,377.0,False,3,False,False,False
TP73,674,328,756.0,317.0,750.0,337.0,False,3,False,False,False
NFE4,675,656,783.0,578.0,841.0,596.0,False,1,False,False,False
PREB,676,717,587.0,201.0,646.0,224.0,False,3,False,False,False
ZNF14,677,867,744.0,792.0,755.0,794.0,False,3,False,True,False
ZNF460,678,523,558.0,829.0,476.0,826.0,False,3,False,False,False
ZNF843,679,901,827.0,726.0,787.0,710.0,False,3,False,False,False
PKNOX1,680,552,881.0,750.0,828.0,762.0,False,4,False,False,False
ZFP62,681,766,707.0,766.0,694.0,761.0,False,3,False,True,False
NANOGNB,682,804,776.0,741.0,812.0,712.0,False,2,False,False,False
ZNF774,683,755,724.0,809.0,690.0,766.0,False,3,False,True,False
ZNF317,684,609,644.0,689.0,620.0,699.0,False,3,False,False,False
SETBP1,685,792,604.0,790.0,561.0,768.0,False,3,False,True,False
HSF2,686,673,680.0,569.0,672.0,569.0,False,3,False,False,False
FOXN3,687,809,738.0,768.0,754.0,779.0,False,3,False,True,False
ZNF540,688,962,673.0,828.0,699.0,836.0,False,3,False,True,False
PLAG1,689,858,705.0,834.0,705.0,830.0,False,3,False,True,False
FOXK2,690,294,643.0,553.0,573.0,553.0,False,4,False,False,False
RXRB,691,362,428.0,515.0,408.0,501.0,False,3,False,False,False
ZGPAT,692,255,269.0,392.0,316.0,359.0,False,3,False,False,False
ZNF705D,693,651,758.0,543.0,792.0,633.0,False,1,False,False,False
ZNF30,694,864,754.0,810.0,764.0,796.0,False,3,False,True,False
ZNF680,695,978,694.0,853.0,691.0,847.0,False,3,False,True,False
SETDB1,696,378,492.0,798.0,363.0,751.0,True,6,False,False,False
ZNF112,697,759,667.0,720.0,688.0,723.0,False,2,False,True,False
ZKSCAN5,698,680,655.0,712.0,712.0,727.0,False,3,False,False,False
FAM170A,699,638,919.0,460.0,928.0,458.0,False,2,False,False,False
ZNF850,700,862,740.0,781.0,744.0,805.0,False,2,False,True,False
NFIA,701,796,601.0,847.0,603.0,827.0,False,3,False,True,False
ZNF180,702,893,690.0,868.0,680.0,850.0,False,3,False,True,False
MAZ,703,134,498.0,360.0,478.0,330.0,False,5,False,False,False
CAMTA2,704,600,581.0,674.0,557.0,644.0,False,3,False,False,False
ASCL3,705,358,918.0,288.0,973.0,344.0,False,3,False,False,False
ZNF512,706,805,631.0,808.0,642.0,802.0,False,3,False,True,False
ZNF891,707,965,833.0,985.0,788.0,979.0,False,2,False,True,False
ZNF107,708,827,770.0,933.0,757.0,947.0,False,3,False,True,False
ZNF556,709,937,1008.0,919.0,1044.0,841.0,False,3,False,False,False
ZNF222,710,801,972.0,633.0,979.0,651.0,False,3,False,False,False
TFEC,711,667,720.0,504.0,601.0,500.0,False,3,False,False,False
ZNF569,712,815,700.0,705.0,721.0,672.0,False,3,False,False,False
NPAS1,713,683,688.0,472.0,733.0,479.0,False,3,False,False,False
TFDP2,714,794,766.0,833.0,740.0,824.0,False,3,False,True,False
ZNF383,715,951,825.0,866.0,785.0,878.0,False,3,False,True,False
ZBTB45,716,627,545.0,540.0,580.0,545.0,False,3,False,False,False
ZNF683,717,799,861.0,567.0,883.0,591.0,False,2,False,False,False
MAFF,718,527,685.0,718.0,657.0,758.0,False,5,False,False,False
POU6F2,719,660,793.0,641.0,873.0,654.0,False,3,False,False,False
ZNF25,720,782,611.0,840.0,542.0,820.0,False,3,False,True,False
CIC,721,169,453.0,717.0,360.0,670.0,False,3,False,False,False
ZNF358,722,707,598.0,636.0,617.0,649.0,False,3,False,False,False
TBX19,723,420,856.0,509.0,832.0,510.0,False,3,False,False,False
FOXB1,724,712,679.0,600.0,692.0,595.0,False,3,False,False,False
EEA1,725,606,764.0,773.0,741.0,788.0,False,3,False,False,False
ATOH8,726,903,520.0,788.0,459.0,773.0,False,3,False,True,False
RUNX2,727,570,250.0,877.0,216.0,860.0,True,5,False,False,False
ZNF84,728,1073,790.0,879.0,708.0,911.0,False,3,False,True,False
ZNF625,729,753,777.0,634.0,823.0,717.0,False,3,False,False,False
SCML4,730,777,893.0,533.0,918.0,630.0,False,3,False,False,False
ZNF726,731,930,662.0,753.0,761.0,804.0,False,2,False,True,False
ARID3B,732,620,722.0,675.0,703.0,718.0,False,2,False,False,False
ZNF134,733,840,710.0,837.0,697.0,848.0,False,3,False,True,False
PPARA,734,802,899.0,832.0,924.0,834.0,False,3,False,False,False
NR1I2,735,630,822.0,593.0,952.0,631.0,False,4,False,False,False
GLI4,736,757,617.0,548.0,661.0,551.0,False,2,False,False,False
KLF17,737,727,848.0,534.0,855.0,578.0,False,2,False,False,False
ZSCAN32,738,779,795.0,697.0,799.0,704.0,False,2,False,False,False
FLYWCH1,739,598,704.0,685.0,717.0,691.0,False,2,False,False,False
MYT1L,740,908,801.0,849.0,822.0,823.0,False,3,False,True,False
HOXC4,741,528,653.0,529.0,595.0,521.0,False,3,False,False,False
TBPL1,742,836,751.0,455.0,736.0,475.0,False,2,False,False,False
ZNF692,743,594,475.0,710.0,441.0,721.0,False,3,False,False,False
ZNF614,744,884,768.0,777.0,784.0,800.0,False,2,False,True,False
THYN1,745,1122,809.0,722.0,858.0,746.0,False,2,False,False,False
ZNF469,746,674,702.0,658.0,713.0,673.0,False,2,False,False,False
NFXL1,747,652,684.0,620.0,634.0,620.0,False,3,False,False,False
HOXB1,748,456,955.0,691.0,1047.0,614.0,False,3,False,False,False
KDM2B,749,459,660.0,628.0,589.0,605.0,False,2,False,False,False
SKI,750,784,682.0,796.0,687.0,784.0,False,2,False,True,False
ZNF773,751,899,781.0,898.0,763.0,925.0,False,3,False,True,False
ZNF140,752,762,612.0,838.0,621.0,828.0,False,3,False,True,False
TIGD7,753,914,709.0,799.0,709.0,793.0,False,3,False,True,False
SOX21,754,739,939.0,772.0,1015.0,774.0,False,3,False,False,False
ZNF660,755,963,678.0,959.0,655.0,914.0,False,3,False,True,False
TFEB,756,314,772.0,532.0,770.0,549.0,False,4,False,False,False
NFATC1,757,492,798.0,665.0,748.0,655.0,False,5,False,False,False
CSRNP3,758,887,858.0,843.0,853.0,829.0,False,2,False,False,False
ZNF558,759,789,741.0,896.0,684.0,880.0,False,3,False,True,False
IRF2,760,423,734.0,347.0,722.0,371.0,False,4,False,False,False
ZNF395,761,685,731.0,635.0,716.0,650.0,False,3,False,False,False
ZSCAN26,762,814,689.0,736.0,686.0,730.0,False,2,False,True,False
IRF8,763,730,897.0,696.0,570.0,687.0,False,4,False,False,False
MBD3,764,372,652.0,528.0,671.0,539.0,False,4,False,False,False
TEF,765,825,748.0,724.0,749.0,724.0,False,3,False,False,False
DDIT3,766,705,735.0,684.0,735.0,714.0,False,3,False,False,False
FOXP2,767,735,750.0,700.0,734.0,698.0,False,6,False,False,False
FOXD1,768,698,828.0,606.0,908.0,635.0,False,2,False,False,False
HIC2,769,714,728.0,758.0,726.0,799.0,False,3,False,False,False
ZNF26,770,902,951.0,1011.0,938.0,1020.0,False,3,False,True,False
CXXC1,771,474,634.0,669.0,626.0,658.0,False,3,False,False,False
ZNF322,772,841,762.0,791.0,773.0,801.0,False,2,False,True,False
KCNIP3,773,780,745.0,755.0,782.0,736.0,False,2,False,False,False
ZNF749,774,767,650.0,702.0,698.0,720.0,False,3,False,False,False
MSX2,775,646,714.0,654.0,704.0,656.0,False,3,False,False,False
ZNF561,776,734,791.0,761.0,798.0,753.0,False,3,False,False,False
RARA,777,288,366.0,429.0,349.0,416.0,False,5,False,False,False
RELB,778,736,628.0,831.0,644.0,835.0,False,4,False,False,False
ZBTB17,779,257,645.0,477.0,619.0,472.0,False,3,False,False,False
PBX1,780,882,797.0,865.0,778.0,858.0,False,4,False,True,False
NR3C1,781,708,642.0,925.0,533.0,904.0,False,6,False,False,False
ZNF181,782,993,719.0,863.0,685.0,856.0,False,3,False,True,False
ZNF331,783,798,749.0,787.0,743.0,791.0,False,3,False,True,False
ZNF845,784,910,842.0,907.0,806.0,921.0,False,3,False,True,False
ZNF580,785,847,456.0,735.0,480.0,756.0,False,3,False,True,False
POGK,786,701,695.0,916.0,588.0,910.0,False,3,False,False,False
SMYD3,787,905,721.0,637.0,772.0,640.0,False,2,False,False,False
ZBED4,788,632,800.0,817.0,789.0,854.0,False,3,False,False,False
ZNF501,789,1031,784.0,910.0,819.0,919.0,False,3,False,True,False
ZNF133,790,756,746.0,740.0,739.0,743.0,False,3,False,False,False
ZNF696,791,876,796.0,824.0,804.0,842.0,False,3,False,True,False
ST18,792,803,780.0,763.0,786.0,747.0,False,3,False,False,False
GATA5,793,765,742.0,660.0,747.0,628.0,False,3,False,False,False
ADNP,794,676,819.0,1066.0,707.0,1026.0,False,4,False,False,False
HNF4A,795,731,771.0,595.0,732.0,577.0,False,6,False,False,False
ZNF831,796,776,887.0,652.0,919.0,709.0,False,3,False,False,False
IRX2,797,806,672.0,803.0,647.0,772.0,False,3,False,True,False
ZFP69,798,837,812.0,844.0,800.0,863.0,False,2,False,True,False
DMRT3,799,824,950.0,730.0,1006.0,749.0,False,3,False,False,False
THAP7,800,1025,760.0,491.0,831.0,519.0,False,3,False,False,False
ZNF641,801,592,865.0,1025.0,795.0,1018.0,False,3,False,False,False
ZZZ3,802,906,829.0,957.0,790.0,940.0,False,5,False,True,False
ZBTB49,803,857,747.0,713.0,769.0,739.0,False,2,False,False,False
HNF1A,804,773,898.0,707.0,902.0,716.0,False,3,False,False,False
NME2,805,878,584.0,693.0,649.0,708.0,False,3,False,True,False
TIGD2,806,1058,753.0,897.0,742.0,934.0,False,3,False,True,False
ZNF667,807,844,1010.0,931.0,1005.0,938.0,False,3,False,False,False
ZNF287,808,998,934.0,778.0,944.0,775.0,False,3,False,False,False
ZNF813,809,1006,1034.0,1000.0,1019.0,1047.0,False,2,False,False,False
ZNF677,810,942,846.0,864.0,904.0,888.0,False,3,False,False,False
HOXD1,811,856,388.0,911.0,257.0,857.0,False,3,False,True,False
ZNF846,812,641,837.0,686.0,871.0,641.0,False,3,False,False,False
SOX9,813,392,578.0,721.0,498.0,675.0,True,5,False,False,False
ZNF582,814,1079,855.0,882.0,891.0,897.0,False,3,False,True,False
ATF3,815,682,885.0,846.0,870.0,898.0,False,6,False,False,False
SPIC,816,900,836.0,851.0,907.0,868.0,False,3,False,False,False
ZSCAN20,817,1020,924.0,955.0,909.0,961.0,False,3,False,True,False
AKAP8L,818,330,629.0,751.0,556.0,711.0,False,3,False,False,False
ZNF565,819,1000,906.0,869.0,876.0,873.0,False,3,False,False,False
EGR2,820,849,802.0,876.0,791.0,883.0,False,3,False,True,False
ZNF624,821,921,860.0,1079.0,824.0,1077.0,False,3,False,True,False
TIGD5,822,848,922.0,779.0,951.0,807.0,False,3,False,False,False
DPRX,823,831,841.0,797.0,848.0,780.0,False,3,False,False,False
ZNF788P,824,990,761.0,759.0,774.0,795.0,False,3,False,False,False
TIGD1,825,958,713.0,886.0,723.0,876.0,False,2,False,True,False
REST,826,584,921.0,823.0,834.0,797.0,False,6,False,False,False
ERF,827,473,723.0,732.0,674.0,707.0,False,3,False,False,False
L3MBTL3,828,885,871.0,920.0,879.0,932.0,False,2,False,True,False
STAT4,829,703,930.0,542.0,887.0,525.0,False,4,False,False,False
JDP2,830,471,824.0,852.0,781.0,852.0,False,3,False,False,False
ZNF462,831,747,794.0,893.0,765.0,864.0,False,3,False,False,False
SMAD5,832,711,816.0,859.0,701.0,843.0,False,4,False,False,False
TTF1,833,926,877.0,747.0,840.0,732.0,False,2,False,False,False
AEBP2,834,838,775.0,870.0,737.0,872.0,False,3,False,True,False
THAP8,835,1109,619.0,476.0,725.0,476.0,False,3,False,False,False
FOXO1,836,648,763.0,1004.0,630.0,991.0,False,5,False,False,False
HMGN3,837,1173,737.0,670.0,766.0,678.0,False,4,False,False,False
ZNF728,838,813,847.0,842.0,880.0,833.0,False,2,False,False,False
HES5,839,948,958.0,963.0,1017.0,945.0,False,3,False,False,False
DLX4,840,636,752.0,661.0,777.0,682.0,False,3,False,False,False
ZNF775,841,663,759.0,711.0,753.0,703.0,False,3,False,False,False
ZNF366,842,1052,960.0,872.0,1012.0,923.0,False,3,False,False,False
ZNF784,843,643,815.0,607.0,821.0,602.0,False,3,False,False,False
ZNF286B,844,875,928.0,891.0,949.0,874.0,False,2,False,False,False
KLF7,845,715,769.0,885.0,731.0,894.0,False,3,False,False,False
TFCP2L1,846,754,1007.0,922.0,1051.0,913.0,False,3,False,False,False
ZNF2,847,819,883.0,856.0,889.0,840.0,False,2,False,False,False
ZNF781,848,955,859.0,999.0,881.0,970.0,False,3,False,True,False
THAP2,849,907,810.0,857.0,794.0,870.0,False,3,False,True,False
ZNF676,850,872,916.0,776.0,983.0,783.0,False,3,False,False,False
ZNF662,851,986,708.0,1012.0,640.0,983.0,False,3,False,True,False
SOX6,852,861,845.0,862.0,783.0,837.0,False,4,False,True,False
ZNF669,853,866,915.0,943.0,896.0,972.0,False,3,False,True,False
MEIS1,854,639,1061.0,887.0,1132.0,920.0,False,5,False,False,False
SOX2,855,774,1081.0,820.0,1066.0,822.0,False,5,False,False,False
ETV2,856,1084,923.0,883.0,982.0,906.0,False,3,False,False,False
FEZF1,857,927,832.0,895.0,829.0,886.0,False,3,False,True,False
ZNF766,858,928,875.0,926.0,885.0,929.0,False,4,False,True,False
PBX2,859,301,779.0,780.0,746.0,750.0,False,4,False,False,False
ZBED3,860,706,674.0,826.0,575.0,806.0,False,3,False,False,False
FOXN4,861,829,792.0,514.0,836.0,585.0,False,3,False,False,False
SNAPC2,862,859,789.0,725.0,826.0,745.0,False,2,False,False,False
SAFB,863,657,693.0,827.0,645.0,818.0,False,2,False,False,False
ZNF567,864,1053,894.0,1050.0,882.0,1061.0,False,3,False,True,False
SP9,865,839,851.0,841.0,874.0,844.0,False,2,False,False,False
ZBTB5,866,622,979.0,819.0,980.0,816.0,False,3,False,False,False
SPI1,867,892,717.0,745.0,565.0,664.0,False,6,False,True,False
HSFX1,868,737,811.0,775.0,802.0,770.0,False,2,False,False,False
NFIX,869,786,867.0,905.0,820.0,892.0,False,3,False,False,False
ZNF684,870,1126,976.0,908.0,1002.0,998.0,False,3,False,False,False
FOSB,871,877,807.0,1008.0,780.0,1016.0,False,3,False,True,False
SHOX,872,828,941.0,794.0,960.0,787.0,False,3,False,False,False
EOMES,873,912,1084.0,986.0,1021.0,980.0,False,5,False,False,False
BHLHE40,874,637,929.0,934.0,961.0,949.0,False,4,False,False,False
ZNF17,875,1007,826.0,980.0,818.0,981.0,False,3,False,True,False
GFI1,876,845,973.0,728.0,955.0,728.0,False,3,False,False,False
ZNF665,877,1035,869.0,992.0,850.0,996.0,False,3,False,True,False
ZNF443,878,1062,962.0,984.0,967.0,1007.0,False,3,False,True,False
ZNF212,879,722,831.0,677.0,863.0,694.0,False,3,False,False,False
MSX1,880,1056,1105.0,962.0,1116.0,953.0,False,3,False,False,False
ZNF526,881,865,863.0,850.0,856.0,881.0,False,3,False,False,False
ZNF518B,882,778,866.0,894.0,865.0,899.0,False,3,False,False,False
ZNF888,883,994,862.0,932.0,900.0,967.0,False,1,False,True,False
CUX2,884,870,892.0,914.0,927.0,900.0,False,3,False,False,False
ZNF286A,885,933,940.0,996.0,922.0,1006.0,False,3,False,True,False
ZNF138,886,991,890.0,961.0,917.0,955.0,False,3,False,True,False
DNTTIP1,887,939,843.0,536.0,926.0,563.0,False,2,False,False,False
TFE3,888,512,782.0,815.0,779.0,815.0,False,3,False,False,False
NR5A2,889,749,990.0,727.0,992.0,733.0,False,4,False,False,False
POU5F1B,890,1068,1023.0,821.0,1046.0,865.0,False,2,False,False,False
TOPORS,891,896,882.0,948.0,849.0,946.0,False,2,False,True,False
PRDM16,892,987,636.0,971.0,604.0,943.0,False,4,False,True,False
ZNF707,893,568,788.0,734.0,807.0,759.0,False,3,False,False,False
ZNF697,894,619,904.0,806.0,915.0,845.0,False,3,False,False,False
ZSCAN2,895,853,613.0,825.0,599.0,817.0,False,3,False,False,False
ZNF502,896,1017,900.0,1042.0,888.0,1037.0,False,3,False,True,False
ZNF714,897,1112,821.0,1010.0,859.0,1024.0,False,3,False,True,False
ZNF442,898,1051,901.0,972.0,842.0,978.0,False,3,False,True,False
ZNF41,899,895,1051.0,764.0,1096.0,767.0,False,3,False,False,False
ZNF586,900,934,806.0,805.0,810.0,819.0,False,3,False,False,False
TSHZ1,901,923,902.0,995.0,864.0,973.0,False,3,False,True,False
ZNF7,902,890,830.0,921.0,833.0,933.0,False,3,False,False,False
ZNF346,903,832,872.0,937.0,851.0,944.0,False,3,False,False,False
CRX,904,860,1077.0,945.0,1091.0,954.0,False,4,False,False,False
VDR,905,128,935.0,666.0,886.0,676.0,False,5,False,False,False
ZNF232,906,1117,853.0,888.0,852.0,885.0,False,3,False,True,False
RELA,907,119,621.0,687.0,567.0,706.0,False,6,False,False,False
TBP,908,578,616.0,550.0,606.0,522.0,False,5,False,False,False
ZNF275,909,854,840.0,845.0,796.0,871.0,False,3,False,False,False
ELF4,910,415,857.0,854.0,857.0,855.0,False,3,False,False,False
MAFA,911,833,1074.0,855.0,1085.0,851.0,False,3,False,False,False
ZNF208,912,970,1048.0,1033.0,1101.0,1028.0,False,3,False,False,False
ZNF618,913,1001,878.0,990.0,911.0,1001.0,False,3,False,True,False
GATA6,914,904,502.0,1030.0,347.0,997.0,False,5,False,False,False
POU3F3,915,1130,914.0,1048.0,893.0,1012.0,False,3,False,True,False
ZNF223,916,959,996.0,873.0,1025.0,891.0,False,3,False,False,False
ZBTB24,917,969,910.0,1038.0,872.0,1045.0,False,3,False,True,False
SOX4,918,852,814.0,977.0,759.0,968.0,False,3,False,False,False
ZNF551,919,1042,943.0,1016.0,968.0,1044.0,False,3,False,True,False
ZNF227,920,917,873.0,880.0,884.0,893.0,False,3,False,False,False
RARB,921,886,931.0,889.0,939.0,896.0,False,4,False,False,False
RHOXF1,922,874,870.0,739.0,914.0,725.0,False,3,False,False,False
DMRTA2,923,913,1099.0,903.0,1174.0,889.0,False,3,False,False,False
HOXA6,924,812,1047.0,624.0,1098.0,661.0,False,3,False,False,False
ZSCAN9,925,941,767.0,1017.0,768.0,1008.0,False,2,False,True,False
ZNF74,926,898,834.0,941.0,845.0,950.0,False,3,False,False,False
GCM2,927,974,907.0,944.0,913.0,930.0,False,3,False,True,False
RHOXF2,928,1021,978.0,956.0,993.0,957.0,False,3,False,False,False
ZNF205,929,560,683.0,731.0,706.0,735.0,False,3,False,False,False
EN2,930,920,927.0,904.0,932.0,869.0,False,3,False,False,False
ZNF324B,931,664,854.0,878.0,815.0,877.0,False,2,False,False,False
ZNF414,932,931,879.0,762.0,931.0,786.0,False,3,False,False,False
SNAI1,933,850,884.0,924.0,894.0,948.0,False,3,False,False,False
NHLH1,934,960,975.0,860.0,989.0,839.0,False,3,False,False,False
CHAMP1,935,997,932.0,1046.0,890.0,1066.0,False,2,False,True,False
MLX,936,880,876.0,804.0,933.0,813.0,False,3,False,False,False
ZNF354C,937,1055,849.0,1125.0,843.0,1105.0,False,3,False,True,False
FOXJ2,938,943,889.0,1058.0,838.0,1038.0,False,4,False,True,False
ZNF716,939,988,984.0,958.0,1010.0,866.0,False,3,False,False,False
FOXD4L6,940,929,786.0,939.0,825.0,916.0,False,2,False,False,False
EMX2,941,1124,1033.0,902.0,1061.0,887.0,False,3,False,False,False
KLF3,942,781,1094.0,973.0,1142.0,985.0,False,4,False,False,False
ZNF326,943,956,1025.0,1067.0,950.0,1052.0,False,3,False,True,False
TCF12,944,689,739.0,975.0,600.0,941.0,False,5,False,False,False
ZNF430,945,911,1092.0,1062.0,1119.0,1070.0,False,3,False,False,False
HOXC5,946,1015,818.0,949.0,809.0,939.0,False,3,False,True,False
ZNF576,947,1026,945.0,835.0,986.0,861.0,False,3,False,False,False
ZSCAN12,948,1034,937.0,964.0,962.0,965.0,False,3,False,True,False
HESX1,949,1255,1086.0,938.0,1122.0,986.0,False,3,False,False,False
KLF9,950,843,799.0,1015.0,767.0,1005.0,False,4,False,False,False
ZXDA,951,1012,917.0,1051.0,817.0,1034.0,False,3,False,True,False
ZNF770,952,1029,1070.0,1116.0,978.0,1120.0,False,3,False,True,False
NFE2L3,953,881,1027.0,884.0,1071.0,924.0,False,3,False,False,False
PAX8,954,830,1013.0,881.0,990.0,890.0,False,4,False,False,False
ZSCAN21,955,1048,886.0,936.0,860.0,937.0,False,3,False,True,False
RORB,956,957,966.0,899.0,923.0,882.0,False,3,False,False,False
SREBF1,957,178,774.0,601.0,793.0,575.0,False,6,False,False,False
ZNF525,958,1107,896.0,1109.0,854.0,1142.0,False,2,False,True,False
TBR1,959,938,988.0,942.0,1001.0,903.0,False,3,False,False,False
KLF11,960,916,874.0,970.0,846.0,977.0,False,3,False,False,False
TBX1,961,871,944.0,892.0,947.0,867.0,False,3,False,False,False
ZNF250,962,1032,891.0,1039.0,868.0,1031.0,False,3,False,True,False
ADNP2,963,1070,953.0,1022.0,920.0,1041.0,False,3,False,True,False
ZNF273,964,968,908.0,890.0,906.0,912.0,False,3,False,False,False
ZBTB32,965,1121,954.0,953.0,971.0,992.0,False,3,False,False,False
ESRRA,966,559,1095.0,737.0,1164.0,754.0,False,5,False,False,False
HES2,967,758,1059.0,858.0,1087.0,859.0,False,3,False,False,False
ZBTB39,968,1059,909.0,1072.0,903.0,1085.0,False,3,False,True,False
NR2E3,969,702,980.0,774.0,912.0,781.0,False,2,False,False,False
ZNF699,970,1005,995.0,1071.0,988.0,1069.0,False,3,False,True,False
ZNF595,971,1041,956.0,1074.0,966.0,1074.0,False,2,False,True,False
ZSCAN4,972,883,1021.0,918.0,1003.0,902.0,False,3,False,False,False
ZNF100,973,1164,895.0,1211.0,905.0,1210.0,False,3,False,True,False
ZNF394,974,950,949.0,946.0,946.0,956.0,False,3,False,False,False
OVOL3,975,985,982.0,974.0,1014.0,1002.0,False,2,False,False,False
ELF1,976,618,948.0,667.0,929.0,666.0,False,5,False,False,False
ZNF80,977,1030,1049.0,915.0,1056.0,936.0,False,3,False,False,False
ZNF578,978,1022,1053.0,1007.0,1074.0,1011.0,False,3,False,False,False
RAG1,979,1046,1060.0,1023.0,1130.0,1033.0,False,3,False,False,False
MLXIPL,980,1119,804.0,1043.0,727.0,1023.0,False,3,False,True,False
PITX1,981,980,1148.0,928.0,1212.0,915.0,False,3,False,False,False
GCM1,982,868,1004.0,930.0,1008.0,922.0,False,3,False,False,False
ZNF480,983,1065,1001.0,1026.0,997.0,1029.0,False,3,False,True,False
HELT,984,983,911.0,822.0,925.0,808.0,False,3,False,False,False
ATF4,985,1210,985.0,1037.0,984.0,1059.0,False,4,False,True,False
NR1I3,986,1036,1036.0,965.0,1083.0,976.0,False,3,False,False,False
ZNF184,987,1069,983.0,1019.0,963.0,1013.0,False,3,False,True,False
ZMAT4,988,1128,1122.0,1069.0,1154.0,1062.0,False,3,False,False,False
REXO4,989,976,965.0,906.0,981.0,931.0,False,2,False,False,False
TFCP2,990,975,989.0,1087.0,942.0,1082.0,False,3,False,False,False
SP2,991,381,699.0,861.0,648.0,849.0,False,5,False,False,False
ZNF512B,992,947,963.0,1040.0,970.0,1022.0,False,3,False,False,False
OSR1,993,1033,1005.0,976.0,1022.0,995.0,False,2,False,False,False
ZNF836,994,797,933.0,929.0,934.0,909.0,False,3,False,False,False
PROX2,995,1039,946.0,1024.0,916.0,1015.0,False,3,False,True,False
ZNF835,996,1064,838.0,966.0,837.0,960.0,False,3,False,True,False
TSHZ2,997,1004,1009.0,987.0,1033.0,990.0,False,3,False,False,False
LMX1B,998,891,959.0,909.0,948.0,895.0,False,3,False,False,False
ZNF45,999,1106,925.0,1076.0,910.0,1102.0,False,3,False,True,False
CAMTA1,1000,1113,1032.0,982.0,1055.0,984.0,False,3,False,False,False
ZNF675,1001,944,1120.0,1095.0,1187.0,1111.0,False,3,False,False,False
UBP1,1002,919,977.0,1084.0,897.0,1086.0,False,3,False,False,False
ZNF18,1003,971,987.0,954.0,996.0,964.0,False,3,False,False,False
KLF4,1004,655,1262.0,1068.0,1311.0,1084.0,False,5,False,False,False
HOXA3,1005,811,1052.0,789.0,1077.0,792.0,False,3,False,False,False
CEBPB,1006,384,971.0,1035.0,895.0,1040.0,False,6,False,False,False
TCF3,1007,800,823.0,1115.0,771.0,1106.0,False,6,False,False,False
SRF,1008,686,1029.0,940.0,964.0,962.0,False,6,False,False,False
ZIM3,1009,1044,1035.0,988.0,1081.0,928.0,False,3,False,False,False
FOXD4L3,1010,879,938.0,950.0,954.0,926.0,False,3,False,False,False
SCRT1,1011,1013,936.0,1001.0,956.0,971.0,False,2,False,True,False
DRGX,1012,949,1045.0,967.0,1064.0,918.0,False,3,False,False,False
FOXI1,1013,989,1279.0,1006.0,1296.0,1004.0,False,3,False,False,False
ZNF155,1014,817,952.0,657.0,945.0,679.0,False,3,False,False,False
SIX5,1015,793,669.0,993.0,611.0,975.0,False,5,False,False,False
ZNF281,1016,1050,1016.0,1108.0,953.0,1131.0,False,3,False,True,False
INSM2,1017,925,1024.0,968.0,1036.0,942.0,False,3,False,False,False
ZNF837,1018,1043,942.0,839.0,987.0,862.0,False,3,False,False,False
HOMEZ,1019,945,1042.0,989.0,1035.0,988.0,False,3,False,False,False
FOS,1020,996,913.0,1151.0,877.0,1154.0,False,5,False,False,False
SOX18,1021,1060,1065.0,1003.0,1063.0,1000.0,False,3,False,False,False
INSM1,1022,1049,999.0,912.0,999.0,905.0,False,3,False,False,False
ZBTB8A,1023,981,912.0,997.0,898.0,993.0,False,2,False,False,False
ZNF547,1024,1211,998.0,1113.0,998.0,1122.0,False,3,False,True,False
FOSL2,1025,564,1112.0,1021.0,1100.0,1049.0,False,5,False,False,False
ZNF408,1026,1072,969.0,767.0,1037.0,812.0,False,3,False,False,False
JUNB,1027,1071,957.0,1156.0,935.0,1174.0,False,4,False,True,False
FOXI2,1028,922,1174.0,979.0,1210.0,959.0,False,3,False,False,False
OTX1,1029,1002,1183.0,1049.0,1213.0,1043.0,False,3,False,False,False
ZBTB12,1030,1077,850.0,1047.0,847.0,1060.0,False,3,False,True,False
VENTX,1031,936,1030.0,901.0,1027.0,901.0,False,3,False,False,False
HOXA1,1032,1038,1152.0,935.0,1208.0,963.0,False,3,False,False,False
ZNF79,1033,1045,1019.0,969.0,1039.0,987.0,False,3,False,False,False
SOX3,1034,1003,997.0,981.0,1000.0,969.0,False,3,False,False,False
ZNF792,1035,979,1128.0,978.0,1153.0,989.0,False,3,False,False,False
PLAGL1,1036,1110,905.0,1118.0,813.0,1101.0,False,3,False,True,False
THAP10,1037,1146,986.0,923.0,1013.0,951.0,False,3,False,False,False
ZBTB7B,1038,694,1098.0,1060.0,1133.0,1053.0,False,3,False,False,False
ZKSCAN4,1039,1082,1002.0,1013.0,1011.0,1030.0,False,3,False,True,False
HOXC8,1040,1092,1058.0,1014.0,1069.0,1055.0,False,3,False,False,False
NR1H2,1041,873,868.0,719.0,892.0,737.0,False,4,False,False,False
ZNF280C,1042,1156,1012.0,1179.0,972.0,1190.0,False,3,False,True,False
EGR4,1043,1061,1031.0,1032.0,1043.0,1035.0,False,3,False,False,False
ZNF174,1044,1151,992.0,994.0,1042.0,1003.0,False,3,False,False,False
EN1,1045,1200,1020.0,1057.0,1028.0,1051.0,False,3,False,True,False
PAX9,1046,785,1278.0,1053.0,1346.0,1017.0,False,3,False,False,False
YY2,1047,1174,1079.0,1073.0,1059.0,1096.0,False,3,False,False,False
ZNF385C,1048,1067,1041.0,830.0,1004.0,846.0,False,3,False,False,False
ZNF143,1049,661,991.0,814.0,940.0,814.0,False,5,False,False,False
ATOH7,1050,918,1073.0,917.0,1094.0,810.0,False,3,False,False,False
ZNF668,1051,1027,1017.0,867.0,1068.0,908.0,False,3,False,False,False
ZNF821,1052,1216,1067.0,1086.0,1105.0,1100.0,False,3,False,False,False
SMAD1,1053,603,981.0,952.0,941.0,935.0,False,5,False,False,False
ETV3,1054,544,1189.0,1112.0,1203.0,1121.0,False,3,False,False,False
ZNF584,1055,764,1040.0,676.0,1020.0,671.0,False,4,False,False,False
ZBTB2,1056,1028,1038.0,1052.0,994.0,1088.0,False,3,False,False,False
ZBTB16,1057,1158,947.0,1215.0,867.0,1194.0,False,4,False,True,False
MBD4,1058,924,1115.0,1089.0,1082.0,1090.0,False,5,False,False,False
THAP3,1059,1269,970.0,913.0,1016.0,917.0,False,3,False,False,False
KLF10,1060,1009,1000.0,1105.0,957.0,1113.0,False,3,False,False,False
EGR3,1061,973,1102.0,1045.0,1113.0,1056.0,False,3,False,False,False
ZNF600,1062,1139,1055.0,1150.0,1057.0,1160.0,False,3,False,True,False
GFI1B,1063,1314,1138.0,1157.0,1151.0,1175.0,False,5,False,True,False
ISL1,1064,977,1175.0,1018.0,1209.0,1009.0,False,3,False,False,False
ZNF532,1065,1011,993.0,1155.0,976.0,1143.0,False,3,False,False,False
KIN,1066,1204,1218.0,1236.0,1131.0,1227.0,False,3,False,True,False
TBX3,1067,982,1132.0,1044.0,1162.0,1042.0,False,4,False,False,False
ZNF438,1068,1125,968.0,1141.0,958.0,1130.0,False,3,False,True,False
NHLH2,1069,1135,967.0,1146.0,936.0,1108.0,False,3,False,True,False
CREB5,1070,724,974.0,983.0,959.0,999.0,False,3,False,False,False
SIX2,1071,1037,1234.0,1131.0,1294.0,1135.0,False,4,False,False,False
HBP1,1072,1102,1022.0,1096.0,1009.0,1112.0,False,4,False,True,False
MTERF1,1073,1256,1106.0,1129.0,1114.0,1148.0,False,2,False,True,False
SCMH1,1074,1166,1003.0,1081.0,943.0,1092.0,False,2,False,True,False
HIC1,1075,1095,1039.0,1092.0,1118.0,1087.0,False,3,False,False,False
CEBPD,1076,1040,964.0,1121.0,937.0,1124.0,False,5,False,False,False
ETS2,1077,822,1057.0,1140.0,1029.0,1146.0,False,4,False,False,False
ZNF649,1078,1196,1083.0,1159.0,1097.0,1180.0,False,3,False,True,False
ZNF121,1079,1010,1090.0,1111.0,1076.0,1137.0,False,3,False,False,False
DR1,1080,1118,1127.0,1093.0,1108.0,1123.0,False,3,False,False,False
ZUP1,1081,1096,1082.0,1070.0,1079.0,1099.0,False,3,False,False,False
ZNF71,1082,1108,994.0,1075.0,991.0,1067.0,False,3,False,True,False
MNX1,1083,935,1136.0,1061.0,1140.0,1057.0,False,4,False,False,False
ZNF883,1084,1129,1255.0,1091.0,1214.0,1081.0,False,2,False,False,False
TLX3,1085,1066,1050.0,1098.0,1062.0,1068.0,False,3,False,False,False
AIRE,1086,1111,1222.0,1085.0,1233.0,1083.0,False,3,False,False,False
ASCL5,1087,1152,1069.0,1136.0,1090.0,1140.0,False,2,False,True,False
ARNT2,1088,1182,835.0,1160.0,751.0,1134.0,False,3,False,True,False
NFIB,1089,1127,1011.0,1218.0,975.0,1201.0,False,4,False,True,False
OVOL1,1090,760,1288.0,1120.0,1358.0,1118.0,False,3,False,False,False
TBX4,1091,1123,1193.0,1102.0,1167.0,1080.0,False,3,False,False,False
NPAS4,1092,1103,1066.0,1097.0,1092.0,1079.0,False,3,False,False,False
NR1H3,1093,1304,903.0,1104.0,861.0,1093.0,False,5,False,True,False
TCF7,1094,954,1231.0,1078.0,1267.0,1095.0,False,5,False,False,False
JUN,1095,940,1043.0,1188.0,1023.0,1204.0,False,6,False,False,False
TLX2,1096,953,1219.0,991.0,1196.0,974.0,False,3,False,False,False
TGIF1,1097,1019,1085.0,1054.0,1054.0,1063.0,False,3,False,False,False
CDC5L,1098,1008,1101.0,1036.0,1034.0,1010.0,False,3,False,False,False
ZNF385B,1099,1184,880.0,1135.0,808.0,1076.0,False,3,False,True,False
ZNF343,1100,1203,1006.0,1183.0,985.0,1177.0,False,3,False,True,False
ZNF706,1101,1259,1131.0,1083.0,1146.0,1110.0,False,3,False,False,False
CHCHD3,1102,1247,1109.0,1029.0,1143.0,1019.0,False,2,False,False,False
ZFHX4,1103,1155,1144.0,1145.0,1166.0,1144.0,False,3,False,False,False
FOXQ1,1104,972,1117.0,1182.0,1147.0,1159.0,False,3,False,False,False
YY1,1105,1116,1143.0,1195.0,1075.0,1192.0,False,6,False,True,False
TBPL2,1106,1163,1217.0,1082.0,1238.0,1073.0,False,2,False,False,False
IRF4,1107,1179,1121.0,1153.0,1089.0,1164.0,False,5,False,True,False
AKAP8,1108,1016,1089.0,1122.0,1065.0,1126.0,False,3,False,False,False
HOXB4,1109,995,1141.0,1009.0,1168.0,1021.0,False,4,False,False,False
AHDC1,1110,946,1157.0,1171.0,1160.0,1151.0,False,3,False,False,False
ALX3,1111,1080,1269.0,1117.0,1284.0,1089.0,False,3,False,False,False
CENPS,1112,1436,1177.0,811.0,1201.0,809.0,False,2,False,False,False
RFX8,1113,1132,1129.0,1034.0,1134.0,1078.0,False,2,False,False,False
RORA,1114,869,1208.0,1100.0,1281.0,1094.0,False,3,False,False,False
ATF7,1115,967,864.0,1080.0,803.0,1058.0,False,4,False,False,False
NFYC,1116,1194,1014.0,1167.0,1007.0,1173.0,False,3,False,True,False
NR1D1,1117,1078,1135.0,1114.0,1145.0,1115.0,False,3,False,False,False
SPIB,1118,1154,1245.0,1107.0,1286.0,1129.0,False,4,False,False,False
ZNF730,1119,1308,1087.0,1198.0,1099.0,1221.0,False,2,False,True,False
ZNF277,1120,1319,1056.0,1268.0,1026.0,1286.0,False,3,False,True,False
ARID5B,1121,1171,1078.0,1221.0,1045.0,1215.0,False,3,False,True,False
HDX,1122,1088,1037.0,1164.0,1058.0,1166.0,False,3,False,False,False
ZBTB47,1123,1093,1096.0,1128.0,1102.0,1133.0,False,3,False,False,False
GTF3A,1124,1369,1200.0,1210.0,1245.0,1223.0,False,3,False,False,False
MSANTD3,1125,1099,1110.0,951.0,1111.0,966.0,False,2,False,False,False
ETV7,1126,966,1225.0,1256.0,1352.0,1274.0,False,3,False,False,False
DBP,1127,1236,1216.0,1187.0,1259.0,1200.0,False,3,False,False,False
HOXC10,1128,1140,1113.0,1056.0,1144.0,1097.0,False,3,False,False,False
E2F3,1129,1169,1166.0,1148.0,1156.0,1207.0,False,3,False,False,False
HEY2,1130,1201,1068.0,1103.0,1032.0,1098.0,False,3,False,True,False
TCF4,1131,1143,1328.0,1275.0,1351.0,1279.0,False,5,False,False,False
FOXD4L5,1132,1086,1159.0,1161.0,1175.0,1172.0,False,3,False,False,False
MYF6,1133,1144,1139.0,1101.0,1157.0,1125.0,False,3,False,False,False
THAP1,1134,1209,1026.0,900.0,1050.0,907.0,False,5,False,False,False
TFDP3,1135,1076,1018.0,1041.0,995.0,1039.0,False,3,False,False,False
CBLL2,1136,1054,1149.0,1143.0,1127.0,1119.0,False,2,False,False,False
MEF2B,1137,999,1054.0,1005.0,1048.0,994.0,False,4,False,False,False
ZNF16,1138,1278,1134.0,1242.0,1120.0,1248.0,False,3,False,True,False
CEBPE,1139,1141,1172.0,1169.0,1182.0,1183.0,False,3,False,False,False
ZFP69B,1140,1302,1205.0,1180.0,1232.0,1222.0,False,2,False,False,False
EGR1,1141,1149,926.0,1315.0,801.0,1306.0,False,6,False,True,False
PRDM12,1142,1131,1150.0,1059.0,1171.0,1054.0,False,3,False,False,False
MYT1,1143,1153,1196.0,1126.0,1190.0,1107.0,False,3,False,False,False
ZNF114,1144,1222,1209.0,1133.0,1223.0,1158.0,False,3,False,False,False
SP5,1145,909,1118.0,998.0,1121.0,982.0,False,3,False,False,False
CEBPG,1146,1087,1080.0,1027.0,1041.0,1025.0,False,4,False,False,False
ZNF207,1147,1165,1160.0,1245.0,1095.0,1240.0,False,4,False,True,False
HIF3A,1148,1232,1091.0,1263.0,1084.0,1250.0,False,3,False,True,False
HMG20A,1149,1220,1064.0,1266.0,1049.0,1252.0,False,3,False,True,False
NFKB1,1150,726,1076.0,1185.0,1018.0,1182.0,False,4,False,False,False
TBX21,1151,1160,1145.0,1099.0,1129.0,1114.0,False,4,False,False,False
SOX14,1152,1137,1133.0,1142.0,1141.0,1132.0,False,3,False,False,False
GSC,1153,992,1072.0,960.0,1086.0,952.0,False,3,False,False,False
ZNF703,1154,1114,1223.0,1110.0,1228.0,1116.0,False,3,False,False,False
FOXD2,1155,1047,1151.0,1138.0,1159.0,1104.0,False,3,False,False,False
GTF2B,1156,1147,1046.0,874.0,1072.0,884.0,False,4,False,False,False
ZNF131,1157,1219,1147.0,1223.0,1088.0,1228.0,False,3,False,True,False
NR5A1,1158,1089,1119.0,1137.0,1106.0,1141.0,False,3,False,False,False
ZNF804A,1159,1197,1123.0,1028.0,1112.0,1014.0,False,3,False,False,False
RFX4,1160,1239,1214.0,1224.0,1256.0,1191.0,False,3,False,False,False
HSF1,1161,771,1015.0,715.0,1024.0,719.0,False,5,False,False,False
ZNF35,1162,1168,1191.0,1149.0,1150.0,1153.0,False,3,False,False,False
TBX15,1163,1142,1116.0,1124.0,1125.0,1128.0,False,3,False,False,False
MYCL,1164,1098,1257.0,1186.0,1307.0,1170.0,False,2,False,False,False
PROP1,1165,1133,1247.0,1177.0,1217.0,1186.0,False,3,False,False,False
ZNF691,1166,1347,1103.0,1152.0,1117.0,1168.0,False,3,False,True,False
BARX1,1167,1178,1158.0,1147.0,1165.0,1147.0,False,3,False,False,False
ZNF639,1168,1237,1114.0,1205.0,1060.0,1212.0,False,4,False,True,False
ZNF823,1169,1170,1044.0,1088.0,1053.0,1064.0,False,3,False,True,False
POU2F2,1170,692,1137.0,1174.0,1073.0,1127.0,False,5,False,False,False
HHEX,1171,1189,1168.0,1227.0,1191.0,1237.0,False,4,False,True,False
NEUROD4,1172,1115,1167.0,1063.0,1180.0,1091.0,False,3,False,False,False
GBX2,1173,1023,1171.0,1020.0,1215.0,1048.0,False,4,False,False,False
ASCL4,1174,1090,1226.0,1144.0,1253.0,1136.0,False,3,False,False,False
LIN28A,1175,1272,1164.0,1248.0,1148.0,1262.0,False,1,False,True,False
SHOX2,1176,1097,1184.0,1139.0,1173.0,1117.0,False,3,False,False,False
PURG,1177,1075,1161.0,1065.0,1177.0,1046.0,False,2,False,False,False
FOSL1,1178,932,1204.0,1123.0,1222.0,1156.0,False,5,False,False,False
TBX6,1179,851,1412.0,1250.0,1459.0,1224.0,False,3,False,False,False
GLIS1,1180,1134,1063.0,1094.0,1040.0,1072.0,False,3,False,False,False
NFATC4,1181,1162,888.0,1229.0,835.0,1198.0,False,3,False,False,False
THAP9,1182,1282,1124.0,1274.0,1080.0,1290.0,False,3,False,True,False
HLX,1183,1198,1104.0,1127.0,977.0,1109.0,False,3,False,True,False
PBX3,1184,1157,961.0,1168.0,862.0,1138.0,False,5,False,False,False
NR2F2,1185,1024,1238.0,1172.0,1234.0,1169.0,False,5,False,False,False
EPAS1,1186,1267,1186.0,1292.0,1161.0,1289.0,False,4,False,True,False
ZNF543,1187,1014,1185.0,1232.0,1128.0,1233.0,False,3,False,False,False
ZNF202,1188,1181,1125.0,1219.0,1078.0,1229.0,False,3,False,False,False
HES1,1189,1187,1273.0,1280.0,1298.0,1271.0,False,4,False,False,False
MEIS3,1190,1167,1202.0,1165.0,1219.0,1155.0,False,3,False,False,False
PRDM6,1191,1205,1075.0,1199.0,1070.0,1193.0,False,3,False,True,False
ZNF830,1192,1273,1182.0,1222.0,1138.0,1219.0,False,3,False,True,False
DLX2,1193,1206,1162.0,1212.0,1172.0,1213.0,False,3,False,True,False
ZNF195,1194,1241,1088.0,1247.0,1067.0,1245.0,False,3,False,True,False
ZNF786,1195,1177,1206.0,1178.0,1240.0,1176.0,False,3,False,False,False
TIGD3,1196,984,1275.0,1220.0,1277.0,1236.0,False,3,False,False,False
TFAP2E,1197,1191,1028.0,1228.0,921.0,1188.0,False,3,False,False,False
ZNF354A,1198,1159,1156.0,1203.0,1107.0,1199.0,False,3,False,False,False
ELK4,1199,1300,1424.0,1361.0,1413.0,1372.0,False,5,False,False,False
LBX1,1200,1150,1188.0,1184.0,1188.0,1167.0,False,3,False,False,False
ZNF85,1201,1378,1100.0,1234.0,1123.0,1267.0,False,3,False,True,False
ZIM2,1202,1299,1126.0,1267.0,1139.0,1268.0,False,1,False,True,False
HOXC6,1203,1138,1250.0,1132.0,1244.0,1152.0,False,3,False,False,False
SP4,1204,1195,1111.0,1300.0,1038.0,1269.0,False,5,False,False,False
HSF5,1205,1212,1195.0,1192.0,1178.0,1189.0,False,2,False,False,False
VAX1,1206,1101,1176.0,1064.0,1181.0,1027.0,False,3,False,False,False
EMX1,1207,1161,1305.0,1106.0,1305.0,1075.0,False,3,False,False,False
FOXD4,1208,1105,1201.0,1166.0,1189.0,1150.0,False,3,False,False,False
NEUROD1,1209,1293,1312.0,1238.0,1320.0,1244.0,False,4,False,False,False
BRF2,1210,1264,1178.0,1031.0,1200.0,1036.0,False,3,False,False,False
ZNF670,1211,1336,1187.0,1216.0,1193.0,1246.0,False,2,False,True,False
ZEB1,1212,1081,1261.0,1173.0,1268.0,1171.0,False,5,False,False,False
ZFP1,1213,1248,1142.0,1276.0,1104.0,1251.0,False,3,False,True,False
ZNF32,1214,1413,1130.0,1253.0,1115.0,1261.0,False,3,False,True,False
DNMT1,1215,1331,1179.0,1246.0,1176.0,1284.0,False,2,False,True,False
SP6,1216,964,1292.0,1191.0,1324.0,1184.0,False,3,False,False,False
ZIK1,1217,1285,1241.0,1209.0,1242.0,1220.0,False,3,False,False,False
ZBTB9,1218,1176,1163.0,1163.0,1155.0,1185.0,False,3,False,False,False
CENPT,1219,1311,1140.0,1175.0,1158.0,1208.0,False,3,False,True,False
HLF,1220,1290,1230.0,1305.0,1247.0,1303.0,False,3,False,True,False
POU4F1,1221,1258,1293.0,1265.0,1297.0,1259.0,False,3,False,False,False
YBX1,1222,1478,1256.0,1400.0,1246.0,1414.0,False,3,False,True,False
KLF14,1223,1183,1197.0,1154.0,1185.0,1145.0,False,2,False,False,False
ZHX2,1224,1223,1153.0,1307.0,1110.0,1299.0,False,4,False,False,False
FOXL2,1225,1271,1291.0,1254.0,1282.0,1249.0,False,3,False,False,False
HOXD8,1226,1180,1154.0,1206.0,1124.0,1187.0,False,3,False,False,False
ONECUT1,1227,1083,1349.0,1162.0,1357.0,1139.0,False,4,False,False,False
ZSCAN5B,1228,1018,1276.0,927.0,1260.0,927.0,False,3,False,False,False
HOXA4,1229,1074,1229.0,871.0,1237.0,879.0,False,3,False,False,False
ZNF34,1230,1190,1108.0,1201.0,1093.0,1196.0,False,3,False,False,False
FOXH1,1231,1244,1310.0,1231.0,1315.0,1235.0,False,3,False,False,False
EBF3,1232,1253,1198.0,1189.0,1198.0,1181.0,False,3,False,False,False
PAX1,1233,1312,1285.0,1271.0,1310.0,1278.0,False,3,False,False,False
SKOR1,1234,1202,1170.0,1176.0,1149.0,1161.0,False,2,False,False,False
ZNF177,1235,1254,1220.0,1291.0,1204.0,1264.0,False,3,False,True,False
SIX6,1236,1249,1199.0,1261.0,1207.0,1254.0,False,3,False,True,False
DACH2,1237,1274,1221.0,1217.0,1221.0,1203.0,False,3,False,False,False
ZNF385D,1238,1243,1169.0,1197.0,1183.0,1216.0,False,3,False,True,False
NR2E1,1239,1291,1190.0,1296.0,1192.0,1253.0,False,3,False,True,False
NR6A1,1240,1245,1194.0,1243.0,1184.0,1243.0,False,3,False,True,False
LHX1,1241,1221,1181.0,1235.0,1152.0,1205.0,False,2,False,False,False
ZNF280A,1242,1214,1224.0,1226.0,1249.0,1241.0,False,3,False,False,False
ZNF724,1243,1391,1215.0,1326.0,1272.0,1359.0,False,2,False,True,False
ZIC1,1244,1227,1146.0,1225.0,1137.0,1209.0,False,3,False,False,False
CTCF,1245,1229,1212.0,1371.0,1135.0,1367.0,False,6,False,False,False
ZC3H8,1246,1240,1264.0,1194.0,1239.0,1214.0,False,4,False,False,False
ZNF300,1247,1284,1210.0,1320.0,1194.0,1317.0,False,3,False,True,False
ZNF365,1248,1100,1359.0,1055.0,1362.0,1065.0,False,3,False,False,False
YBX2,1249,1085,1173.0,1002.0,1179.0,1032.0,False,3,False,False,False
ZNF296,1250,1280,1290.0,1196.0,1333.0,1231.0,False,3,False,False,False
PAX7,1251,1228,1239.0,1239.0,1235.0,1217.0,False,3,False,False,False
ZNF705A,1252,1091,1329.0,1130.0,1342.0,1178.0,False,3,False,False,False
ZNF574,1253,1230,1107.0,1134.0,1103.0,1149.0,False,3,False,False,False
OSR2,1254,1225,1339.0,1214.0,1327.0,1218.0,False,3,False,False,False
MAFB,1255,1213,1267.0,1340.0,1257.0,1332.0,False,4,False,False,False
HIVEP3,1256,1233,1260.0,1293.0,1258.0,1291.0,False,3,False,False,False
IRX6,1257,1207,1271.0,1285.0,1293.0,1281.0,False,3,False,False,False
ZNF257,1258,1426,1320.0,1352.0,1322.0,1378.0,False,3,False,True,False
ZNF589,1259,1263,1282.0,1319.0,1264.0,1328.0,False,4,False,True,False
HMGA2,1260,1231,1213.0,1204.0,1225.0,1239.0,False,3,False,False,False
ZFP57,1261,1235,1422.0,1181.0,1428.0,1197.0,False,3,False,False,False
ZNF77,1262,1305,1211.0,1299.0,1195.0,1309.0,False,3,False,True,False
NFIC,1263,1104,1232.0,1350.0,1163.0,1334.0,False,5,False,False,False
PITX3,1264,1175,1265.0,1158.0,1262.0,1165.0,False,3,False,False,False
MAF,1265,952,1386.0,1213.0,1403.0,1230.0,False,4,False,False,False
SMAD3,1266,691,1394.0,1269.0,1412.0,1296.0,False,5,False,False,False
PHOX2A,1267,1186,1365.0,1241.0,1361.0,1226.0,False,3,False,False,False
IRX1,1268,1260,1062.0,1323.0,974.0,1287.0,False,3,False,False,False
TSC22D1,1269,1339,1165.0,1348.0,1126.0,1347.0,False,3,False,True,False
FEZF2,1270,1270,1277.0,1207.0,1287.0,1179.0,False,3,False,False,False
ZNF771,1271,1382,1155.0,1258.0,1170.0,1266.0,False,3,False,True,False
CTCFL,1272,1367,1379.0,1374.0,1360.0,1370.0,False,5,False,False,False
ZNF530,1273,1448,1272.0,1311.0,1270.0,1354.0,False,3,False,True,False
PTF1A,1274,1199,1263.0,1249.0,1288.0,1238.0,False,3,False,False,False
MSGN1,1275,1057,1414.0,1316.0,1439.0,1275.0,False,3,False,False,False
FEV,1276,1226,1274.0,1290.0,1292.0,1263.0,False,3,False,False,False
ZNF280B,1277,1261,1302.0,1264.0,1306.0,1270.0,False,2,False,False,False
CREB1,1278,1265,1318.0,1318.0,1255.0,1301.0,False,6,False,False,False
TAL2,1279,1276,1322.0,1270.0,1302.0,1257.0,False,3,False,False,False
MYBL1,1280,1395,1402.0,1255.0,1420.0,1310.0,False,4,False,False,False
ZFP28,1281,1306,1270.0,1313.0,1220.0,1285.0,False,3,False,True,False
MIXL1,1282,1351,1295.0,1289.0,1291.0,1316.0,False,3,False,False,False
SLC2A4RG,1283,1275,1266.0,1262.0,1279.0,1273.0,False,3,False,False,False
ZNF219,1284,1217,1203.0,1282.0,1199.0,1282.0,False,3,False,False,False
DLX6,1285,1283,1314.0,1281.0,1316.0,1260.0,False,3,False,False,False
LHX4,1286,961,1240.0,1190.0,1211.0,1157.0,False,3,False,False,False
FOXK1,1287,1301,1317.0,1366.0,1283.0,1365.0,False,4,False,True,False
TFAP2C,1288,1120,1306.0,1344.0,1299.0,1333.0,False,6,False,False,False
HOXD10,1289,1294,1233.0,1259.0,1236.0,1265.0,False,3,False,True,False
FOXC2,1290,1172,1253.0,1202.0,1271.0,1211.0,False,3,False,False,False
GATA2,1291,1192,1350.0,1170.0,1325.0,1162.0,False,6,False,False,False
HOXA5,1292,1208,1227.0,947.0,1224.0,958.0,False,3,False,False,False
ZBED2,1293,1185,1341.0,1257.0,1366.0,1276.0,False,3,False,False,False
FOXD4L1,1294,1246,1237.0,1252.0,1218.0,1247.0,False,3,False,False,False
POU3F2,1295,1338,1408.0,1322.0,1441.0,1312.0,False,4,False,False,False
DRAP1,1296,1418,1316.0,1251.0,1359.0,1272.0,False,3,False,False,False
POU1F1,1297,1289,1337.0,1333.0,1336.0,1341.0,False,3,False,False,False
HOXB9,1298,1242,1298.0,1208.0,1295.0,1202.0,False,3,False,False,False
THAP4,1299,1374,1287.0,1272.0,1323.0,1288.0,False,3,False,False,False
ZNF90,1300,1410,1207.0,1277.0,1229.0,1323.0,False,3,False,True,False
BACH2,1301,1215,1336.0,1295.0,1328.0,1308.0,False,4,False,False,False
MEOX2,1302,1330,1259.0,1306.0,1375.0,1300.0,False,3,False,False,False
NANOGP8,1303,1324,1309.0,1298.0,1309.0,1349.0,False,2,False,False,False
ZNF581,1304,1498,1248.0,1444.0,1278.0,1458.0,False,3,False,True,False
HES7,1305,1218,1300.0,1302.0,1276.0,1292.0,False,3,False,False,False
DMRT2,1306,1277,1330.0,1278.0,1331.0,1256.0,False,3,False,False,False
ONECUT3,1307,1148,1280.0,1090.0,1273.0,1050.0,False,3,False,False,False
HEYL,1308,1388,1236.0,1372.0,1206.0,1369.0,False,3,False,True,False
RUNX3,1309,1286,1354.0,1284.0,1367.0,1307.0,False,5,False,False,False
ZNF485,1310,1363,1283.0,1325.0,1266.0,1330.0,False,3,False,True,False
ONECUT2,1311,1309,1326.0,1346.0,1312.0,1336.0,False,3,False,False,False
EBF2,1312,1320,1343.0,1312.0,1319.0,1302.0,False,2,False,False,False
HOXD4,1313,1310,1433.0,1287.0,1430.0,1293.0,False,3,False,False,False
LHX3,1314,1279,1281.0,1294.0,1280.0,1297.0,False,3,False,False,False
HOXD11,1315,1316,1338.0,1273.0,1332.0,1280.0,False,3,False,False,False
BCL6B,1316,1193,1254.0,1230.0,1251.0,1232.0,False,3,False,False,False
TBX5,1317,1288,1097.0,1244.0,1052.0,1234.0,False,4,False,False,False
ZNF239,1318,1376,1244.0,1286.0,1227.0,1305.0,False,3,False,True,False
OTP,1319,1252,1228.0,1240.0,1197.0,1206.0,False,3,False,False,False
ZNF93,1320,1453,1192.0,1358.0,1216.0,1380.0,False,3,False,True,False
VAX2,1321,1349,1344.0,1341.0,1321.0,1324.0,False,3,False,False,False
ZNF511,1322,1477,1304.0,1279.0,1349.0,1315.0,False,3,False,False,False
TCF15,1323,1368,1348.0,1334.0,1354.0,1344.0,False,3,False,False,False
ASCL2,1324,1370,1383.0,1339.0,1404.0,1342.0,False,3,False,False,False
THAP11,1325,1298,1251.0,1233.0,1261.0,1242.0,False,5,False,False,False
AHRR,1326,1480,1333.0,1380.0,1365.0,1430.0,False,2,False,True,False
HOXA7,1327,1360,1353.0,1297.0,1340.0,1294.0,False,3,False,False,False
ZNF423,1328,1340,1242.0,1359.0,1231.0,1348.0,False,3,False,True,False
ZNF575,1329,1318,1319.0,1301.0,1329.0,1314.0,False,3,False,False,False
HMX1,1330,1188,1321.0,1119.0,1334.0,1103.0,False,3,False,False,False
PKNOX2,1331,1344,1428.0,1335.0,1422.0,1326.0,False,3,False,False,False
NEUROG1,1332,1281,1334.0,1237.0,1363.0,1225.0,False,3,False,False,False
VSX1,1333,1136,1268.0,1200.0,1241.0,1163.0,False,3,False,False,False
SIM2,1334,1238,1413.0,1310.0,1432.0,1277.0,False,3,False,False,False
POU2F3,1335,1224,1373.0,1347.0,1384.0,1343.0,False,3,False,False,False
ZNF732,1336,1416,1361.0,1369.0,1356.0,1393.0,False,2,False,True,False
ALX1,1337,1404,1382.0,1260.0,1405.0,1258.0,False,3,False,False,False
ZNF124,1338,1414,1258.0,1332.0,1265.0,1361.0,False,3,False,True,False
ZNF679,1339,1438,1346.0,1385.0,1326.0,1381.0,False,2,False,True,False
SOHLH2,1340,1325,1252.0,1283.0,1290.0,1295.0,False,3,False,False,False
ZNF311,1341,1348,1297.0,1343.0,1252.0,1329.0,False,3,False,True,False
ZFPM2,1342,1322,1246.0,1360.0,1226.0,1351.0,False,3,False,False,False
ZNF22,1343,1441,1249.0,1416.0,1202.0,1417.0,False,3,False,True,False
POU3F4,1344,1366,1313.0,1354.0,1304.0,1340.0,False,3,False,True,False
DEAF1,1345,1328,1324.0,1304.0,1308.0,1320.0,False,4,False,False,False
FOXG1,1346,1345,1331.0,1353.0,1317.0,1327.0,False,3,False,False,False
XPA,1347,1415,1315.0,1394.0,1248.0,1385.0,False,3,False,True,False
PAX2,1348,1287,1332.0,1329.0,1303.0,1304.0,False,3,False,False,False
ZNF416,1349,1390,1358.0,1362.0,1368.0,1364.0,False,3,False,False,False
ZIC2,1350,1355,1352.0,1355.0,1335.0,1357.0,False,3,False,True,False
HOXB8,1351,1313,1340.0,1328.0,1330.0,1325.0,False,3,False,False,False
HOXD3,1352,1332,1289.0,1356.0,1254.0,1350.0,False,3,False,False,False
DPF3,1353,1323,1356.0,1364.0,1350.0,1355.0,False,3,False,False,False
FOXF1,1354,1337,1294.0,1345.0,1169.0,1331.0,False,3,False,False,False
MXD3,1355,1437,1243.0,1314.0,1269.0,1358.0,False,3,False,True,False
ZNF750,1356,1094,1471.0,1390.0,1490.0,1377.0,False,4,False,False,False
HOXA10,1357,1359,1453.0,1330.0,1451.0,1345.0,False,3,False,False,False
FOXL1,1358,1251,1335.0,1309.0,1347.0,1311.0,False,3,False,False,False
MTERF3,1359,1442,1371.0,1357.0,1376.0,1360.0,False,2,False,False,False
ZNF436,1360,1145,1420.0,1382.0,1437.0,1368.0,False,3,False,False,False
TEAD2,1361,1352,1093.0,1379.0,1030.0,1366.0,False,4,False,False,False
MTF2,1362,1297,1395.0,1397.0,1391.0,1389.0,False,3,False,False,False
FOXE1,1363,1250,1392.0,1365.0,1400.0,1356.0,False,3,False,False,False
HOXB5,1364,1063,1366.0,1077.0,1372.0,1071.0,False,3,False,False,False
PITX2,1365,1327,1355.0,1338.0,1355.0,1339.0,False,3,False,False,False
ZNF362,1366,1365,1235.0,1396.0,1186.0,1382.0,False,3,False,False,False
ZNF57,1367,1335,1372.0,1321.0,1380.0,1319.0,False,3,False,False,False
DMRT1,1368,1343,1446.0,1417.0,1454.0,1413.0,False,4,False,False,False
SOX8,1369,1350,1362.0,1363.0,1339.0,1346.0,False,3,False,False,False
PRDM13,1370,1472,1460.0,1381.0,1473.0,1406.0,False,3,False,False,False
LHX5,1371,1326,1327.0,1336.0,1301.0,1321.0,False,3,False,False,False
LEF1,1372,1383,1401.0,1370.0,1395.0,1375.0,False,4,False,False,False
GLI3,1373,1372,1345.0,1448.0,1341.0,1441.0,False,3,False,False,False
ZNF541,1374,1307,1376.0,1288.0,1369.0,1255.0,False,2,False,False,False
TLX1,1375,1341,1388.0,1327.0,1392.0,1318.0,False,3,False,False,False
HIF1A,1376,1292,1342.0,1383.0,1318.0,1384.0,False,5,False,False,False
TFAP4,1377,1492,1299.0,1436.0,1313.0,1447.0,False,4,False,True,False
ZNF711,1378,1393,1296.0,1411.0,1250.0,1404.0,False,3,False,True,False
FOXO6,1379,1358,1323.0,1415.0,1289.0,1397.0,False,3,False,False,False
FOXD3,1380,1364,1357.0,1375.0,1345.0,1376.0,False,3,False,False,False
SOX10,1381,1361,1405.0,1387.0,1427.0,1379.0,False,4,False,False,False
ZNF878,1382,1443,1351.0,1303.0,1348.0,1338.0,False,2,False,False,False
SP7,1383,1329,1347.0,1378.0,1353.0,1374.0,False,3,False,False,False
PAX3,1384,1342,1380.0,1373.0,1381.0,1363.0,False,3,False,False,False
SOX7,1385,1234,1447.0,1377.0,1460.0,1373.0,False,3,False,False,False
NANOG,1386,1439,1455.0,1435.0,1458.0,1434.0,False,6,False,False,False
ISL2,1387,1440,1445.0,1392.0,1448.0,1405.0,False,3,False,False,False
FOXE3,1388,1315,1377.0,1337.0,1378.0,1337.0,False,3,False,False,False
PAX6,1389,1397,1375.0,1428.0,1373.0,1424.0,False,5,False,True,False
TCF7L1,1390,1377,1284.0,1431.0,1243.0,1420.0,False,3,False,False,False
FOXF2,1391,1357,1389.0,1368.0,1398.0,1371.0,False,3,False,False,False
HOXD9,1392,1379,1398.0,1351.0,1396.0,1352.0,False,3,False,False,False
SP8,1393,1354,1416.0,1406.0,1434.0,1394.0,False,3,False,False,False
ZNF256,1394,1403,1390.0,1404.0,1382.0,1411.0,False,3,False,True,False
TBX2,1395,1386,1364.0,1193.0,1344.0,1195.0,False,3,False,False,False
ETV5,1396,1384,1303.0,1398.0,1263.0,1390.0,False,3,False,False,False
MEOX1,1397,1396,1391.0,1384.0,1397.0,1392.0,False,3,False,False,False
ZNF503,1398,1371,1286.0,1389.0,1230.0,1383.0,False,3,False,False,False
ETV4,1399,1445,1477.0,1367.0,1479.0,1391.0,False,4,False,False,False
ZNF689,1400,1458,1363.0,1422.0,1337.0,1438.0,False,3,False,True,False
HOXA9,1401,1353,1381.0,1388.0,1385.0,1399.0,False,4,False,False,False
BNC2,1402,1392,1437.0,1413.0,1429.0,1410.0,False,3,False,False,False
TEAD3,1403,1257,1301.0,1402.0,1274.0,1388.0,False,3,False,False,False
TWIST2,1404,1405,1307.0,1401.0,1285.0,1396.0,False,2,False,True,False
FOXP3,1405,1447,1484.0,1386.0,1481.0,1386.0,False,4,False,False,False
DMBX1,1406,1321,1432.0,1317.0,1418.0,1283.0,False,3,False,False,False
TCF21,1407,1432,1180.0,1376.0,1136.0,1362.0,False,4,False,True,False
NEUROG2,1408,1422,1387.0,1410.0,1390.0,1409.0,False,3,False,True,False
TCF23,1409,1356,1426.0,1308.0,1416.0,1298.0,False,3,False,False,False
HOXC9,1410,1491,1429.0,1430.0,1452.0,1450.0,False,4,False,False,False
SOX1,1411,1424,1374.0,1424.0,1364.0,1402.0,False,3,False,True,False
AEBP1,1412,1398,1325.0,1399.0,1300.0,1398.0,False,2,False,False,False
OTX2,1413,1373,1430.0,1420.0,1435.0,1412.0,False,4,False,False,False
SOX17,1414,1400,1406.0,1407.0,1393.0,1403.0,False,4,False,False,False
ZSCAN10,1415,1419,1439.0,1440.0,1436.0,1444.0,False,3,False,True,False
PCGF6,1416,1449,1360.0,1393.0,1343.0,1408.0,False,3,False,True,False
PRRX1,1417,1394,1369.0,1403.0,1394.0,1400.0,False,3,False,False,False
ZNF146,1418,1474,1404.0,1459.0,1377.0,1464.0,False,3,False,True,False
RARG,1419,1296,1400.0,1434.0,1408.0,1422.0,False,4,False,False,False
HAND1,1420,1420,1399.0,1439.0,1399.0,1437.0,False,3,False,False,False
ZFP37,1421,1429,1397.0,1446.0,1371.0,1431.0,False,3,False,True,False
DBX2,1422,1428,1368.0,1425.0,1374.0,1407.0,False,3,False,True,False
TSHZ3,1423,1412,1396.0,1429.0,1388.0,1428.0,False,3,False,False,False
TAL1,1424,1411,1435.0,1443.0,1389.0,1427.0,False,6,False,False,False
DLX1,1425,1407,1476.0,1409.0,1465.0,1419.0,False,3,False,False,False
NFE2L2,1426,1268,1478.0,1426.0,1482.0,1425.0,False,5,False,False,False
IRF6,1427,1266,1461.0,1421.0,1468.0,1418.0,False,3,False,False,False
TFAP2B,1428,1389,1427.0,1449.0,1431.0,1436.0,False,3,False,False,False
RXRG,1429,1455,1378.0,1427.0,1370.0,1421.0,False,3,False,True,False
MSC,1430,1385,1415.0,1405.0,1406.0,1415.0,False,3,False,False,False
CEBPA,1431,1401,1308.0,1453.0,1205.0,1439.0,False,5,False,False,False
SALL3,1432,1451,1403.0,1452.0,1386.0,1435.0,False,3,False,True,False
E2F8,1433,1493,1370.0,1432.0,1383.0,1462.0,False,3,False,True,False
HOXA2,1434,1402,1410.0,1331.0,1417.0,1322.0,False,3,False,False,False
LHX6,1435,1427,1411.0,1423.0,1401.0,1416.0,False,3,False,False,False
ZNF521,1436,1433,1385.0,1437.0,1379.0,1426.0,False,3,False,False,False
ALX4,1437,1434,1409.0,1414.0,1387.0,1387.0,False,3,False,False,False
ZNF92,1438,1452,1419.0,1467.0,1414.0,1468.0,False,4,False,True,False
RBPJL,1439,1381,1443.0,1447.0,1440.0,1449.0,False,3,False,False,False
GLIS2,1440,1380,1311.0,1441.0,1275.0,1429.0,False,3,False,False,False
TBX20,1441,1406,1454.0,1349.0,1449.0,1353.0,False,3,False,False,False
LHX2,1442,1399,1448.0,1450.0,1447.0,1446.0,False,4,False,False,False
E2F2,1443,1500,1384.0,1433.0,1410.0,1460.0,False,3,False,True,False
ZNF488,1444,1425,1452.0,1445.0,1450.0,1442.0,False,2,False,False,False
ZNF263,1445,1317,1417.0,1395.0,1421.0,1401.0,False,6,False,False,False
HMGA1,1446,1489,1436.0,1462.0,1446.0,1478.0,False,3,False,True,False
SALL2,1447,1460,1367.0,1458.0,1314.0,1454.0,False,3,False,True,False
NOTO,1448,1346,1450.0,1342.0,1445.0,1335.0,False,3,False,False,False
ZIC5,1449,1456,1438.0,1464.0,1433.0,1459.0,False,3,False,True,False
HOXB7,1450,1408,1442.0,1454.0,1423.0,1451.0,False,5,False,False,False
ZNF215,1451,1490,1407.0,1408.0,1426.0,1445.0,False,3,False,True,False
FLI1,1452,1459,1393.0,1451.0,1338.0,1443.0,False,6,False,True,False
CDX1,1453,1417,1459.0,1442.0,1461.0,1433.0,False,3,False,False,False
ZNF492,1454,1513,1465.0,1481.0,1464.0,1490.0,False,2,False,True,False
TWIST1,1455,1375,1472.0,1391.0,1471.0,1395.0,False,4,False,False,False
DLX5,1456,1431,1464.0,1461.0,1470.0,1456.0,False,3,False,False,False
NFYB,1457,1482,1449.0,1466.0,1442.0,1467.0,False,5,False,True,False
DLX3,1458,1409,1434.0,1455.0,1425.0,1453.0,False,3,False,False,False
NKRF,1459,1421,1444.0,1457.0,1415.0,1463.0,False,3,False,False,False
KLF8,1460,1334,1467.0,1456.0,1474.0,1455.0,False,3,False,False,False
KLF5,1461,1295,1509.0,1472.0,1514.0,1470.0,False,5,False,False,False
BCL11A,1462,1457,1483.0,1486.0,1492.0,1484.0,False,5,False,False,False
ELK1,1463,1303,1421.0,1419.0,1402.0,1423.0,False,5,False,False,False
ASCL1,1464,1387,1470.0,1412.0,1469.0,1440.0,False,4,False,False,False
TERF1,1465,1483,1463.0,1477.0,1456.0,1482.0,False,4,False,True,False
ZFP92,1466,1423,1451.0,1438.0,1443.0,1432.0,False,3,False,False,False
DUXA,1467,1475,1418.0,1465.0,1411.0,1465.0,False,3,False,True,False
PRDM14,1468,1476,1480.0,1491.0,1467.0,1487.0,False,5,False,True,False
HOXB13,1469,1462,1457.0,1460.0,1455.0,1457.0,False,4,False,False,False
PAX5,1470,1503,1482.0,1503.0,1488.0,1500.0,False,5,False,True,False
GLI1,1471,1469,1425.0,1474.0,1424.0,1471.0,False,4,False,False,False
RFX5,1472,1446,1458.0,1469.0,1457.0,1475.0,False,5,False,False,False
ZNF385A,1473,1444,1474.0,1468.0,1472.0,1461.0,False,3,False,False,False
MYNN,1474,1464,1440.0,1463.0,1444.0,1466.0,False,4,False,False,False
SOX11,1475,1454,1469.0,1478.0,1462.0,1452.0,False,5,False,False,False
ETV1,1476,1473,1481.0,1476.0,1478.0,1473.0,False,4,False,False,False
FOXS1,1477,1479,1423.0,1470.0,1419.0,1472.0,False,3,False,True,False
BCL11B,1478,1450,1488.0,1484.0,1494.0,1480.0,False,3,False,False,False
GRHL3,1479,1262,1510.0,1487.0,1513.0,1481.0,False,3,False,False,False
IRX4,1480,1362,1494.0,1475.0,1505.0,1469.0,False,3,False,False,False
TFDP1,1481,1504,1462.0,1480.0,1466.0,1489.0,False,4,False,True,False
NR0B1,1482,1461,1498.0,1471.0,1499.0,1474.0,False,4,False,False,False
PCGF2,1483,1333,1431.0,1324.0,1407.0,1313.0,False,2,False,False,False
TBX18,1484,1466,1441.0,1479.0,1438.0,1477.0,False,3,False,False,False
NEUROD2,1485,1487,1518.0,1492.0,1520.0,1493.0,False,4,False,False,False
POU3F1,1486,1470,1499.0,1489.0,1504.0,1485.0,False,4,False,False,False
POU5F1,1487,1435,1468.0,1488.0,1453.0,1486.0,False,5,False,False,False
FOXI3,1488,1463,1496.0,1483.0,1498.0,1479.0,False,2,False,False,False
ETS1,1489,1467,1492.0,1502.0,1486.0,1498.0,False,6,False,False,False
EBF1,1490,1481,1500.0,1494.0,1495.0,1488.0,False,5,False,False,False
ZFP64,1491,1486,1493.0,1495.0,1501.0,1491.0,False,3,False,False,False
SOX15,1492,1430,1508.0,1485.0,1508.0,1483.0,False,3,False,False,False
ZNF560,1493,1488,1479.0,1473.0,1475.0,1476.0,False,3,False,False,False
TET1,1494,1496,1491.0,1498.0,1489.0,1495.0,False,3,False,True,False
ZFP42,1495,1505,1495.0,1506.0,1491.0,1508.0,False,3,False,True,False
E2F7,1496,1515,1466.0,1493.0,1476.0,1507.0,False,5,False,True,False
ZNF695,1497,1518,1489.0,1482.0,1483.0,1492.0,False,3,False,False,False
TGIF2,1498,1499,1475.0,1509.0,1463.0,1511.0,False,4,False,True,False
ATF1,1499,1506,1486.0,1499.0,1477.0,1496.0,False,5,False,True,False
CENPA,1500,1519,1490.0,1505.0,1500.0,1513.0,False,2,False,True,False
BHLHE22,1501,1497,1497.0,1500.0,1496.0,1503.0,False,3,False,False,False
TFAP2A,1502,1468,1511.0,1501.0,1515.0,1499.0,False,6,False,False,False
ZNF367,1503,1523,1473.0,1490.0,1484.0,1501.0,False,3,False,True,False
ESRRB,1504,1485,1503.0,1497.0,1506.0,1497.0,False,4,False,False,False
SALL1,1505,1495,1485.0,1510.0,1480.0,1504.0,False,4,False,False,False
FOXN1,1506,1465,1519.0,1513.0,1521.0,1506.0,False,3,False,False,False
PA2G4,1507,1511,1501.0,1508.0,1497.0,1512.0,False,2,False,True,False
SNAI2,1508,1484,1507.0,1496.0,1507.0,1494.0,False,4,False,False,False
CBX2,1509,1507,1504.0,1504.0,1485.0,1502.0,False,5,False,False,False
CEBPZ,1510,1501,1502.0,1511.0,1487.0,1509.0,False,5,False,False,False
ZNF519,1511,1494,1487.0,1418.0,1493.0,1448.0,False,3,False,False,False
PGR,1512,1502,1506.0,1516.0,1503.0,1515.0,False,4,False,False,False
BNC1,1513,1471,1517.0,1507.0,1517.0,1505.0,False,3,False,False,False
PRMT3,1514,1512,1505.0,1514.0,1502.0,1514.0,False,3,False,False,False
AR,1515,1521,1456.0,1527.0,1409.0,1526.0,False,5,False,True,False
MYCN,1516,1516,1521.0,1512.0,1523.0,1510.0,False,5,False,False,False
MAX,1517,1525,1513.0,1515.0,1509.0,1516.0,False,5,False,True,False
ERG,1518,1517,1523.0,1518.0,1525.0,1517.0,False,5,False,False,False
GATA4,1519,1514,1512.0,1520.0,1511.0,1519.0,False,5,False,False,False
TP53,1520,1524,1515.0,1526.0,1512.0,1525.0,False,5,False,True,False
MYBL2,1521,1530,1516.0,1519.0,1516.0,1524.0,False,6,False,True,False
E2F4,1522,1508,1514.0,1517.0,1510.0,1518.0,False,6,False,False,False
E2F6,1523,1510,1520.0,1521.0,1519.0,1520.0,False,5,False,False,False
WT1,1524,1522,1532.0,1524.0,1532.0,1523.0,False,4,False,False,False
PPARG,1525,1509,1524.0,1523.0,1522.0,1521.0,False,5,False,False,False
E2F1,1526,1532,1525.0,1525.0,1526.0,1527.0,False,6,False,False,False
GATA3,1527,1527,1531.0,1528.0,1524.0,1528.0,False,6,False,False,False
KLF1,1528,1520,1526.0,1522.0,1528.0,1522.0,False,5,False,False,False
ARID3A,1529,1529,1527.0,1530.0,1527.0,1530.0,False,5,False,False,False
TEAD4,1530,1531,1522.0,1532.0,1518.0,1531.0,False,6,False,True,False
SRY,1531,1526,1529.0,1529.0,1531.0,1529.0,False,4,False,False,False
FOXM1,1532,1534,1528.0,1531.0,1529.0,1533.0,False,6,False,True,False
TP63,1533,1528,1533.0,1533.0,1533.0,1532.0,False,5,False,False,False
MYC,1534,1533,1530.0,1534.0,1530.0,1534.0,False,6,False,False,False
