tf,contrast,method,nes,n_networks,fdr,binding_positive,expression_positive,n_libraries,both_families_positive,rank
FOXJ1,basal_to_ciliated,viper,30.62944325021209,3.0,5.506144152717147e-91,False,True,3,False,1
ZNF474,basal_to_ciliated,viper,29.573614040448895,3.0,5.800347212878592e-82,False,True,3,False,2
RFX3,basal_to_ciliated,viper,28.720984445116116,3.0,3.9687087204084437e-75,False,True,3,False,3
CCDC17,basal_to_ciliated,viper,28.60046220918499,2.0,1.3082582525080771e-95,False,True,2,False,4
RFX2,basal_to_ciliated,viper,27.527631132520394,4.0,1.0371414862758954e-56,True,True,4,True,5
CREM,basal_to_ciliated,viper,25.509953810189124,5.0,1.6878354327184197e-62,True,True,5,True,6
NRF1,basal_to_ciliated,viper,21.815785662360536,5.0,2.0690374090542587e-48,True,True,5,True,7
ZNF440,basal_to_ciliated,viper,19.82451752116957,3.0,5.464732133084389e-50,False,True,3,False,8
ZNF473,basal_to_ciliated,viper,18.97649220127888,3.0,9.000982873216074e-37,False,True,3,False,9
MITF,basal_to_ciliated,viper,18.024230628882133,5.0,9.416597229978535e-33,True,True,5,True,10
ZKSCAN1,basal_to_ciliated,viper,17.705419967518903,5.0,2.780034403137953e-32,True,True,5,True,11
CENPS,basal_to_ciliated,viper,17.623801864920058,2.0,3.7930165624351985e-34,False,True,2,False,12
FOXA1,basal_to_ciliated,viper,17.428729528816632,6.0,4.3459212272301646e-20,True,True,6,True,13
STAT3,basal_to_ciliated,viper,16.962294431500712,6.0,5.133287232478993e-19,True,True,6,True,14
HNF4A,basal_to_ciliated,viper,16.82902574894582,6.0,2.4943617695605406e-21,True,True,6,True,15
ZNF19,basal_to_ciliated,viper,16.68353790388496,3.0,1.606369390604842e-33,False,True,3,False,16
ZNF143,basal_to_ciliated,viper,16.634776189764096,5.0,5.9757042361518055e-25,True,True,5,True,17
ZNF396,basal_to_ciliated,viper,16.278882472228858,3.0,4.8996682614552405e-34,False,True,3,False,18
ZBTB33,basal_to_ciliated,viper,15.702387991076257,5.0,2.8526779256858675e-23,True,True,5,True,19
ZNF165,basal_to_ciliated,viper,15.699027178097982,4.0,3.5893329617374097e-28,True,True,4,True,20
ZFHX2,basal_to_ciliated,viper,15.67315892972362,3.0,6.367478196240151e-32,False,True,3,False,21
MXI1,basal_to_ciliated,viper,15.5638507169538,5.0,4.9361384868683306e-24,True,True,5,True,22
HMGN3,basal_to_ciliated,viper,15.449773056995312,4.0,4.607126200104343e-25,True,True,4,True,23
GATA1,basal_to_ciliated,viper,15.288528521899687,6.0,3.127524180320145e-16,True,True,6,True,24
FOXA2,basal_to_ciliated,viper,15.247129758313902,6.0,1.69131423016606e-17,True,True,6,True,25
RFX1,basal_to_ciliated,viper,15.026404010656787,4.0,3.892093156297249e-24,True,True,4,True,26
CXXC4,basal_to_ciliated,viper,14.982265937548714,3.0,2.7674171011656016e-25,True,True,3,True,27
TIGD4,basal_to_ciliated,viper,14.583468166476738,3.0,1.6712863906793387e-17,False,True,3,False,28
TBPL1,basal_to_ciliated,viper,14.463180075852009,2.0,4.1721455565602116e-29,False,True,2,False,29
FOXP1,basal_to_ciliated,viper,13.754727264644714,5.0,5.485016819909805e-21,True,True,5,True,30
ZNF599,basal_to_ciliated,viper,13.739753012452466,3.0,8.934429006214771e-23,False,True,3,False,31
ZNF20,basal_to_ciliated,viper,13.676923374423623,3.0,2.295045818204858e-19,False,True,3,False,32
ZNF610,basal_to_ciliated,viper,13.540633896453036,3.0,2.7520213158334837e-24,False,True,3,False,33
NFYA,basal_to_ciliated,viper,13.425970069850525,5.0,5.092315477175662e-13,True,True,5,True,34
MAZ,basal_to_ciliated,viper,13.241584606744786,5.0,2.04971739718474e-17,True,True,5,True,35
ZNF487,basal_to_ciliated,viper,13.23371640018004,3.0,2.6483767230619174e-19,False,True,3,False,36
TBP,basal_to_ciliated,viper,13.183744264095226,5.0,8.966634158359076e-19,True,True,5,True,37
STAT5A,basal_to_ciliated,viper,13.070470976406497,6.0,6.552095796799996e-12,True,True,6,True,38
SMAD4,basal_to_ciliated,viper,13.022771593609622,5.0,4.471427257795481e-18,True,True,5,True,39
MYB,basal_to_ciliated,viper,12.996453889641002,6.0,5.4827093554459645e-11,True,True,6,True,40
KDM5B,basal_to_ciliated,viper,12.927112483166534,5.0,7.036870491479675e-11,True,True,5,True,41
ZNF709,basal_to_ciliated,viper,12.852561666733438,3.0,1.3770664003240678e-21,False,True,3,False,42
SOX5,basal_to_ciliated,viper,12.731556147157914,3.0,1.6274923739799704e-20,False,True,3,False,43
USF1,basal_to_ciliated,viper,12.698239877341226,5.0,2.964988325082467e-17,True,True,5,True,44
ZNF607,basal_to_ciliated,viper,12.582383668019697,3.0,4.091850434973081e-21,False,True,3,False,45
ZNF846,basal_to_ciliated,viper,12.528888825162637,3.0,1.4582431276960665e-20,False,True,3,False,46
STAT1,basal_to_ciliated,viper,12.502739750923807,6.0,2.136583983649431e-15,True,True,6,True,47
HNF4G,basal_to_ciliated,viper,12.439851703127061,5.0,1.0532358925438446e-10,True,True,5,True,48
ZNF273,basal_to_ciliated,viper,12.423782888314982,3.0,1.0620720492378649e-19,False,True,3,False,49
TCFL5,basal_to_ciliated,viper,12.41537354358916,3.0,5.926508443389151e-20,False,True,3,False,50
RXRA,basal_to_ciliated,viper,12.06703064394135,6.0,3.96625722766156e-13,True,True,6,True,51
ZSCAN1,basal_to_ciliated,viper,12.011852741636906,3.0,3.630581118685153e-14,False,True,3,False,52
PBX3,basal_to_ciliated,viper,11.963659042416012,5.0,1.602892459859233e-15,True,True,5,True,53
ZNF214,basal_to_ciliated,viper,11.912900869621826,3.0,8.0680277980974e-15,False,True,3,False,54
DACH1,basal_to_ciliated,viper,11.81709976647783,3.0,3.403216095740912e-18,True,True,3,True,55
REST,basal_to_ciliated,viper,11.62517347054312,6.0,3.3621962593786206e-08,True,True,6,True,56
IRF3,basal_to_ciliated,viper,11.584070681231244,5.0,4.609973818125035e-13,True,True,5,True,57
ZNF516,basal_to_ciliated,viper,11.546310317130935,3.0,7.461590573642091e-18,False,True,3,False,58
SETDB1,basal_to_ciliated,viper,11.512720890978619,6.0,2.8226509609032906e-10,True,True,6,True,59
ZNF23,basal_to_ciliated,viper,11.501348856108967,3.0,9.614237516868148e-18,False,True,3,False,60
ZSCAN18,basal_to_ciliated,viper,11.485124994283629,3.0,2.49975111154841e-12,False,True,3,False,61
ZSCAN5A,basal_to_ciliated,viper,11.394499695364734,3.0,7.984120230683242e-12,False,True,3,False,62
ZNF563,basal_to_ciliated,viper,11.341659553923803,3.0,1.618827403188756e-11,False,True,3,False,63
NR2F1,basal_to_ciliated,viper,11.271766396931174,4.0,9.89385036321546e-12,True,True,4,True,64
FOXO3,basal_to_ciliated,viper,11.189978875958456,4.0,8.015990654461461e-16,True,True,4,True,65
LYL1,basal_to_ciliated,viper,10.96937617028231,5.0,3.386595303139586e-10,True,True,5,True,66
SNAPC4,basal_to_ciliated,viper,10.936276204453138,4.0,9.500128425610685e-11,True,True,4,True,67
ELF1,basal_to_ciliated,viper,10.820105379448426,5.0,4.4840000415832105e-11,True,True,5,True,68
ZNF546,basal_to_ciliated,viper,10.748149138597848,3.0,1.5489979622804987e-12,False,True,3,False,69
ZNF233,basal_to_ciliated,viper,10.685448806260071,3.0,4.1168079974837793e-14,False,True,3,False,70
TP73,basal_to_ciliated,viper,10.65796123503916,3.0,7.043602172132827e-15,False,True,3,False,71
FOXN4,basal_to_ciliated,viper,10.594460556205439,3.0,5.412598918176889e-15,False,True,3,False,72
ESRRG,basal_to_ciliated,viper,10.52579939813671,3.0,6.701862475054631e-11,False,True,3,False,73
GTF2IRD2B,basal_to_ciliated,viper,10.488763308405181,3.0,1.748874787986166e-14,False,True,3,False,74
CPXCR1,basal_to_ciliated,viper,10.340508925418828,3.0,1.799958654100814e-12,False,True,3,False,75
RARA,basal_to_ciliated,viper,10.302955347889654,5.0,1.5705858567074287e-10,True,True,5,True,76
NR6A1,basal_to_ciliated,viper,10.280560945668078,3.0,4.981807139253144e-15,False,True,3,False,77
ELK3,basal_to_ciliated,viper,10.233864048972379,4.0,1.9530392618910283e-13,True,True,4,True,78
DMRTA1,basal_to_ciliated,viper,10.167130415968147,3.0,1.7324732451227283e-10,False,True,3,False,79
PHF1,basal_to_ciliated,viper,10.156625698183266,2.0,1.1497565722811027e-15,False,True,2,False,80
ZNF391,basal_to_ciliated,viper,10.134862909216126,3.0,2.9549442376338575e-11,False,True,3,False,81
L3MBTL1,basal_to_ciliated,viper,9.898855343909496,2.0,5.853531244418784e-12,False,True,2,False,82
DZIP1,basal_to_ciliated,viper,9.881492062798069,3.0,1.3877060151984934e-11,False,True,3,False,83
NR3C1,basal_to_ciliated,viper,9.860264160467207,6.0,7.818411600251176e-08,True,True,6,True,84
ZNF584,basal_to_ciliated,viper,9.83732923460454,4.0,3.661898347081577e-08,True,True,4,True,85
ZNF713,basal_to_ciliated,viper,9.81712797377149,3.0,3.8366736356194767e-10,False,True,3,False,86
ZNF432,basal_to_ciliated,viper,9.810534991176567,3.0,6.668171328631413e-12,False,True,3,False,87
TCF24,basal_to_ciliated,viper,9.789384401987864,3.0,1.893376476225083e-09,False,True,3,False,88
YBX2,basal_to_ciliated,viper,9.74476867326904,3.0,4.314790851674432e-11,False,True,3,False,89
ZFP3,basal_to_ciliated,viper,9.736308201174756,3.0,2.269744620331342e-12,False,True,3,False,90
ZNF135,basal_to_ciliated,viper,9.617431213456983,3.0,3.5596832954892706e-10,False,True,3,False,91
NR2C2,basal_to_ciliated,viper,9.59012635452848,5.0,5.675353203256333e-10,True,True,5,True,92
ASCL3,basal_to_ciliated,viper,9.572377428177091,3.0,3.9236892988895354e-10,False,True,3,False,93
ZBTB20,basal_to_ciliated,viper,9.523815582847025,3.0,1.4291009606785221e-11,False,True,3,False,94
ZNF69,basal_to_ciliated,viper,9.269390996009092,3.0,2.3295866699323985e-07,False,True,3,False,95
TBX22,basal_to_ciliated,viper,9.181492426297597,3.0,1.498233454320571e-10,False,True,3,False,96
POU2AF1,basal_to_ciliated,viper,9.175472719437636,2.0,8.915789242592713e-13,False,True,2,False,97
ZFP90,basal_to_ciliated,viper,9.126422534498523,3.0,4.691127598224899e-09,False,True,3,False,98
HNF1B,basal_to_ciliated,viper,9.119598394382066,3.0,3.682375661138709e-09,True,True,3,True,99
ZNF569,basal_to_ciliated,viper,9.114530581420775,3.0,2.672919583337426e-11,False,True,3,False,100
FOXP2,basal_to_ciliated,viper,9.087076629094927,6.0,4.770243579189002e-06,True,True,6,True,101
E2F5,basal_to_ciliated,viper,9.085908757685885,4.0,1.7956109709260277e-10,True,True,4,True,102
GTF2B,basal_to_ciliated,viper,9.024737967194884,4.0,1.1750514511214018e-09,True,True,4,True,103
ZNF274,basal_to_ciliated,viper,9.000866684502668,6.0,2.113139301128923e-07,True,True,6,True,104
DPF1,basal_to_ciliated,viper,8.996203418254611,3.0,1.4601348276852265e-08,False,True,3,False,105
SOX3,basal_to_ciliated,viper,8.985587409842042,3.0,1.4671331012988909e-08,False,True,3,False,106
MBD1,basal_to_ciliated,viper,8.89941019351869,3.0,1.4952693374185528e-10,False,True,3,False,107
HSF1,basal_to_ciliated,viper,8.869983973132419,5.0,3.550717950658463e-06,True,True,5,True,108
MBD4,basal_to_ciliated,viper,8.861309169019298,5.0,1.9671724817344645e-08,True,True,5,True,109
ZNF704,basal_to_ciliated,viper,8.813224613598583,3.0,7.33880285587698e-08,False,True,3,False,110
CSRNP2,basal_to_ciliated,viper,8.812436840363576,2.0,6.687078296973216e-12,False,True,2,False,111
ZNF780A,basal_to_ciliated,viper,8.806022802668338,3.0,8.734963836299566e-09,False,True,3,False,112
GABPA,basal_to_ciliated,viper,8.804332366869676,6.0,5.332501525194716e-05,True,True,6,True,113
ARNT,basal_to_ciliated,viper,8.785237414093638,5.0,2.9526989599606894e-07,True,True,5,True,114
CPEB1,basal_to_ciliated,viper,8.718704150299702,2.0,4.06176400530329e-12,False,True,2,False,115
ZNF875,basal_to_ciliated,viper,8.687746920534218,3.0,1.390092923267309e-06,False,True,3,False,116
ARX,basal_to_ciliated,viper,8.684533920991953,3.0,2.226827309674577e-08,False,True,3,False,117
LHX8,basal_to_ciliated,viper,8.650591087917366,3.0,1.5138967085258214e-08,False,True,3,False,118
ZNF433,basal_to_ciliated,viper,8.644793270230865,3.0,3.2454346515485315e-10,False,True,3,False,119
ESR2,basal_to_ciliated,viper,8.642310003179391,5.0,4.202458109364684e-07,True,True,5,True,120
MEIS2,basal_to_ciliated,viper,8.63002310439958,4.0,1.3181232799682453e-06,True,True,4,True,121
CREB3,basal_to_ciliated,viper,8.628066759977344,4.0,6.193825917266752e-07,True,True,4,True,122
NCOA2,basal_to_ciliated,viper,8.52531310665687,4.0,1.6495939493293428e-08,True,True,4,True,123
ZNF385C,basal_to_ciliated,viper,8.517134953950148,3.0,2.5875527167976127e-08,False,True,3,False,124
SATB1,basal_to_ciliated,viper,8.509287453467124,4.0,5.2660066213251884e-08,True,True,4,True,125
FAM170A,basal_to_ciliated,viper,8.503204801208623,3.0,8.682288677486151e-09,False,True,3,False,126
ZNF497,basal_to_ciliated,viper,8.501518975485205,3.0,7.336359256955568e-07,False,True,3,False,127
ZBTB46,basal_to_ciliated,viper,8.49436967193763,3.0,9.027233676513174e-07,False,True,3,False,128
JAZF1,basal_to_ciliated,viper,8.48299227952807,3.0,7.472569693335739e-07,False,True,3,False,129
ZNF3,basal_to_ciliated,viper,8.425848120237415,3.0,6.275395213016561e-08,False,True,3,False,130
ZBTB25,basal_to_ciliated,viper,8.4145052022554,3.0,1.2659524059632134e-09,False,True,3,False,131
ZNF132,basal_to_ciliated,viper,8.404668951134761,3.0,9.00409018644753e-09,False,True,3,False,132
NR3C2,basal_to_ciliated,viper,8.399902471333805,3.0,1.0865148092537397e-06,False,True,3,False,133
ZNF585B,basal_to_ciliated,viper,8.393341043444071,3.0,4.403188066895916e-07,False,True,3,False,134
SOX30,basal_to_ciliated,viper,8.385385371218163,3.0,2.640717464985189e-09,False,True,3,False,135
GPBP1,basal_to_ciliated,viper,8.367755532986777,2.0,3.713610157708951e-10,False,True,2,False,136
ZNF382,basal_to_ciliated,viper,8.36452410653977,3.0,1.0320742959043427e-07,False,True,3,False,137
PRDM8,basal_to_ciliated,viper,8.351228601603566,3.0,1.1529341987987912e-06,False,True,3,False,138
NFATC2,basal_to_ciliated,viper,8.318256740555523,3.0,2.0503590423952567e-06,False,True,3,False,139
ZNF24,basal_to_ciliated,viper,8.307941390807212,4.0,4.537135703043813e-09,True,True,4,True,140
BARHL1,basal_to_ciliated,viper,8.255215231189942,3.0,8.336412451691021e-08,False,True,3,False,141
ZNF329,basal_to_ciliated,viper,8.16979529062419,3.0,7.1706364657644464e-06,False,True,3,False,142
ZNF341,basal_to_ciliated,viper,8.163060683291224,3.0,3.0702316292248547e-07,False,True,3,False,143
THAP1,basal_to_ciliated,viper,8.116937845130249,5.0,3.910066365082513e-05,True,True,5,True,144
ZNF483,basal_to_ciliated,viper,8.036287190509498,3.0,1.1641166514936287e-06,False,True,3,False,145
ZNF200,basal_to_ciliated,viper,8.02763305246075,3.0,9.712961424276999e-07,False,True,3,False,146
NPAS3,basal_to_ciliated,viper,8.025155123029776,3.0,4.883537722507345e-06,False,True,3,False,147
ZKSCAN3,basal_to_ciliated,viper,8.024001463607982,3.0,1.0856962861688674e-08,False,True,3,False,148
ZSCAN16,basal_to_ciliated,viper,7.980161372647216,3.0,5.049429140263677e-07,False,True,3,False,149
ZNF175,basal_to_ciliated,viper,7.964235850110492,4.0,1.297421384223126e-07,True,True,4,True,150
OVOL2,basal_to_ciliated,viper,7.955783513345774,3.0,3.614450548974673e-06,False,True,3,False,151
HES6,basal_to_ciliated,viper,7.905441566926891,3.0,2.7588389169679597e-07,False,True,3,False,152
THRA,basal_to_ciliated,viper,7.885873567384241,4.0,7.592851600823237e-06,True,True,4,True,153
ZNF585A,basal_to_ciliated,viper,7.883933073199277,3.0,7.927484146087303e-06,False,True,3,False,154
POU2F2,basal_to_ciliated,viper,7.872752847845822,5.0,4.4474144074993965e-06,True,True,5,True,155
ZNF717,basal_to_ciliated,viper,7.847246227856849,3.0,5.984607474883328e-07,False,True,3,False,156
ZNF334,basal_to_ciliated,viper,7.810923378136149,3.0,7.62412726251492e-06,False,True,3,False,157
ZMAT1,basal_to_ciliated,viper,7.761184602053898,3.0,3.3564068955190227e-06,False,True,3,False,158
NR5A2,basal_to_ciliated,viper,7.759048946805831,4.0,2.136297460128407e-07,True,True,4,True,159
GTF2IRD2,basal_to_ciliated,viper,7.7447785072759485,3.0,3.453812076109759e-08,False,True,3,False,160
ZNF491,basal_to_ciliated,viper,7.7373755494263685,3.0,5.0423390565412286e-08,False,True,3,False,161
CARF,basal_to_ciliated,viper,7.721695761430109,2.0,4.86722808631977e-09,False,True,2,False,162
ZNF264,basal_to_ciliated,viper,7.688866002082758,3.0,2.237581642134452e-07,False,True,3,False,163
ZNF544,basal_to_ciliated,viper,7.671430027107027,3.0,5.118055515722838e-07,False,True,3,False,164
LMX1A,basal_to_ciliated,viper,7.671291368915292,3.0,1.8197168856536664e-07,False,True,3,False,165
BCL6,basal_to_ciliated,viper,7.6564783633167455,5.0,7.09245740867158e-06,True,True,5,True,166
ZNF429,basal_to_ciliated,viper,7.651184062032881,3.0,7.927484146087303e-06,False,True,3,False,167
ZNF606,basal_to_ciliated,viper,7.629313594057168,3.0,3.4848101241566646e-06,False,True,3,False,168
HINFP,basal_to_ciliated,viper,7.6272457958861715,3.0,6.426256155774635e-07,True,True,3,True,169
ZNF555,basal_to_ciliated,viper,7.627178556068405,3.0,1.5125305657420395e-05,False,True,3,False,170
ZNF646,basal_to_ciliated,viper,7.620499374767548,3.0,7.608116465960182e-08,False,True,3,False,171
IRX3,basal_to_ciliated,viper,7.619964093676188,3.0,4.3574896072663855e-07,False,True,3,False,172
ZNF808,basal_to_ciliated,viper,7.565116972808043,3.0,7.1325095798907695e-06,False,True,3,False,173
AKNA,basal_to_ciliated,viper,7.552467255034483,3.0,2.917316697455848e-05,False,True,3,False,174
MEF2A,basal_to_ciliated,viper,7.52733658999254,6.0,7.700830931799042e-05,True,True,6,True,175
CREBL2,basal_to_ciliated,viper,7.439976910964169,3.0,7.506950271142691e-06,False,True,3,False,176
CASZ1,basal_to_ciliated,viper,7.435773424765221,3.0,4.003049340489e-07,False,True,3,False,177
ZNF517,basal_to_ciliated,viper,7.330329032052877,3.0,7.927484146087303e-06,False,True,3,False,178
GLYR1,basal_to_ciliated,viper,7.328573357711605,3.0,4.117217047171583e-08,True,True,3,True,179
TMF1,basal_to_ciliated,viper,7.3119877202181485,2.0,6.7747440042644665e-09,False,True,2,False,180
ZNF664,basal_to_ciliated,viper,7.291841645865744,3.0,9.397408604252675e-06,False,True,3,False,181
ETV6,basal_to_ciliated,viper,7.274619599242066,4.0,1.268223431268579e-06,True,True,4,True,182
ZNF44,basal_to_ciliated,viper,7.270700091143837,3.0,3.3564068955190227e-06,False,True,3,False,183
ZNF98,basal_to_ciliated,viper,7.253843025625805,3.0,6.109762437575275e-07,False,True,3,False,184
NCOA1,basal_to_ciliated,viper,7.2048665567218,4.0,6.139613787313769e-05,True,True,4,True,185
MZF1,basal_to_ciliated,viper,7.178713644500678,3.0,9.424717349904638e-05,False,True,3,False,186
ZNF611,basal_to_ciliated,viper,7.15291038929762,3.0,2.758712308896052e-07,False,True,3,False,187
KLF12,basal_to_ciliated,viper,7.148972949415125,3.0,8.21350683986385e-05,False,True,3,False,188
GATA2,basal_to_ciliated,viper,7.147955066992742,6.0,0.0013821443106734254,True,True,6,True,189
ZNF552,basal_to_ciliated,viper,7.100831736691532,3.0,2.880783765404552e-05,False,True,3,False,190
ZNF415,basal_to_ciliated,viper,7.072048242265779,3.0,1.1945780081441225e-06,False,True,3,False,191
ZNF500,basal_to_ciliated,viper,7.049111002621117,3.0,1.5758104546454747e-06,False,True,3,False,192
ZNF157,basal_to_ciliated,viper,6.9763273276211235,3.0,1.2508274039700833e-05,False,True,3,False,193
THAP6,basal_to_ciliated,viper,6.975469556539935,3.0,2.4170234341376903e-06,False,True,3,False,194
ZNF490,basal_to_ciliated,viper,6.952433829003024,3.0,9.998586182062701e-06,False,True,3,False,195
ZNF493,basal_to_ciliated,viper,6.943260090371601,3.0,5.033224735373027e-06,False,True,3,False,196
PATZ1,basal_to_ciliated,viper,6.943234010391475,3.0,0.00010698049098372702,False,True,3,False,197
ZNF536,basal_to_ciliated,viper,6.941650991519977,3.0,3.962694848503728e-05,False,True,3,False,198
ZNF10,basal_to_ciliated,viper,6.935753032748986,3.0,5.255357941267829e-06,False,True,3,False,199
PBX4,basal_to_ciliated,viper,6.911707045699825,3.0,0.0002010109778109337,False,True,3,False,200
SOX6,basal_to_ciliated,viper,6.89962766196363,4.0,1.300371109687585e-05,True,True,4,True,201
GLIS3,basal_to_ciliated,viper,6.892559061771167,3.0,1.4616878205637445e-05,False,True,3,False,202
ZNF688,basal_to_ciliated,viper,6.864637876904496,3.0,2.062934384921224e-05,False,True,3,False,203
ZNF776,basal_to_ciliated,viper,6.85726130137626,3.0,6.642368649982176e-06,False,True,3,False,204
ZNF529,basal_to_ciliated,viper,6.855937751519332,3.0,6.535500002845302e-05,False,True,3,False,205
MECOM,basal_to_ciliated,viper,6.855543601780035,3.0,9.663216762747228e-06,True,True,3,True,206
NRL,basal_to_ciliated,viper,6.843948487265525,3.0,3.6057860874152485e-06,False,True,3,False,207
ZNF799,basal_to_ciliated,viper,6.838290319383778,3.0,6.103305123391187e-05,False,True,3,False,208
FOXO4,basal_to_ciliated,viper,6.811603214268631,3.0,5.17722748928071e-05,False,True,3,False,209
ZNF596,basal_to_ciliated,viper,6.8008422709952585,3.0,0.0001438296480756708,False,True,3,False,210
RORC,basal_to_ciliated,viper,6.766269240422169,3.0,0.00016364742762280725,False,True,3,False,211
IRF9,basal_to_ciliated,viper,6.755670318038009,4.0,2.7154042769344904e-05,True,True,4,True,212
ZNF609,basal_to_ciliated,viper,6.754073672977131,3.0,1.2976323476068142e-05,False,True,3,False,213
PIN1,basal_to_ciliated,viper,6.749969804926634,2.0,1.2569333030273028e-07,False,True,2,False,214
MKX,basal_to_ciliated,viper,6.691676990233782,3.0,9.232200654620186e-05,False,True,3,False,215
ZNF454,basal_to_ciliated,viper,6.663585582290499,3.0,7.154506157872486e-05,False,True,3,False,216
SIX3,basal_to_ciliated,viper,6.629515416459641,3.0,1.0523514242619306e-05,False,True,3,False,217
TEAD1,basal_to_ciliated,viper,6.602837165260805,4.0,6.486903844077112e-06,True,True,4,True,218
ZFP14,basal_to_ciliated,viper,6.6007788258388915,3.0,5.6417729580258124e-05,False,True,3,False,219
ZNF764,basal_to_ciliated,viper,6.600319524346341,3.0,9.998586182062701e-06,False,True,3,False,220
ZNF844,basal_to_ciliated,viper,6.583937101826783,2.0,4.775292276199679e-07,False,True,2,False,221
GRHL2,basal_to_ciliated,viper,6.566404022928057,5.0,0.00020374807221989393,True,True,5,True,222
PRDM15,basal_to_ciliated,viper,6.562638192389952,3.0,1.9991576938005273e-05,False,True,3,False,223
NCOA3,basal_to_ciliated,viper,6.553808311005152,4.0,1.300371109687585e-05,True,True,4,True,224
IRF5,basal_to_ciliated,viper,6.530107974348418,3.0,0.00018584648386688586,False,True,3,False,225
SIX4,basal_to_ciliated,viper,6.525480039585891,3.0,3.889613861466624e-06,False,True,3,False,226
NFATC1,basal_to_ciliated,viper,6.501587235693393,5.0,2.8188232766611346e-05,True,True,5,True,227
ZBTB3,basal_to_ciliated,viper,6.49833030752498,3.0,9.009758957275195e-05,False,True,3,False,228
STAT2,basal_to_ciliated,viper,6.493295786966353,5.0,0.0002742121586339397,True,True,5,True,229
SOX2,basal_to_ciliated,viper,6.4896287602233125,5.0,6.311571459687585e-05,True,True,5,True,230
ZNF667,basal_to_ciliated,viper,6.483430557645892,3.0,2.602680664879949e-05,False,True,3,False,231
NR2E3,basal_to_ciliated,viper,6.449030733578073,2.0,1.391944342894667e-06,False,True,2,False,232
TIGD6,basal_to_ciliated,viper,6.441815334688316,3.0,2.7998208252611013e-05,False,True,3,False,233
ZNF226,basal_to_ciliated,viper,6.423549248628474,3.0,0.00010436317658892377,False,True,3,False,234
ZNF318,basal_to_ciliated,viper,6.410920051771152,4.0,1.0864959570474614e-05,True,True,4,True,235
ZNF445,basal_to_ciliated,viper,6.3991873160204475,3.0,2.4252794536724246e-05,False,True,3,False,236
ZSCAN23,basal_to_ciliated,viper,6.39491613861173,3.0,0.00013397296619570295,False,True,3,False,237
PBX1,basal_to_ciliated,viper,6.393413921731718,4.0,2.1991999376147633e-05,True,True,4,True,238
ZNF117,basal_to_ciliated,viper,6.374345162482801,3.0,0.0001674690732982818,False,True,3,False,239
RARB,basal_to_ciliated,viper,6.369214722394473,4.0,8.564904707405555e-06,True,True,4,True,240
ZNF444,basal_to_ciliated,viper,6.357025460083814,3.0,0.0005202805110993438,False,True,3,False,241
ZNF747,basal_to_ciliated,viper,6.2900487934708025,3.0,2.3124262209781778e-05,False,True,3,False,242
ZBTB18,basal_to_ciliated,viper,6.278632049837008,2.0,6.1676441297775884e-06,False,True,2,False,243
ZNF446,basal_to_ciliated,viper,6.2425625131925555,3.0,0.0002712831165668329,False,True,3,False,244
ZNF83,basal_to_ciliated,viper,6.23849737956455,4.0,0.00019207031167425614,True,True,4,True,245
BARX2,basal_to_ciliated,viper,6.210087226700582,3.0,2.8914931659861314e-05,False,True,3,False,246
NFE2L1,basal_to_ciliated,viper,6.1971832316256235,4.0,1.291779724778063e-05,True,True,4,True,247
ZNF70,basal_to_ciliated,viper,6.193692604073004,3.0,4.680921516969442e-05,False,True,3,False,248
ZBED1,basal_to_ciliated,viper,6.183523405249001,4.0,1.3739794533831667e-05,True,True,4,True,249
POU6F1,basal_to_ciliated,viper,6.158073982792096,3.0,6.11821625515645e-05,False,True,3,False,250
ZNF229,basal_to_ciliated,viper,6.156351710876929,2.0,3.513013999049625e-05,False,True,2,False,251
ZNF627,basal_to_ciliated,viper,6.136493487341783,3.0,0.0008280515950720907,False,True,3,False,252
ZNF780B,basal_to_ciliated,viper,6.114719597554905,3.0,0.00045784531906052726,False,True,3,False,253
ZNF287,basal_to_ciliated,viper,6.087476332156804,3.0,0.00010004596089101641,False,True,3,False,254
STAT5B,basal_to_ciliated,viper,6.084986453514976,4.0,7.251802651305823e-05,True,True,4,True,255
IKZF4,basal_to_ciliated,viper,6.06414311495653,3.0,8.094742131693427e-05,False,True,3,False,256
RORB,basal_to_ciliated,viper,6.05196347701253,3.0,0.00033095136298396077,False,True,3,False,257
ZNF736,basal_to_ciliated,viper,6.0510207425863065,2.0,2.7945070463899405e-06,False,True,2,False,258
PKNOX1,basal_to_ciliated,viper,6.005488102796502,4.0,0.00020623304086048427,True,True,4,True,259
CLOCK,basal_to_ciliated,viper,5.990697636309791,5.0,0.0001730718623322649,True,True,5,True,260
MBNL2,basal_to_ciliated,viper,5.97779627913267,3.0,0.00012993585241701625,False,True,3,False,261
POU5F2,basal_to_ciliated,viper,5.96851009100044,2.0,5.484220539897582e-06,False,True,2,False,262
PROX1,basal_to_ciliated,viper,5.928399564068326,4.0,0.0013123139988523256,True,True,4,True,263
ZNF658,basal_to_ciliated,viper,5.921418119787181,2.0,2.5684171258715698e-05,False,True,2,False,264
ZNF84,basal_to_ciliated,viper,5.905428364313495,3.0,0.00023085094486752965,False,True,3,False,265
ZNF471,basal_to_ciliated,viper,5.902188639124992,3.0,0.0003877809217813532,False,True,3,False,266
ZNF789,basal_to_ciliated,viper,5.890477222836618,3.0,0.000179471268698144,False,True,3,False,267
ZFP30,basal_to_ciliated,viper,5.888700987097925,3.0,0.00017300626709029982,False,True,3,False,268
CREB3L4,basal_to_ciliated,viper,5.868361856102907,3.0,0.00079709158049939,False,True,3,False,269
NFYB,basal_to_ciliated,viper,5.8602850162799855,5.0,9.974931357908808e-06,True,True,5,True,270
ZNF75D,basal_to_ciliated,viper,5.855564872886381,3.0,0.0011314928712137006,False,True,3,False,271
ZNF25,basal_to_ciliated,viper,5.85301732403477,3.0,0.0003729256614322878,False,True,3,False,272
NFX1,basal_to_ciliated,viper,5.829402660498479,3.0,4.417139673304577e-05,False,True,3,False,273
ATF2,basal_to_ciliated,viper,5.827733823688715,5.0,0.00042056596182380997,True,True,5,True,274
ZNF404,basal_to_ciliated,viper,5.822635879734765,3.0,8.808127180682261e-05,False,True,3,False,275
ZNF853,basal_to_ciliated,viper,5.8022117261030575,2.0,6.740189182497375e-05,False,True,2,False,276
LHX9,basal_to_ciliated,viper,5.79218505350775,3.0,0.00027293089420309796,False,True,3,False,277
NACC2,basal_to_ciliated,viper,5.7700460177680695,2.0,0.00016060998756231112,False,True,2,False,278
NPAS1,basal_to_ciliated,viper,5.754516917472938,3.0,0.000580364073813961,False,True,3,False,279
SMYD3,basal_to_ciliated,viper,5.7523176765432105,2.0,8.060266866781293e-06,False,True,2,False,280
ZNF740,basal_to_ciliated,viper,5.749559252639167,4.0,5.5315694761732365e-05,True,True,4,True,281
ZNF793,basal_to_ciliated,viper,5.745235339004778,3.0,0.0005113334199157982,False,True,3,False,282
ZNF763,basal_to_ciliated,viper,5.74490285598586,3.0,0.0007740663576268389,False,True,3,False,283
ZNF621,basal_to_ciliated,viper,5.734089401181462,3.0,4.6921451267853435e-05,False,True,3,False,284
ZNF528,basal_to_ciliated,viper,5.7310412945102005,3.0,0.00027293089420309796,False,True,3,False,285
DLX4,basal_to_ciliated,viper,5.721138702756509,3.0,0.001001364384746398,False,True,3,False,286
ZNF333,basal_to_ciliated,viper,5.712457961926274,3.0,0.0001909082783148646,False,True,3,False,287
MYRFL,basal_to_ciliated,viper,5.711184655962483,2.0,0.000184606473862248,False,True,2,False,288
ZNF514,basal_to_ciliated,viper,5.710413391203442,3.0,0.00037862343134863934,False,True,3,False,289
ZNF101,basal_to_ciliated,viper,5.710143257451594,3.0,0.0001574917226546556,False,True,3,False,290
ZNF788P,basal_to_ciliated,viper,5.707447136577777,3.0,5.6038681914039715e-05,False,True,3,False,291
ZNF169,basal_to_ciliated,viper,5.695496703418591,3.0,0.00046225985590089884,False,True,3,False,292
RHOXF2B,basal_to_ciliated,viper,5.69252897509414,3.0,0.001034564131924101,False,True,3,False,293
SIX1,basal_to_ciliated,viper,5.6922175373961945,3.0,0.00034960034304675814,False,True,3,False,294
ZBTB7A,basal_to_ciliated,viper,5.6838502938909325,5.0,0.0007263627202425439,True,True,5,True,295
LBX2,basal_to_ciliated,viper,5.679235961793529,3.0,0.0002881805915500364,False,True,3,False,296
PAX8,basal_to_ciliated,viper,5.677476394347313,4.0,0.0005557550260566249,True,True,4,True,297
SETBP1,basal_to_ciliated,viper,5.669690081018771,3.0,0.00010079118168078074,False,True,3,False,298
ZNF441,basal_to_ciliated,viper,5.658154306504562,3.0,0.0005426210052005165,False,True,3,False,299
ZBTB41,basal_to_ciliated,viper,5.65811157775583,3.0,0.0003729256614322878,False,True,3,False,300
ZNF470,basal_to_ciliated,viper,5.646684052880937,3.0,0.00017255138231085586,False,True,3,False,301
TERF2,basal_to_ciliated,viper,5.630121497724343,4.0,0.0010492483759587518,True,True,4,True,302
ZNF280D,basal_to_ciliated,viper,5.629193123859726,3.0,6.063832396238505e-05,False,True,3,False,303
ZNF230,basal_to_ciliated,viper,5.602542468381878,3.0,0.0011583063704646737,False,True,3,False,304
ZNF251,basal_to_ciliated,viper,5.598580913458812,3.0,0.0012853338659537363,False,True,3,False,305
ZNF428,basal_to_ciliated,viper,5.573010689838224,3.0,0.0007764490919397892,False,True,3,False,306
ZNF570,basal_to_ciliated,viper,5.493611448405838,3.0,0.0007717835378748551,False,True,3,False,307
SP140,basal_to_ciliated,viper,5.4919491103638,3.0,0.0012420567395301616,False,True,3,False,308
MLXIP,basal_to_ciliated,viper,5.488860108935557,3.0,0.0028542152864257406,False,True,3,False,309
ZNF592,basal_to_ciliated,viper,5.467161343059658,4.0,0.007405793213612965,True,True,4,True,310
ZFP41,basal_to_ciliated,viper,5.455567603034942,3.0,0.00013453901650129952,False,True,3,False,311
ZNF548,basal_to_ciliated,viper,5.453749305750323,3.0,0.0004074759088585026,False,True,3,False,312
ZNF384,basal_to_ciliated,viper,5.401980324129999,5.0,0.00026811321733366,True,True,5,True,313
ZNF268,basal_to_ciliated,viper,5.38753131686096,3.0,0.0001473255477075388,False,True,3,False,314
ZFAT,basal_to_ciliated,viper,5.379934705145875,3.0,0.0009656096402121777,False,True,3,False,315
ZNF76,basal_to_ciliated,viper,5.37305291134903,3.0,0.0007664724681807643,False,True,3,False,316
IRF2,basal_to_ciliated,viper,5.369613546425715,4.0,0.0005136788307211071,True,True,4,True,317
ZNF8,basal_to_ciliated,viper,5.339438393811027,2.0,4.6921451267853435e-05,False,True,2,False,318
TFDP2,basal_to_ciliated,viper,5.320342424333526,3.0,0.0003333990244382991,False,True,3,False,319
ZNF236,basal_to_ciliated,viper,5.318085129739861,3.0,0.0014146258295361504,False,True,3,False,320
RFX6,basal_to_ciliated,viper,5.30188147378422,3.0,0.0015131989983956792,False,True,3,False,321
HSF2,basal_to_ciliated,viper,5.274151572565284,3.0,0.0011795085475426784,False,True,3,False,322
RHOXF1,basal_to_ciliated,viper,5.269073293938396,3.0,0.0018357712313790725,False,True,3,False,323
ZNF564,basal_to_ciliated,viper,5.26788127419951,3.0,0.0016818946271798375,False,True,3,False,324
ZSCAN29,basal_to_ciliated,viper,5.262136261375052,3.0,0.0003011783909301808,False,True,3,False,325
MXD4,basal_to_ciliated,viper,5.2603342384010565,3.0,0.002911306118791535,False,True,3,False,326
HOXC4,basal_to_ciliated,viper,5.239485332255923,3.0,0.0018895519053830385,False,True,3,False,327
ANKZF1,basal_to_ciliated,viper,5.2283904911723935,3.0,0.0013662303103299835,False,True,3,False,328
SNAI3,basal_to_ciliated,viper,5.213319843207978,3.0,0.001982501248835814,False,True,3,False,329
VDR,basal_to_ciliated,viper,5.211867167359656,5.0,0.0004117509559999208,True,True,5,True,330
ZSCAN30,basal_to_ciliated,viper,5.209136939638838,2.0,0.0001215779382943759,False,True,2,False,331
CXXC5,basal_to_ciliated,viper,5.208904046668255,2.0,0.0005704987267874791,False,True,2,False,332
JRKL,basal_to_ciliated,viper,5.194374803218486,3.0,0.0002485685707628859,False,True,3,False,333
ZKSCAN5,basal_to_ciliated,viper,5.190822434384571,3.0,0.0017169153809003979,False,True,3,False,334
ZNF671,basal_to_ciliated,viper,5.162111424850901,3.0,0.00225924467852993,False,True,3,False,335
STAT6,basal_to_ciliated,viper,5.136010430724891,4.0,0.0028426663167526495,True,True,4,True,336
RBSN,basal_to_ciliated,viper,5.12746607075066,2.0,0.00025280159619027324,False,True,2,False,337
ZNF681,basal_to_ciliated,viper,5.1016188819460995,3.0,0.0020348226208768624,False,True,3,False,338
AHCTF1,basal_to_ciliated,viper,5.09755940942724,3.0,0.00036190830970005426,False,True,3,False,339
ZNF337,basal_to_ciliated,viper,5.0474878630850055,3.0,0.001400976538776783,False,True,3,False,340
ZKSCAN2,basal_to_ciliated,viper,5.045954121707979,3.0,0.005618162820650573,False,True,3,False,341
ZNF510,basal_to_ciliated,viper,5.039150916609012,3.0,0.005600273898158769,False,True,3,False,342
MSANTD1,basal_to_ciliated,viper,5.030406896176766,2.0,0.0004732787026174408,False,True,2,False,343
ZNF527,basal_to_ciliated,viper,5.029860797756587,3.0,0.0005455210282319177,False,True,3,False,344
ZNF549,basal_to_ciliated,viper,5.027589286568742,3.0,0.000998692528183773,False,True,3,False,345
MSX2,basal_to_ciliated,viper,5.025488968245047,3.0,0.0020198995543544594,False,True,3,False,346
ZNF418,basal_to_ciliated,viper,5.0080960209287015,3.0,0.002838353922709448,False,True,3,False,347
ZBTB4,basal_to_ciliated,viper,4.996172240250086,3.0,0.0030294774234342213,False,True,3,False,348
ZBTB37,basal_to_ciliated,viper,4.990219220973249,3.0,0.0007562571568679346,False,True,3,False,349
TBX19,basal_to_ciliated,viper,4.9793768678858745,3.0,0.0005318817488303883,False,True,3,False,350
SOX12,basal_to_ciliated,viper,4.968593324079084,3.0,0.0011771577217010222,False,True,3,False,351
ZNF486,basal_to_ciliated,viper,4.945649928631818,3.0,0.0018267075973458342,False,True,3,False,352
ARID2,basal_to_ciliated,viper,4.927404467741226,4.0,0.004907190086477459,True,True,4,True,353
TBX5,basal_to_ciliated,viper,4.9242665227002345,4.0,0.0006082001850299882,True,True,4,True,354
ZNF626,basal_to_ciliated,viper,4.921794491314288,3.0,0.005449047424140155,False,True,3,False,355
ZNF316,basal_to_ciliated,viper,4.913148667235701,3.0,0.006952365336057452,False,True,3,False,356
BHLHE41,basal_to_ciliated,viper,4.89845254267601,2.0,0.0006840939043661702,False,True,2,False,357
ZNF624,basal_to_ciliated,viper,4.895615659692292,3.0,0.004940235224326126,False,True,3,False,358
KAT7,basal_to_ciliated,viper,4.877333609268238,2.0,0.00034535132088363524,False,True,2,False,359
STAT4,basal_to_ciliated,viper,4.8580528819392494,4.0,0.0013140200749525578,True,True,4,True,360
NFE2,basal_to_ciliated,viper,4.849135838712986,5.0,0.001111129141983531,True,True,5,True,361
ZNF398,basal_to_ciliated,viper,4.841663278510619,3.0,0.001592081826273824,False,True,3,False,362
ZNF653,basal_to_ciliated,viper,4.830161922037367,3.0,0.005745405743660399,False,True,3,False,363
ZNF33B,basal_to_ciliated,viper,4.8105624000063045,3.0,0.004343613561039302,False,True,3,False,364
CEBPG,basal_to_ciliated,viper,4.781021399587673,4.0,0.0013631716537873487,True,True,4,True,365
ZNF891,basal_to_ciliated,viper,4.749551368612679,2.0,0.00030379216111519453,False,True,2,False,366
PHF21A,basal_to_ciliated,viper,4.748046507543337,3.0,0.003876686421049181,False,True,3,False,367
FOXK2,basal_to_ciliated,viper,4.742692088649181,4.0,0.0032075351021143097,True,True,4,True,368
ZNF594,basal_to_ciliated,viper,4.734035667610593,3.0,0.01124024868955754,False,True,3,False,369
ZNF439,basal_to_ciliated,viper,4.716613862626539,3.0,0.0023200037972139313,False,True,3,False,370
ZNF843,basal_to_ciliated,viper,4.707922580726117,3.0,0.0021565205641695564,False,True,3,False,371
PEG3,basal_to_ciliated,viper,4.692841070071886,2.0,0.0019861270553940035,False,True,2,False,372
OLIG2,basal_to_ciliated,viper,4.689086086980039,4.0,0.0022709559932056955,True,True,4,True,373
ZNF513,basal_to_ciliated,viper,4.685095257985372,3.0,0.0014472570043919972,False,True,3,False,374
ZNF674,basal_to_ciliated,viper,4.678630016569941,3.0,0.0026971498790656022,False,True,3,False,375
ZBTB48,basal_to_ciliated,viper,4.676350516658519,3.0,0.0063929971339719335,False,True,3,False,376
NR4A2,basal_to_ciliated,viper,4.636473297485191,4.0,0.0016168579205550063,True,True,4,True,377
KDM2B,basal_to_ciliated,viper,4.63623366622009,2.0,0.001649726095074004,False,True,2,False,378
ZNF324,basal_to_ciliated,viper,4.618083627073779,3.0,0.004962748573486259,False,True,3,False,379
ZNF587,basal_to_ciliated,viper,4.612946294453382,3.0,0.006955466424278629,False,True,3,False,380
ZNF234,basal_to_ciliated,viper,4.59991085692968,3.0,0.0023978106954445936,False,True,3,False,381
SOX9,basal_to_ciliated,viper,4.571068660858612,5.0,0.006054608084826026,True,True,5,True,382
MTF1,basal_to_ciliated,viper,4.556520756656753,2.0,0.003876686421049181,False,True,2,False,383
FOXB1,basal_to_ciliated,viper,4.549924839855266,3.0,0.01027985579307402,False,True,3,False,384
HNF1A,basal_to_ciliated,viper,4.546512489247404,3.0,0.008421943082273325,False,True,3,False,385
ZNF319,basal_to_ciliated,viper,4.511518771849279,3.0,0.010021106773409278,False,True,3,False,386
ZFP2,basal_to_ciliated,viper,4.5070074546607355,3.0,0.006683136715181517,False,True,3,False,387
HMBOX1,basal_to_ciliated,viper,4.500139906541949,4.0,0.0038248420650799178,True,True,4,True,388
RUNX1,basal_to_ciliated,viper,4.499373801807669,5.0,0.006045642248213624,True,True,5,True,389
GZF1,basal_to_ciliated,viper,4.49447641590292,3.0,0.0027773445107478734,False,True,3,False,390
ZNF554,basal_to_ciliated,viper,4.490809650002484,3.0,0.0016062535756198788,False,True,3,False,391
ZBTB10,basal_to_ciliated,viper,4.489662850955138,3.0,0.010070251428187443,False,True,3,False,392
THYN1,basal_to_ciliated,viper,4.485589394050593,2.0,0.0017728161742218036,False,True,2,False,393
NR2C1,basal_to_ciliated,viper,4.477144485490181,3.0,0.01449976441400532,False,True,3,False,394
USF3,basal_to_ciliated,viper,4.4766608663381895,2.0,0.0006444807153086022,False,True,2,False,395
ZNF397,basal_to_ciliated,viper,4.471546132582481,2.0,0.0005568901779655542,False,True,2,False,396
ZNF37A,basal_to_ciliated,viper,4.459652717212187,3.0,0.0016435129912610238,False,True,3,False,397
SP110,basal_to_ciliated,viper,4.457786772145066,3.0,0.006870218944913998,False,True,3,False,398
ELF2,basal_to_ciliated,viper,4.4409251380070875,3.0,0.0027812812554825752,False,True,3,False,399
TAL1,basal_to_ciliated,viper,4.439775353881528,6.0,0.044988445761352136,True,True,6,True,400
RHOXF2,basal_to_ciliated,viper,4.436121273811339,3.0,0.004171658531732966,False,True,3,False,401
ZNF449,basal_to_ciliated,viper,4.4343553853338635,3.0,0.007466071728180045,False,True,3,False,402
IRX5,basal_to_ciliated,viper,4.412025398810679,3.0,0.004343613561039302,False,True,3,False,403
THAP10,basal_to_ciliated,viper,4.411964033493345,3.0,0.0027580713731651984,False,True,3,False,404
ZNF778,basal_to_ciliated,viper,4.403212561598832,3.0,0.006527641442851147,False,True,3,False,405
ZNF211,basal_to_ciliated,viper,4.402831570666391,3.0,0.007741456080400687,False,True,3,False,406
E4F1,basal_to_ciliated,viper,4.40167463492583,3.0,0.005861568032649271,False,True,3,False,407
TIGD1,basal_to_ciliated,viper,4.398754310926358,2.0,0.0007618258846646153,False,True,2,False,408
TBXT,basal_to_ciliated,viper,4.392889235857206,4.0,0.006585094012017919,True,True,4,True,409
MBD2,basal_to_ciliated,viper,4.390702606391084,4.0,0.004203580807505511,True,True,4,True,410
ZBTB22,basal_to_ciliated,viper,4.388685982917712,3.0,0.008200729681379458,False,True,3,False,411
FOXO1,basal_to_ciliated,viper,4.384609080156845,5.0,0.0020355737038196564,True,True,5,True,412
ZFP91,basal_to_ciliated,viper,4.3838804473294,3.0,0.0070001518649807195,False,True,3,False,413
ZNF496,basal_to_ciliated,viper,4.377732956094532,3.0,0.0025657248067915907,False,True,3,False,414
ZNF81,basal_to_ciliated,viper,4.374987026144567,3.0,0.008050308840348191,False,True,3,False,415
ZNF765,basal_to_ciliated,viper,4.366100564350683,3.0,0.005024961214799478,False,True,3,False,416
ZBTB26,basal_to_ciliated,viper,4.362522474243889,3.0,0.007655843904144282,False,True,3,False,417
IRF7,basal_to_ciliated,viper,4.358436243024775,3.0,0.011748013453329577,False,True,3,False,418
ZNF182,basal_to_ciliated,viper,4.355691624443867,3.0,0.017798376466854404,False,True,3,False,419
SOX13,basal_to_ciliated,viper,4.351854103730151,4.0,0.00410546535052892,True,True,4,True,420
ZNF746,basal_to_ciliated,viper,4.331266778928322,3.0,0.009754952342933523,False,True,3,False,421
TRERF1,basal_to_ciliated,viper,4.327289335923423,3.0,0.011201478889255134,False,True,3,False,422
ZNF772,basal_to_ciliated,viper,4.320816683078528,3.0,0.005590545392215387,False,True,3,False,423
ZNF572,basal_to_ciliated,viper,4.317270283782321,3.0,0.0029005063461912434,False,True,3,False,424
ZNF33A,basal_to_ciliated,viper,4.310220184357342,3.0,0.006422119393317202,False,True,3,False,425
NR1I2,basal_to_ciliated,viper,4.297381031630226,4.0,0.03257569050853621,True,True,4,True,426
ZSCAN20,basal_to_ciliated,viper,4.29656758194069,3.0,0.002141910873963909,False,True,3,False,427
ZBTB40,basal_to_ciliated,viper,4.2874630793824355,3.0,0.009534957765985551,False,True,3,False,428
DMTF1,basal_to_ciliated,viper,4.279419169213364,3.0,0.009841281176940985,False,True,3,False,429
HESX1,basal_to_ciliated,viper,4.268440984598442,3.0,0.003539037295410519,False,True,3,False,430
TEF,basal_to_ciliated,viper,4.266188214303595,3.0,0.008024335081282466,False,True,3,False,431
LIN28A,basal_to_ciliated,viper,4.203810229933121,2.0,9.339634506466479e-07,False,True,2,False,432
ZNF99,basal_to_ciliated,viper,4.202666000138306,3.0,0.005087999753842079,False,True,3,False,433
ZNF768,basal_to_ciliated,viper,4.169343663543144,3.0,0.009322412007139487,False,True,3,False,434
ZNF774,basal_to_ciliated,viper,4.147892360859613,3.0,0.0035406729471135355,False,True,3,False,435
ZSCAN22,basal_to_ciliated,viper,4.132735318342923,3.0,0.011201478889255134,False,True,3,False,436
ZNF558,basal_to_ciliated,viper,4.124742580154981,3.0,0.005470766894252633,False,True,3,False,437
ZNF451,basal_to_ciliated,viper,4.1223195394484735,3.0,0.004132180524019188,False,True,3,False,438
DUX4,basal_to_ciliated,viper,4.100705009444848,2.0,0.0032115957034339654,True,True,2,True,439
ZNF782,basal_to_ciliated,viper,4.095459216410389,3.0,0.008733856095642482,False,True,3,False,440
HAND2,basal_to_ciliated,viper,4.095046924839218,3.0,0.01230809251269235,False,True,3,False,441
ZNF232,basal_to_ciliated,viper,4.084461922582068,3.0,0.007837518341039447,False,True,3,False,442
SHOX,basal_to_ciliated,viper,4.083064220346135,3.0,0.0041099158871991184,False,True,3,False,443
ZNF605,basal_to_ciliated,viper,4.077485413496786,3.0,0.016565848972703252,False,True,3,False,444
ZNF213,basal_to_ciliated,viper,4.068398759931148,3.0,0.01230809251269235,False,True,3,False,445
ZGLP1,basal_to_ciliated,viper,4.043181437920762,2.0,0.00328144479533643,False,True,2,False,446
ZNF619,basal_to_ciliated,viper,4.016299552275517,3.0,0.006479083481915224,False,True,3,False,447
ZNF705D,basal_to_ciliated,viper,4.000151440748661,2.0,0.0029320779166918296,False,True,2,False,448
ZNF66,basal_to_ciliated,viper,3.9986712651144045,2.0,0.0026815972275304966,False,True,2,False,449
ZNF660,basal_to_ciliated,viper,3.996970574803765,3.0,0.007875388300444775,False,True,3,False,450
ZNF248,basal_to_ciliated,viper,3.995249977330882,3.0,0.015081883785878865,False,True,3,False,451
ZNF783,basal_to_ciliated,viper,3.9927310343991786,3.0,0.013695687632592286,False,True,3,False,452
LCOR,basal_to_ciliated,viper,3.9535852111214504,3.0,0.024964050355904672,False,True,3,False,453
ZNF791,basal_to_ciliated,viper,3.9348711567787826,3.0,0.03310609247342473,False,True,3,False,454
MECP2,basal_to_ciliated,viper,3.9300760102959265,3.0,0.010266717185050919,False,True,3,False,455
ZC3H8,basal_to_ciliated,viper,3.915926330273468,4.0,0.0010403970868695185,True,True,4,True,456
BAZ2B,basal_to_ciliated,viper,3.9101167167035995,3.0,0.008824200916243063,False,True,3,False,457
FAM200B,basal_to_ciliated,viper,3.9087828448423307,2.0,0.00328144479533643,False,True,2,False,458
ZNF425,basal_to_ciliated,viper,3.9073275963296457,3.0,0.014988293521188762,False,True,3,False,459
ZNF623,basal_to_ciliated,viper,3.9068399464806376,3.0,0.014533004070250445,False,True,3,False,460
ZNF829,basal_to_ciliated,viper,3.8903211289656574,3.0,0.027490328752011715,False,True,3,False,461
TFEB,basal_to_ciliated,viper,3.874401989355068,4.0,0.03345188388911141,True,True,4,True,462
ZNF302,basal_to_ciliated,viper,3.872510716365264,3.0,0.03300188456439417,False,True,3,False,463
SP100,basal_to_ciliated,viper,3.8689575889735015,3.0,0.018665243772265163,False,True,3,False,464
ZFHX3,basal_to_ciliated,viper,3.8349380035409126,3.0,0.020474638427917736,False,True,3,False,465
REPIN1,basal_to_ciliated,viper,3.829566174239296,3.0,0.021628753840221313,False,True,3,False,466
ZNF285,basal_to_ciliated,viper,3.8270347466834336,2.0,0.0035518375438544788,False,True,2,False,467
ZNF665,basal_to_ciliated,viper,3.823101984492336,3.0,0.01319962145479757,False,True,3,False,468
ZKSCAN7,basal_to_ciliated,viper,3.8095733737068405,2.0,0.00811180274013813,False,True,2,False,469
ZNF100,basal_to_ciliated,viper,3.8080915470824905,3.0,0.009978976775132072,False,True,3,False,470
KMT2A,basal_to_ciliated,viper,3.7859132210020086,3.0,0.023628649055818164,True,True,3,True,471
ZNF507,basal_to_ciliated,viper,3.7817932045300906,3.0,0.027753617746768953,False,True,3,False,472
SREBF2,basal_to_ciliated,viper,3.773636236256663,6.0,0.050770968053076286,True,True,6,True,473
ZNF407,basal_to_ciliated,viper,3.7676462616873034,3.0,0.01648972644946681,False,True,3,False,474
ZFP82,basal_to_ciliated,viper,3.76663707122875,3.0,0.026665333169889616,False,True,3,False,475
TBX1,basal_to_ciliated,viper,3.757991794767818,3.0,0.019953384828129257,False,True,3,False,476
GTF2IRD1,basal_to_ciliated,viper,3.75163088329031,2.0,0.003914733693208054,False,True,2,False,477
TCF21,basal_to_ciliated,viper,3.741662854762125,4.0,0.023843988931809956,True,True,4,True,478
GMEB1,basal_to_ciliated,viper,3.733092145751859,3.0,0.019614689321054115,False,True,3,False,479
THAP9,basal_to_ciliated,viper,3.719916040886377,3.0,0.001202712385338043,False,True,3,False,480
ZNF320,basal_to_ciliated,viper,3.711638359575791,3.0,0.016091898049830904,False,True,3,False,481
LCORL,basal_to_ciliated,viper,3.6490816153625634,3.0,0.019542720890054183,False,True,3,False,482
ZNF710,basal_to_ciliated,viper,3.631707443747457,3.0,0.031781691926327904,False,True,3,False,483
ZNF692,basal_to_ciliated,viper,3.6304801930282977,3.0,0.018281353850572783,False,True,3,False,484
KLF16,basal_to_ciliated,viper,3.6244213773641367,3.0,0.025079288396693857,False,True,3,False,485
ZNF850,basal_to_ciliated,viper,3.623324938709586,2.0,0.019104060846341902,False,True,2,False,486
ZXDC,basal_to_ciliated,viper,3.622785901564433,3.0,0.033957575583591644,False,True,3,False,487
ZNF417,basal_to_ciliated,viper,3.6166400333534323,3.0,0.027034507130042032,False,True,3,False,488
ZNF652,basal_to_ciliated,viper,3.6155574622136233,4.0,0.021225562236481085,True,True,4,True,489
HES2,basal_to_ciliated,viper,3.60245780314405,3.0,0.014953428552741534,False,True,3,False,490
ZNF225,basal_to_ciliated,viper,3.599811783515731,2.0,0.00872815132849959,False,True,2,False,491
VEZF1,basal_to_ciliated,viper,3.557344825248232,3.0,0.018234770822432498,False,True,3,False,492
ZNF28,basal_to_ciliated,viper,3.547187014415198,3.0,0.0365068748718271,False,True,3,False,493
SP9,basal_to_ciliated,viper,3.5371493521333712,2.0,0.008727662896172194,False,True,2,False,494
ZNF266,basal_to_ciliated,viper,3.522399599706697,3.0,0.023661132097484522,False,True,3,False,495
ZNF512,basal_to_ciliated,viper,3.5171877734248116,3.0,0.04213526880149489,False,True,3,False,496
ZNF749,basal_to_ciliated,viper,3.516976369140591,3.0,0.032102553367352106,False,True,3,False,497
SRCAP,basal_to_ciliated,viper,3.5096775772185778,3.0,0.056540367473746765,False,True,3,False,498
ZNF345,basal_to_ciliated,viper,3.492969316196648,3.0,0.0365068748718271,False,True,3,False,499
HIVEP1,basal_to_ciliated,viper,3.47476044776867,3.0,0.018234770822432498,False,True,3,False,500
THAP7,basal_to_ciliated,viper,3.472946448834968,3.0,0.019146626931241868,False,True,3,False,501
PLSCR1,basal_to_ciliated,viper,3.4587631316496674,2.0,0.008882127322863441,False,True,2,False,502
ZNF224,basal_to_ciliated,viper,3.4567220936838723,3.0,0.030192215631319845,False,True,3,False,503
ELF3,basal_to_ciliated,viper,3.4448004865146906,4.0,0.039458862361969146,True,True,4,True,504
SAFB2,basal_to_ciliated,viper,3.4283265250411907,2.0,0.009716911741591325,False,True,2,False,505
ZSCAN25,basal_to_ciliated,viper,3.410457785467496,2.0,0.011892257994946613,False,True,2,False,506
ZNF469,basal_to_ciliated,viper,3.400004081563916,2.0,0.03017524005179171,False,True,2,False,507
HIVEP2,basal_to_ciliated,viper,3.394939612436516,3.0,0.026872326932712798,False,True,3,False,508
POU2F1,basal_to_ciliated,viper,3.3885119598404225,4.0,0.02638366053511609,True,True,4,True,509
ZNF484,basal_to_ciliated,viper,3.381646084634654,3.0,0.053353982461737316,False,True,3,False,510
THAP2,basal_to_ciliated,viper,3.3800098999250947,3.0,0.02405234325641485,False,True,3,False,511
PRDM10,basal_to_ciliated,viper,3.3765982980133216,3.0,0.0475741809631493,False,True,3,False,512
GATA5,basal_to_ciliated,viper,3.361534630517966,3.0,0.0291165961439126,False,True,3,False,513
ZNF687,basal_to_ciliated,viper,3.3594566052137753,3.0,0.06521958728101623,False,True,3,False,514
ZNF91,basal_to_ciliated,viper,3.348814065395777,3.0,0.033762087111412625,False,True,3,False,515
MEF2B,basal_to_ciliated,viper,3.3448430067682846,4.0,0.024756025534777806,True,True,4,True,516
ZNF775,basal_to_ciliated,viper,3.3426240288049396,3.0,0.03016134386556423,False,True,3,False,517
ZNF781,basal_to_ciliated,viper,3.333079179293002,3.0,0.025716305922197674,False,True,3,False,518
KDM2A,basal_to_ciliated,viper,3.323814433302846,2.0,0.03384257727291078,False,True,2,False,519
GTF2I,basal_to_ciliated,viper,3.2872464331896003,1.0,0.002999875033450242,False,True,1,False,520
BPTF,basal_to_ciliated,viper,3.286505230063672,2.0,0.033718090261056745,False,True,2,False,521
PRR12,basal_to_ciliated,viper,3.270131071458383,3.0,0.05871508677826034,False,True,3,False,522
ZNF518A,basal_to_ciliated,viper,3.266885361254478,3.0,0.0369111014306766,False,True,3,False,523
THAP8,basal_to_ciliated,viper,3.2625302083022962,3.0,0.041033178639297355,False,True,3,False,524
ZNF629,basal_to_ciliated,viper,3.24661753120929,3.0,0.06691040908487733,False,True,3,False,525
MBD6,basal_to_ciliated,viper,3.24562094416783,2.0,0.014549506245471206,False,True,2,False,526
SETDB2,basal_to_ciliated,viper,3.2353244823020724,3.0,0.05276049779122885,False,True,3,False,527
SP1,basal_to_ciliated,viper,3.230031426501535,5.0,0.0340961682052693,True,True,5,True,528
ZNF727,basal_to_ciliated,viper,3.2246626111199164,2.0,0.015476847127562027,False,True,2,False,529
ST18,basal_to_ciliated,viper,3.223549628603937,3.0,0.045909785084879993,False,True,3,False,530
IKZF2,basal_to_ciliated,viper,3.21666782368408,3.0,0.052663605511217584,False,True,3,False,531
JRK,basal_to_ciliated,viper,3.2145624722255337,2.0,0.044065161971205156,False,True,2,False,532
AKAP8L,basal_to_ciliated,viper,3.1967977041717908,3.0,0.014808362602177215,False,True,3,False,533
ZBED5,basal_to_ciliated,viper,3.196635369244893,2.0,0.014988293521188762,False,True,2,False,534
ZNF154,basal_to_ciliated,viper,3.191373976482943,3.0,0.055200813157150246,False,True,3,False,535
TIGD7,basal_to_ciliated,viper,3.190414008492481,3.0,0.025738443525970527,False,True,3,False,536
PRDM5,basal_to_ciliated,viper,3.1882343510934836,4.0,0.042481236414597695,True,True,4,True,537
POU5F1B,basal_to_ciliated,viper,3.1742260968977494,2.0,0.007082032911805369,False,True,2,False,538
ZNF616,basal_to_ciliated,viper,3.1653461591687484,3.0,0.028270462924892506,False,True,3,False,539
ZNF726,basal_to_ciliated,viper,3.160129691952068,2.0,0.016849744975830788,False,True,2,False,540
ZNF559,basal_to_ciliated,viper,3.142071116026221,3.0,0.05175691627656096,False,True,3,False,541
ZKSCAN8,basal_to_ciliated,viper,3.1313753763746286,2.0,0.021578343561375755,False,True,2,False,542
NR2F6,basal_to_ciliated,viper,3.130239920347737,4.0,0.03332685640476679,True,True,4,True,543
ZNF608,basal_to_ciliated,viper,3.1134110277531337,3.0,0.053353982461737316,False,True,3,False,544
PRDM6,basal_to_ciliated,viper,3.1130073698411134,3.0,0.02954718182722433,False,True,3,False,545
ZNF235,basal_to_ciliated,viper,3.0993922048412355,3.0,0.045790479083117876,False,True,3,False,546
DNTTIP1,basal_to_ciliated,viper,3.0947307973266778,2.0,0.01963906222160542,False,True,2,False,547
ZSCAN4,basal_to_ciliated,viper,3.0884110027907723,3.0,0.08712496891073244,False,True,3,False,548
HMG20B,basal_to_ciliated,viper,3.0822864729092663,3.0,0.06830841575845156,False,True,3,False,549
ZNF184,basal_to_ciliated,viper,3.061142567078242,3.0,0.06574547606331435,False,True,3,False,550
ZNF442,basal_to_ciliated,viper,3.0487563363396424,3.0,0.018056770971027945,False,True,3,False,551
THAP5,basal_to_ciliated,viper,3.0169075978953526,3.0,0.0954582604731889,False,True,3,False,552
CXXC1,basal_to_ciliated,viper,3.0128833406503737,3.0,0.08317453633317036,False,True,3,False,553
ZNF205,basal_to_ciliated,viper,3.007516050875116,3.0,0.05014280710873207,False,True,3,False,554
ZBTB44,basal_to_ciliated,viper,2.982119580605141,3.0,0.05004419017360772,False,True,3,False,555
TET3,basal_to_ciliated,viper,2.981174914529183,2.0,0.04093361514686904,False,True,2,False,556
ZNF420,basal_to_ciliated,viper,2.9807081594633567,3.0,0.07082876577869007,False,True,3,False,557
ZNF506,basal_to_ciliated,viper,2.959201842879461,3.0,0.03998159214561339,False,True,3,False,558
FEZF1,basal_to_ciliated,viper,2.941169450599079,3.0,0.027080477363262436,False,True,3,False,559
PURA,basal_to_ciliated,viper,2.9221312907397583,2.0,0.024897278516132586,False,True,2,False,560
ZNF630,basal_to_ciliated,viper,2.901507492436094,2.0,0.028678812330605184,False,True,2,False,561
ZNF26,basal_to_ciliated,viper,2.871187645238491,3.0,0.0012089100544989677,False,True,3,False,562
ZNF48,basal_to_ciliated,viper,2.859616846166313,3.0,0.09332405043500569,False,True,3,False,563
ZSCAN31,basal_to_ciliated,viper,2.8440907335300616,2.0,0.03508044051692789,False,True,2,False,564
USF2,basal_to_ciliated,viper,2.8286040493237135,5.0,0.036506561920697664,True,True,5,True,565
NFIA,basal_to_ciliated,viper,2.826367622034412,3.0,0.06101273649468162,False,True,3,False,566
BATF3,basal_to_ciliated,viper,2.818888733315768,3.0,0.09092982869546623,False,True,3,False,567
ZBTB34,basal_to_ciliated,viper,2.812619769811745,3.0,0.0954582604731889,False,True,3,False,568
ZNF836,basal_to_ciliated,viper,2.8052610667828106,3.0,0.08718944637909128,False,True,3,False,569
ZNF282,basal_to_ciliated,viper,2.8005823241263745,3.0,0.089980352065955,False,True,3,False,570
TCF20,basal_to_ciliated,viper,2.7829758347142413,3.0,0.12154450492315336,False,True,3,False,571
ZNF737,basal_to_ciliated,viper,2.770291248967341,2.0,0.08243712572540644,False,True,2,False,572
ZNF254,basal_to_ciliated,viper,2.770143537708791,3.0,0.15101732183602057,False,True,3,False,573
ZSCAN9,basal_to_ciliated,viper,2.7535490447852333,2.0,0.046109606607783384,False,True,2,False,574
GPBP1L1,basal_to_ciliated,viper,2.7497024525456406,2.0,0.05802266383830817,False,True,2,False,575
ZNF684,basal_to_ciliated,viper,2.746467537280542,3.0,0.05774667404134232,False,True,3,False,576
ZEB2,basal_to_ciliated,viper,2.744440171515976,4.0,0.18013854171981608,True,True,4,True,577
ZNF197,basal_to_ciliated,viper,2.7379053301460297,4.0,0.17848814270768873,True,True,4,True,578
MGA,basal_to_ciliated,viper,2.7317259253963586,3.0,0.1266469754637896,False,True,3,False,579
ZFPM1,basal_to_ciliated,viper,2.7237321383428665,3.0,0.12942535052543322,False,True,3,False,580
NFXL1,basal_to_ciliated,viper,2.716708663107265,3.0,0.15468997297869774,False,True,3,False,581
ATF6B,basal_to_ciliated,viper,2.7150098743375777,2.0,0.03947652202304601,False,True,2,False,582
ZNF571,basal_to_ciliated,viper,2.7104541039811565,3.0,0.0737467148292659,False,True,3,False,583
ZNF462,basal_to_ciliated,viper,2.700743320292434,3.0,0.10126540146363754,False,True,3,False,584
ZNF721,basal_to_ciliated,viper,2.6880532438156175,3.0,0.0769570663723261,False,True,3,False,585
FOXR1,basal_to_ciliated,viper,2.682693196512287,3.0,0.09994210018437442,False,True,3,False,586
ZBTB6,basal_to_ciliated,viper,2.672312202064794,3.0,0.11151028064770009,False,True,3,False,587
ZBTB42,basal_to_ciliated,viper,2.6495248705556413,2.0,0.05332853528271824,False,True,2,False,588
YBX3,basal_to_ciliated,viper,2.640618239664393,2.0,0.04569073930970243,False,True,2,False,589
ZNF160,basal_to_ciliated,viper,2.623731379552171,3.0,0.06776852256179992,False,True,3,False,590
FIZ1,basal_to_ciliated,viper,2.6177938382959898,3.0,0.11487969476473518,False,True,3,False,591
ZNF814,basal_to_ciliated,viper,2.617347346533079,2.0,0.08903025423184004,False,True,2,False,592
PRDM2,basal_to_ciliated,viper,2.613951556161196,3.0,0.10602149525063975,False,True,3,False,593
KLF2,basal_to_ciliated,viper,2.6134200671444803,4.0,0.11372354535516087,True,True,4,True,594
ZNF561,basal_to_ciliated,viper,2.585353650843266,3.0,0.1318557896249303,False,True,3,False,595
GLIS1,basal_to_ciliated,viper,2.580722628252606,3.0,0.1042456397659767,False,True,3,False,596
ZNF443,basal_to_ciliated,viper,2.577587688998042,3.0,0.14619996462011112,False,True,3,False,597
ADNP,basal_to_ciliated,viper,2.5756244058749447,4.0,0.12789892919150933,True,True,4,True,598
ZSCAN26,basal_to_ciliated,viper,2.5754167843593536,2.0,0.055137432981667414,False,True,2,False,599
ARID3B,basal_to_ciliated,viper,2.573879634169093,2.0,0.05782651718857775,False,True,2,False,600
CUX1,basal_to_ciliated,viper,2.5699402951689763,6.0,0.15374594765970337,True,True,6,True,601
ZNF30,basal_to_ciliated,viper,2.52598884946241,3.0,0.16482404601343822,False,True,3,False,602
SP5,basal_to_ciliated,viper,2.5247110844603435,3.0,0.07899051278386593,False,True,3,False,603
HEY2,basal_to_ciliated,viper,2.5234277050195124,3.0,0.14800212782869304,False,True,3,False,604
ZNF700,basal_to_ciliated,viper,2.519101013228879,3.0,0.1313915909392995,False,True,3,False,605
GMEB2,basal_to_ciliated,viper,2.5144628233356925,3.0,0.14893366697144808,False,True,3,False,606
GFI1,basal_to_ciliated,viper,2.508714012812113,3.0,0.11210720105461941,False,True,3,False,607
ZNF383,basal_to_ciliated,viper,2.497466910118445,3.0,0.034164163404559425,False,True,3,False,608
ZNF597,basal_to_ciliated,viper,2.4511082695588775,3.0,0.10006363490471543,False,True,3,False,609
ZNF568,basal_to_ciliated,viper,2.44482585319652,3.0,0.11667162161686352,False,True,3,False,610
ZNF142,basal_to_ciliated,viper,2.380636187976945,3.0,0.1937082171287785,False,True,3,False,611
ZNF180,basal_to_ciliated,viper,2.3742925194119424,3.0,0.1545191974135758,False,True,3,False,612
ZSCAN32,basal_to_ciliated,viper,2.3693328909763682,2.0,0.08243712572540644,False,True,2,False,613
ZNF461,basal_to_ciliated,viper,2.3593143846815914,3.0,0.16823335807208914,False,True,3,False,614
ZNF292,basal_to_ciliated,viper,2.353008863385249,3.0,0.13604828954595186,False,True,3,False,615
ZFX,basal_to_ciliated,viper,2.3529591234810625,5.0,0.2244345525788037,True,True,5,True,616
RLF,basal_to_ciliated,viper,2.3512077306590813,3.0,0.15539973408849395,False,True,3,False,617
ZNF816,basal_to_ciliated,viper,2.343499924874229,2.0,0.15020249902178714,False,True,2,False,618
ZNF141,basal_to_ciliated,viper,2.342274888772768,3.0,0.18273123955245052,False,True,3,False,619
ZNF324B,basal_to_ciliated,viper,2.337421263091828,2.0,0.07573296749209038,False,True,2,False,620
ZFP62,basal_to_ciliated,viper,2.327130352820217,3.0,0.21324021147604777,False,True,3,False,621
SNAPC5,basal_to_ciliated,viper,2.3074575263450066,2.0,0.15340956267071995,False,True,2,False,622
ZBTB14,basal_to_ciliated,viper,2.3056698329706435,2.0,0.08714969229056117,False,True,2,False,623
NR1D2,basal_to_ciliated,viper,2.3019591914199347,3.0,0.22323150218527057,False,True,3,False,624
ZNF574,basal_to_ciliated,viper,2.29206359154097,3.0,0.003220232680824283,False,True,3,False,625
ZNF550,basal_to_ciliated,viper,2.284671671773406,3.0,0.20536696484076317,False,True,3,False,626
GATAD2B,basal_to_ciliated,viper,2.2754390082847373,3.0,0.11689992310144443,False,True,3,False,627
PHF20,basal_to_ciliated,viper,2.26881674639825,3.0,0.18955536346525373,False,True,3,False,628
ZNF579,basal_to_ciliated,viper,2.2585370978332975,3.0,0.14116457426846618,False,True,3,False,629
ZNF827,basal_to_ciliated,viper,2.2530442026678426,3.0,0.17460971732372707,False,True,3,False,630
ZGPAT,basal_to_ciliated,viper,2.2455444682128394,3.0,0.19094809824935527,False,True,3,False,631
ZNF276,basal_to_ciliated,viper,2.232063914702084,3.0,0.12531230638111276,False,True,3,False,632
CREBZF,basal_to_ciliated,viper,2.2299220869732164,3.0,0.16823335807208914,False,True,3,False,633
KIN,basal_to_ciliated,viper,2.2225902072178805,3.0,0.0046834099500391154,False,True,3,False,634
ZNF75A,basal_to_ciliated,viper,2.208615161800468,3.0,0.18975036597074507,False,True,3,False,635
NPAS2,basal_to_ciliated,viper,2.2074787570683925,3.0,0.2155849629110422,False,True,3,False,636
CC2D1A,basal_to_ciliated,viper,2.199782142278041,2.0,0.1305480706726559,False,True,2,False,637
ZBTB45,basal_to_ciliated,viper,2.168790723439353,3.0,0.22271862740464574,False,True,3,False,638
ZNF112,basal_to_ciliated,viper,2.147669103158254,2.0,0.15718186941623333,False,True,2,False,639
MYT1L,basal_to_ciliated,viper,2.1375659032889547,3.0,0.18746978047265397,False,True,3,False,640
RBAK,basal_to_ciliated,viper,2.1345533700139225,3.0,0.22266038194004986,False,True,3,False,641
ATF6,basal_to_ciliated,viper,2.126714398803638,3.0,0.18073828209497997,False,True,3,False,642
MEF2D,basal_to_ciliated,viper,2.1160318914740026,3.0,0.18598039964657645,False,True,3,False,643
ZNF790,basal_to_ciliated,viper,2.1072512402260735,3.0,0.194557331057229,False,True,3,False,644
RXRB,basal_to_ciliated,viper,2.086695607767413,3.0,0.21444059634276802,False,True,3,False,645
FOXJ3,basal_to_ciliated,viper,2.085050715320637,3.0,0.1553193204268358,False,True,3,False,646
SCX,basal_to_ciliated,viper,2.077856788107914,1.0,0.06641599984140929,False,True,1,False,647
SIX5,basal_to_ciliated,viper,2.0771583431074903,5.0,0.09374254201791399,True,False,5,False,648
ZNF852,basal_to_ciliated,viper,2.0671826769228367,2.0,0.12767185289824054,False,True,2,False,649
ZFP69,basal_to_ciliated,viper,2.0653098627388236,2.0,0.1388041480774839,False,True,2,False,650
MSANTD4,basal_to_ciliated,viper,2.0432657377703762,2.0,0.15534348245808796,False,True,2,False,651
ZNF534,basal_to_ciliated,viper,2.025365565274434,2.0,0.14488672931429059,False,True,2,False,652
POU6F2,basal_to_ciliated,viper,1.9986483054857491,3.0,0.2104023484742079,False,True,3,False,653
ZNF680,basal_to_ciliated,viper,1.9968591282295303,3.0,0.22602584055812167,False,True,3,False,654
IRF1,basal_to_ciliated,viper,1.9956988919312135,6.0,0.3555728216273061,True,True,6,True,655
ZNF12,basal_to_ciliated,viper,1.9875224913054772,3.0,0.3015210568502639,False,True,3,False,656
ZNF212,basal_to_ciliated,viper,1.950750045476087,3.0,0.1869006153175886,False,True,3,False,657
ZNF43,basal_to_ciliated,viper,1.9357964775114318,3.0,0.22546113753921646,False,True,3,False,658
PRDM4,basal_to_ciliated,viper,1.8942673013039188,3.0,0.1629268471489039,False,True,3,False,659
MTERF2,basal_to_ciliated,viper,1.8742200675038665,2.0,0.17538967346125078,False,True,2,False,660
ZSCAN21,basal_to_ciliated,viper,1.8502969513790921,3.0,0.20564664038353891,False,True,3,False,661
SON,basal_to_ciliated,viper,1.8443090528097903,2.0,0.2133429628930964,False,True,2,False,662
CTCFL,basal_to_ciliated,viper,1.8386182846052919,5.0,0.10818001258650796,True,True,5,True,663
HIC2,basal_to_ciliated,viper,1.8337124113393377,3.0,0.010316624189974428,False,True,3,False,664
ZNF395,basal_to_ciliated,viper,1.816080898089114,3.0,0.3479866491495311,False,True,3,False,665
IKZF1,basal_to_ciliated,viper,1.809867258673561,6.0,0.3599954402723177,True,True,6,True,666
ZBTB17,basal_to_ciliated,viper,1.8076827629279886,3.0,0.2665405521173638,False,True,3,False,667
RFX7,basal_to_ciliated,viper,1.8022435979761047,3.0,0.2800251346263856,False,True,3,False,668
ZNF419,basal_to_ciliated,viper,1.7989426028561493,3.0,0.30342331838110254,False,True,3,False,669
TFCP2,basal_to_ciliated,viper,1.7830044912185494,3.0,0.275007637477065,False,True,3,False,670
ZNF701,basal_to_ciliated,viper,1.7719308482666178,3.0,0.3370580484424092,False,True,3,False,671
ZNF335,basal_to_ciliated,viper,1.763028216478154,3.0,0.2575835595979301,False,True,3,False,672
ZNF267,basal_to_ciliated,viper,1.6981526880859248,3.0,0.312182641427923,False,True,3,False,673
EOMES,basal_to_ciliated,viper,1.6785141227902043,5.0,0.3376637917268961,True,True,5,True,674
FBXL19,basal_to_ciliated,viper,1.6774914714499034,2.0,0.28717832616483335,False,True,2,False,675
RREB1,basal_to_ciliated,viper,1.6544361361979238,3.0,0.09535633188687827,False,True,3,False,676
SAFB,basal_to_ciliated,viper,1.6348942747104767,2.0,0.3076524861304413,False,True,2,False,677
SP140L,basal_to_ciliated,viper,1.6147270672166592,2.0,0.2915774589867912,False,True,2,False,678
FOXC1,basal_to_ciliated,viper,1.5937882942330752,3.0,0.3026995557979715,False,True,3,False,679
ZNF253,basal_to_ciliated,viper,1.5766872885532064,3.0,0.2921570356626042,False,True,3,False,680
ZNF286A,basal_to_ciliated,viper,1.5766500523076497,3.0,0.3786330313409271,False,True,3,False,681
CDC5L,basal_to_ciliated,viper,1.5743611609313601,3.0,0.3788908689373414,False,True,3,False,682
ZNF841,basal_to_ciliated,viper,1.5556869310903931,3.0,0.3391885605455899,False,True,3,False,683
FOXN2,basal_to_ciliated,viper,1.5551005196565666,3.0,0.3739859833645688,False,True,3,False,684
SPEN,basal_to_ciliated,viper,1.5485770981545406,2.0,0.2669986649812475,False,True,2,False,685
NFATC3,basal_to_ciliated,viper,1.5094283510420972,3.0,0.4242420040294149,False,True,3,False,686
IRX2,basal_to_ciliated,viper,1.5041970127302957,3.0,0.3121476274528118,False,True,3,False,687
ZBTB11,basal_to_ciliated,viper,1.4787777554921038,4.0,0.2824655415762031,True,True,4,True,688
ZNF678,basal_to_ciliated,viper,1.4712007735487445,3.0,0.4132696258465369,False,True,3,False,689
ZBED4,basal_to_ciliated,viper,1.4689030155231255,3.0,0.19998574994591303,False,True,3,False,690
ZNF2,basal_to_ciliated,viper,1.452617667572194,2.0,0.255305058498056,False,True,2,False,691
ZNF140,basal_to_ciliated,viper,1.4430392208177167,3.0,0.2807085210213835,False,True,3,False,692
ZNF410,basal_to_ciliated,viper,1.4281654069067007,3.0,0.3873173156260566,False,True,3,False,693
ZNF7,basal_to_ciliated,viper,1.4084930136469531,3.0,0.12847644533054942,False,True,3,False,694
ERF,basal_to_ciliated,viper,1.3906749158016054,3.0,0.36518444163178543,False,True,3,False,695
ZNF136,basal_to_ciliated,viper,1.3686562633032948,3.0,0.39585576174579706,False,True,3,False,696
ZNF304,basal_to_ciliated,viper,1.3570521851494364,3.0,0.4283646884662659,False,True,3,False,697
THRB,basal_to_ciliated,viper,1.353039314750283,3.0,0.371228212386527,False,True,3,False,698
ZNF773,basal_to_ciliated,viper,1.3519331353723545,3.0,0.04254792726719992,False,True,3,False,699
NAIF1,basal_to_ciliated,viper,1.344587786236334,2.0,0.4139014103438963,False,True,2,False,700
KMT2B,basal_to_ciliated,viper,1.3377666292849821,2.0,0.406715656883304,True,True,2,True,701
BAZ2A,basal_to_ciliated,viper,1.336303121051184,3.0,0.4430765137168209,False,True,3,False,702
ZNF708,basal_to_ciliated,viper,1.3096691473713433,3.0,0.47820482544036835,False,True,3,False,703
OLIG1,basal_to_ciliated,viper,1.3096244908999348,3.0,0.40459299762333056,False,True,3,False,704
TCF12,basal_to_ciliated,viper,1.2809608612097352,5.0,0.20385603093832808,True,True,5,True,705
TSHZ1,basal_to_ciliated,viper,1.2502080550956676,3.0,0.2192020938684124,False,True,3,False,706
FLI1,basal_to_ciliated,viper,1.2380218247195134,6.0,0.5668883090277944,True,True,6,True,707
DPRX,basal_to_ciliated,viper,1.2028800188126212,3.0,0.47050476351224835,False,True,3,False,708
MYSM1,basal_to_ciliated,viper,1.2024355956809554,3.0,0.5032457687909295,False,True,3,False,709
ZNF613,basal_to_ciliated,viper,1.183869047842303,3.0,0.42224603423255613,False,True,3,False,710
ZNF865,basal_to_ciliated,viper,1.130380886211096,2.0,0.41568486382898623,False,True,2,False,711
EBF4,basal_to_ciliated,viper,1.1240558941889083,3.0,0.5203464761212763,False,True,3,False,712
ZFY,basal_to_ciliated,viper,1.1061312742474552,3.0,0.4793054083515536,False,True,3,False,713
ZNF347,basal_to_ciliated,viper,1.0854383177309528,3.0,0.37427890628317995,False,True,3,False,714
NFIX,basal_to_ciliated,viper,1.0742644552906122,3.0,0.4251029636343053,False,True,3,False,715
ZNF311,basal_to_ciliated,viper,1.0534948369785149,3.0,0.33394208647950135,False,True,3,False,716
ZNF189,basal_to_ciliated,viper,1.0406598329781584,3.0,0.22393149867642076,False,True,3,False,717
INSM1,basal_to_ciliated,viper,1.036738028839196,3.0,0.09793903949060868,False,True,3,False,718
SGSM2,basal_to_ciliated,viper,1.013222309845489,2.0,0.5252856745921491,False,True,2,False,719
ZNF148,basal_to_ciliated,viper,0.9781321718132525,3.0,0.5586433990793568,False,True,3,False,720
BATF2,basal_to_ciliated,viper,0.9749176536730959,3.0,0.6335736093679554,False,True,3,False,721
GATAD2A,basal_to_ciliated,viper,0.9571176116151547,3.0,0.6117120674369507,False,True,3,False,722
SPIB,basal_to_ciliated,viper,0.9520877213145956,4.0,0.28858029729707896,True,True,4,True,723
HELT,basal_to_ciliated,viper,0.9451996393969935,3.0,0.5903987464647249,False,True,3,False,724
FOXD2,basal_to_ciliated,viper,0.940691179001308,3.0,0.06958022749718282,False,True,3,False,725
ZNF260,basal_to_ciliated,viper,0.9378350980948504,3.0,0.5407278854200664,False,True,3,False,726
ZNF718,basal_to_ciliated,viper,0.9302889468996943,3.0,0.4909063675116454,False,True,3,False,727
ZNF800,basal_to_ciliated,viper,0.9179333229852301,3.0,0.5911207010686667,False,True,3,False,728
TTF1,basal_to_ciliated,viper,0.8764794906860852,2.0,0.592149884331428,False,True,2,False,729
ZNF625,basal_to_ciliated,viper,0.843792308911941,3.0,0.38468603245857025,False,True,3,False,730
ZNF682,basal_to_ciliated,viper,0.814176791882415,3.0,0.689680456753054,False,True,3,False,731
ASH1L,basal_to_ciliated,viper,0.7957823325854162,3.0,0.4247792566316113,False,True,3,False,732
PLAGL2,basal_to_ciliated,viper,0.7878655658502783,3.0,0.3412993725252513,False,True,3,False,733
ZNF672,basal_to_ciliated,viper,0.7273910868245455,3.0,0.5267123394972903,False,True,3,False,734
GATA6,basal_to_ciliated,viper,0.7024663129163932,5.0,0.26493344309968714,True,True,5,True,735
ZNF540,basal_to_ciliated,viper,0.6892332178197104,3.0,0.7276997786105307,False,True,3,False,736
ZXDB,basal_to_ciliated,viper,0.6890083465240574,3.0,0.6880580199334041,False,True,3,False,737
RBCK1,basal_to_ciliated,viper,0.6867528141189858,2.0,0.5273894917278038,False,True,2,False,738
HOXC8,basal_to_ciliated,viper,0.6767104803912374,3.0,0.7230235715038346,False,True,3,False,739
DNMT1,basal_to_ciliated,viper,0.6727068777927033,2.0,0.30342331838110254,False,True,2,False,740
ZNF785,basal_to_ciliated,viper,0.6461616960477164,2.0,0.6995245276629574,False,True,2,False,741
ZNF761,basal_to_ciliated,viper,0.6139970463012527,3.0,0.7380647947233201,False,True,3,False,742
LIN54,basal_to_ciliated,viper,0.5868234140172198,2.0,0.642708076684328,False,True,2,False,743
ZNF174,basal_to_ciliated,viper,0.5820938713902656,3.0,0.4564533721917751,False,True,3,False,744
SOX18,basal_to_ciliated,viper,0.5636252034535265,3.0,0.769182771587656,False,True,3,False,745
SMAD1,basal_to_ciliated,viper,0.5523737543242575,5.0,0.27757336097286184,True,True,5,True,746
ZNF283,basal_to_ciliated,viper,0.5425176385451884,3.0,0.34722597290521007,False,True,3,False,747
TRAFD1,basal_to_ciliated,viper,0.5169806068629043,3.0,0.397165196595177,False,True,3,False,748
IRF8,basal_to_ciliated,viper,0.5104473755318717,4.0,0.6338561471856078,False,True,4,False,749
IKZF5,basal_to_ciliated,viper,0.49964908465928515,3.0,0.8035126317407633,False,True,3,False,750
PURB,basal_to_ciliated,viper,0.43117469744773274,2.0,0.7879556298483372,False,True,2,False,751
ZNF813,basal_to_ciliated,viper,0.3946781014269443,2.0,0.04760061431898043,False,True,2,False,752
ZNF787,basal_to_ciliated,viper,0.3859697253337254,3.0,0.8471473880478733,False,True,3,False,753
ZNF566,basal_to_ciliated,viper,0.35923007014016695,3.0,0.520715741200395,False,True,3,False,754
ZNF730,basal_to_ciliated,viper,0.31630009556526667,2.0,0.8072958648886552,False,True,2,False,755
ZNF207,basal_to_ciliated,viper,0.31626335611476586,4.0,0.04063385000907646,True,False,4,False,756
SP2,basal_to_ciliated,viper,0.3098709626107262,5.0,0.5643762721792162,True,True,5,True,757
ATOH7,basal_to_ciliated,viper,0.30762431474519286,3.0,0.6943523621935115,False,True,3,False,758
ZNF181,basal_to_ciliated,viper,0.2916002622210592,3.0,0.6631779668645416,False,True,3,False,759
MXD3,basal_to_ciliated,viper,0.28586558169699,3.0,0.09732123594695166,False,True,3,False,760
ZNF45,basal_to_ciliated,viper,0.236482747263575,3.0,0.4422850478018812,False,True,3,False,761
ZNF784,basal_to_ciliated,viper,0.23094603809613307,3.0,0.3418978585097936,False,True,3,False,762
SMAD5,basal_to_ciliated,viper,0.18837369398109216,4.0,0.35615904632687956,True,True,4,True,763
ZNF134,basal_to_ciliated,viper,0.1669564784737334,3.0,0.6314735756202732,False,True,3,False,764
SP3,basal_to_ciliated,viper,0.16457160176029584,3.0,0.37743778580051807,False,True,3,False,765
DOT1L,basal_to_ciliated,viper,0.16333796470493558,3.0,0.4179922773722766,False,True,3,False,766
ZNF557,basal_to_ciliated,viper,0.16223366436839481,3.0,0.3919745825410538,False,True,3,False,767
SP4,basal_to_ciliated,viper,0.1589220081513128,5.0,0.5680250794626048,True,True,5,True,768
ZNF707,basal_to_ciliated,viper,0.14535714533878824,3.0,0.14098093122163394,False,True,3,False,769
ZNF317,basal_to_ciliated,viper,0.11976133557694311,3.0,0.6826385040627782,False,True,3,False,770
ZNF644,basal_to_ciliated,viper,0.09674412007655564,4.0,0.5631532915838193,True,True,4,True,771
TET2,basal_to_ciliated,viper,0.07828901653869033,2.0,0.5691552817891453,False,True,2,False,772
TBX4,basal_to_ciliated,viper,0.05118088267488634,3.0,0.07191058878296869,False,True,3,False,773
ZBTB21,basal_to_ciliated,viper,0.02148343114003089,2.0,0.35391635128418425,False,True,2,False,774
ZBTB9,basal_to_ciliated,viper,0.014292734528019727,3.0,0.06666522122015434,False,True,3,False,775
KLF17,basal_to_ciliated,viper,0.014158408033435757,3.0,0.6947387221793385,False,True,3,False,776
ZKSCAN4,basal_to_ciliated,viper,0.009666984911344614,3.0,0.33433421879301567,False,True,3,False,777
ZBTB1,basal_to_ciliated,viper,0.008609412813806252,3.0,0.47820482544036835,False,True,3,False,778
ZNF107,basal_to_ciliated,viper,0.001936381654630994,3.0,0.8090555206998776,False,True,3,False,779
ZNF217,basal_to_ciliated,viper,-0.011135393616957211,6.0,0.191532935918218,True,True,6,True,780
JUND,basal_to_ciliated,viper,-0.018342685644428442,6.0,0.5739184219861314,True,True,6,True,781
ZNF365,basal_to_ciliated,viper,-0.07794885554367316,3.0,0.10691250729449518,False,True,3,False,782
ARHGAP35,basal_to_ciliated,viper,-0.1735622331889151,2.0,0.758149946621902,False,True,2,False,783
ZNF845,basal_to_ciliated,viper,-0.17516943169094915,3.0,0.3849725454277795,False,True,3,False,784
CTCF,basal_to_ciliated,viper,-0.19612254733537457,6.0,0.09578613337112045,True,False,6,False,785
ZNF354A,basal_to_ciliated,viper,-0.1967740719495022,3.0,0.22746060384060773,False,True,3,False,786
ZNF524,basal_to_ciliated,viper,-0.21571788969425665,3.0,0.6762822537641453,False,True,3,False,787
ZNF879,basal_to_ciliated,viper,-0.23933293225892655,2.0,0.8967542317713528,False,True,2,False,788
ZNF777,basal_to_ciliated,viper,-0.2580722587938437,3.0,0.5578633673068222,False,True,3,False,789
MAFG,basal_to_ciliated,viper,-0.2590992458829685,4.0,0.19241428003245778,True,True,4,True,790
HOXA11,basal_to_ciliated,viper,-0.3278824102273183,3.0,0.7836034826971852,False,True,3,False,791
ZNF547,basal_to_ciliated,viper,-0.33414202694420503,3.0,0.5860425619338792,False,True,3,False,792
ZNF468,basal_to_ciliated,viper,-0.33986710927426467,3.0,0.6239919674681003,False,True,3,False,793
FLYWCH1,basal_to_ciliated,viper,-0.3590679791484925,2.0,0.8417292861279412,False,False,2,False,794
ZNF354B,basal_to_ciliated,viper,-0.38468787577773,3.0,0.40438811259648716,False,True,3,False,795
ELF4,basal_to_ciliated,viper,-0.38605020333237106,3.0,0.39925532255115037,False,True,3,False,796
ZBTB39,basal_to_ciliated,viper,-0.3961978618416288,3.0,0.3222209037001073,False,True,3,False,797
E2F7,basal_to_ciliated,viper,-0.40198700297549655,5.0,0.001232997263637635,True,False,5,False,798
ZNF14,basal_to_ciliated,viper,-0.4566058440310447,3.0,0.7831956179569954,False,False,3,False,799
EBF2,basal_to_ciliated,viper,-0.522642394524116,2.0,0.3971366962221131,False,True,2,False,800
ZNF133,basal_to_ciliated,viper,-0.5563131779608378,3.0,0.6025620319736777,False,True,3,False,801
ZBED6,basal_to_ciliated,viper,-0.5625408098846247,1.0,0.6459410143944683,False,False,1,False,802
MLXIPL,basal_to_ciliated,viper,-0.565849216482393,3.0,0.6826385040627782,False,True,3,False,803
NHLH2,basal_to_ciliated,viper,-0.5968075395525535,3.0,0.369924434963303,False,True,3,False,804
LMX1B,basal_to_ciliated,viper,-0.6128662611172913,3.0,0.255906225794357,False,True,3,False,805
ZNF805,basal_to_ciliated,viper,-0.6441749378548283,3.0,0.11051122294291742,False,True,3,False,806
ZNF18,basal_to_ciliated,viper,-0.661464661413153,3.0,0.349804244263302,False,True,3,False,807
ZNF615,basal_to_ciliated,viper,-0.6646042925453546,3.0,0.7372626791799555,False,False,3,False,808
ZNF346,basal_to_ciliated,viper,-0.680024414813742,3.0,0.13648639654353187,False,True,3,False,809
KCMF1,basal_to_ciliated,viper,-0.8018003607684597,3.0,0.4967072180854768,False,True,3,False,810
ZNF628,basal_to_ciliated,viper,-0.8380503239530812,3.0,0.2898446271841334,False,True,3,False,811
TIGD3,basal_to_ciliated,viper,-0.8620958372665888,3.0,0.10249396799861703,False,True,3,False,812
BBX,basal_to_ciliated,viper,-0.9054417635946034,3.0,0.18274282359481417,False,True,3,False,813
ZNF227,basal_to_ciliated,viper,-0.9100930112829849,3.0,0.5594846096426804,False,True,3,False,814
LEF1,basal_to_ciliated,viper,-0.9233222468836106,4.0,0.14582985918290603,False,True,4,False,815
ZNF322,basal_to_ciliated,viper,-0.9293959431291196,2.0,0.589242622501077,False,False,2,False,816
ZNF654,basal_to_ciliated,viper,-0.9410604541344534,3.0,0.3983995812734523,False,True,3,False,817
HOMEZ,basal_to_ciliated,viper,-0.9919856415148808,3.0,0.020965452556686828,False,True,3,False,818
ZNF250,basal_to_ciliated,viper,-0.9927698041990497,3.0,0.1890992248842596,False,True,3,False,819
AHDC1,basal_to_ciliated,viper,-1.0031255002628563,3.0,0.09958871768115368,False,True,3,False,820
ZNF350,basal_to_ciliated,viper,-1.0043922468323987,3.0,0.6101085078723769,False,True,3,False,821
ZNF573,basal_to_ciliated,viper,-1.0180583575826556,3.0,0.5655259556177794,False,False,3,False,822
ZNF326,basal_to_ciliated,viper,-1.0235692325005996,3.0,0.28988915097132756,False,True,3,False,823
CHAMP1,basal_to_ciliated,viper,-1.0276885434077927,2.0,0.503043149586564,False,False,2,False,824
ASCL5,basal_to_ciliated,viper,-1.0308588335158488,2.0,0.48833452787564985,False,False,2,False,825
ZHX3,basal_to_ciliated,viper,-1.0447362122928026,3.0,0.44710893527293877,False,True,3,False,826
ZNF823,basal_to_ciliated,viper,-1.057152071292943,3.0,0.37688764966884597,False,True,3,False,827
TFEC,basal_to_ciliated,viper,-1.0655946054930936,3.0,0.504386435565915,False,False,3,False,828
RBPJ,basal_to_ciliated,viper,-1.078978515601875,5.0,0.39239195145398936,True,True,5,True,829
CHCHD3,basal_to_ciliated,viper,-1.083155582269657,2.0,0.4503281864387587,False,False,2,False,830
CGGBP1,basal_to_ciliated,viper,-1.089645605225225,2.0,0.4648180483002038,False,False,2,False,831
ZNF577,basal_to_ciliated,viper,-1.1140897806311003,3.0,0.5230819784436228,False,False,3,False,832
AKAP8,basal_to_ciliated,viper,-1.115603211270287,3.0,0.11281267926481242,False,True,3,False,833
ZNF280C,basal_to_ciliated,viper,-1.1194744853832483,3.0,0.5509753823074773,False,False,3,False,834
ZNF79,basal_to_ciliated,viper,-1.1271388674217466,3.0,0.47050476351224835,False,False,3,False,835
ZNF696,basal_to_ciliated,viper,-1.192613308994438,3.0,0.4253081509752844,False,True,3,False,836
ZNF525,basal_to_ciliated,viper,-1.2182512673575332,2.0,0.3604515515461086,False,True,2,False,837
GLI4,basal_to_ciliated,viper,-1.263298586767063,2.0,0.3757401122757617,False,False,2,False,838
ZBTB12,basal_to_ciliated,viper,-1.2759577792393026,3.0,0.4283184144271665,False,False,3,False,839
ZNF284,basal_to_ciliated,viper,-1.2941106200882873,3.0,0.322835657273192,False,True,3,False,840
ALX1,basal_to_ciliated,viper,-1.3333828822107567,3.0,0.35842443811867075,False,True,3,False,841
ZBTB49,basal_to_ciliated,viper,-1.3760065643484383,2.0,0.31853955422993857,False,False,2,False,842
THAP12,basal_to_ciliated,viper,-1.4149229147662652,2.0,0.30342331838110254,False,False,2,False,843
ATF5,basal_to_ciliated,viper,-1.4194219948754938,3.0,0.10548106441017498,False,True,3,False,844
GLMP,basal_to_ciliated,viper,-1.4355420613591174,2.0,0.312182641427923,False,False,2,False,845
GFI1B,basal_to_ciliated,viper,-1.4470049947615407,5.0,0.41839950556120686,False,False,5,False,846
L3MBTL4,basal_to_ciliated,viper,-1.454364339092232,2.0,0.30245574579843215,False,False,2,False,847
TFDP1,basal_to_ciliated,viper,-1.4588680323462369,4.0,0.009347354098623153,True,False,4,False,848
HSFX1,basal_to_ciliated,viper,-1.469237626366734,2.0,0.30245574579843215,False,True,2,False,849
TERB1,basal_to_ciliated,viper,-1.4718301373303089,2.0,0.28795048153943337,False,False,2,False,850
ZHX1,basal_to_ciliated,viper,-1.4818090918064406,4.0,0.30959028701976815,False,True,4,False,851
HMGA2,basal_to_ciliated,viper,-1.4835363249347473,3.0,0.36015406129578303,False,True,3,False,852
SPI1,basal_to_ciliated,viper,-1.5046931907674865,6.0,0.482064120100627,False,True,6,False,853
CENPB,basal_to_ciliated,viper,-1.506327157578332,3.0,0.1671344744497052,False,True,3,False,854
NFAT5,basal_to_ciliated,viper,-1.5089944062155907,3.0,0.34965594592007193,False,True,3,False,855
HOXA6,basal_to_ciliated,viper,-1.5109455572712893,3.0,0.4040065531656917,False,False,3,False,856
ZNF426,basal_to_ciliated,viper,-1.5365451368657923,3.0,0.2097801768703742,False,True,3,False,857
SKIL,basal_to_ciliated,viper,-1.5611909379252575,3.0,0.3216313612110109,False,True,3,False,858
NEUROD1,basal_to_ciliated,viper,-1.5984462923735268,4.0,0.4181465519322065,False,False,4,False,859
ZXDA,basal_to_ciliated,viper,-1.612823585140784,3.0,0.2347051573776913,False,True,3,False,860
NFE4,basal_to_ciliated,viper,-1.6181795182195762,1.0,0.16681522357280826,False,False,1,False,861
ZNF565,basal_to_ciliated,viper,-1.6259432178872093,3.0,0.3216197549270363,False,False,3,False,862
EN2,basal_to_ciliated,viper,-1.6301328549159535,3.0,0.11660568022764604,False,True,3,False,863
CIC,basal_to_ciliated,viper,-1.6387870619118736,3.0,0.08845994141896138,False,True,3,False,864
IRF4,basal_to_ciliated,viper,-1.6419556009040417,5.0,0.396676019126647,False,False,5,False,865
NR4A3,basal_to_ciliated,viper,-1.6708814469869115,3.0,0.26853316873727,False,False,3,False,866
ZNF366,basal_to_ciliated,viper,-1.6739137794576677,3.0,0.27228514551941124,False,False,3,False,867
MEIS1,basal_to_ciliated,viper,-1.6792234950059697,5.0,0.0963268211248946,True,True,5,True,868
BHLHA15,basal_to_ciliated,viper,-1.6909878753542202,2.0,0.2759264478046015,False,False,2,False,869
CREB3L2,basal_to_ciliated,viper,-1.6969693605603673,3.0,0.30342331838110254,False,False,3,False,870
NANOGNB,basal_to_ciliated,viper,-1.7046531047759756,2.0,0.3001200961436231,False,False,2,False,871
ZBTB7C,basal_to_ciliated,viper,-1.7153555493715178,3.0,0.0045858488892659525,False,True,3,False,872
ZNF728,basal_to_ciliated,viper,-1.7255377378545496,2.0,0.19853229197924996,False,True,2,False,873
ZNF589,basal_to_ciliated,viper,-1.7611023261281138,4.0,0.06856443804178657,True,True,4,True,874
ZNF888,basal_to_ciliated,viper,-1.8021166247101843,1.0,0.120916692399035,False,False,1,False,875
ZNF582,basal_to_ciliated,viper,-1.805372203660306,3.0,0.26555171905382585,False,True,3,False,876
ZNF526,basal_to_ciliated,viper,-1.825727966691801,3.0,0.14158995448188688,False,True,3,False,877
ZNF598,basal_to_ciliated,viper,-1.8463590399642624,3.0,0.2530216357682404,False,False,3,False,878
ZNF567,basal_to_ciliated,viper,-1.849990260228219,3.0,0.3310603565595381,False,True,3,False,879
ZNF221,basal_to_ciliated,viper,-1.8696363639584441,3.0,0.21902843896205432,False,False,3,False,880
SKI,basal_to_ciliated,viper,-1.9325644530585675,2.0,0.22860693237027194,False,False,2,False,881
AEBP2,basal_to_ciliated,viper,-1.9580103096339068,3.0,0.1998530011632989,False,False,3,False,882
ZNF683,basal_to_ciliated,viper,-1.9839718421651684,3.0,0.2460166907253969,False,True,3,False,883
ZNF223,basal_to_ciliated,viper,-1.984565671883613,3.0,0.194557331057229,False,False,3,False,884
ZNF835,basal_to_ciliated,viper,-1.9989575592786832,3.0,0.27448414655636694,False,False,3,False,885
ZNF480,basal_to_ciliated,viper,-2.0029073037434455,3.0,0.04726574211003634,False,True,3,False,886
ZNF501,basal_to_ciliated,viper,-2.0042067193236828,3.0,0.27899390100561494,False,False,3,False,887
ZNF831,basal_to_ciliated,viper,-2.0259498631749127,3.0,0.26872286708268955,False,False,3,False,888
WIZ,basal_to_ciliated,viper,-2.049686133959489,3.0,0.255305058498056,False,False,3,False,889
PRDM16,basal_to_ciliated,viper,-2.06208292303217,4.0,0.3092370083866327,True,True,4,True,890
TBX21,basal_to_ciliated,viper,-2.0970317883739105,4.0,0.1580635441298184,False,False,4,False,891
IKZF3,basal_to_ciliated,viper,-2.1213043365337483,3.0,0.2511735228600849,False,False,3,False,892
INSM2,basal_to_ciliated,viper,-2.1363916073461615,3.0,0.18751393856921614,False,False,3,False,893
ZNF460,basal_to_ciliated,viper,-2.144417283285549,3.0,0.05014280710873207,False,True,3,False,894
TGIF1,basal_to_ciliated,viper,-2.146083553419548,3.0,0.049201254445282304,False,True,3,False,895
MLX,basal_to_ciliated,viper,-2.148220760524352,3.0,0.14254295576694362,False,False,3,False,896
ZNF74,basal_to_ciliated,viper,-2.1915982478275726,3.0,0.17958495445763895,False,False,3,False,897
ZNF17,basal_to_ciliated,viper,-2.1995581207171444,3.0,0.18729846927035598,False,False,3,False,898
ZNF41,basal_to_ciliated,viper,-2.2022616482795994,3.0,0.14211650291408245,False,False,3,False,899
ZNF587B,basal_to_ciliated,viper,-2.207993022524465,2.0,0.10126540146363754,False,True,2,False,900
HSF4,basal_to_ciliated,viper,-2.255479851059933,3.0,0.09413109126086817,False,True,3,False,901
KLF15,basal_to_ciliated,viper,-2.2673994086370026,3.0,0.1758508952786494,False,False,3,False,902
ZNF655,basal_to_ciliated,viper,-2.267561566791539,3.0,0.14994758237602426,False,False,3,False,903
FOXP4,basal_to_ciliated,viper,-2.2684635638167725,3.0,0.0930667766616815,False,True,3,False,904
ZNF202,basal_to_ciliated,viper,-2.2844813636197716,3.0,0.2027296332560413,False,False,3,False,905
ZNF639,basal_to_ciliated,viper,-2.293373438641076,4.0,0.005865079697891425,False,True,4,False,906
PLAG1,basal_to_ciliated,viper,-2.3694756463116446,3.0,0.14784155601189725,False,False,3,False,907
ZNF331,basal_to_ciliated,viper,-2.3707074688341487,3.0,0.1699798944152831,False,True,3,False,908
RAX2,basal_to_ciliated,viper,-2.385572600718457,3.0,0.161485467389226,False,True,3,False,909
RAG1,basal_to_ciliated,viper,-2.3919783103671914,3.0,0.12181427661287958,False,True,3,False,910
RFX8,basal_to_ciliated,viper,-2.4038435888783694,2.0,0.08840422346146186,False,False,2,False,911
FOXA3,basal_to_ciliated,viper,-2.407091922497059,3.0,0.16732621541794254,False,False,3,False,912
ZBTB16,basal_to_ciliated,viper,-2.414962053224529,4.0,0.14940892608189352,False,False,4,False,913
VENTX,basal_to_ciliated,viper,-2.4242901718147705,3.0,0.11660568022764604,False,False,3,False,914
CRX,basal_to_ciliated,viper,-2.436094283175613,4.0,0.08068398602310407,False,True,4,False,915
MESP1,basal_to_ciliated,viper,-2.4510438184005303,3.0,0.1758508952786494,False,False,3,False,916
SCML4,basal_to_ciliated,viper,-2.4660200468505895,3.0,0.10920935655087426,False,False,3,False,917
HLX,basal_to_ciliated,viper,-2.4856321687189293,3.0,0.13604818437141863,False,False,3,False,918
ZBTB43,basal_to_ciliated,viper,-2.5195341544918297,3.0,0.08032837197754569,False,False,3,False,919
SATB2,basal_to_ciliated,viper,-2.522741562433496,3.0,0.07967104071533512,False,True,3,False,920
REL,basal_to_ciliated,viper,-2.5443576395106455,3.0,0.10971969122178507,False,False,3,False,921
ZNF880,basal_to_ciliated,viper,-2.5580614354190754,2.0,0.06574547606331435,False,False,2,False,922
ZNF766,basal_to_ciliated,viper,-2.564907333372676,4.0,0.08742510766944557,False,True,4,False,923
ESR1,basal_to_ciliated,viper,-2.5740898174551186,6.0,0.23852644297859607,True,False,6,False,924
TLX2,basal_to_ciliated,viper,-2.579051173935496,3.0,0.12342033954277554,False,True,3,False,925
SRF,basal_to_ciliated,viper,-2.6437225805649103,6.0,0.12565419653879262,True,False,6,False,926
MTERF4,basal_to_ciliated,viper,-2.6447855272042253,2.0,0.051172232963404396,False,False,2,False,927
ZNF770,basal_to_ciliated,viper,-2.7500998507240535,3.0,0.08357907780453666,False,True,3,False,928
BACH1,basal_to_ciliated,viper,-2.7598182839414487,6.0,0.07755965462202327,False,True,6,False,929
HOXD1,basal_to_ciliated,viper,-2.770623610818343,3.0,0.08184385639739546,False,True,3,False,930
NFIL3,basal_to_ciliated,viper,-2.7717159198604606,3.0,0.05402296407853003,False,False,3,False,931
POU3F2,basal_to_ciliated,viper,-2.8192699624659463,4.0,0.10132255867435992,False,False,4,False,932
REXO4,basal_to_ciliated,viper,-2.848481412977181,2.0,0.03715867232233029,False,False,2,False,933
ADNP2,basal_to_ciliated,viper,-2.8707090371763315,3.0,0.05089696246330983,False,False,3,False,934
TCF7,basal_to_ciliated,viper,-2.8714271705895404,5.0,0.11660568022764604,False,True,5,False,935
HOXB3,basal_to_ciliated,viper,-2.8807487395447415,3.0,0.04976468871298162,False,False,3,False,936
ARNT2,basal_to_ciliated,viper,-2.890522804123714,3.0,0.06690393863025043,False,False,3,False,937
ZNF155,basal_to_ciliated,viper,-2.8909817567619904,3.0,0.04768646884810263,False,False,3,False,938
ZNF57,basal_to_ciliated,viper,-2.91396733042496,3.0,0.057010878452034404,False,True,3,False,939
NR2F2,basal_to_ciliated,viper,-2.928415351875578,5.0,0.09784969031934593,True,False,5,False,940
ZNF71,basal_to_ciliated,viper,-2.9488323255348763,3.0,0.1125706238977367,False,False,3,False,941
TFE3,basal_to_ciliated,viper,-2.9542772190895676,3.0,0.04666281558120737,False,False,3,False,942
ZNF705G,basal_to_ciliated,viper,-2.971052738384101,2.0,0.026670618985845482,False,False,2,False,943
DDIT3,basal_to_ciliated,viper,-2.9965065723277036,3.0,0.040520931472101035,False,False,3,False,944
ZNF543,basal_to_ciliated,viper,-3.002849924885051,3.0,0.03346479146356502,False,True,3,False,945
HMG20A,basal_to_ciliated,viper,-3.0071000387610027,3.0,0.044538503884786945,False,False,3,False,946
HOXC5,basal_to_ciliated,viper,-3.015367927074092,3.0,0.08184385639739546,False,False,3,False,947
MTERF1,basal_to_ciliated,viper,-3.040568982732925,2.0,0.035326732324423564,False,False,2,False,948
ZBTB5,basal_to_ciliated,viper,-3.0416015983637665,3.0,0.042843284250309435,False,True,3,False,949
ZNF648,basal_to_ciliated,viper,-3.051334005699448,3.0,0.03307055603862236,False,True,3,False,950
AHRR,basal_to_ciliated,viper,-3.0835986615149964,2.0,0.042867159363510314,False,True,2,False,951
JDP2,basal_to_ciliated,viper,-3.093863825099487,3.0,0.0322869308658463,False,False,3,False,952
MAFK,basal_to_ciliated,viper,-3.119291066896249,5.0,0.058593392996128014,False,False,5,False,953
FOXI2,basal_to_ciliated,viper,-3.126067125556233,3.0,0.011034740566388541,False,True,3,False,954
PCGF6,basal_to_ciliated,viper,-3.1365529720853425,3.0,0.03205001081838967,False,False,3,False,955
ALX4,basal_to_ciliated,viper,-3.1576845395098756,3.0,0.0330419958044568,False,False,3,False,956
ZNF837,basal_to_ciliated,viper,-3.1588883430221064,3.0,0.03540793801570858,False,False,3,False,957
MEF2C,basal_to_ciliated,viper,-3.175544833746964,5.0,0.18279998561098593,False,False,5,False,958
ZNF576,basal_to_ciliated,viper,-3.185404923356541,3.0,0.04003869097434266,False,True,3,False,959
ZNF580,basal_to_ciliated,viper,-3.189730939008571,3.0,0.07967104071533512,False,True,3,False,960
ZBTB8B,basal_to_ciliated,viper,-3.194253919190987,2.0,0.017302399005717655,False,False,2,False,961
ZNF697,basal_to_ciliated,viper,-3.195969773202829,3.0,0.060862760967035495,False,False,3,False,962
PRRX2,basal_to_ciliated,viper,-3.219841504997758,3.0,0.0828063449903034,False,False,3,False,963
TCF7L2,basal_to_ciliated,viper,-3.2266367878248934,6.0,0.09286686597611038,True,False,6,False,964
ZNF286B,basal_to_ciliated,viper,-3.236452671907311,2.0,0.02921846657472794,False,False,2,False,965
ZNF280B,basal_to_ciliated,viper,-3.2381497400845616,2.0,0.019904967358808638,False,False,2,False,966
YY2,basal_to_ciliated,viper,-3.2492282335084264,3.0,0.036521280230757396,False,False,3,False,967
ZFP69B,basal_to_ciliated,viper,-3.2675360017907296,2.0,0.01535562827075664,False,False,2,False,968
ZSCAN5B,basal_to_ciliated,viper,-3.2945226894636486,3.0,0.037536900882605806,False,True,3,False,969
ZBTB24,basal_to_ciliated,viper,-3.2984233948938457,3.0,0.0350749268345325,False,False,3,False,970
XBP1,basal_to_ciliated,viper,-3.311946809246921,4.0,0.024071114756238316,False,True,4,False,971
NR1I3,basal_to_ciliated,viper,-3.315526815127145,3.0,0.024339191406297703,False,False,3,False,972
ZNF114,basal_to_ciliated,viper,-3.318511473036977,3.0,0.02255419675126717,False,False,3,False,973
ZNF394,basal_to_ciliated,viper,-3.330161124065878,3.0,0.017855529561752893,False,False,3,False,974
ZNF385B,basal_to_ciliated,viper,-3.3326455786334104,3.0,0.030204840331224874,False,False,3,False,975
POGK,basal_to_ciliated,viper,-3.3482031669112438,3.0,0.01882872758045407,False,False,3,False,976
EEA1,basal_to_ciliated,viper,-3.361429513267102,3.0,0.03372340724706748,False,False,3,False,977
HOXB6,basal_to_ciliated,viper,-3.364342972237758,3.0,0.023682774004191245,False,False,3,False,978
ZBTB32,basal_to_ciliated,viper,-3.3689913228348067,3.0,0.03054492278791943,False,False,3,False,979
KLF6,basal_to_ciliated,viper,-3.3728839093654983,4.0,0.0591459820839661,False,False,4,False,980
MESP2,basal_to_ciliated,viper,-3.385119082933527,3.0,0.04043956118197586,False,False,3,False,981
NR1H2,basal_to_ciliated,viper,-3.4023143040397263,4.0,0.05134463298111258,False,False,4,False,982
MYPOP,basal_to_ciliated,viper,-3.403032468307516,2.0,0.03231116632005745,False,False,2,False,983
PBX2,basal_to_ciliated,viper,-3.419822219088996,4.0,0.0560623114136999,False,True,4,False,984
ZFP28,basal_to_ciliated,viper,-3.4210008908319995,3.0,0.00391392273155789,False,True,3,False,985
GCM1,basal_to_ciliated,viper,-3.4320780994777604,3.0,0.023983260126077422,False,False,3,False,986
KLF13,basal_to_ciliated,viper,-3.4392294384022115,4.0,0.07180454775203036,False,False,4,False,987
ZNF138,basal_to_ciliated,viper,-3.442691827088568,3.0,0.02497708452984389,False,False,3,False,988
E2F8,basal_to_ciliated,viper,-3.461837362482991,3.0,0.0435042669645356,False,True,3,False,989
ZZZ3,basal_to_ciliated,viper,-3.4634973756091996,5.0,0.052428101418485945,False,False,5,False,990
ZNF714,basal_to_ciliated,viper,-3.4775010122883883,3.0,0.03575375498814277,False,False,3,False,991
ZNF883,basal_to_ciliated,viper,-3.479437091104824,2.0,0.008174819056168495,False,False,2,False,992
CUX2,basal_to_ciliated,viper,-3.5303144354302374,3.0,0.011911962860588614,False,False,3,False,993
EMX2,basal_to_ciliated,viper,-3.531021845673754,3.0,0.04225409703264147,False,False,3,False,994
HOXD8,basal_to_ciliated,viper,-3.5382735316124676,3.0,0.025415548855767658,False,False,3,False,995
ZSCAN12,basal_to_ciliated,viper,-3.583117872205201,3.0,0.012826038967414556,False,False,3,False,996
ZNF502,basal_to_ciliated,viper,-3.5968056839599103,3.0,0.016878417826973476,False,False,3,False,997
ZIK1,basal_to_ciliated,viper,-3.6102232797899507,3.0,0.03586171919893607,False,True,3,False,998
ZFP1,basal_to_ciliated,viper,-3.6193366796561763,3.0,0.015270567206068097,False,True,3,False,999
ZNF583,basal_to_ciliated,viper,-3.62053119584898,3.0,0.0333038998682171,False,False,3,False,1000
GRHL1,basal_to_ciliated,viper,-3.631056566387326,3.0,0.043069148395215515,False,False,3,False,1001
ZNF385D,basal_to_ciliated,viper,-3.631802077528618,3.0,0.021463578749327916,False,True,3,False,1002
ZNF80,basal_to_ciliated,viper,-3.6409274101212894,3.0,0.031781691926327904,False,False,3,False,1003
ZNF669,basal_to_ciliated,viper,-3.655167643732116,3.0,0.02790578731770956,False,False,3,False,1004
THAP3,basal_to_ciliated,viper,-3.6590463498785346,3.0,0.04204734254605294,False,False,3,False,1005
ZNF706,basal_to_ciliated,viper,-3.670678053592853,3.0,0.025159285651365597,False,False,3,False,1006
FOXI1,basal_to_ciliated,viper,-3.6950526671877255,3.0,0.01929188793127654,False,False,3,False,1007
ZNF792,basal_to_ciliated,viper,-3.6952339500349027,3.0,0.00843827804937427,False,False,3,False,1008
SCMH1,basal_to_ciliated,viper,-3.699789517410228,2.0,0.006083403325902037,False,False,2,False,1009
ZNF530,basal_to_ciliated,viper,-3.702499050130921,3.0,0.01231118155368766,False,True,3,False,1010
ZNF423,basal_to_ciliated,viper,-3.715673434530823,3.0,0.012179627305999753,False,False,3,False,1011
DMBX1,basal_to_ciliated,viper,-3.71907380113777,3.0,0.0014555585728916105,False,True,3,False,1012
NANOG,basal_to_ciliated,viper,-3.729123805521189,6.0,0.03235466939061795,False,True,6,False,1013
EN1,basal_to_ciliated,viper,-3.7425990196553993,3.0,0.013229667911524726,False,False,3,False,1014
CSRNP1,basal_to_ciliated,viper,-3.7480382610958705,2.0,0.017952374774753525,False,False,2,False,1015
PPARA,basal_to_ciliated,viper,-3.7537976192554945,3.0,0.019166887954325328,False,True,3,False,1016
GCM2,basal_to_ciliated,viper,-3.762411136149472,3.0,0.043069148395215515,False,False,3,False,1017
CAMTA2,basal_to_ciliated,viper,-3.772508819322692,3.0,0.013925611223442226,False,False,3,False,1018
KLF7,basal_to_ciliated,viper,-3.773610234911351,3.0,0.012072920289981427,False,False,3,False,1019
ZNF556,basal_to_ciliated,viper,-3.7801520589790436,3.0,0.010555315974140694,False,False,3,False,1020
TIGD5,basal_to_ciliated,viper,-3.7983650042802437,3.0,0.01425815016402248,False,False,3,False,1021
ZBTB38,basal_to_ciliated,viper,-3.8100124931454245,3.0,0.021548960669868666,False,False,3,False,1022
NFIB,basal_to_ciliated,viper,-3.8362463535105493,4.0,0.025922427942393675,False,False,4,False,1023
ZNF578,basal_to_ciliated,viper,-3.851664348251696,3.0,0.021900073974011936,False,False,3,False,1024
RFX4,basal_to_ciliated,viper,-3.8790579929452598,3.0,0.004632734704019155,False,True,3,False,1025
PROX2,basal_to_ciliated,viper,-3.8926925773065455,3.0,0.014196004022076748,False,False,3,False,1026
MXD1,basal_to_ciliated,viper,-3.908719103573038,3.0,0.026400115279149053,False,False,3,False,1027
MAFA,basal_to_ciliated,viper,-3.9089640645057466,3.0,0.005663570811866686,False,False,3,False,1028
RELA,basal_to_ciliated,viper,-3.9146589530581104,6.0,0.03518403543961005,False,True,6,False,1029
TOPORS,basal_to_ciliated,viper,-3.924651569710273,2.0,0.003914733693208054,False,False,2,False,1030
KLF11,basal_to_ciliated,viper,-3.948328797889214,3.0,0.006214972004249353,False,False,3,False,1031
OVOL3,basal_to_ciliated,viper,-3.959809198180857,2.0,0.0028227741922276293,False,False,2,False,1032
ZNF532,basal_to_ciliated,viper,-3.9613399944887813,3.0,0.011845850033805077,False,True,3,False,1033
ZNF662,basal_to_ciliated,viper,-3.9946519423375926,3.0,0.004270374390892028,False,False,3,False,1034
ZNF562,basal_to_ciliated,viper,-4.044316793184238,3.0,0.008434931216403404,False,False,3,False,1035
MNT,basal_to_ciliated,viper,-4.073086431284292,4.0,0.011769711216039815,False,False,4,False,1036
ZNF414,basal_to_ciliated,viper,-4.078554061792013,3.0,0.005983113942698167,False,False,3,False,1037
RORA,basal_to_ciliated,viper,-4.081658007742418,3.0,0.005255955913623156,False,True,3,False,1038
LTF,basal_to_ciliated,viper,-4.0897050959460355,2.0,0.0043180033840031756,False,False,2,False,1039
BCL6B,basal_to_ciliated,viper,-4.090173716785398,3.0,0.015242268282958807,False,False,3,False,1040
CENPT,basal_to_ciliated,viper,-4.122759262974014,3.0,0.012096728149217993,False,True,3,False,1041
ZFP57,basal_to_ciliated,viper,-4.123089027007131,3.0,0.016878417826973476,False,False,3,False,1042
HOXA1,basal_to_ciliated,viper,-4.124883483179995,3.0,0.00628861535166958,False,False,3,False,1043
ZNF222,basal_to_ciliated,viper,-4.143526580464183,3.0,0.004279568240399779,False,False,3,False,1044
YY1,basal_to_ciliated,viper,-4.167649598493599,6.0,0.019009533446159778,False,False,6,False,1045
CAMTA1,basal_to_ciliated,viper,-4.171370223157848,3.0,0.003091611568690908,False,False,3,False,1046
IRX1,basal_to_ciliated,viper,-4.181399203753865,3.0,0.013392599817584092,False,False,3,False,1047
ZNF281,basal_to_ciliated,viper,-4.191206504563014,3.0,0.012596466560433244,False,False,3,False,1048
TBX15,basal_to_ciliated,viper,-4.214999772566935,3.0,0.0027925958416873285,False,False,3,False,1049
CBLL2,basal_to_ciliated,viper,-4.218961654723335,3.0,0.002753309271182074,False,True,3,False,1050
ZNF431,basal_to_ciliated,viper,-4.220817140651799,3.0,0.005313083261822745,False,False,3,False,1051
ATOH8,basal_to_ciliated,viper,-4.240107643402446,3.0,0.023087715441023855,False,False,3,False,1052
MSANTD3,basal_to_ciliated,viper,-4.260717351453761,2.0,0.0011055053190324002,False,False,2,False,1053
ZNF705A,basal_to_ciliated,viper,-4.261029978879064,3.0,0.0029424162865979934,False,False,3,False,1054
DRGX,basal_to_ciliated,viper,-4.261523825930534,3.0,0.01846181107416363,False,False,3,False,1055
ZNF479,basal_to_ciliated,viper,-4.264858482301374,3.0,0.0035493916506588066,False,False,3,False,1056
ZNF257,basal_to_ciliated,viper,-4.282123148638866,3.0,0.008797479072555158,False,True,3,False,1057
FOXK1,basal_to_ciliated,viper,-4.285857818761985,4.0,0.0003605362848887986,False,True,4,False,1058
ZNF518B,basal_to_ciliated,viper,-4.287548306975909,3.0,0.002245025455793266,False,False,3,False,1059
ZNF551,basal_to_ciliated,viper,-4.287626104977893,3.0,0.0033918842697114597,False,False,3,False,1060
ZNF689,basal_to_ciliated,viper,-4.322019431243645,3.0,0.0006664059599598871,False,True,3,False,1061
ZNF830,basal_to_ciliated,viper,-4.337515177241464,3.0,0.006675135441518581,False,False,3,False,1062
MBD3,basal_to_ciliated,viper,-4.355089487075616,4.0,0.006943337283680233,False,False,4,False,1063
ZNF600,basal_to_ciliated,viper,-4.359082192713313,3.0,0.01567127665361745,False,False,3,False,1064
KLF10,basal_to_ciliated,viper,-4.376309139844981,3.0,0.0038663538296991973,False,False,3,False,1065
MYRF,basal_to_ciliated,viper,-4.383498903024165,2.0,0.0055055942577376124,False,False,2,False,1066
ZNF699,basal_to_ciliated,viper,-4.397150448133095,3.0,0.0055794502870481835,False,False,3,False,1067
FOXF1,basal_to_ciliated,viper,-4.398114941434629,3.0,0.008133411519745642,False,False,3,False,1068
ARID5A,basal_to_ciliated,viper,-4.406810416860604,2.0,0.0045752563971016265,False,False,2,False,1069
BNC2,basal_to_ciliated,viper,-4.418153766159551,3.0,0.003618426476202829,False,False,3,False,1070
ZNF724,basal_to_ciliated,viper,-4.435846889843913,2.0,0.0013546156270112044,False,False,2,False,1071
SCRT1,basal_to_ciliated,viper,-4.461691370098467,2.0,0.004282627097840806,False,False,2,False,1072
FOXD1,basal_to_ciliated,viper,-4.4636391800867425,2.0,0.001665198870362025,False,False,2,False,1073
THAP11,basal_to_ciliated,viper,-4.482111414235322,5.0,0.007104130228466397,True,False,5,False,1074
KCNIP3,basal_to_ciliated,viper,-4.491842409208737,2.0,0.0025321153722726794,False,False,2,False,1075
CREB5,basal_to_ciliated,viper,-4.493138048545566,3.0,0.0014130473939175246,False,False,3,False,1076
TRPS1,basal_to_ciliated,viper,-4.5210401831531755,3.0,0.004469963835176167,False,True,3,False,1077
ZNF691,basal_to_ciliated,viper,-4.521289116095727,3.0,0.0018700538642470552,False,False,3,False,1078
EGR4,basal_to_ciliated,viper,-4.528170094871242,3.0,0.00391392273155789,False,False,3,False,1079
EGR2,basal_to_ciliated,viper,-4.546421726423292,3.0,0.010745607285842628,False,False,3,False,1080
BRF2,basal_to_ciliated,viper,-4.55185512749677,3.0,0.004588643262915608,False,False,3,False,1081
FOXE3,basal_to_ciliated,viper,-4.562262964349191,3.0,0.0035546844818635298,False,False,3,False,1082
TBPL2,basal_to_ciliated,viper,-4.617299371569099,2.0,0.0008929756081580141,False,False,2,False,1083
LHX4,basal_to_ciliated,viper,-4.666445805168718,3.0,0.0022076380753759096,False,False,3,False,1084
ZNF860,basal_to_ciliated,viper,-4.684017730682389,2.0,0.00032056129105469437,False,False,2,False,1085
ZNF177,basal_to_ciliated,viper,-4.686403989565614,3.0,0.0011544967188649477,False,False,3,False,1086
THAP4,basal_to_ciliated,viper,-4.697375050399961,3.0,0.002403407961650174,False,False,3,False,1087
DR1,basal_to_ciliated,viper,-4.714839415193429,3.0,0.00443447548325031,False,False,3,False,1088
SPDEF,basal_to_ciliated,viper,-4.716338995464662,3.0,0.004401074610354109,False,False,3,False,1089
PAX7,basal_to_ciliated,viper,-4.7331717320925755,3.0,0.004644205638307101,False,False,3,False,1090
HOXB2,basal_to_ciliated,viper,-4.735014717570974,3.0,0.009435431457494713,False,False,3,False,1091
NME2,basal_to_ciliated,viper,-4.747887711695423,3.0,0.008742563639065785,False,False,3,False,1092
MEOX2,basal_to_ciliated,viper,-4.756294533804321,3.0,0.008607570277476648,False,False,3,False,1093
ZNF77,basal_to_ciliated,viper,-4.757789414319245,3.0,0.0011181592428756014,False,False,3,False,1094
MTERF3,basal_to_ciliated,viper,-4.759763251088643,2.0,0.0008070057298660841,False,False,2,False,1095
ZNF343,basal_to_ciliated,viper,-4.770446399119946,3.0,0.004281884938808411,False,False,3,False,1096
ZFHX4,basal_to_ciliated,viper,-4.775815571536476,3.0,0.0034133423458952874,False,False,3,False,1097
MYBL1,basal_to_ciliated,viper,-4.780375631966009,4.0,0.0022076380753759096,False,False,4,False,1098
HOXA3,basal_to_ciliated,viper,-4.813149695631269,3.0,0.00391392273155789,False,False,3,False,1099
ZNF511,basal_to_ciliated,viper,-4.848281088039118,3.0,0.004304083082950963,False,False,3,False,1100
ZNF408,basal_to_ciliated,viper,-4.904871467825081,3.0,0.0007486236344346658,False,False,3,False,1101
ZIM3,basal_to_ciliated,viper,-4.906568747102116,3.0,0.004060420080572479,False,False,3,False,1102
FEV,basal_to_ciliated,viper,-4.907886269371267,3.0,0.006724688619271307,False,False,3,False,1103
DMRT2,basal_to_ciliated,viper,-4.9257797718896175,3.0,0.0004144633650299114,False,False,3,False,1104
GTF3A,basal_to_ciliated,viper,-4.941199622913119,3.0,0.0007970022665510644,False,False,3,False,1105
FOXP3,basal_to_ciliated,viper,-4.9418072938766056,4.0,0.0005622615828983251,False,False,4,False,1106
ZNF354C,basal_to_ciliated,viper,-4.944819522859303,3.0,0.002403407961650174,False,False,3,False,1107
POU5F1,basal_to_ciliated,viper,-4.950922140845416,5.0,0.011291679622510068,False,True,5,False,1108
ZNF711,basal_to_ciliated,viper,-4.961386743335569,3.0,0.0007717251780395942,False,True,3,False,1109
SOX17,basal_to_ciliated,viper,-4.963487384838445,4.0,0.0013736186939925673,False,False,4,False,1110
MIXL1,basal_to_ciliated,viper,-4.96906422997162,3.0,0.0024204986628750995,False,False,3,False,1111
DMRTA2,basal_to_ciliated,viper,-4.98152431137988,3.0,0.0013516706519876385,False,False,3,False,1112
FOXD4,basal_to_ciliated,viper,-4.992531462126487,3.0,0.0008514023767145516,False,False,3,False,1113
ZNF85,basal_to_ciliated,viper,-5.009977335418975,3.0,0.0006906599740672113,False,False,3,False,1114
HOXB1,basal_to_ciliated,viper,-5.0170346056964705,3.0,0.0003820883060821416,False,False,3,False,1115
NFIC,basal_to_ciliated,viper,-5.073474993623482,5.0,0.006879537809048446,False,False,5,False,1116
SNAI1,basal_to_ciliated,viper,-5.090499443013941,3.0,0.0021021403726663446,False,False,3,False,1117
ASCL4,basal_to_ciliated,viper,-5.09355149686728,3.0,0.001110732253566138,False,False,3,False,1118
ALX3,basal_to_ciliated,viper,-5.102548591127507,3.0,0.001568599430382611,False,False,3,False,1119
ATMIN,basal_to_ciliated,viper,-5.119546843232181,3.0,0.0023474101084397857,False,False,3,False,1120
SREBF1,basal_to_ciliated,viper,-5.129679126252912,6.0,0.011334816126857262,False,False,6,False,1121
SKOR1,basal_to_ciliated,viper,-5.162945024764255,2.0,0.0007664724681807643,False,False,2,False,1122
MYT1,basal_to_ciliated,viper,-5.180640109422489,3.0,0.001189944350950554,False,False,3,False,1123
ZEB1,basal_to_ciliated,viper,-5.196457092655277,5.0,0.003252568767979371,False,False,5,False,1124
MYCL,basal_to_ciliated,viper,-5.201786509856993,2.0,0.0004075553498529405,False,True,2,False,1125
FOXD4L6,basal_to_ciliated,viper,-5.203963448999452,2.0,5.01755878421381e-05,False,False,2,False,1126
UBP1,basal_to_ciliated,viper,-5.207875907871397,3.0,0.0010516567874340815,False,False,3,False,1127
ZUP1,basal_to_ciliated,viper,-5.219324306993446,3.0,0.001958433858567715,False,False,3,False,1128
AIRE,basal_to_ciliated,viper,-5.229504759056452,3.0,0.0013892124931185494,False,False,3,False,1129
TCF23,basal_to_ciliated,viper,-5.239517628628629,3.0,0.0019872657296520035,False,False,3,False,1130
ZNF512B,basal_to_ciliated,viper,-5.239648924471758,3.0,0.00029196102340824564,False,False,3,False,1131
ZNF614,basal_to_ciliated,viper,-5.276706951009625,2.0,0.0001133682505320022,False,False,2,False,1132
ZNF586,basal_to_ciliated,viper,-5.302128069125044,3.0,0.0014344823735442688,False,False,3,False,1133
ZNF358,basal_to_ciliated,viper,-5.307506794866549,3.0,0.001578842895276178,False,False,3,False,1134
MSX1,basal_to_ciliated,viper,-5.347390691998127,3.0,0.00044316915563920507,False,False,3,False,1135
SOX21,basal_to_ciliated,viper,-5.382227826646895,3.0,0.0008724575553808268,False,False,3,False,1136
TAL2,basal_to_ciliated,viper,-5.383146176662631,3.0,0.00011181875880229901,False,False,3,False,1137
ZNF641,basal_to_ciliated,viper,-5.384166172127116,3.0,0.00011889463578448885,False,False,3,False,1138
NHLH1,basal_to_ciliated,viper,-5.412280312258149,3.0,0.002866351064111198,False,False,3,False,1139
XPA,basal_to_ciliated,viper,-5.420905950099493,3.0,0.00038274137769631235,False,False,3,False,1140
ZNF385A,basal_to_ciliated,viper,-5.430922365114071,3.0,0.00027073346244233285,False,False,3,False,1141
ETV3,basal_to_ciliated,viper,-5.436529787776061,3.0,0.00014706483228193486,False,False,3,False,1142
ZNF35,basal_to_ciliated,viper,-5.4496129411418694,3.0,0.0007019337088291903,False,False,3,False,1143
PITX3,basal_to_ciliated,viper,-5.461564552532672,3.0,0.0003272236295614262,False,False,3,False,1144
NR4A1,basal_to_ciliated,viper,-5.471824731485119,4.0,0.0011375598703075903,False,False,4,False,1145
HSF5,basal_to_ciliated,viper,-5.473917920357078,3.0,0.00024667464053511226,False,False,3,False,1146
ZNF620,basal_to_ciliated,viper,-5.482551048099646,3.0,0.0001816936405774367,False,False,3,False,1147
ZNF804A,basal_to_ciliated,viper,-5.490266980086392,3.0,0.0018214365259359624,False,False,3,False,1148
NPAS4,basal_to_ciliated,viper,-5.499138406671418,3.0,0.000277452166114805,False,False,3,False,1149
ZNF131,basal_to_ciliated,viper,-5.511752788850128,3.0,0.000257537840618201,False,False,3,False,1150
NR5A1,basal_to_ciliated,viper,-5.538069295887671,3.0,0.0004881489309982737,False,False,3,False,1151
ZNF675,basal_to_ciliated,viper,-5.550012616673256,3.0,0.0003089278294397746,False,False,3,False,1152
ZNF208,basal_to_ciliated,viper,-5.591810601390421,3.0,0.0009656096402121777,False,False,3,False,1153
PPARD,basal_to_ciliated,viper,-5.593269444692719,4.0,0.0009420827448401829,False,False,4,False,1154
ZNF121,basal_to_ciliated,viper,-5.598814656141884,3.0,0.0001917416767703983,False,False,3,False,1155
ZNF275,basal_to_ciliated,viper,-5.609583441981905,3.0,0.000814396490909851,False,False,3,False,1156
EBF3,basal_to_ciliated,viper,-5.679431610361602,3.0,8.653217691711523e-05,False,False,3,False,1157
TBX2,basal_to_ciliated,viper,-5.684513666502987,3.0,9.590528407647797e-05,False,False,3,False,1158
TFAP2E,basal_to_ciliated,viper,-5.696112454034592,3.0,0.00026454055329796713,False,False,3,False,1159
SOX4,basal_to_ciliated,viper,-5.701774838680399,3.0,0.00022525195799229713,False,False,3,False,1160
TBR1,basal_to_ciliated,viper,-5.713057103176429,3.0,0.0008280515950720907,False,False,3,False,1161
LBX1,basal_to_ciliated,viper,-5.7226874192935915,3.0,0.0013662303103299835,False,False,3,False,1162
ZNF716,basal_to_ciliated,viper,-5.729331160832021,3.0,9.973018690901592e-05,False,False,3,False,1163
CEBPA,basal_to_ciliated,viper,-5.73427192358636,5.0,0.0016534321341893476,False,False,5,False,1164
FOXD4L3,basal_to_ciliated,viper,-5.7391694548817815,3.0,7.18524267374649e-05,False,False,3,False,1165
HOXB4,basal_to_ciliated,viper,-5.751624851159846,4.0,0.0001974267203673334,False,False,4,False,1166
DLX2,basal_to_ciliated,viper,-5.780578791370873,3.0,0.00020189248882388568,False,False,3,False,1167
HIC1,basal_to_ciliated,viper,-5.802825224539664,3.0,0.00027193466532487054,False,False,3,False,1168
TBX10,basal_to_ciliated,viper,-5.806811718612062,3.0,0.0003973001802089308,False,False,3,False,1169
FOSB,basal_to_ciliated,viper,-5.828929368851522,3.0,0.001067476841976849,False,False,3,False,1170
IRF6,basal_to_ciliated,viper,-5.832512143801072,3.0,0.0007014963045345686,False,False,3,False,1171
ZNF670,basal_to_ciliated,viper,-5.836804630168882,2.0,2.9919959802143077e-05,False,False,2,False,1172
LHX1,basal_to_ciliated,viper,-5.8386439838505115,2.0,1.468012542205877e-05,False,False,2,False,1173
OTX1,basal_to_ciliated,viper,-5.844105574794427,3.0,0.00016177158973605064,False,False,3,False,1174
ZNF296,basal_to_ciliated,viper,-5.854562742289563,3.0,0.0017615188592698594,False,False,3,False,1175
ZNF22,basal_to_ciliated,viper,-5.8723975915944395,3.0,9.293330679209628e-05,False,False,3,False,1176
ZBED3,basal_to_ciliated,viper,-5.887552630476851,3.0,8.007983795737556e-05,False,False,3,False,1177
MNX1,basal_to_ciliated,viper,-5.890905096701181,4.0,0.00015042330457821088,False,False,4,False,1178
TFDP3,basal_to_ciliated,viper,-5.902016988992325,3.0,4.462769535900492e-05,False,False,3,False,1179
NR1H3,basal_to_ciliated,viper,-5.9122547704699215,5.0,0.0015967387500672424,False,False,5,False,1180
ZNF492,basal_to_ciliated,viper,-5.928681184498463,2.0,7.43883774721037e-06,False,True,2,False,1181
HOXC10,basal_to_ciliated,viper,-5.943441510484779,3.0,0.000184606473862248,False,False,3,False,1182
TSHZ2,basal_to_ciliated,viper,-5.95957543946021,3.0,0.0002289599314340762,False,False,3,False,1183
CSRNP3,basal_to_ciliated,viper,-5.972487214766939,2.0,3.697110067085502e-05,False,False,2,False,1184
ZNF786,basal_to_ciliated,viper,-5.973207321530201,3.0,0.00011538986463535905,False,True,3,False,1185
NFE2L3,basal_to_ciliated,viper,-6.0032487258855785,3.0,0.0007754856593049096,False,False,3,False,1186
ZNF878,basal_to_ciliated,viper,-6.022008276303562,2.0,5.131610080899248e-05,False,False,2,False,1187
ZNF195,basal_to_ciliated,viper,-6.028661415027354,3.0,0.0009835800219000993,False,False,3,False,1188
ZBTB2,basal_to_ciliated,viper,-6.029718097674987,3.0,0.0003257581633170817,False,False,3,False,1189
SIM2,basal_to_ciliated,viper,-6.037081340636391,3.0,0.00016302149848836466,False,False,3,False,1190
FEZF2,basal_to_ciliated,viper,-6.054991572092429,3.0,0.00018180961555645803,False,False,3,False,1191
ONECUT3,basal_to_ciliated,viper,-6.055141936609282,3.0,0.00012989631710722617,False,True,3,False,1192
ZNF676,basal_to_ciliated,viper,-6.061006242193929,3.0,0.0006726704049303631,False,False,3,False,1193
ZFP92,basal_to_ciliated,viper,-6.068864210832532,3.0,4.8236684546191505e-05,False,False,3,False,1194
VAX2,basal_to_ciliated,viper,-6.1140538734059,3.0,0.0002326618716843482,False,False,3,False,1195
NOTO,basal_to_ciliated,viper,-6.134954220110079,3.0,9.935858616503577e-05,False,False,3,False,1196
NEUROD4,basal_to_ciliated,viper,-6.17334332797817,3.0,9.303123824083624e-05,False,False,3,False,1197
PITX1,basal_to_ciliated,viper,-6.21156174931861,3.0,0.0004844870725543019,False,False,3,False,1198
HMX1,basal_to_ciliated,viper,-6.221807247086248,3.0,0.00039787185174814814,False,False,3,False,1199
PKNOX2,basal_to_ciliated,viper,-6.23977249998946,3.0,1.4982555009965724e-05,False,False,3,False,1200
ELF5,basal_to_ciliated,viper,-6.266439320568992,5.0,0.0018301151753000945,False,False,5,False,1201
ZNF438,basal_to_ciliated,viper,-6.274199437504842,3.0,1.4978943418508521e-05,False,False,3,False,1202
HOXA7,basal_to_ciliated,viper,-6.293057360780079,3.0,5.395145102013047e-05,False,False,3,False,1203
ONECUT1,basal_to_ciliated,viper,-6.293632072653977,4.0,6.616603053667642e-05,False,False,4,False,1204
GLI2,basal_to_ciliated,viper,-6.304730412822685,3.0,0.00014333923522830009,False,False,3,False,1205
VSX1,basal_to_ciliated,viper,-6.328280015973527,3.0,0.00017680151026905818,False,False,3,False,1206
ZNF430,basal_to_ciliated,viper,-6.330344143739002,3.0,1.502945580045101e-05,False,False,3,False,1207
ZNF32,basal_to_ciliated,viper,-6.347533089389253,3.0,1.047253200417671e-05,False,False,3,False,1208
PRDM12,basal_to_ciliated,viper,-6.366527129140549,3.0,0.0003339005095484555,False,False,3,False,1209
BATF,basal_to_ciliated,viper,-6.3674727560874755,5.0,0.00016545681395309256,False,False,5,False,1210
SOX14,basal_to_ciliated,viper,-6.371527044688711,3.0,0.0004147820218089744,False,False,3,False,1211
SHOX2,basal_to_ciliated,viper,-6.39727168690926,3.0,0.0003876079545439951,False,False,3,False,1212
MYF6,basal_to_ciliated,viper,-6.411955416101476,3.0,0.00027688353375735365,False,False,3,False,1213
HOXD10,basal_to_ciliated,viper,-6.416765502305161,3.0,0.0003468436828355759,False,False,3,False,1214
FOXN3,basal_to_ciliated,viper,-6.4189650204273505,3.0,0.00012980387096615096,False,False,3,False,1215
HOXA5,basal_to_ciliated,viper,-6.425702451760272,3.0,4.136101268170143e-05,False,False,3,False,1216
DMRT3,basal_to_ciliated,viper,-6.432914127917806,3.0,0.00024879654338274957,False,False,3,False,1217
ZNF703,basal_to_ciliated,viper,-6.436231565347702,3.0,1.4982555009965724e-05,False,False,3,False,1218
PROP1,basal_to_ciliated,viper,-6.440244180753472,3.0,0.00035966734853767754,False,False,3,False,1219
HES7,basal_to_ciliated,viper,-6.453477359746691,3.0,1.5481869731373258e-05,False,False,3,False,1220
KLF14,basal_to_ciliated,viper,-6.453521851164108,2.0,6.900523878017466e-06,False,False,2,False,1221
HBP1,basal_to_ciliated,viper,-6.462742822073048,4.0,2.4202269805345078e-05,False,False,4,False,1222
TLX3,basal_to_ciliated,viper,-6.463572412772545,3.0,0.0005098223365290567,False,False,3,False,1223
ZNF93,basal_to_ciliated,viper,-6.4802764154354,3.0,8.908772376843537e-05,False,False,3,False,1224
HOXA4,basal_to_ciliated,viper,-6.491620233631586,3.0,0.00028076212137126037,False,False,3,False,1225
EGR3,basal_to_ciliated,viper,-6.496091278350824,3.0,4.296420136938718e-05,False,False,3,False,1226
NR1D1,basal_to_ciliated,viper,-6.497564253763162,3.0,3.147260205327598e-05,False,False,3,False,1227
TEAD2,basal_to_ciliated,viper,-6.526355749065663,4.0,0.0011413719678810125,False,False,4,False,1228
MYNN,basal_to_ciliated,viper,-6.529034407504016,4.0,1.0387499459059688e-05,False,False,4,False,1229
HOXB7,basal_to_ciliated,viper,-6.5471769795941155,5.0,1.9438323223792647e-05,False,False,5,False,1230
ATF1,basal_to_ciliated,viper,-6.54837464186382,5.0,0.0005528711764897939,False,False,5,False,1231
HEYL,basal_to_ciliated,viper,-6.548732812352018,3.0,0.0006093920710879113,False,False,3,False,1232
HES4,basal_to_ciliated,viper,-6.571439728479547,3.0,0.000245682997979476,False,False,3,False,1233
ZNF300,basal_to_ciliated,viper,-6.600018076226936,3.0,5.17722748928071e-05,False,False,3,False,1234
CEBPE,basal_to_ciliated,viper,-6.6186421795002,3.0,2.312640963321283e-05,False,False,3,False,1235
HOXA9,basal_to_ciliated,viper,-6.6352951644168225,4.0,0.0007463932312167054,False,False,4,False,1236
HEY1,basal_to_ciliated,viper,-6.6585720896550304,3.0,0.00012631539563075838,False,False,3,False,1237
HOXC6,basal_to_ciliated,viper,-6.679634681963082,3.0,4.900638644909384e-05,False,False,3,False,1238
SP6,basal_to_ciliated,viper,-6.733714921536695,3.0,1.7775722545696687e-05,False,False,3,False,1239
FOXH1,basal_to_ciliated,viper,-6.755187118608189,3.0,1.4982555009965724e-05,False,False,3,False,1240
JUNB,basal_to_ciliated,viper,-6.757420697970243,4.0,6.39794420818231e-05,False,False,4,False,1241
NKRF,basal_to_ciliated,viper,-6.784918944460986,3.0,1.9567764970939824e-05,False,False,3,False,1242
BHLHE22,basal_to_ciliated,viper,-6.79868209655327,3.0,8.872696030755014e-07,False,False,3,False,1243
EBF1,basal_to_ciliated,viper,-6.8157227501757305,5.0,0.00015297666588692956,False,False,5,False,1244
HOXA10,basal_to_ciliated,viper,-6.818245268269483,3.0,6.329837387554564e-05,False,False,3,False,1245
ZMAT4,basal_to_ciliated,viper,-6.827926306246475,3.0,4.1943412008192545e-05,False,False,3,False,1246
SIX6,basal_to_ciliated,viper,-6.842395520069321,3.0,4.412240285343553e-05,False,False,3,False,1247
NFYC,basal_to_ciliated,viper,-6.84266175292812,3.0,2.80984235484806e-05,False,False,3,False,1248
PAX9,basal_to_ciliated,viper,-6.846030012442132,3.0,7.099039729117787e-05,False,False,3,False,1249
BARX1,basal_to_ciliated,viper,-6.860376861512949,3.0,7.62517128529967e-05,False,False,3,False,1250
ZNF467,basal_to_ciliated,viper,-6.86196831795951,3.0,1.458250618002585e-05,False,False,3,False,1251
NFKB2,basal_to_ciliated,viper,-6.874582041823453,4.0,1.906097826264245e-05,False,False,4,False,1252
NEUROG1,basal_to_ciliated,viper,-6.903687703852809,3.0,8.797630670044443e-06,False,False,3,False,1253
EMX1,basal_to_ciliated,viper,-6.913865316356834,3.0,2.4709941836385896e-05,False,False,3,False,1254
ZSCAN2,basal_to_ciliated,viper,-6.9345240582215055,3.0,0.0001909082783148646,False,False,3,False,1255
KLF9,basal_to_ciliated,viper,-6.935697242522491,4.0,1.0547158443419205e-05,False,False,4,False,1256
NFKB1,basal_to_ciliated,viper,-6.939887177526101,4.0,3.684333816425713e-05,False,False,4,False,1257
ZIC1,basal_to_ciliated,viper,-6.976937460591969,3.0,6.0111949898994465e-05,False,False,3,False,1258
HES5,basal_to_ciliated,viper,-7.000388391149532,3.0,8.640936496305749e-05,False,False,3,False,1259
HLF,basal_to_ciliated,viper,-7.009171977602818,3.0,1.7960314628380987e-05,False,False,3,False,1260
ZNF521,basal_to_ciliated,viper,-7.027083458076281,3.0,6.408552708605684e-06,False,False,3,False,1261
PHOX2A,basal_to_ciliated,viper,-7.032361878332581,3.0,9.663744918793118e-05,False,False,3,False,1262
TERF1,basal_to_ciliated,viper,-7.044334290046652,4.0,0.00020945698063517843,False,False,4,False,1263
AHR,basal_to_ciliated,viper,-7.0462175395576905,5.0,0.0004231739358388851,False,False,5,False,1264
PTF1A,basal_to_ciliated,viper,-7.053399836884693,3.0,0.00018944334567621218,False,False,3,False,1265
ZNF90,basal_to_ciliated,viper,-7.07761484819152,3.0,1.5033515866945535e-06,False,False,3,False,1266
ZNF732,basal_to_ciliated,viper,-7.099397200640196,2.0,3.303359146967746e-08,False,False,2,False,1267
SMAD9,basal_to_ciliated,viper,-7.111562464642662,3.0,1.9991576938005273e-05,False,False,3,False,1268
RXRG,basal_to_ciliated,viper,-7.12232564301326,3.0,1.9751415163225e-06,False,False,3,False,1269
NR2E1,basal_to_ciliated,viper,-7.124871138486845,3.0,8.533692284307167e-05,False,False,3,False,1270
OSR2,basal_to_ciliated,viper,-7.125759190076311,3.0,1.9905047054101606e-05,False,False,3,False,1271
FOXD4L5,basal_to_ciliated,viper,-7.130279423421707,3.0,5.498951381620864e-06,False,False,3,False,1272
NANOGP8,basal_to_ciliated,viper,-7.130506870554107,2.0,2.6846103193561657e-08,False,False,2,False,1273
EHF,basal_to_ciliated,viper,-7.143631494374647,4.0,0.00014706483228193486,False,False,4,False,1274
OTP,basal_to_ciliated,viper,-7.147333138526045,3.0,3.880375216804398e-05,False,False,3,False,1275
SPIC,basal_to_ciliated,viper,-7.154351197860301,3.0,6.296326041058947e-06,False,False,3,False,1276
ZNF668,basal_to_ciliated,viper,-7.156535763918208,3.0,1.399676894238426e-05,False,False,3,False,1277
ZNF771,basal_to_ciliated,viper,-7.173660935953852,3.0,9.429630450773717e-06,False,False,3,False,1278
ZFP64,basal_to_ciliated,viper,-7.182039267592523,3.0,1.1568396440980622e-09,False,True,3,False,1279
ISL1,basal_to_ciliated,viper,-7.185346859094986,3.0,6.394585185869828e-06,False,False,3,False,1280
PRDM1,basal_to_ciliated,viper,-7.2017454201934985,5.0,0.00023592228327841828,False,False,5,False,1281
ATF7,basal_to_ciliated,viper,-7.206189108617746,4.0,8.443305880448681e-07,False,False,4,False,1282
ETS2,basal_to_ciliated,viper,-7.222114943784938,4.0,2.999024543047582e-05,False,False,4,False,1283
HOXD4,basal_to_ciliated,viper,-7.247800188657372,3.0,4.267725473950542e-05,False,False,3,False,1284
ZNF16,basal_to_ciliated,viper,-7.292460944454609,3.0,1.150396475500834e-05,False,False,3,False,1285
LHX3,basal_to_ciliated,viper,-7.2955526933917465,3.0,6.1676441297775884e-06,False,False,3,False,1286
GLI3,basal_to_ciliated,viper,-7.322431417040443,3.0,1.7057369675090218e-05,False,False,3,False,1287
DEAF1,basal_to_ciliated,viper,-7.342811671670859,4.0,1.1721383930771427e-06,False,True,4,False,1288
POU4F1,basal_to_ciliated,viper,-7.348765188046128,3.0,1.7356064975975268e-05,False,False,3,False,1289
ZNF263,basal_to_ciliated,viper,-7.372364880815587,6.0,9.342526227144273e-05,False,False,6,False,1290
TWIST2,basal_to_ciliated,viper,-7.375234398491175,2.0,5.564115825114989e-08,False,False,2,False,1291
NFATC4,basal_to_ciliated,viper,-7.411382446556155,3.0,8.30886427303487e-06,False,False,3,False,1292
PAX1,basal_to_ciliated,viper,-7.428653390295636,3.0,2.3018699955712674e-06,False,False,3,False,1293
FOXF2,basal_to_ciliated,viper,-7.430684705360687,3.0,3.333478713528262e-05,False,False,3,False,1294
FOS,basal_to_ciliated,viper,-7.434844864183982,5.0,3.219021818458756e-05,False,False,5,False,1295
ZIC2,basal_to_ciliated,viper,-7.445176676375803,3.0,1.468012542205877e-05,False,False,3,False,1296
ZIM2,basal_to_ciliated,viper,-7.446677463884468,3.0,1.2545060140878271e-05,False,True,3,False,1297
ZNF215,basal_to_ciliated,viper,-7.450192117878558,3.0,6.213500404288215e-06,False,False,3,False,1298
FOXL2,basal_to_ciliated,viper,-7.459257526920506,3.0,2.062934384921224e-05,False,False,3,False,1299
ZFPM2,basal_to_ciliated,viper,-7.501322808789207,3.0,1.8469391111834048e-07,False,False,3,False,1300
ZNF416,basal_to_ciliated,viper,-7.516289682278611,3.0,8.681594179803445e-06,False,False,3,False,1301
GBX2,basal_to_ciliated,viper,-7.523323282785726,4.0,3.1280706616013564e-05,False,False,4,False,1302
TCF3,basal_to_ciliated,viper,-7.525306275613521,6.0,3.308718203773946e-05,False,False,6,False,1303
DRAP1,basal_to_ciliated,viper,-7.5367250310669265,3.0,7.147190509875298e-06,False,False,3,False,1304
ZNF280A,basal_to_ciliated,viper,-7.564361644345421,3.0,1.150396475500834e-05,False,False,3,False,1305
DPF3,basal_to_ciliated,viper,-7.58561975429108,3.0,5.571017314659392e-07,False,False,3,False,1306
TCF15,basal_to_ciliated,viper,-7.5905829765488635,3.0,1.018387560898959e-05,False,False,3,False,1307
MSC,basal_to_ciliated,viper,-7.6006471407451635,3.0,5.908459731449601e-06,False,False,3,False,1308
CEBPB,basal_to_ciliated,viper,-7.616114713931643,6.0,0.00017321178742584932,False,False,6,False,1309
AEBP1,basal_to_ciliated,viper,-7.630221491429051,2.0,2.3861882090212234e-07,False,False,2,False,1310
DACH2,basal_to_ciliated,viper,-7.659436298888387,3.0,6.021086860543947e-06,False,False,3,False,1311
PAX3,basal_to_ciliated,viper,-7.663884563954163,3.0,1.9404294078677418e-05,False,False,3,False,1312
SIX2,basal_to_ciliated,viper,-7.676652928461074,4.0,8.227516926826662e-06,False,False,4,False,1313
TLX1,basal_to_ciliated,viper,-7.718052246266569,3.0,7.1468003615050305e-06,False,False,3,False,1314
ZFP37,basal_to_ciliated,viper,-7.739096445501005,3.0,9.726266307397427e-08,False,False,3,False,1315
CENPX,basal_to_ciliated,viper,-7.746914550655605,1.0,3.4744483211393764e-13,False,False,1,False,1316
TSC22D1,basal_to_ciliated,viper,-7.762417708448881,3.0,7.359574688932591e-07,False,False,3,False,1317
GSC,basal_to_ciliated,viper,-7.817651388223487,3.0,1.2818275236670796e-05,False,False,3,False,1318
FOXC2,basal_to_ciliated,viper,-7.82712866192784,3.0,1.465714209062894e-06,False,False,3,False,1319
HOXB5,basal_to_ciliated,viper,-7.829094322277474,3.0,3.483324135857218e-06,False,False,3,False,1320
TBX3,basal_to_ciliated,viper,-7.848395040370466,4.0,1.173110730443523e-05,False,False,4,False,1321
ZNF34,basal_to_ciliated,viper,-7.868960432274354,3.0,6.883012133595252e-07,False,False,3,False,1322
PURG,basal_to_ciliated,viper,-7.872027392100828,2.0,7.824445432871273e-09,False,False,2,False,1323
FOXD3,basal_to_ciliated,viper,-7.90119746265896,3.0,4.902503815510602e-06,False,False,3,False,1324
SNAPC2,basal_to_ciliated,viper,-7.902360542283617,2.0,8.070714963544643e-08,False,False,2,False,1325
POU3F4,basal_to_ciliated,viper,-7.919355235146684,3.0,3.091082341859301e-06,False,False,3,False,1326
FOSL2,basal_to_ciliated,viper,-7.930499754143007,5.0,1.654349962540107e-05,False,False,5,False,1327
RBPJL,basal_to_ciliated,viper,-7.963325143458975,3.0,9.280304882405587e-08,False,False,3,False,1328
ONECUT2,basal_to_ciliated,viper,-7.980922663114308,3.0,2.611919934342948e-07,False,False,3,False,1329
ATF3,basal_to_ciliated,viper,-7.99586518892794,6.0,8.34541528479568e-05,False,False,6,False,1330
PRRX1,basal_to_ciliated,viper,-8.01351314770341,3.0,2.9193257753606266e-06,False,False,3,False,1331
FOXG1,basal_to_ciliated,viper,-8.017163549274846,3.0,2.791342672139147e-06,False,False,3,False,1332
PAX2,basal_to_ciliated,viper,-8.038269853896757,3.0,5.571017314659392e-07,False,False,3,False,1333
NFE2L2,basal_to_ciliated,viper,-8.041004216393043,5.0,8.681594179803445e-06,False,False,5,False,1334
FOXO6,basal_to_ciliated,viper,-8.0419934269629,3.0,1.5402125713852476e-08,False,False,3,False,1335
MAFF,basal_to_ciliated,viper,-8.064707758145486,5.0,1.6411862915180553e-05,False,False,5,False,1336
ZNF649,basal_to_ciliated,viper,-8.068682970260316,3.0,2.326964509634281e-06,False,False,3,False,1337
E2F3,basal_to_ciliated,viper,-8.07042171158057,3.0,2.432828974660223e-07,False,False,3,False,1338
ZNF595,basal_to_ciliated,viper,-8.093797166801467,2.0,3.889278618871064e-09,False,False,2,False,1339
HOXD9,basal_to_ciliated,viper,-8.107277879527297,3.0,1.1830690451097045e-05,False,False,3,False,1340
ZNF124,basal_to_ciliated,viper,-8.130973934973174,3.0,7.359574688932591e-07,False,False,3,False,1341
LHX5,basal_to_ciliated,viper,-8.14593924267294,3.0,3.0461573125737576e-06,False,False,3,False,1342
HOXD11,basal_to_ciliated,viper,-8.15563694945285,3.0,2.4139271782223334e-06,False,False,3,False,1343
ZNF695,basal_to_ciliated,viper,-8.171661487240716,3.0,1.6185699944251276e-06,False,False,3,False,1344
ZBED2,basal_to_ciliated,viper,-8.180692451564013,3.0,1.2646041128131093e-05,False,False,3,False,1345
PRMT3,basal_to_ciliated,viper,-8.189720251357855,3.0,1.465714209062894e-06,False,False,3,False,1346
ZNF362,basal_to_ciliated,viper,-8.200781854877828,3.0,1.6403187944620503e-06,False,False,3,False,1347
FOXD4L1,basal_to_ciliated,viper,-8.201437957642712,3.0,1.6120698216996106e-06,False,False,3,False,1348
TIGD2,basal_to_ciliated,viper,-8.207302552412393,3.0,3.2392066289246256e-06,False,False,3,False,1349
DLX1,basal_to_ciliated,viper,-8.208248378392351,3.0,1.2308570313661104e-07,False,False,3,False,1350
MSGN1,basal_to_ciliated,viper,-8.220871360230568,3.0,7.81355435240193e-09,False,False,3,False,1351
MEOX1,basal_to_ciliated,viper,-8.229236594211688,3.0,8.643680459230156e-06,False,False,3,False,1352
TBX20,basal_to_ciliated,viper,-8.245664863909349,3.0,8.55212197870763e-06,False,False,3,False,1353
ESRRA,basal_to_ciliated,viper,-8.272094135083382,5.0,4.580981881111179e-06,False,False,5,False,1354
ZNF219,basal_to_ciliated,viper,-8.277040279341309,3.0,1.0283491246646825e-06,False,False,3,False,1355
FOXS1,basal_to_ciliated,viper,-8.281477704092861,3.0,2.3796154765543634e-06,False,False,3,False,1356
RELB,basal_to_ciliated,viper,-8.293765870884691,4.0,1.8100770744245833e-07,False,False,4,False,1357
ZNF485,basal_to_ciliated,viper,-8.305306235211603,3.0,2.176824345057624e-06,False,False,3,False,1358
CREB1,basal_to_ciliated,viper,-8.33964725669111,6.0,2.4782104554173883e-05,False,False,6,False,1359
MEIS3,basal_to_ciliated,viper,-8.409165721964778,3.0,2.4900633991975145e-07,False,False,3,False,1360
ZNF541,basal_to_ciliated,viper,-8.423001261589478,3.0,1.9756488659865252e-07,False,False,3,False,1361
HOXB9,basal_to_ciliated,viper,-8.432055738324687,3.0,9.356328376062374e-08,False,False,3,False,1362
PRDM13,basal_to_ciliated,viper,-8.434132735114023,3.0,2.646537659715845e-08,False,False,3,False,1363
ZNF575,basal_to_ciliated,viper,-8.442809264809354,3.0,1.1497330031949766e-06,False,False,3,False,1364
LHX2,basal_to_ciliated,viper,-8.506026557499808,4.0,7.708624638165409e-08,False,False,4,False,1365
ZNF256,basal_to_ciliated,viper,-8.507108473103573,3.0,9.694958958830533e-07,False,False,3,False,1366
SALL3,basal_to_ciliated,viper,-8.515467977649639,3.0,7.595978368302548e-07,False,False,3,False,1367
HOXD3,basal_to_ciliated,viper,-8.558656313068573,3.0,5.089612737998708e-08,False,False,3,False,1368
CENPA,basal_to_ciliated,viper,-8.56478141878573,2.0,2.1234238728525312e-08,False,False,2,False,1369
OSR1,basal_to_ciliated,viper,-8.589716215938141,2.0,1.9330013499560523e-08,False,False,2,False,1370
POU3F3,basal_to_ciliated,viper,-8.60034247764433,3.0,7.636163246107004e-08,False,False,3,False,1371
ZNF679,basal_to_ciliated,viper,-8.60077599779211,3.0,2.0420107380642946e-08,False,False,3,False,1372
SOX8,basal_to_ciliated,viper,-8.60776295412693,3.0,2.635492128576102e-07,False,False,3,False,1373
ZNF519,basal_to_ciliated,viper,-8.643397676707632,3.0,8.402004200145504e-09,False,False,3,False,1374
ARID5B,basal_to_ciliated,viper,-8.654011851005437,3.0,5.049429140263677e-07,False,False,3,False,1375
PITX2,basal_to_ciliated,viper,-8.678990998526054,3.0,1.8809805954720398e-07,False,False,3,False,1376
ZBTB47,basal_to_ciliated,viper,-8.692924664679477,3.0,3.947615672334179e-08,False,False,3,False,1377
ATF4,basal_to_ciliated,viper,-8.734377824938951,4.0,3.77810189507335e-06,False,False,4,False,1378
PREB,basal_to_ciliated,viper,-8.747879119988108,3.0,5.828788161850575e-07,False,False,3,False,1379
HOXB13,basal_to_ciliated,viper,-8.794446202798042,4.0,2.495587803245375e-08,False,False,4,False,1380
FOXE1,basal_to_ciliated,viper,-8.813583526410351,3.0,1.8559223780502214e-08,False,False,3,False,1381
E2F2,basal_to_ciliated,viper,-8.85562029595193,3.0,9.649317471489551e-08,False,False,3,False,1382
NEUROG2,basal_to_ciliated,viper,-8.871468322376877,3.0,1.41835786577578e-07,False,False,3,False,1383
ZNF436,basal_to_ciliated,viper,-8.879625065278516,3.0,7.642869086318258e-11,False,False,3,False,1384
ZNF277,basal_to_ciliated,viper,-8.89524526899924,3.0,2.5530923737436662e-08,False,False,3,False,1385
SMAD3,basal_to_ciliated,viper,-8.901898405135562,5.0,1.915267010643154e-07,False,False,5,False,1386
PLAGL1,basal_to_ciliated,viper,-8.904699002996836,3.0,2.166268818015259e-08,False,False,3,False,1387
ASCL2,basal_to_ciliated,viper,-8.910525717124923,3.0,6.7747440042644665e-09,False,False,3,False,1388
HOXB8,basal_to_ciliated,viper,-8.913480348862269,3.0,5.571017314659392e-07,False,False,3,False,1389
DLX6,basal_to_ciliated,viper,-8.914625432148851,3.0,1.511119371788831e-08,False,False,3,False,1390
LHX6,basal_to_ciliated,viper,-8.930437518824046,3.0,3.154431537999665e-08,False,False,3,False,1391
HOXA2,basal_to_ciliated,viper,-8.932682423236402,3.0,5.849091565130333e-07,False,False,3,False,1392
CEBPD,basal_to_ciliated,viper,-8.95981702071699,5.0,2.1151399156471275e-07,False,False,5,False,1393
L3MBTL3,basal_to_ciliated,viper,-8.987163092565378,2.0,4.407741014842735e-10,False,False,2,False,1394
CDX1,basal_to_ciliated,viper,-9.016165106166131,3.0,1.4687989685341984e-06,False,False,3,False,1395
FOXL1,basal_to_ciliated,viper,-9.02059349417245,3.0,4.930657123309601e-08,False,False,3,False,1396
SP7,basal_to_ciliated,viper,-9.025745485164503,3.0,4.971371897783561e-07,False,False,3,False,1397
SOHLH2,basal_to_ciliated,viper,-9.066899165497762,3.0,6.957046574009815e-08,False,False,3,False,1398
PAX6,basal_to_ciliated,viper,-9.098795263831732,5.0,9.865062035998318e-08,False,False,5,False,1399
ISL2,basal_to_ciliated,viper,-9.120547977069076,3.0,1.4915849045195997e-09,False,False,3,False,1400
BCL11B,basal_to_ciliated,viper,-9.14505975082492,3.0,2.5490184376346747e-10,False,False,3,False,1401
DUXA,basal_to_ciliated,viper,-9.146408226967601,3.0,3.378177037098316e-08,False,False,3,False,1402
IRX6,basal_to_ciliated,viper,-9.152861178252127,3.0,3.3356403645322934e-08,False,False,3,False,1403
KLF3,basal_to_ciliated,viper,-9.184417165195832,4.0,1.28128325715207e-07,False,False,4,False,1404
HIF3A,basal_to_ciliated,viper,-9.215454254976315,3.0,3.737649095937554e-07,False,False,3,False,1405
ZNF560,basal_to_ciliated,viper,-9.217904826524984,3.0,1.4601348276852265e-08,False,False,3,False,1406
SP8,basal_to_ciliated,viper,-9.22296773344716,3.0,1.5689946560296347e-09,False,False,3,False,1407
CEBPZ,basal_to_ciliated,viper,-9.269892389895034,5.0,7.238286700482834e-06,True,False,5,False,1408
SALL2,basal_to_ciliated,viper,-9.33401400501478,3.0,5.349434665102621e-08,False,False,3,False,1409
ZNF503,basal_to_ciliated,viper,-9.354428755288216,3.0,7.940291036634289e-08,False,False,3,False,1410
ZNF488,basal_to_ciliated,viper,-9.357315751876145,2.0,2.2626360444072205e-12,False,False,2,False,1411
SLC2A4RG,basal_to_ciliated,viper,-9.434792650073016,3.0,9.844984948837326e-10,False,False,3,False,1412
ESRRB,basal_to_ciliated,viper,-9.44455564917196,4.0,9.170261272844215e-10,False,False,4,False,1413
ZNF367,basal_to_ciliated,viper,-9.47039070787011,3.0,9.649317471489551e-08,False,False,3,False,1414
POU2F3,basal_to_ciliated,viper,-9.497716441238065,3.0,3.7882634337121533e-10,False,False,3,False,1415
SOX1,basal_to_ciliated,viper,-9.517226293441839,3.0,2.08567988751671e-08,False,False,3,False,1416
ZNF821,basal_to_ciliated,viper,-9.545661832827628,3.0,9.824789005611429e-09,False,False,3,False,1417
ETV5,basal_to_ciliated,viper,-9.548346461190592,3.0,1.0368112555269345e-08,False,False,3,False,1418
ETV7,basal_to_ciliated,viper,-9.559758103314692,3.0,1.610125368248136e-12,False,False,3,False,1419
TEAD3,basal_to_ciliated,viper,-9.628855546105774,3.0,4.716007192503109e-08,False,False,3,False,1420
DBX2,basal_to_ciliated,viper,-9.638368862116364,3.0,1.8559223780502214e-08,False,False,3,False,1421
ZSCAN10,basal_to_ciliated,viper,-9.656615211146745,3.0,4.3603658027135225e-10,False,False,3,False,1422
SALL4,basal_to_ciliated,viper,-9.66320105875474,4.0,2.8741574529633303e-11,False,False,4,False,1423
ZBTB8A,basal_to_ciliated,viper,-9.748424588612476,2.0,2.267266293706551e-11,False,False,2,False,1424
ZBTB7B,basal_to_ciliated,viper,-9.793874980840737,3.0,7.271723616399626e-11,False,False,3,False,1425
ZNF146,basal_to_ciliated,viper,-9.794538370551594,3.0,1.1762359122258636e-08,False,False,3,False,1426
ASCL1,basal_to_ciliated,viper,-9.804366860773928,4.0,1.2779281175348394e-10,False,False,4,False,1427
TBX18,basal_to_ciliated,viper,-9.815675804718142,3.0,2.688856162975515e-08,False,False,3,False,1428
SOX7,basal_to_ciliated,viper,-9.850005001590299,3.0,1.9180073521853807e-11,False,False,3,False,1429
VAX1,basal_to_ciliated,viper,-9.861334627451454,3.0,5.28467502912959e-10,False,False,3,False,1430
NR0B1,basal_to_ciliated,viper,-9.868864464466608,4.0,4.262971835045737e-12,False,False,4,False,1431
MAF,basal_to_ciliated,viper,-9.870781551909037,4.0,4.8265890497511394e-08,False,False,4,False,1432
TCF7L1,basal_to_ciliated,viper,-9.899422428114466,3.0,2.113592909294227e-09,False,False,3,False,1433
ZIC5,basal_to_ciliated,viper,-9.922418675164568,3.0,1.2659524059632134e-09,False,False,3,False,1434
DMRT1,basal_to_ciliated,viper,-9.96228110589445,4.0,7.5642976380888e-12,False,False,4,False,1435
HES1,basal_to_ciliated,viper,-9.974674312465442,4.0,2.639121862443003e-10,False,False,4,False,1436
TFAP4,basal_to_ciliated,viper,-9.994517673458946,4.0,3.3370457109573966e-08,False,False,4,False,1437
TSHZ3,basal_to_ciliated,viper,-10.00941375402924,3.0,3.22577320885167e-09,False,False,3,False,1438
ZNF92,basal_to_ciliated,viper,-10.031729962036838,4.0,5.78480432027777e-12,False,False,4,False,1439
GLI1,basal_to_ciliated,viper,-10.07736061058978,4.0,1.5151677296541657e-08,False,False,4,False,1440
FOXJ2,basal_to_ciliated,viper,-10.109104338725892,4.0,1.7585985716990439e-12,False,False,4,False,1441
SOX15,basal_to_ciliated,viper,-10.123217880375483,3.0,1.9069397072925988e-09,False,False,3,False,1442
SOX10,basal_to_ciliated,viper,-10.188896094134524,4.0,9.091101363742527e-09,False,False,4,False,1443
POU1F1,basal_to_ciliated,viper,-10.213938071556589,3.0,2.4964324034969897e-10,False,False,3,False,1444
BHLHE40,basal_to_ciliated,viper,-10.214846112135909,4.0,1.2198332685547556e-10,False,False,4,False,1445
HDX,basal_to_ciliated,viper,-10.218847870285492,3.0,1.0959190729812817e-08,False,False,3,False,1446
FOSL1,basal_to_ciliated,viper,-10.283424519599052,5.0,2.7296402252824083e-07,False,False,5,False,1447
EGR1,basal_to_ciliated,viper,-10.296635547745582,6.0,6.279626943082541e-08,False,False,6,False,1448
TFAP2B,basal_to_ciliated,viper,-10.313996855869375,3.0,1.7962755882366302e-12,False,False,3,False,1449
BACH2,basal_to_ciliated,viper,-10.314425338108716,4.0,1.0868939978105253e-10,False,False,4,False,1450
OTX2,basal_to_ciliated,viper,-10.32620423594756,4.0,1.1619946166395289e-09,False,False,4,False,1451
HIVEP3,basal_to_ciliated,viper,-10.341815188879304,3.0,2.3551612110053725e-10,False,False,3,False,1452
PRDM14,basal_to_ciliated,viper,-10.357183122023665,5.0,2.175209467826146e-09,False,True,5,False,1453
GLIS2,basal_to_ciliated,viper,-10.37112501986986,3.0,5.58996517213943e-09,False,False,3,False,1454
ZNF677,basal_to_ciliated,viper,-10.374206742790149,3.0,3.630581118685153e-14,False,False,3,False,1455
TWIST1,basal_to_ciliated,viper,-10.430113437839275,4.0,1.9752387227350567e-11,False,False,4,False,1456
OVOL1,basal_to_ciliated,viper,-10.478909990979506,3.0,1.4530803986041668e-10,False,False,3,False,1457
TBX6,basal_to_ciliated,viper,-10.504864487868572,3.0,2.49975111154841e-12,False,False,3,False,1458
HAND1,basal_to_ciliated,viper,-10.54294412033222,3.0,1.6057477513553385e-11,False,False,3,False,1459
PA2G4,basal_to_ciliated,viper,-10.557687623931855,2.0,1.2073529677158214e-13,False,False,2,False,1460
DLX3,basal_to_ciliated,viper,-10.584968629664502,3.0,7.191192128197234e-11,False,False,3,False,1461
TFCP2L1,basal_to_ciliated,viper,-10.793551139717719,3.0,5.017541195435166e-11,False,False,3,False,1462
JUN,basal_to_ciliated,viper,-11.03213085958583,6.0,2.0014278532270815e-08,False,False,6,False,1463
ZNF239,basal_to_ciliated,viper,-11.056184454910934,3.0,4.921736358065697e-13,False,False,3,False,1464
DBP,basal_to_ciliated,viper,-11.056745068296133,3.0,1.0457679629550951e-10,False,False,3,False,1465
HIF1A,basal_to_ciliated,viper,-11.102369599596244,5.0,7.0287308973119e-10,False,False,5,False,1466
ZFP42,basal_to_ciliated,viper,-11.193040110353401,4.0,5.533113835062242e-13,False,False,4,False,1467
BCL11A,basal_to_ciliated,viper,-11.331337674718004,5.0,3.337951197717795e-09,False,False,5,False,1468
DLX5,basal_to_ciliated,viper,-11.448390720540573,3.0,1.5317338427835747e-14,False,False,3,False,1469
ZHX2,basal_to_ciliated,viper,-11.459486678088863,4.0,2.5428444852947986e-13,False,False,4,False,1470
MAX,basal_to_ciliated,viper,-11.495889752651884,5.0,9.61892359520833e-14,False,False,5,False,1471
FOXQ1,basal_to_ciliated,viper,-11.507356942387638,3.0,5.660888704621253e-12,False,False,3,False,1472
RFX5,basal_to_ciliated,viper,-11.52532746798718,5.0,1.8383887453656228e-13,False,False,5,False,1473
PGR,basal_to_ciliated,viper,-11.530501111618072,4.0,7.473884110544735e-14,False,False,4,False,1474
SALL1,basal_to_ciliated,viper,-11.581010766144818,4.0,1.7324732451227283e-10,False,False,4,False,1475
FOXI3,basal_to_ciliated,viper,-11.651653220753719,2.0,4.880543024735441e-21,False,False,2,False,1476
MTF2,basal_to_ciliated,viper,-11.659033257098358,3.0,4.609681005696751e-18,False,False,3,False,1477
PAX5,basal_to_ciliated,viper,-11.670503427651257,5.0,5.928360649462654e-13,False,False,5,False,1478
ETV4,basal_to_ciliated,viper,-11.681286744555106,4.0,9.210583670142354e-12,False,False,4,False,1479
ELK1,basal_to_ciliated,viper,-11.722751136071956,5.0,2.3267521589605868e-10,False,False,5,False,1480
YBX1,basal_to_ciliated,viper,-11.725052822936538,3.0,1.8898777428956988e-13,False,False,3,False,1481
TCF4,basal_to_ciliated,viper,-11.754536679006275,5.0,3.4007927631763426e-12,False,False,5,False,1482
CREB3L1,basal_to_ciliated,viper,-11.94147784475798,4.0,1.970725414541655e-16,False,False,4,False,1483
RUNX3,basal_to_ciliated,viper,-11.962989725231603,5.0,9.064301611869137e-13,False,False,5,False,1484
HHEX,basal_to_ciliated,viper,-11.984601764984557,4.0,5.154058935214269e-15,False,False,4,False,1485
ZNF618,basal_to_ciliated,viper,-11.994364440263245,3.0,3.6063703177023515e-11,False,False,3,False,1486
RARG,basal_to_ciliated,viper,-12.058317675119923,4.0,2.4964324034969897e-10,False,False,4,False,1487
PCGF2,basal_to_ciliated,viper,-12.134457251973432,2.0,3.746389308481804e-20,False,False,2,False,1488
ETV1,basal_to_ciliated,viper,-12.163145479295181,4.0,3.3349255540138964e-16,False,False,4,False,1489
BNC1,basal_to_ciliated,viper,-12.225165995255212,3.0,2.052165855654588e-15,False,False,3,False,1490
CBX2,basal_to_ciliated,viper,-12.31729747088631,5.0,1.7112200541870173e-11,False,False,5,False,1491
ZNF750,basal_to_ciliated,viper,-12.325082743636177,4.0,1.748468369423619e-10,False,False,4,False,1492
GATA3,basal_to_ciliated,viper,-12.352816898842622,6.0,4.359438821287809e-09,False,False,6,False,1493
MAFB,basal_to_ciliated,viper,-12.52175755958503,4.0,2.9773562411592603e-13,False,False,4,False,1494
SOX11,basal_to_ciliated,viper,-12.572093365399278,5.0,1.812399542257712e-12,False,False,5,False,1495
HOXC9,basal_to_ciliated,viper,-12.613896232045711,4.0,2.346113884869069e-19,False,False,4,False,1496
HMGA1,basal_to_ciliated,viper,-12.901245182977725,3.0,2.5348481513584673e-16,False,False,3,False,1497
KLF4,basal_to_ciliated,viper,-13.103592646428881,5.0,4.184616887331089e-14,False,False,5,False,1498
IRX4,basal_to_ciliated,viper,-13.194967465553054,3.0,6.2814310039186845e-16,False,False,3,False,1499
TGIF2,basal_to_ciliated,viper,-13.307751663115479,4.0,4.761338080876108e-14,False,False,4,False,1500
RUNX2,basal_to_ciliated,viper,-13.361071884379289,5.0,2.2538994477677545e-16,False,False,5,False,1501
KLF8,basal_to_ciliated,viper,-13.49825632682484,3.0,8.840670810536802e-20,False,False,3,False,1502
TFAP2C,basal_to_ciliated,viper,-13.622765994453372,6.0,1.8319130789029288e-09,False,False,6,False,1503
FOXN1,basal_to_ciliated,viper,-13.73700926709883,3.0,1.018181480035717e-16,False,False,3,False,1504
ETV2,basal_to_ciliated,viper,-13.745759296038928,4.0,7.372093036341147e-16,False,False,4,False,1505
FOXM1,basal_to_ciliated,viper,-13.797168046497406,6.0,2.911540330005054e-10,False,False,6,False,1506
WT1,basal_to_ciliated,viper,-13.838220409338803,4.0,1.5750117634538373e-23,False,False,4,False,1507
ZNF581,basal_to_ciliated,viper,-13.92265996412509,3.0,6.817622576620996e-19,False,False,3,False,1508
POU3F1,basal_to_ciliated,viper,-13.946233884411761,4.0,1.69131423016606e-17,False,False,4,False,1509
ERG,basal_to_ciliated,viper,-14.151786522876002,5.0,8.561028240139107e-20,False,False,5,False,1510
GRHL3,basal_to_ciliated,viper,-14.373942617160594,3.0,1.018181480035717e-16,False,False,3,False,1511
SNAI2,basal_to_ciliated,viper,-14.631504037101447,4.0,2.51661644129105e-20,False,False,4,False,1512
ELK4,basal_to_ciliated,viper,-14.72242890352289,5.0,2.031875032861994e-18,False,False,5,False,1513
NEUROD2,basal_to_ciliated,viper,-14.943383737526023,4.0,1.9572942477253685e-27,False,False,4,False,1514
EPAS1,basal_to_ciliated,viper,-15.054858063423481,4.0,3.892093156297249e-24,False,False,4,False,1515
MYBL2,basal_to_ciliated,viper,-15.091090086074995,6.0,4.6384357160662326e-14,False,False,6,False,1516
TFAP2A,basal_to_ciliated,viper,-15.447317458537091,6.0,8.55339393143503e-15,False,False,6,False,1517
SRY,basal_to_ciliated,viper,-16.036925842621038,4.0,1.6802114712187457e-26,False,False,4,False,1518
ETS1,basal_to_ciliated,viper,-16.696880464189604,6.0,2.1112765021746364e-21,False,False,6,False,1519
GATA4,basal_to_ciliated,viper,-16.834683334530183,5.0,1.5510167314821682e-25,False,False,5,False,1520
KLF5,basal_to_ciliated,viper,-17.47006359661612,5.0,1.3082397586750202e-22,False,False,5,False,1521
ARID3A,basal_to_ciliated,viper,-17.71014470158648,5.0,2.5917239838401005e-28,False,False,5,False,1522
E2F4,basal_to_ciliated,viper,-17.730061230019214,6.0,1.8714174044435047e-22,False,False,6,False,1523
AR,basal_to_ciliated,viper,-17.768312469473038,5.0,3.630459715230913e-31,False,False,5,False,1524
E2F6,basal_to_ciliated,viper,-18.151150234241367,5.0,1.1613087358818064e-31,False,False,5,False,1525
PPARG,basal_to_ciliated,viper,-18.93742811349657,5.0,5.3128299890560764e-34,False,False,5,False,1526
TET1,basal_to_ciliated,viper,-19.22640257449314,3.0,2.5879775185570272e-49,False,False,3,False,1527
KLF1,basal_to_ciliated,viper,-19.303845049488988,5.0,1.2191151087282882e-31,False,False,5,False,1528
MYCN,basal_to_ciliated,viper,-19.41543513201677,5.0,3.063317664386714e-31,False,False,5,False,1529
E2F1,basal_to_ciliated,viper,-19.460963948801286,6.0,2.6644279045217854e-25,False,False,6,False,1530
TP63,basal_to_ciliated,viper,-21.54549587085839,5.0,4.745274782358458e-35,False,False,5,False,1531
TEAD4,basal_to_ciliated,viper,-22.053180549156842,6.0,5.1185532910062254e-36,False,False,6,False,1532
TP53,basal_to_ciliated,viper,-24.082322845249905,5.0,5.7288567724758524e-46,False,False,5,False,1533
MYC,basal_to_ciliated,viper,-30.872266184768286,6.0,4.016170858955907e-61,False,False,6,False,1534
CREB3L4,basal_to_club,viper,10.900822518642077,3.0,8.239673895149294e-10,False,True,3,False,1
MITF,basal_to_club,viper,10.69578609346385,5.0,4.667105102703042e-13,True,True,5,True,2
FOXA1,basal_to_club,viper,9.576993240737474,6.0,7.303332473000514e-05,True,True,6,True,3
XBP1,basal_to_club,viper,9.014535838730804,4.0,6.868531186994491e-06,True,True,4,True,4
ELF3,basal_to_club,viper,8.65101851238799,4.0,6.231525799220092e-06,True,True,4,True,5
HNF4G,basal_to_club,viper,7.9061440069779145,5.0,0.00014499323056360678,True,True,5,True,6
STAT1,basal_to_club,viper,7.769462719150267,6.0,6.302713045440656e-05,True,True,6,True,7
MECOM,basal_to_club,viper,7.518288056687672,3.0,1.0548912602091114e-06,True,True,3,True,8
ZNF189,basal_to_club,viper,6.705841365136548,3.0,0.0006076435058193098,False,True,3,False,9
CREB3L2,basal_to_club,viper,6.2980131268173185,3.0,0.00024188516083781613,False,True,3,False,10
ZNF587,basal_to_club,viper,6.187134016417442,3.0,8.062585548193827e-05,False,True,3,False,11
SATB2,basal_to_club,viper,6.117283325859398,3.0,8.272150040367325e-06,False,True,3,False,12
ZKSCAN1,basal_to_club,viper,6.076621419690926,5.0,0.0014212307697636015,True,True,5,True,13
THRB,basal_to_club,viper,5.988884245819278,3.0,0.002763804457551964,False,True,3,False,14
NCOA2,basal_to_club,viper,5.832217637596428,4.0,0.0013871276504268152,True,True,4,True,15
FOXP4,basal_to_club,viper,5.800125091771417,3.0,0.0005138242644731482,False,True,3,False,16
FOXA3,basal_to_club,viper,5.746605470756689,3.0,0.0020269202196843863,False,True,3,False,17
SMAD4,basal_to_club,viper,5.696286455843404,5.0,0.0007678822615777779,True,True,5,True,18
MESP1,basal_to_club,viper,5.647012854263354,3.0,9.130141472051546e-05,False,True,3,False,19
NCOA3,basal_to_club,viper,5.606188829735034,4.0,0.014454081126888212,True,True,4,True,20
NR2F6,basal_to_club,viper,5.597022315718741,4.0,0.003055963297665419,True,True,4,True,21
ELF5,basal_to_club,viper,5.5969025235461505,5.0,0.007857301825711187,True,True,5,True,22
NFE2,basal_to_club,viper,5.413168394235032,5.0,0.0064240098704074515,True,True,5,True,23
ZNF69,basal_to_club,viper,5.402717068321356,3.0,0.0006566771192650257,False,True,3,False,24
DMRTA1,basal_to_club,viper,5.24023537742955,3.0,0.0007477649122953755,False,True,3,False,25
NR2C2,basal_to_club,viper,4.9277558804177035,5.0,0.02985749287814787,True,True,5,True,26
NR3C2,basal_to_club,viper,4.759993095254684,3.0,0.009313302639423059,False,True,3,False,27
CREB3L1,basal_to_club,viper,4.7272160740014115,4.0,0.01323499698344648,True,True,4,True,28
FOXO3,basal_to_club,viper,4.71015989120756,4.0,0.018097579458481595,True,True,4,True,29
NCOA1,basal_to_club,viper,4.695450022511233,4.0,0.008266618059384457,True,True,4,True,30
ETV6,basal_to_club,viper,4.693120783123264,4.0,0.01583082248929667,True,True,4,True,31
CLOCK,basal_to_club,viper,4.688871219124351,5.0,0.017416570714014028,False,True,5,False,32
ZNF217,basal_to_club,viper,4.640059785034172,6.0,0.006374743396258311,True,True,6,True,33
ZNF552,basal_to_club,viper,4.593153382084318,3.0,0.002244834796675141,False,True,3,False,34
ZNF704,basal_to_club,viper,4.547972174855804,3.0,0.01467935123234317,False,True,3,False,35
ZNF396,basal_to_club,viper,4.534242889443317,3.0,0.004232214788421475,False,True,3,False,36
ZNF236,basal_to_club,viper,4.530762442128918,3.0,0.020597911179190274,False,True,3,False,37
ZNF710,basal_to_club,viper,4.5307523459519485,3.0,0.01914795463876758,False,True,3,False,38
OVOL2,basal_to_club,viper,4.509447592660382,3.0,0.020830371586894644,False,True,3,False,39
ZNF407,basal_to_club,viper,4.490388502392361,3.0,0.005436196159283423,False,True,3,False,40
ZSCAN16,basal_to_club,viper,4.315522739600771,3.0,0.010518539101961618,False,True,3,False,41
STAT2,basal_to_club,viper,4.310184702734751,5.0,0.05400652842166285,True,True,5,True,42
ZBTB41,basal_to_club,viper,4.283285104584392,3.0,0.01467935123234317,False,True,3,False,43
ZNF875,basal_to_club,viper,4.271252764645863,3.0,0.01678869718364014,False,True,3,False,44
CASZ1,basal_to_club,viper,4.263215928910355,3.0,0.01605060011901691,False,True,3,False,45
ZFAT,basal_to_club,viper,4.194999024543871,3.0,0.020999962886917637,False,True,3,False,46
CREB3,basal_to_club,viper,4.190007076363898,4.0,0.021914517678036625,True,True,4,True,47
HIVEP1,basal_to_club,viper,4.188562835004444,3.0,0.015244329058700731,False,True,3,False,48
ZBTB42,basal_to_club,viper,4.056788495854499,2.0,0.01467935123234317,False,True,2,False,49
SREBF2,basal_to_club,viper,4.035890647484481,6.0,0.0936747291057678,True,True,6,True,50
STAT3,basal_to_club,viper,3.9971505129935956,6.0,0.10565545562312134,True,True,6,True,51
MYB,basal_to_club,viper,3.9549194104459153,6.0,0.09666050520142193,True,True,6,True,52
ZNF81,basal_to_club,viper,3.9246241354003097,3.0,0.048469150990815724,False,True,3,False,53
ESRRG,basal_to_club,viper,3.889511262251883,3.0,0.03481669776326252,False,True,3,False,54
LCOR,basal_to_club,viper,3.8474769785544716,3.0,0.03271398797940938,False,True,3,False,55
STAT5A,basal_to_club,viper,3.774488031278204,6.0,0.03651706554423083,True,True,6,True,56
IRF1,basal_to_club,viper,3.762608961907836,6.0,0.13248602691353217,True,True,6,True,57
SPDEF,basal_to_club,viper,3.728774916686115,3.0,0.03846664517354389,False,True,3,False,58
TBX10,basal_to_club,viper,3.716854417998481,3.0,0.03380852807955937,False,True,3,False,59
ZNF117,basal_to_club,viper,3.7045496333099526,3.0,0.036746959031766765,False,True,3,False,60
CXXC5,basal_to_club,viper,3.656900562476826,2.0,0.01327757750151971,False,True,2,False,61
ZNF75D,basal_to_club,viper,3.6404849682709077,3.0,0.02719747326362072,False,True,3,False,62
RUNX1,basal_to_club,viper,3.638296382966122,5.0,0.014072209404948044,True,True,5,True,63
ZBTB7A,basal_to_club,viper,3.619718142054715,5.0,0.10508203525558302,True,True,5,True,64
SP140L,basal_to_club,viper,3.589189613414881,2.0,0.019014810058711046,False,True,2,False,65
ZNF664,basal_to_club,viper,3.550702876235871,3.0,0.042199379306346776,False,True,3,False,66
ZNF780A,basal_to_club,viper,3.54948838484411,3.0,0.02839648020417334,False,True,3,False,67
FOXO4,basal_to_club,viper,3.5417154865472757,3.0,0.08155129169325458,False,True,3,False,68
IRF9,basal_to_club,viper,3.536082591981908,4.0,0.09483654851659394,True,True,4,True,69
ZBTB46,basal_to_club,viper,3.53116307988415,3.0,0.039632352616349585,False,True,3,False,70
ZFHX3,basal_to_club,viper,3.501315820980162,3.0,0.06201833937406357,False,True,3,False,71
BHLHA15,basal_to_club,viper,3.4702176120746184,2.0,0.05693865215533069,False,True,2,False,72
TET2,basal_to_club,viper,3.4072987837218593,2.0,0.02099917249330424,False,True,2,False,73
PRDM8,basal_to_club,viper,3.3869962713252915,3.0,0.026953915571106882,False,True,3,False,74
ZNF609,basal_to_club,viper,3.3849212203155994,3.0,0.04664294884988156,False,True,3,False,75
BATF2,basal_to_club,viper,3.338332350737924,3.0,0.10886802692744785,False,True,3,False,76
FOXA2,basal_to_club,viper,3.3231991164858514,6.0,0.15858894133109983,True,True,6,True,77
ZBTB34,basal_to_club,viper,3.3099764725234446,3.0,0.11342078325364606,False,True,3,False,78
ZNF776,basal_to_club,viper,3.2720959569248693,3.0,0.04308417396124705,False,True,3,False,79
ZNF510,basal_to_club,viper,3.2695881471163664,3.0,0.05044707357758275,False,True,3,False,80
IKZF2,basal_to_club,viper,3.2379551702895153,3.0,0.09545102579334179,False,True,3,False,81
ESR1,basal_to_club,viper,3.234966055241081,6.0,0.10223126121261797,True,True,6,True,82
ZBTB37,basal_to_club,viper,3.2232151947939087,3.0,0.09354634654303401,False,True,3,False,83
MESP2,basal_to_club,viper,3.208611921327044,3.0,0.061043526226017976,False,True,3,False,84
SP100,basal_to_club,viper,3.1930451299196276,3.0,0.0722237085494811,False,True,3,False,85
CCDC17,basal_to_club,viper,3.1805977097871696,2.0,0.034660273023808405,False,True,2,False,86
GRHL2,basal_to_club,viper,3.1564655892902778,5.0,0.08950438769867067,True,True,5,True,87
PURA,basal_to_club,viper,3.1335041581161516,2.0,0.04047528226333677,False,True,2,False,88
NFATC2,basal_to_club,viper,3.132257366790528,3.0,0.14486011864818144,False,True,3,False,89
ZNF429,basal_to_club,viper,3.10390149149598,3.0,0.08261200447576718,False,True,3,False,90
SOX5,basal_to_club,viper,3.089071800205695,3.0,0.05828434220962573,False,True,3,False,91
LBX2,basal_to_club,viper,3.0878614157204733,3.0,0.13775123166836703,False,True,3,False,92
ZNF417,basal_to_club,viper,3.0865968997880096,3.0,0.08781889790620355,False,True,3,False,93
RREB1,basal_to_club,viper,3.037877846909686,3.0,0.05979650074286439,False,True,3,False,94
NFAT5,basal_to_club,viper,3.0218647947464063,3.0,0.09398696466375106,False,True,3,False,95
ZNF555,basal_to_club,viper,3.004099415791157,3.0,0.08682168243544534,False,True,3,False,96
ASH1L,basal_to_club,viper,2.9627599688623465,3.0,0.11148219762952474,False,True,3,False,97
CXXC4,basal_to_club,viper,2.9378076414789236,3.0,0.095785524009676,True,True,3,True,98
ZNF652,basal_to_club,viper,2.931480734098055,4.0,0.20672576128587275,True,True,4,True,99
ZNF341,basal_to_club,viper,2.8922582774751873,3.0,0.09399732431124777,False,True,3,False,100
KDM5B,basal_to_club,viper,2.86480444723231,5.0,0.12618204666092483,True,True,5,True,101
SP140,basal_to_club,viper,2.8360819554083294,3.0,0.11288093310578408,False,True,3,False,102
ZNF621,basal_to_club,viper,2.825760635470393,3.0,0.08261200447576718,False,True,3,False,103
BACH1,basal_to_club,viper,2.8233902527228043,6.0,0.08320573375341596,True,True,6,True,104
GPBP1L1,basal_to_club,viper,2.820136597159437,2.0,0.08472260671954164,False,True,2,False,105
MYSM1,basal_to_club,viper,2.8146647122655124,3.0,0.1339524026359997,False,True,3,False,106
MLXIP,basal_to_club,viper,2.802409599160661,3.0,0.1368340929452471,False,True,3,False,107
SP110,basal_to_club,viper,2.801880007082851,3.0,0.15296173321832174,False,True,3,False,108
ZNF780B,basal_to_club,viper,2.8009423250330414,3.0,0.08682168243544534,False,True,3,False,109
GLMP,basal_to_club,viper,2.786759593989824,2.0,0.15129011635808412,False,True,2,False,110
HIVEP2,basal_to_club,viper,2.756218047398277,3.0,0.15220442635084488,False,True,3,False,111
TBXT,basal_to_club,viper,2.7549299599907253,4.0,0.1935908805125793,True,True,4,True,112
BARHL1,basal_to_club,viper,2.7366353233936382,3.0,0.20407576974318462,False,True,3,False,113
FOXJ1,basal_to_club,viper,2.7320087665644075,3.0,0.11572405854090627,False,True,3,False,114
ZNF592,basal_to_club,viper,2.7109352054083904,4.0,0.22569487306582003,True,True,4,True,115
TET3,basal_to_club,viper,2.679225079498213,2.0,0.1282301534441675,False,True,2,False,116
MBNL2,basal_to_club,viper,2.678322326535585,3.0,0.12975563896957593,False,True,3,False,117
ZNF24,basal_to_club,viper,2.654645507193651,4.0,0.30315865842086115,True,True,4,True,118
ZNF440,basal_to_club,viper,2.654092118035729,3.0,0.2552142612450901,False,True,3,False,119
ZNF20,basal_to_club,viper,2.6493394861091812,3.0,0.11123077042451465,False,True,3,False,120
USF3,basal_to_club,viper,2.647354826525902,2.0,0.09610110537892709,False,True,2,False,121
ZBTB10,basal_to_club,viper,2.643740464830347,3.0,0.13305524420298906,False,True,3,False,122
FOXJ3,basal_to_club,viper,2.6401304648518225,3.0,0.17133122080726215,False,True,3,False,123
ATF6,basal_to_club,viper,2.6186410309282904,3.0,0.15370652975721752,False,True,3,False,124
ZNF264,basal_to_club,viper,2.608837249215552,3.0,0.11123077042451465,False,True,3,False,125
SP1,basal_to_club,viper,2.582568715986778,5.0,0.1125147977858825,True,True,5,True,126
ZNF808,basal_to_club,viper,2.579505683432893,3.0,0.13879082004502954,False,True,3,False,127
ZNF37A,basal_to_club,viper,2.5769169049458758,3.0,0.1240086659280997,False,True,3,False,128
ZNF507,basal_to_club,viper,2.5734321668669353,3.0,0.1872182729501451,False,True,3,False,129
GZF1,basal_to_club,viper,2.569212869550414,3.0,0.19199014029600436,False,True,3,False,130
GATAD2B,basal_to_club,viper,2.5557457683303273,3.0,0.22416137928510985,False,True,3,False,131
ZNF70,basal_to_club,viper,2.543481132261382,3.0,0.14468903138853156,False,True,3,False,132
RFX3,basal_to_club,viper,2.5368828607367613,3.0,0.23161417954924668,False,True,3,False,133
ZNF493,basal_to_club,viper,2.528616067207355,3.0,0.12026751283071899,False,True,3,False,134
ZBTB18,basal_to_club,viper,2.4891607477723703,2.0,0.22903087981370365,False,True,2,False,135
KMT2A,basal_to_club,viper,2.487796084535495,3.0,0.18697488209514324,True,True,3,True,136
ZBED6,basal_to_club,viper,2.4572331854634113,1.0,0.06261523545900777,False,True,1,False,137
ZNF432,basal_to_club,viper,2.4251978818718016,3.0,0.21225802603823452,False,True,3,False,138
LHX8,basal_to_club,viper,2.421070481587155,3.0,0.2843766969778169,False,True,3,False,139
PRDM2,basal_to_club,viper,2.410394369893697,3.0,0.27962624684215154,False,True,3,False,140
ZNF736,basal_to_club,viper,2.3958173821188278,2.0,0.16013601257184,False,True,2,False,141
HES6,basal_to_club,viper,2.3795523261735774,3.0,0.21763080254520498,False,True,3,False,142
NACC2,basal_to_club,viper,2.3625076225153268,2.0,0.2034020182880041,False,True,2,False,143
ZNF165,basal_to_club,viper,2.3610870968603113,3.0,0.26910458966487927,True,True,3,True,144
SGSM2,basal_to_club,viper,2.35548828381748,2.0,0.16114086810236208,False,True,2,False,145
ZNF445,basal_to_club,viper,2.3411386538692605,3.0,0.24642808551687406,False,True,3,False,146
RBAK,basal_to_club,viper,2.3364333517272105,3.0,0.24651872620495627,False,True,3,False,147
ZBTB26,basal_to_club,viper,2.331991951833644,3.0,0.27753331508176593,False,True,3,False,148
ARID2,basal_to_club,viper,2.325069031534566,4.0,0.21166609091661323,True,True,4,True,149
MXD4,basal_to_club,viper,2.317692028255872,3.0,0.25855740876790095,False,True,3,False,150
ZNF33A,basal_to_club,viper,2.308997611443674,3.0,0.26089199793586265,False,True,3,False,151
ZNF28,basal_to_club,viper,2.3051454109170444,3.0,0.30275610260631447,False,True,3,False,152
ZNF778,basal_to_club,viper,2.296704069690515,3.0,0.1795489504564033,False,True,3,False,153
ZBTB40,basal_to_club,viper,2.295087600521698,3.0,0.24234072029935821,False,True,3,False,154
E2F5,basal_to_club,viper,2.2886042577711416,4.0,0.19323404960019125,True,True,4,True,155
ZNF782,basal_to_club,viper,2.287726410907499,3.0,0.31542879381971767,False,True,3,False,156
POU5F2,basal_to_club,viper,2.2755908623415104,2.0,0.2589747065665732,False,True,2,False,157
CUX1,basal_to_club,viper,2.268301022059826,6.0,0.3104728070635947,True,True,6,True,158
ZNF564,basal_to_club,viper,2.2382813116226226,3.0,0.18024508624714486,False,True,3,False,159
ZMAT1,basal_to_club,viper,2.20225470240512,3.0,0.21311924070432472,False,True,3,False,160
ZNF91,basal_to_club,viper,2.195978204952193,3.0,0.33310383417900175,False,True,3,False,161
PRDM4,basal_to_club,viper,2.1903874235131306,3.0,0.1257266622033145,False,True,3,False,162
ZNF800,basal_to_club,viper,2.189084961316156,3.0,0.2659475417242271,False,True,3,False,163
BCL6,basal_to_club,viper,2.1824200637761866,5.0,0.25587248646383715,True,True,5,True,164
ZNF148,basal_to_club,viper,2.180847875341462,3.0,0.2619974583880722,False,True,3,False,165
ZNF860,basal_to_club,viper,2.1769817698317393,2.0,0.3172791115232957,False,True,2,False,166
RLF,basal_to_club,viper,2.1747890390032514,3.0,0.2620879766793694,False,True,3,False,167
ZBTB38,basal_to_club,viper,2.169680316071394,3.0,0.21064763748537407,False,True,3,False,168
RORC,basal_to_club,viper,2.1685434874482343,3.0,0.28634823022925515,False,True,3,False,169
MEF2A,basal_to_club,viper,2.1645374517174583,6.0,0.3519312735207976,True,True,6,True,170
JAZF1,basal_to_club,viper,2.162895012030519,3.0,0.25583137460356353,False,True,3,False,171
MGA,basal_to_club,viper,2.156462373745062,3.0,0.21674136524187534,False,True,3,False,172
ZSCAN5A,basal_to_club,viper,2.1563189705252737,3.0,0.23386852346431056,False,True,3,False,173
ZNF605,basal_to_club,viper,2.149848719582726,3.0,0.22013159769415408,False,True,3,False,174
IRX5,basal_to_club,viper,2.1411055957848455,3.0,0.30379391723001686,False,True,3,False,175
MBD2,basal_to_club,viper,2.129271476827945,4.0,0.32610436556123557,True,True,4,True,176
ZNF594,basal_to_club,viper,2.129257146038545,3.0,0.2123697823884174,False,True,3,False,177
ZNF44,basal_to_club,viper,2.121141702988139,3.0,0.2123697823884174,False,True,3,False,178
ZKSCAN8,basal_to_club,viper,2.1125642874262343,2.0,0.23733922121638673,False,True,2,False,179
ZFHX2,basal_to_club,viper,2.1108000767870747,3.0,0.23755032188516956,False,True,3,False,180
ZBTB6,basal_to_club,viper,2.071453092232348,3.0,0.23375558592082377,False,True,3,False,181
PURB,basal_to_club,viper,2.07000448028941,2.0,0.29772559617139044,False,True,2,False,182
ZNF585B,basal_to_club,viper,2.0682779072315958,3.0,0.23386852346431056,False,True,3,False,183
BAZ2B,basal_to_club,viper,2.067356635090677,3.0,0.2912245309501029,False,True,3,False,184
CREBL2,basal_to_club,viper,2.0484734072651722,3.0,0.31817327961979486,False,True,3,False,185
IRX3,basal_to_club,viper,2.0396830167012543,3.0,0.3137524282177364,False,True,3,False,186
NPAS3,basal_to_club,viper,2.032674649522969,3.0,0.4321465144150159,False,True,3,False,187
ZNF467,basal_to_club,viper,2.0292231202935413,3.0,0.34494534613673183,False,True,3,False,188
ZNF646,basal_to_club,viper,2.017501759604879,3.0,0.3201253124828454,False,True,3,False,189
ZNF234,basal_to_club,viper,2.009812294718194,3.0,0.2339046564793326,False,True,3,False,190
ZNF529,basal_to_club,viper,1.9762279739520159,3.0,0.23576875873890948,False,True,3,False,191
ZNF254,basal_to_club,viper,1.9730069611821786,3.0,0.2339046564793326,False,True,3,False,192
ZNF418,basal_to_club,viper,1.9647751821937165,3.0,0.30887716838189433,False,True,3,False,193
ZNF827,basal_to_club,viper,1.9646845364168128,3.0,0.3500580718238216,False,True,3,False,194
GLIS3,basal_to_club,viper,1.9322988806759127,3.0,0.4351463984305751,False,True,3,False,195
ZNF316,basal_to_club,viper,1.9270915966751814,3.0,0.3354234814600419,False,True,3,False,196
ZNF274,basal_to_club,viper,1.922916178106313,6.0,0.44469295505667944,True,True,6,True,197
ZNF470,basal_to_club,viper,1.9099817528926382,3.0,0.3479145841148182,False,True,3,False,198
ZNF268,basal_to_club,viper,1.9090515545477325,3.0,0.2734474064273963,False,True,3,False,199
PLSCR1,basal_to_club,viper,1.9067940536697785,2.0,0.2896216410431019,False,True,2,False,200
GRHL1,basal_to_club,viper,1.9067490781193774,3.0,0.3479145841148182,False,True,3,False,201
PATZ1,basal_to_club,viper,1.888845881375533,3.0,0.2593031742933142,False,True,3,False,202
ZFP91,basal_to_club,viper,1.8870636549849849,3.0,0.4258023147996501,False,True,3,False,203
ZNF763,basal_to_club,viper,1.8866391213057374,3.0,0.28634823022925515,False,True,3,False,204
KLF12,basal_to_club,viper,1.85540057888095,3.0,0.5400513709144287,False,True,3,False,205
ZFP14,basal_to_club,viper,1.8517749887630333,3.0,0.3276572910150739,False,True,3,False,206
ZNF474,basal_to_club,viper,1.8379034846625926,3.0,0.3728563614108775,False,True,3,False,207
ZSCAN29,basal_to_club,viper,1.8242197486403209,3.0,0.3728563614108775,False,True,3,False,208
PRDM10,basal_to_club,viper,1.8197580597577698,3.0,0.2968942609881449,False,True,3,False,209
AKNA,basal_to_club,viper,1.8178363566371445,3.0,0.3269710897144848,False,True,3,False,210
ZNF648,basal_to_club,viper,1.8107933481088054,3.0,0.07807548657252462,False,True,3,False,211
ZNF772,basal_to_club,viper,1.8000905984663194,3.0,0.21166609091661323,False,True,3,False,212
ZNF585A,basal_to_club,viper,1.7932037430923975,3.0,0.33896407077846946,False,True,3,False,213
KDM2A,basal_to_club,viper,1.79273559855914,2.0,0.31672742366556283,False,True,2,False,214
ZNF611,basal_to_club,viper,1.7893212085539736,3.0,0.4171453606285275,False,True,3,False,215
LTF,basal_to_club,viper,1.7855043481017507,2.0,0.44345849101972157,False,True,2,False,216
ZNF391,basal_to_club,viper,1.7781881267818207,3.0,0.35538230652217473,False,True,3,False,217
SRCAP,basal_to_club,viper,1.7728620824888668,3.0,0.3985113450064008,False,True,3,False,218
ZNF793,basal_to_club,viper,1.7698226307338425,3.0,0.3505875652093337,False,True,3,False,219
THAP12,basal_to_club,viper,1.7673193350993113,2.0,0.43203217351746387,False,True,2,False,220
POU2AF1,basal_to_club,viper,1.766145686716438,2.0,0.4356943003311906,False,True,2,False,221
ZNF449,basal_to_club,viper,1.7643117745208592,3.0,0.4920317251931376,False,True,3,False,222
TMF1,basal_to_club,viper,1.7602583059866106,2.0,0.3604746323830864,False,True,2,False,223
ZNF626,basal_to_club,viper,1.7315215323369941,3.0,0.3069543862166118,False,True,3,False,224
ZBTB11,basal_to_club,viper,1.7294495804520933,4.0,0.2681582000242607,False,True,4,False,225
HOXB2,basal_to_club,viper,1.7268565273334788,3.0,0.46752899823298233,False,True,3,False,226
ZNF484,basal_to_club,viper,1.7264923082303627,3.0,0.3025538632067164,False,True,3,False,227
HMBOX1,basal_to_club,viper,1.7256381007079429,4.0,0.4530139314133378,True,True,4,True,228
ZXDC,basal_to_club,viper,1.7137575392455224,3.0,0.47558509722879094,False,True,3,False,229
ZNF382,basal_to_club,viper,1.7119416773583906,3.0,0.40471762894616203,False,True,3,False,230
ZNF527,basal_to_club,viper,1.7084764445760683,3.0,0.2777170731314955,False,True,3,False,231
NRL,basal_to_club,viper,1.7002106810278308,3.0,0.4128972526535454,False,True,3,False,232
ZNF101,basal_to_club,viper,1.6972512025565707,3.0,0.45565163924722996,False,True,3,False,233
ZBTB4,basal_to_club,viper,1.6949934378349223,3.0,0.43982883424698616,False,True,3,False,234
CREM,basal_to_club,viper,1.6757879027489566,5.0,0.5833509882956941,True,True,5,True,235
ZNF506,basal_to_club,viper,1.6741783799964967,3.0,0.37179260333776915,False,True,3,False,236
NFX1,basal_to_club,viper,1.6712631311415127,3.0,0.4499932537462811,False,True,3,False,237
ZNF491,basal_to_club,viper,1.667046871755806,3.0,0.4085735820317175,False,True,3,False,238
ZNF514,basal_to_club,viper,1.6394970516022191,3.0,0.4550003083620556,False,True,3,False,239
BAZ2A,basal_to_club,viper,1.6334686893316304,3.0,0.5031282572892739,False,True,3,False,240
ARHGAP35,basal_to_club,viper,1.6319642715284741,2.0,0.2939184562483734,False,True,2,False,241
ZNF737,basal_to_club,viper,1.6093863199211755,2.0,0.4105210703191289,False,True,2,False,242
TIGD4,basal_to_club,viper,1.6077817534960575,2.0,0.3985113450064008,False,True,2,False,243
MEF2D,basal_to_club,viper,1.6064806674221461,3.0,0.4708229197172491,False,True,3,False,244
JRK,basal_to_club,viper,1.6023716069623954,2.0,0.49013885652185774,False,True,2,False,245
ZNF841,basal_to_club,viper,1.6018996190845494,3.0,0.5174102039838365,False,True,3,False,246
ZNF799,basal_to_club,viper,1.5991881674265027,3.0,0.42241704048822687,False,True,3,False,247
L3MBTL1,basal_to_club,viper,1.598644147871654,2.0,0.5147600783994359,False,True,2,False,248
ZBTB21,basal_to_club,viper,1.5872320711262644,2.0,0.2753863249774045,False,True,2,False,249
ZNF23,basal_to_club,viper,1.5669602264100007,3.0,0.5973606329558486,False,True,3,False,250
IRF7,basal_to_club,viper,1.5579960643562936,3.0,0.41062661255915545,False,True,3,False,251
ZNF329,basal_to_club,viper,1.557439856296759,3.0,0.3929938009118771,False,True,3,False,252
ZNF3,basal_to_club,viper,1.5464576939759251,3.0,0.5201633752195525,False,True,3,False,253
TEAD1,basal_to_club,viper,1.5252638751326046,4.0,0.4724636091939659,True,True,4,True,254
ZNF765,basal_to_club,viper,1.5238132037696934,3.0,0.14888235029082708,False,True,3,False,255
ZNF135,basal_to_club,viper,1.5187014699229626,3.0,0.3558470462693186,False,True,3,False,256
GLYR1,basal_to_club,viper,1.5104168819220447,3.0,0.5924869948018254,True,True,3,True,257
ZNF433,basal_to_club,viper,1.5042856967933698,3.0,0.3870979740759696,False,True,3,False,258
JUND,basal_to_club,viper,1.4997535397649162,6.0,0.20809606663112037,True,True,6,True,259
ZNF546,basal_to_club,viper,1.4962625977340436,3.0,0.42645503725072564,False,True,3,False,260
ZNF132,basal_to_club,viper,1.4961133423466706,3.0,0.47404917125757295,False,True,3,False,261
ZNF12,basal_to_club,viper,1.4944740789086937,3.0,0.515181334007376,False,True,3,False,262
ZNF431,basal_to_club,viper,1.4930922676126197,3.0,0.40013118226155325,False,True,3,False,263
ZNF280D,basal_to_club,viper,1.4915742538779602,3.0,0.5773755056384802,False,True,3,False,264
ZNF708,basal_to_club,viper,1.4786321243109055,3.0,0.40055962348514323,False,True,3,False,265
ZNF320,basal_to_club,viper,1.4637300249178415,3.0,0.4119072632088164,False,True,3,False,266
ZNF787,basal_to_club,viper,1.4622177282513154,3.0,0.5773755056384802,False,True,3,False,267
ZNF451,basal_to_club,viper,1.45587123083746,3.0,0.41354130550499213,False,True,3,False,268
CSRNP2,basal_to_club,viper,1.4487183106629367,2.0,0.4685830716445536,False,True,2,False,269
THAP5,basal_to_club,viper,1.4235967174165987,3.0,0.32757554855545323,False,True,3,False,270
ZNF226,basal_to_club,viper,1.4163866422821414,3.0,0.43061035606859377,False,True,3,False,271
RBSN,basal_to_club,viper,1.4124304505594312,2.0,0.4968562193123959,False,True,2,False,272
ZNF398,basal_to_club,viper,1.3858297026054562,3.0,0.31817327961979486,False,True,3,False,273
ZNF681,basal_to_club,viper,1.3850130127109856,3.0,0.3767310569707074,False,True,3,False,274
ZNF654,basal_to_club,viper,1.3835634739556752,3.0,0.5386748319837394,False,True,3,False,275
ZNF844,basal_to_club,viper,1.3725342527415443,2.0,0.5423081195411431,False,True,2,False,276
MECP2,basal_to_club,viper,1.3658178540784978,3.0,0.5772558405731975,False,True,3,False,277
ZNF169,basal_to_club,viper,1.3610605976665486,3.0,0.5377575302541807,False,True,3,False,278
ZNF528,basal_to_club,viper,1.3516836997045971,3.0,0.47268563868440333,False,True,3,False,279
ZNF562,basal_to_club,viper,1.3449292502939485,3.0,0.5400513709144287,False,True,3,False,280
ZSCAN1,basal_to_club,viper,1.341004588428862,3.0,0.461017850808241,False,True,3,False,281
ZNF606,basal_to_club,viper,1.3393505648583726,3.0,0.42889746541786394,False,True,3,False,282
ARNT,basal_to_club,viper,1.3370994731951535,5.0,0.5049866697761906,True,True,5,True,283
ZNF441,basal_to_club,viper,1.3345885358049723,3.0,0.4678080702243488,False,True,3,False,284
DMTF1,basal_to_club,viper,1.3220209661697198,3.0,0.6052037986754881,False,True,3,False,285
ZNF740,basal_to_club,viper,1.3115319174365687,4.0,0.7027202923774611,True,True,4,True,286
ZNF267,basal_to_club,viper,1.3054568179708654,3.0,0.6103859313369866,False,True,3,False,287
ARX,basal_to_club,viper,1.3044470468181746,3.0,0.553179075089464,False,True,3,False,288
ZNF292,basal_to_club,viper,1.3014922524005275,3.0,0.4085735820317175,False,True,3,False,289
ZNF791,basal_to_club,viper,1.298719482593855,3.0,0.5523352359797997,False,True,3,False,290
TIGD6,basal_to_club,viper,1.287138680678777,3.0,0.5438763736367287,False,True,3,False,291
ZNF619,basal_to_club,viper,1.283836772146159,3.0,0.3141706622865122,False,True,3,False,292
ZNF785,basal_to_club,viper,1.2670238623336603,2.0,0.5772527274565431,False,True,2,False,293
FOXN2,basal_to_club,viper,1.2512816956280974,3.0,0.493189938918593,False,True,3,False,294
SPEN,basal_to_club,viper,1.2503121767059693,2.0,0.576493567526075,False,True,2,False,295
SIX4,basal_to_club,viper,1.2425481357074788,3.0,0.5956367220354676,False,True,3,False,296
PRDM15,basal_to_club,viper,1.2314992184014537,3.0,0.34770170158581615,False,True,3,False,297
ZNF182,basal_to_club,viper,1.2253360584831352,3.0,0.5557365920248195,False,True,3,False,298
ZNF687,basal_to_club,viper,1.2160822542993484,3.0,0.613520732273892,False,True,3,False,299
ZNF347,basal_to_club,viper,1.2067038752363684,3.0,0.6868928720990112,False,True,3,False,300
GTF2I,basal_to_club,viper,1.200527290094527,1.0,0.48905201702009315,False,True,1,False,301
MYRFL,basal_to_club,viper,1.1966315408184602,2.0,0.5802822334043423,False,True,2,False,302
ZNF549,basal_to_club,viper,1.1955628957320146,3.0,0.6836587701292076,False,True,3,False,303
POU2F1,basal_to_club,viper,1.1937760176023753,4.0,0.6175894562016865,True,True,4,True,304
ZNF282,basal_to_club,viper,1.192988756779496,3.0,0.6963119603075364,False,True,3,False,305
ZFPM1,basal_to_club,viper,1.1883025312487576,3.0,0.4649843621909805,False,True,3,False,306
ZNF700,basal_to_club,viper,1.1878381203552457,3.0,0.6442820859037243,False,True,3,False,307
ZHX3,basal_to_club,viper,1.1819283973909365,3.0,0.684496289923682,False,True,3,False,308
ZNF8,basal_to_club,viper,1.1739648519766628,2.0,0.6189575646954019,False,True,2,False,309
BATF3,basal_to_club,viper,1.1738417554274616,3.0,0.6554380378957027,False,True,3,False,310
ZSCAN30,basal_to_club,viper,1.1637348460073924,2.0,0.6856506019094463,False,True,2,False,311
ZNF709,basal_to_club,viper,1.1631587844466262,3.0,0.40471762894616203,False,True,3,False,312
ZNF439,basal_to_club,viper,1.1618795868526801,3.0,0.5465273237234477,False,True,3,False,313
BPTF,basal_to_club,viper,1.1550500307460638,2.0,0.5967983772818638,False,True,2,False,314
ZNF682,basal_to_club,viper,1.1464334118044492,3.0,0.6535627237546484,False,True,3,False,315
LYL1,basal_to_club,viper,1.1463418962715444,5.0,0.6522812485192083,True,True,5,True,316
ZNF157,basal_to_club,viper,1.1322340070481463,3.0,0.6908343239988026,False,True,3,False,317
ZNF83,basal_to_club,viper,1.1213736259823164,4.0,0.6623808973547173,True,True,4,True,318
ZNF518A,basal_to_club,viper,1.1193109791325382,3.0,0.5594128614651692,False,True,3,False,319
KLF2,basal_to_club,viper,1.1176909621972488,4.0,0.7008793678177374,True,True,4,True,320
SATB1,basal_to_club,viper,1.1148352838672495,4.0,0.7405966267423885,True,True,4,True,321
ZNF613,basal_to_club,viper,1.1140982011888414,3.0,0.5554035231553422,False,True,3,False,322
IRF5,basal_to_club,viper,1.1109511090855935,3.0,0.6028123784230877,False,True,3,False,323
REPIN1,basal_to_club,viper,1.1092215032674204,3.0,0.5772527274565431,False,True,3,False,324
DZIP1,basal_to_club,viper,1.1073183481187976,3.0,0.6445405054224242,False,True,3,False,325
MTF1,basal_to_club,viper,1.105790306080136,2.0,0.6241055625284884,False,True,2,False,326
USF1,basal_to_club,viper,1.1034900330927069,5.0,0.5635168856285646,True,True,5,True,327
ZNF33B,basal_to_club,viper,1.0946511859514214,3.0,0.6856506019094463,False,True,3,False,328
ZNF397,basal_to_club,viper,1.088289938550095,2.0,0.7080517137905841,False,True,2,False,329
BHLHE41,basal_to_club,viper,1.0652960720219151,2.0,0.6444582621461733,False,True,2,False,330
HNF1B,basal_to_club,viper,1.0599291979051562,3.0,0.6501995290995357,True,True,3,True,331
SON,basal_to_club,viper,1.0591435567582783,2.0,0.7092203233453596,False,True,2,False,332
PLAGL2,basal_to_club,viper,1.0538152993076366,3.0,0.6928539268313171,False,True,3,False,333
ZNF853,basal_to_club,viper,1.045548814089825,2.0,0.7094766436095701,False,True,2,False,334
DUX4,basal_to_club,viper,1.0451342927158136,2.0,0.6699815959681751,True,True,2,True,335
ZNF548,basal_to_club,viper,1.0433762403983347,3.0,0.5201633752195525,False,True,3,False,336
ZNF746,basal_to_club,viper,1.0416660203138206,3.0,0.5863511121252503,False,True,3,False,337
GATA1,basal_to_club,viper,1.0401687770979642,6.0,0.46579394504643085,True,True,6,True,338
IKZF4,basal_to_club,viper,1.0319382066973513,3.0,0.6187517620414361,False,True,3,False,339
ZXDB,basal_to_club,viper,1.0305302376126508,3.0,0.5479342250894778,False,True,3,False,340
ZNF230,basal_to_club,viper,1.0304383835699622,3.0,0.5962887199884885,False,True,3,False,341
ZHX1,basal_to_club,viper,1.0230851028499623,4.0,0.3172791115232957,False,True,4,False,342
ZNF444,basal_to_club,viper,1.0221321468312148,3.0,0.6340935348909356,False,True,3,False,343
RFX7,basal_to_club,viper,1.021725078694789,3.0,0.5110845614569794,False,True,3,False,344
ZNF674,basal_to_club,viper,1.0109053177857226,3.0,0.7433738340177931,False,True,3,False,345
ELF2,basal_to_club,viper,1.008884055494209,3.0,0.6794616737901861,False,True,3,False,346
ZKSCAN7,basal_to_club,viper,1.0059933935874095,2.0,0.6772378991589395,False,True,2,False,347
STAT5B,basal_to_club,viper,0.9941769759204697,4.0,0.6810416409217083,True,True,4,True,348
FAM200B,basal_to_club,viper,0.9919435970223314,2.0,0.6965418960861655,False,True,2,False,349
BATF,basal_to_club,viper,0.9729951220839679,5.0,0.5962003656221758,False,True,5,False,350
ZNF713,basal_to_club,viper,0.9652941090846582,3.0,0.627178265287341,False,True,3,False,351
PEG3,basal_to_club,viper,0.9637646104897353,2.0,0.631694316795812,False,True,2,False,352
NR1D2,basal_to_club,viper,0.9581890732059443,3.0,0.4109076184365533,False,True,3,False,353
ATMIN,basal_to_club,viper,0.955390645248749,3.0,0.3137524282177364,False,True,3,False,354
ZNF599,basal_to_club,viper,0.9485064117426681,3.0,0.24642808551687406,False,True,3,False,355
ZNF10,basal_to_club,viper,0.9435815514921703,3.0,0.6330062559543158,False,True,3,False,356
ZNF487,basal_to_club,viper,0.9434029073904232,3.0,0.7499805892154956,False,True,3,False,357
ZNF461,basal_to_club,viper,0.9327228441254739,3.0,0.6321068986393132,False,True,3,False,358
NR2F1,basal_to_club,viper,0.9244493389864017,4.0,0.7653030226400082,True,True,4,True,359
ZNF688,basal_to_club,viper,0.9234632409230477,3.0,0.742677281606821,False,True,3,False,360
ZNF701,basal_to_club,viper,0.9213678833808869,3.0,0.6340935348909356,False,True,3,False,361
NFE2L1,basal_to_club,viper,0.91648669226567,4.0,0.5145928917686606,True,True,4,True,362
TCF20,basal_to_club,viper,0.9146130723466412,3.0,0.3286519659803677,False,True,3,False,363
MZF1,basal_to_club,viper,0.9092702011906217,3.0,0.7918932672709429,False,True,3,False,364
MYRF,basal_to_club,viper,0.9063872002797168,2.0,0.7131729283849176,False,True,2,False,365
CREBZF,basal_to_club,viper,0.8903578673237228,3.0,0.7108493041411181,False,True,3,False,366
MBD6,basal_to_club,viper,0.8899670608938559,2.0,0.7144526295492747,False,True,2,False,367
SMAD9,basal_to_club,viper,0.8715679065222183,3.0,0.7627164362786245,False,True,3,False,368
ZNF142,basal_to_club,viper,0.8702692284178776,3.0,0.7430055996250997,False,True,3,False,369
REL,basal_to_club,viper,0.863870065336646,3.0,0.7944865905345104,False,True,3,False,370
ZNF175,basal_to_club,viper,0.8589121665889338,4.0,0.7674118555270832,False,True,4,False,371
ZNF524,basal_to_club,viper,0.8547139556681388,3.0,0.7918932672709429,False,True,3,False,372
MXD1,basal_to_club,viper,0.8380355720414593,3.0,0.7975920587385026,False,True,3,False,373
ZNF764,basal_to_club,viper,0.8321652891112361,3.0,0.7975920587385026,False,True,3,False,374
ZBTB22,basal_to_club,viper,0.8296401430037612,3.0,0.4555020928655837,False,True,3,False,375
ZFP30,basal_to_club,viper,0.828072547073673,3.0,0.7232394590884906,False,True,3,False,376
ZFX,basal_to_club,viper,0.8220372477733029,5.0,0.4517147700858024,True,True,5,True,377
KMT2B,basal_to_club,viper,0.8193278263269289,2.0,0.6326942848169825,False,True,2,False,378
ZNF517,basal_to_club,viper,0.806892598914189,3.0,0.7801935053802774,False,True,3,False,379
ZFP3,basal_to_club,viper,0.8037447466760022,3.0,0.7918932672709429,False,True,3,False,380
ZNF814,basal_to_club,viper,0.7989483738492215,2.0,0.7631960619462316,False,True,2,False,381
ZFY,basal_to_club,viper,0.7943754633547091,3.0,0.7810554714991611,False,True,3,False,382
ZBTB20,basal_to_club,viper,0.7859706294994966,2.0,0.7918932672709429,False,True,2,False,383
ZNF471,basal_to_club,viper,0.7855104371467124,3.0,0.7975035542810652,False,True,3,False,384
ZNF160,basal_to_club,viper,0.775456708479547,3.0,0.6350772294098775,False,True,3,False,385
ZNF260,basal_to_club,viper,0.7741269973479084,3.0,0.6330062559543158,False,True,3,False,386
ZNF345,basal_to_club,viper,0.7718180482160408,3.0,0.5977751051305668,False,True,3,False,387
RFX2,basal_to_club,viper,0.7547552291900365,4.0,0.5617602000474301,False,True,4,False,388
ZNF497,basal_to_club,viper,0.7507984171155031,3.0,0.7502340248908861,False,True,3,False,389
ZNF419,basal_to_club,viper,0.7470725832533655,3.0,0.8316452600500917,False,True,3,False,390
ZNF717,basal_to_club,viper,0.7459509619019324,3.0,0.4610129992109117,False,True,3,False,391
ZNF197,basal_to_club,viper,0.7433754137238453,4.0,0.3036853913452104,False,True,4,False,392
LIN54,basal_to_club,viper,0.7337883770763871,2.0,0.828552117971742,False,True,2,False,393
ZNF627,basal_to_club,viper,0.7184077191828383,3.0,0.8113276195778715,False,True,3,False,394
PRDM1,basal_to_club,viper,0.7123444265623847,5.0,0.6030351869110113,True,True,5,True,395
AHR,basal_to_club,viper,0.6989120460197236,5.0,0.38848867155721495,True,True,5,True,396
GTF2IRD2,basal_to_club,viper,0.6984376001216286,3.0,0.8214696906634597,False,True,3,False,397
RXRA,basal_to_club,viper,0.6787896056425976,6.0,0.5384076548680107,True,True,6,True,398
ATF5,basal_to_club,viper,0.6663379080094167,3.0,0.44431874048714254,False,True,3,False,399
ZNF563,basal_to_club,viper,0.6611932415049953,3.0,0.8410575675051839,False,True,3,False,400
CPXCR1,basal_to_club,viper,0.6530578252535316,2.0,0.6609452370616865,False,True,2,False,401
ZNF655,basal_to_club,viper,0.6434085921104553,3.0,0.6875077651316478,False,True,3,False,402
GTF2IRD1,basal_to_club,viper,0.638345165708751,2.0,0.8274650734571858,False,True,2,False,403
CC2D1A,basal_to_club,viper,0.6348576103747938,2.0,0.8519034734765202,False,True,2,False,404
ZNF141,basal_to_club,viper,0.6336203628362679,3.0,0.6330062559543158,False,True,3,False,405
ZNF596,basal_to_club,viper,0.6052905421350494,3.0,0.7198495701109028,False,True,3,False,406
GMEB2,basal_to_club,viper,0.6018257865215109,3.0,0.8067649826498288,False,True,3,False,407
SOX30,basal_to_club,viper,0.6015670639436432,2.0,0.2920475451702316,False,True,2,False,408
ZNF333,basal_to_club,viper,0.5954838923205598,3.0,0.7465489189081855,False,True,3,False,409
ZBTB14,basal_to_club,viper,0.5919773034359269,2.0,0.7092529150256431,False,True,2,False,410
HES4,basal_to_club,viper,0.5747854026885968,3.0,0.7599847681430029,False,True,3,False,411
IKZF5,basal_to_club,viper,0.5739194333839074,3.0,0.8359042790989311,False,True,3,False,412
ZBTB33,basal_to_club,viper,0.5693157454723163,5.0,0.5688729063365594,True,True,5,True,413
PRR12,basal_to_club,viper,0.54906739543603,3.0,0.7602646704433277,False,True,3,False,414
ZNF302,basal_to_club,viper,0.5384744832048752,3.0,0.8423065657385751,False,True,3,False,415
ZNF790,basal_to_club,viper,0.5330571268988261,3.0,0.8128019575702947,False,True,3,False,416
THRA,basal_to_club,viper,0.53009120466487,4.0,0.5484810738493647,False,True,4,False,417
ZSCAN18,basal_to_club,viper,0.5298866444205493,3.0,0.7918932672709429,False,True,3,False,418
ZFP90,basal_to_club,viper,0.5257863432945257,3.0,0.7992454272620692,False,True,3,False,419
ANKZF1,basal_to_club,viper,0.523663583764665,3.0,0.8801231657237586,False,True,3,False,420
ZBTB3,basal_to_club,viper,0.5037705633218256,3.0,0.8871433886403293,False,True,3,False,421
FIZ1,basal_to_club,viper,0.48634937423927754,3.0,0.8078528657748008,False,True,3,False,422
ZNF266,basal_to_club,viper,0.48583414673014363,3.0,0.7726073529141552,False,True,3,False,423
RBPJ,basal_to_club,viper,0.4822301579575233,5.0,0.44726363931935403,True,True,5,True,424
ZNF253,basal_to_club,viper,0.4806152197838669,3.0,0.6435436954038651,False,True,3,False,425
ZNF500,basal_to_club,viper,0.4764605548626143,3.0,0.6115213944006095,False,True,3,False,426
ZNF318,basal_to_club,viper,0.47041486441406805,4.0,0.2896216410431019,True,True,4,True,427
THAP6,basal_to_club,viper,0.4640090006316749,3.0,0.6315662253170741,False,True,3,False,428
ZNF570,basal_to_club,viper,0.45228675593026135,3.0,0.33255122778595647,False,True,3,False,429
ZNF783,basal_to_club,viper,0.4382337578407513,3.0,0.7992454272620692,False,True,3,False,430
ZNF229,basal_to_club,viper,0.43732820140914586,2.0,0.6974380444055436,False,True,2,False,431
ZNF718,basal_to_club,viper,0.43159885087518274,3.0,0.8252731448500893,False,True,3,False,432
DOT1L,basal_to_club,viper,0.37887961420685534,3.0,0.725946952133032,False,True,3,False,433
TRPS1,basal_to_club,viper,0.3764482322342721,3.0,0.0292360003516479,False,True,3,False,434
ZNF568,basal_to_club,viper,0.3747905978391198,3.0,0.6647586342201918,False,True,3,False,435
ZNF490,basal_to_club,viper,0.3712132464057688,3.0,0.6804400862615989,False,True,3,False,436
ZNF283,basal_to_club,viper,0.3659459636011362,3.0,0.762956045343183,False,True,3,False,437
POU6F1,basal_to_club,viper,0.3643404351943665,3.0,0.7577674817022138,False,True,3,False,438
NR2C1,basal_to_club,viper,0.351475504075962,3.0,0.8546860177094002,False,True,3,False,439
ZNF630,basal_to_club,viper,0.3368275358857382,2.0,0.9361882303767707,False,True,2,False,440
ZNF544,basal_to_club,viper,0.3292338624409649,3.0,0.5493598806271426,False,True,3,False,441
ZNF324,basal_to_club,viper,0.32712000037170386,3.0,0.8688548451067756,False,True,3,False,442
GTF2IRD2B,basal_to_club,viper,0.3258029475433187,3.0,0.5706482076491832,False,True,3,False,443
ZNF319,basal_to_club,viper,0.32456093284096693,3.0,0.9336112290349227,False,True,3,False,444
MAFK,basal_to_club,viper,0.32316027645501627,5.0,0.3257815214203879,True,True,5,True,445
ZBTB25,basal_to_club,viper,0.31990003115598054,3.0,0.8342766710177774,False,True,3,False,446
ZNF678,basal_to_club,viper,0.3183247133082037,3.0,0.667817178109904,False,True,3,False,447
ZNF516,basal_to_club,viper,0.3166828242341916,3.0,0.8747509765508317,False,True,3,False,448
ZNF335,basal_to_club,viper,0.3109229413497368,3.0,0.8630442607094803,False,True,3,False,449
PHF21A,basal_to_club,viper,0.3046274689644049,3.0,0.6340935348909356,False,True,3,False,450
MAFG,basal_to_club,viper,0.2743327166298328,4.0,0.4696371595840416,True,True,4,True,451
USF2,basal_to_club,viper,0.27010990952226094,5.0,0.34880841768351045,True,True,5,True,452
ZNF334,basal_to_club,viper,0.2698410707996534,3.0,0.8572158983682615,False,True,3,False,453
CARF,basal_to_club,viper,0.2694347327290025,2.0,0.949241725539413,False,True,2,False,454
ZNF404,basal_to_club,viper,0.25672636687907474,3.0,0.8202096437545825,False,True,3,False,455
ZNF66,basal_to_club,viper,0.25273962640008746,2.0,0.9499165894807106,False,True,2,False,456
GABPA,basal_to_club,viper,0.2482092460196464,6.0,0.44949587164699234,True,False,6,False,457
SP3,basal_to_club,viper,0.2418995662893753,3.0,0.28250237842188486,False,True,3,False,458
NR4A2,basal_to_club,viper,0.24187894937909699,4.0,0.7992454272620692,True,True,4,True,459
KLF15,basal_to_club,viper,0.23835716451749758,3.0,0.9073457955641495,False,True,3,False,460
CENPB,basal_to_club,viper,0.23646640326908153,3.0,0.23375558592082377,False,True,3,False,461
ZNF653,basal_to_club,viper,0.22583886532092365,3.0,0.8742547469165132,False,True,3,False,462
NPAS2,basal_to_club,viper,0.21631537356514988,3.0,0.6330062559543158,False,True,3,False,463
FBXL19,basal_to_club,viper,0.20392091907231272,2.0,0.857683562166702,False,True,2,False,464
ZBTB44,basal_to_club,viper,0.1962377600662431,3.0,0.7430055996250997,False,True,3,False,465
RHOXF2B,basal_to_club,viper,0.19325029453356676,3.0,0.7992454272620692,False,True,3,False,466
SCX,basal_to_club,viper,0.1929564982547722,1.0,0.9522397958310148,False,True,1,False,467
ZNF248,basal_to_club,viper,0.18325356253667946,3.0,0.9058699846342485,False,True,3,False,468
TCF7L2,basal_to_club,viper,0.15846623079910796,6.0,0.13612014049635726,True,False,6,False,469
TRERF1,basal_to_club,viper,0.14670262576026583,3.0,0.8646921068412915,False,True,3,False,470
PRRX2,basal_to_club,viper,0.13927806293202175,3.0,0.869838613323958,False,True,3,False,471
ZNF224,basal_to_club,viper,0.1357247131662781,3.0,0.6285990423625951,False,True,3,False,472
ZNF154,basal_to_club,viper,0.1344124958894141,3.0,0.7992454272620692,False,True,3,False,473
ZNF214,basal_to_club,viper,0.11404680643209796,3.0,0.8020137727578215,False,True,3,False,474
ZNF577,basal_to_club,viper,0.08318391013662182,3.0,0.8275747746885022,False,True,3,False,475
GMEB1,basal_to_club,viper,0.0633037644898538,3.0,0.7814831727144884,False,True,3,False,476
ZNF572,basal_to_club,viper,0.05443395546610682,3.0,0.7992454272620692,False,True,3,False,477
ZNF829,basal_to_club,viper,0.041523009353770755,3.0,0.7815125246481418,False,True,3,False,478
ZBTB43,basal_to_club,viper,0.0385583560529348,3.0,0.7726073529141552,False,True,3,False,479
ZNF200,basal_to_club,viper,0.031228367882829268,3.0,0.8707362298700264,False,True,3,False,480
ZNF136,basal_to_club,viper,0.027195205401174188,3.0,0.8934816575520885,False,True,3,False,481
RFX1,basal_to_club,viper,0.02027971916574589,4.0,0.7431206278418443,False,True,4,False,482
ZKSCAN3,basal_to_club,viper,0.009267576060204627,3.0,0.8251912710044701,False,True,3,False,483
ZNF337,basal_to_club,viper,-0.011410679219382295,3.0,0.7712564517620929,False,True,3,False,484
MEF2C,basal_to_club,viper,-0.01295901385296269,5.0,0.715726528691281,False,True,5,False,485
MBD1,basal_to_club,viper,-0.013376634867489388,3.0,0.7941400788864684,False,True,3,False,486
ZNF76,basal_to_club,viper,-0.01813113428567847,3.0,0.93898670984879,False,True,3,False,487
ZSCAN25,basal_to_club,viper,-0.03164830532337377,2.0,0.9579889602927564,False,True,2,False,488
ZNF483,basal_to_club,viper,-0.03298060854798505,3.0,0.7146926926808086,False,True,3,False,489
ZNF557,basal_to_club,viper,-0.04351396873075465,3.0,0.7918932672709429,False,True,3,False,490
ZNF513,basal_to_club,viper,-0.04599808502084728,3.0,0.6647586342201918,False,True,3,False,491
ZNF571,basal_to_club,viper,-0.06015004125176491,3.0,0.9021411509980775,False,True,3,False,492
ZBTB7C,basal_to_club,viper,-0.07547537884367889,3.0,0.24879871674844645,False,True,3,False,493
ZNF610,basal_to_club,viper,-0.07837475783636716,3.0,0.3558470462693186,False,True,3,False,494
ZNF672,basal_to_club,viper,-0.0890401497122675,3.0,0.6856506019094463,False,True,3,False,495
SIX3,basal_to_club,viper,-0.09098161636713477,3.0,0.8129666406975662,False,True,3,False,496
SNAI3,basal_to_club,viper,-0.09314041379565786,3.0,0.7575578647125663,False,True,3,False,497
VEZF1,basal_to_club,viper,-0.1043228478649892,3.0,0.8769476796705334,False,True,3,False,498
KCMF1,basal_to_club,viper,-0.12089862008532996,3.0,0.3705489692718755,False,True,3,False,499
ZNF354B,basal_to_club,viper,-0.145160358628206,3.0,0.45468983707082256,False,True,3,False,500
ZNF225,basal_to_club,viper,-0.14588798790606328,2.0,0.9025039009125974,False,True,2,False,501
KLF16,basal_to_club,viper,-0.20519219607938124,3.0,0.5185310116962626,False,True,3,False,502
WIZ,basal_to_club,viper,-0.21041793087549096,3.0,0.7575578647125663,False,True,3,False,503
ZNF579,basal_to_club,viper,-0.21533965137105052,3.0,0.8212151685159869,False,True,3,False,504
ZNF19,basal_to_club,viper,-0.22625475288762292,3.0,0.7256049826607142,False,True,3,False,505
ZNF789,basal_to_club,viper,-0.23764158774606173,3.0,0.9058699846342485,False,True,3,False,506
ZBED5,basal_to_club,viper,-0.25430656636297594,2.0,0.950802827507476,False,False,2,False,507
SNAPC4,basal_to_club,viper,-0.2773115136117582,4.0,0.6885026286218688,True,True,4,True,508
PBX4,basal_to_club,viper,-0.28411088242725957,3.0,0.8001477820788772,False,True,3,False,509
ZNF233,basal_to_club,viper,-0.2852292291336461,3.0,0.7814748848205626,False,True,3,False,510
E4F1,basal_to_club,viper,-0.2865691206157273,3.0,0.8134256294292895,False,True,3,False,511
STAT6,basal_to_club,viper,-0.29690705902125064,4.0,0.630023760919552,True,True,4,True,512
ZNF384,basal_to_club,viper,-0.2993933315850158,5.0,0.823076234249793,True,True,5,True,513
ZNF276,basal_to_club,viper,-0.2996893852437686,3.0,0.9190542840783609,False,False,3,False,514
ZNF671,basal_to_club,viper,-0.3089601596623951,3.0,0.7381739942517784,False,True,3,False,515
PPARD,basal_to_club,viper,-0.3487587804967671,4.0,0.30275610260631447,True,True,4,True,516
ZNF454,basal_to_club,viper,-0.3648069410756459,3.0,0.7553132524990379,False,True,3,False,517
ZNF607,basal_to_club,viper,-0.39082568374566634,3.0,0.45073101678093086,False,True,3,False,518
ZNF805,basal_to_club,viper,-0.41336618018823224,3.0,0.07883451404044843,False,True,3,False,519
DACH1,basal_to_club,viper,-0.4239065581256474,3.0,0.8457060158278789,False,False,3,False,520
CPEB1,basal_to_club,viper,-0.4356113779939516,2.0,0.8573458422275607,False,True,2,False,521
TRAFD1,basal_to_club,viper,-0.44180126592643904,3.0,0.838784357066084,False,True,3,False,522
ZNF426,basal_to_club,viper,-0.4479770959082757,3.0,0.7992454272620692,False,True,3,False,523
MXI1,basal_to_club,viper,-0.4570300539757069,5.0,0.1088480896414441,False,True,5,False,524
ZSCAN22,basal_to_club,viper,-0.46232400643463184,3.0,0.7771450981895264,False,True,3,False,525
ZNF616,basal_to_club,viper,-0.46259872318865025,3.0,0.8593366282270476,False,False,3,False,526
HMG20B,basal_to_club,viper,-0.48761789635566993,3.0,0.8247890173569067,False,True,3,False,527
ZNF597,basal_to_club,viper,-0.4990122713513023,3.0,0.8549326171538348,False,True,3,False,528
ZNF468,basal_to_club,viper,-0.49952379459229806,3.0,0.620059506488009,False,True,3,False,529
RBCK1,basal_to_club,viper,-0.500930554402621,2.0,0.8761056540221968,False,False,2,False,530
ZNF852,basal_to_club,viper,-0.5129197483617818,2.0,0.8751519738674898,False,False,2,False,531
ZNF761,basal_to_club,viper,-0.5223979125030492,3.0,0.6606482970112977,False,True,3,False,532
RFX6,basal_to_club,viper,-0.5441403217900734,3.0,0.7921246316615789,False,False,3,False,533
ZNF768,basal_to_club,viper,-0.5588809331528677,3.0,0.6853357108247153,False,True,3,False,534
ZNF727,basal_to_club,viper,-0.5637868356445401,2.0,0.8573458422275607,False,True,2,False,535
HINFP,basal_to_club,viper,-0.5934186621629243,3.0,0.7346249076399455,False,True,3,False,536
ZNF615,basal_to_club,viper,-0.6000138824520532,3.0,0.7835005577009069,False,True,3,False,537
ZNF446,basal_to_club,viper,-0.6077898954070597,3.0,0.8217831819146814,False,True,3,False,538
SETDB2,basal_to_club,viper,-0.6134726314097299,3.0,0.8208777272163702,False,False,3,False,539
ZNF221,basal_to_club,viper,-0.6246830176704001,3.0,0.6440576728969686,False,True,3,False,540
PIN1,basal_to_club,viper,-0.6336148208005413,2.0,0.8127642450147404,False,True,2,False,541
ZNF721,basal_to_club,viper,-0.6399779038334411,3.0,0.8129666406975662,False,False,3,False,542
ZNF629,basal_to_club,viper,-0.6418844186678839,3.0,0.47506941590223967,False,True,3,False,543
ZNF251,basal_to_club,viper,-0.6503921731683814,3.0,0.7992454272620692,False,False,3,False,544
ZFP2,basal_to_club,viper,-0.6698043742114784,3.0,0.822413186335466,False,False,3,False,545
OLIG2,basal_to_club,viper,-0.672679209524895,4.0,0.8486292171726698,False,True,4,False,546
KAT7,basal_to_club,viper,-0.6857230758778915,2.0,0.8164010873875519,False,False,2,False,547
HOXA11,basal_to_club,viper,-0.6859301293204866,3.0,0.8208777272163702,False,False,3,False,548
ZNF479,basal_to_club,viper,-0.6878360235282805,2.0,0.694991520617077,False,False,2,False,549
AHCTF1,basal_to_club,viper,-0.7296330082000414,3.0,0.5185310116962626,False,True,3,False,550
HSF4,basal_to_club,viper,-0.7375319717572208,3.0,0.5515227707416319,False,True,3,False,551
ZNF583,basal_to_club,viper,-0.7447794030693354,3.0,0.6440576728969686,False,True,3,False,552
L3MBTL4,basal_to_club,viper,-0.7451341537225483,2.0,0.6699652283490547,False,True,2,False,553
JRKL,basal_to_club,viper,-0.7561026745321413,2.0,0.5371221975258865,False,True,2,False,554
ZNF425,basal_to_club,viper,-0.7674594982733333,3.0,0.7901615943795605,False,False,3,False,555
ZNF486,basal_to_club,viper,-0.7839587815485896,3.0,0.6634603805682702,False,True,3,False,556
ZNF75A,basal_to_club,viper,-0.7850199031766311,3.0,0.740584736299128,False,True,3,False,557
KLF6,basal_to_club,viper,-0.7960763763989315,4.0,0.616866479882012,True,True,4,True,558
CSRNP1,basal_to_club,viper,-0.8005651045216879,2.0,0.7647181253857371,False,False,2,False,559
ATF6B,basal_to_club,viper,-0.8114722822197145,2.0,0.7831202525052664,False,False,2,False,560
NFKB2,basal_to_club,viper,-0.8147369533817358,4.0,0.6203708400436513,False,True,4,False,561
ZNF644,basal_to_club,viper,-0.8219999521471033,4.0,0.7392494624758006,False,True,4,False,562
ZNF623,basal_to_club,viper,-0.836369659372585,3.0,0.5796748503571424,False,True,3,False,563
ELK3,basal_to_club,viper,-0.8413199985964273,4.0,0.827137157515668,False,False,4,False,564
ZBTB8B,basal_to_club,viper,-0.8458583551808787,2.0,0.46568421365266605,False,True,2,False,565
TCF24,basal_to_club,viper,-0.8474813584054602,3.0,0.6856506019094463,False,True,3,False,566
ZNF43,basal_to_club,viper,-0.854557286512292,3.0,0.5412588952544746,False,True,3,False,567
PHF1,basal_to_club,viper,-0.85739445694568,2.0,0.7783417337654507,False,False,2,False,568
HOXB3,basal_to_club,viper,-0.8660169851171048,3.0,0.5588898567133062,False,True,3,False,569
ZNF284,basal_to_club,viper,-0.8702515275711906,3.0,0.6856506019094463,False,True,3,False,570
ARID5A,basal_to_club,viper,-0.8721989497188067,2.0,0.7445191619407124,False,False,2,False,571
ESR2,basal_to_club,viper,-0.8736329745933717,5.0,0.7118353439355576,False,True,5,False,572
ZNF98,basal_to_club,viper,-0.8808550274952135,3.0,0.7515513890752312,False,True,3,False,573
ZNF587B,basal_to_club,viper,-0.8833605552009165,2.0,0.3683018884324342,False,True,2,False,574
ZNF658,basal_to_club,viper,-0.8888419403884903,2.0,0.6045025431898404,False,False,2,False,575
ZSCAN23,basal_to_club,viper,-0.9034381352104067,3.0,0.7093862753817054,False,True,3,False,576
ZBTB1,basal_to_club,viper,-0.9123087964506261,3.0,0.535114953343693,False,True,3,False,577
EHF,basal_to_club,viper,-0.9172337059910032,4.0,0.5346704794734781,False,True,4,False,578
ZNF211,basal_to_club,viper,-0.9199044665031556,3.0,0.7599847681430029,False,True,3,False,579
ZNF415,basal_to_club,viper,-0.920447068785119,3.0,0.7693194751847056,False,False,3,False,580
SKIL,basal_to_club,viper,-0.9301448496277422,3.0,0.667817178109904,False,False,3,False,581
MTERF2,basal_to_club,viper,-0.9432912598070572,2.0,0.7501673842351467,False,False,2,False,582
NR4A3,basal_to_club,viper,-0.9455405269328694,3.0,0.647605996889874,False,False,3,False,583
ZNF865,basal_to_club,viper,-0.947127312759298,2.0,0.432266081022775,False,True,2,False,584
ZNF566,basal_to_club,viper,-0.9547247824308112,3.0,0.5937008706897561,False,True,3,False,585
PROX1,basal_to_club,viper,-0.9564011991935918,4.0,0.5570054471229735,False,True,4,False,586
ZNF554,basal_to_club,viper,-0.9565338173705855,3.0,0.6912074520296706,False,True,3,False,587
MNT,basal_to_club,viper,-0.961011499338589,4.0,0.7444899700372325,False,True,4,False,588
SNAPC5,basal_to_club,viper,-0.9662061420862751,2.0,0.6535627237546484,False,True,2,False,589
NAIF1,basal_to_club,viper,-0.976858112703448,2.0,0.7177777519085062,False,False,2,False,590
NFYA,basal_to_club,viper,-0.9971891091794032,5.0,0.3661707076194124,True,True,5,True,591
HAND2,basal_to_club,viper,-0.9987741839901765,3.0,0.615332348415419,False,False,3,False,592
ZFP41,basal_to_club,viper,-1.013375640381607,3.0,0.615332348415419,False,True,3,False,593
ZNF816,basal_to_club,viper,-1.017571116695205,2.0,0.6856506019094463,False,False,2,False,594
OLIG1,basal_to_club,viper,-1.0255986991169412,3.0,0.6486199764493106,False,True,3,False,595
MEIS2,basal_to_club,viper,-1.0324720339213125,4.0,0.4606245726884392,True,True,4,True,596
SALL4,basal_to_club,viper,-1.0334860387934803,4.0,0.3473585364193972,True,True,4,True,597
ZNF410,basal_to_club,viper,-1.0373602061550178,3.0,0.5699090685013536,False,False,3,False,598
SOX13,basal_to_club,viper,-1.0441392355943706,4.0,0.33780001255959846,False,True,4,False,599
GPBP1,basal_to_club,viper,-1.048374376652711,2.0,0.7058794068364664,False,False,2,False,600
BBX,basal_to_club,viper,-1.0511153357011809,3.0,0.7498833835517804,False,False,3,False,601
HEY1,basal_to_club,viper,-1.0577560452194728,3.0,0.560469605247276,False,True,3,False,602
TERB1,basal_to_club,viper,-1.1051864494317265,2.0,0.6908343239988026,False,True,2,False,603
ZNF559,basal_to_club,viper,-1.1093239541803064,3.0,0.7065129592893156,False,False,3,False,604
ZNF628,basal_to_club,viper,-1.110941979887358,3.0,0.5515227707416319,False,True,3,False,605
ZNF48,basal_to_club,viper,-1.1110360549201113,3.0,0.5962887199884885,False,False,3,False,606
MSANTD4,basal_to_club,viper,-1.115688340884797,2.0,0.6724366939593669,False,False,2,False,607
ZNF705G,basal_to_club,viper,-1.1204474035522172,1.0,0.5295605951720386,False,False,1,False,608
ZBTB48,basal_to_club,viper,-1.1260519795041857,3.0,0.5469993026502822,False,False,3,False,609
ATF2,basal_to_club,viper,-1.1538903732865682,5.0,0.22778786286209277,False,True,5,False,610
ZSCAN31,basal_to_club,viper,-1.1576840396047585,2.0,0.6856506019094463,False,False,2,False,611
YBX3,basal_to_club,viper,-1.158208132308423,2.0,0.6285662142837577,False,True,2,False,612
FOXR1,basal_to_club,viper,-1.166245506499829,3.0,0.6388356167176107,False,False,3,False,613
IRF3,basal_to_club,viper,-1.1741999561905898,5.0,0.5760721993442727,False,True,5,False,614
ZNF304,basal_to_club,viper,-1.209058462002871,3.0,0.637460586153824,False,False,3,False,615
ZNF620,basal_to_club,viper,-1.2302209410773701,3.0,0.45565163924722996,False,True,3,False,616
ZNF235,basal_to_club,viper,-1.2349829255373446,3.0,0.6039715834188395,False,False,3,False,617
MKX,basal_to_club,viper,-1.236668040254932,3.0,0.6963119603075364,False,False,3,False,618
ZEB2,basal_to_club,viper,-1.2395713494020664,4.0,0.32297447487480835,False,True,4,False,619
ZFP82,basal_to_club,viper,-1.2450956444497157,3.0,0.6330062559543158,False,False,3,False,620
ZNF536,basal_to_club,viper,-1.245531589059209,3.0,0.6699815959681751,False,True,3,False,621
TERF2,basal_to_club,viper,-1.251570326494031,4.0,0.3473585364193972,True,True,4,True,622
ZNF608,basal_to_club,viper,-1.251847772946299,3.0,0.5453716009237674,False,False,3,False,623
ZNF747,basal_to_club,viper,-1.2637493615102517,3.0,0.3281891833686105,False,True,3,False,624
ZNF879,basal_to_club,viper,-1.2725102242523543,2.0,0.5474949204338444,False,False,2,False,625
TBX22,basal_to_club,viper,-1.2804536163745128,3.0,0.5114569575201318,False,True,3,False,626
LCORL,basal_to_club,viper,-1.295479515376207,3.0,0.17832948776772048,False,True,3,False,627
RAX2,basal_to_club,viper,-1.3036794253829007,3.0,0.6389275861547851,False,False,3,False,628
ZNF573,basal_to_club,viper,-1.3125379967927675,3.0,0.5891402683824921,False,False,3,False,629
DPF1,basal_to_club,viper,-1.3136072112475556,3.0,0.5053845384013547,False,False,3,False,630
IKZF3,basal_to_club,viper,-1.3157595641963953,3.0,0.560469605247276,False,False,3,False,631
KLF13,basal_to_club,viper,-1.3176005031497182,4.0,0.34277696816974074,False,True,4,False,632
GLI2,basal_to_club,viper,-1.3286840106588935,3.0,0.32297447487480835,False,True,3,False,633
ZNF534,basal_to_club,viper,-1.3360249340975432,2.0,0.6222416989573308,False,False,2,False,634
FOXC1,basal_to_club,viper,-1.3465660421108152,3.0,0.4610129992109117,False,False,3,False,635
ZNF777,basal_to_club,viper,-1.3487883160733813,3.0,0.34494534613673183,False,True,3,False,636
ZKSCAN2,basal_to_club,viper,-1.3559713321359383,3.0,0.5154844011764868,False,True,3,False,637
NRF1,basal_to_club,viper,-1.3607472920258497,5.0,0.4699753045875045,False,False,5,False,638
TCFL5,basal_to_club,viper,-1.361845264911348,3.0,0.48616294251734,False,False,3,False,639
ZNF285,basal_to_club,viper,-1.3661597402053847,2.0,0.5535637869379494,False,False,2,False,640
LMX1A,basal_to_club,viper,-1.3764281011817812,3.0,0.4610129992109117,False,False,3,False,641
ZNF473,basal_to_club,viper,-1.3805988132267897,3.0,0.16858429587471674,False,True,3,False,642
ZGLP1,basal_to_club,viper,-1.3828941080632866,2.0,0.5621147147440674,False,False,2,False,643
BARX2,basal_to_club,viper,-1.3856359926471291,3.0,0.6146758713788731,False,True,3,False,644
LHX9,basal_to_club,viper,-1.385661072319155,3.0,0.5994462153121571,False,False,3,False,645
SAFB2,basal_to_club,viper,-1.3956584126339526,2.0,0.5340355187472811,False,False,2,False,646
ZNF213,basal_to_club,viper,-1.3966267674040795,3.0,0.4921916303501526,False,False,3,False,647
GATAD2A,basal_to_club,viper,-1.3995450894824133,3.0,0.4170440591313548,False,True,3,False,648
SIX1,basal_to_club,viper,-1.4146142328037463,3.0,0.47702710266647086,False,False,3,False,649
NR4A1,basal_to_club,viper,-1.418645222879667,4.0,0.4807935064022348,False,False,4,False,650
CENPX,basal_to_club,viper,-1.4309773378858432,1.0,0.3803295918855765,False,False,1,False,651
MSANTD1,basal_to_club,viper,-1.4355255077974372,2.0,0.5675144295207867,False,False,2,False,652
NFIL3,basal_to_club,viper,-1.4376250214765323,3.0,0.3473585364193972,False,True,3,False,653
ZNF598,basal_to_club,viper,-1.4387058295436508,3.0,0.40209169681427764,False,True,3,False,654
MYPOP,basal_to_club,viper,-1.441979591975086,2.0,0.48547435943741607,False,False,2,False,655
EBF4,basal_to_club,viper,-1.4557757805979468,3.0,0.5557365920248195,False,False,3,False,656
NFATC3,basal_to_club,viper,-1.4740704448871902,3.0,0.6189575646954019,False,False,3,False,657
ZNF99,basal_to_club,viper,-1.4803744267731822,3.0,0.5618308776571717,False,True,3,False,658
SOX12,basal_to_club,viper,-1.484576035311729,3.0,0.3998539565702188,False,False,3,False,659
ZNF420,basal_to_club,viper,-1.4855130008932338,3.0,0.5295605951720386,False,False,3,False,660
FOXP1,basal_to_club,viper,-1.4994291330624685,5.0,0.3830981180094528,False,True,5,False,661
CGGBP1,basal_to_club,viper,-1.5061697109979129,2.0,0.44916566069752334,False,False,2,False,662
ZNF350,basal_to_club,viper,-1.513322977939553,3.0,0.5028401130200858,False,False,3,False,663
ZBED1,basal_to_club,viper,-1.5152272492737664,4.0,0.31952054180632544,False,True,4,False,664
ZNF550,basal_to_club,viper,-1.5219264227985534,3.0,0.5412588952544746,False,True,3,False,665
IKZF1,basal_to_club,viper,-1.5226771885116506,6.0,0.4064528241104426,True,True,6,True,666
MTERF4,basal_to_club,viper,-1.5227590561541706,2.0,0.47558509722879094,False,False,2,False,667
PHF20,basal_to_club,viper,-1.5284895527509201,3.0,0.5535637869379494,False,True,3,False,668
ZNF428,basal_to_club,viper,-1.5332245537228864,3.0,0.3727854038481344,False,False,3,False,669
PRDM5,basal_to_club,viper,-1.5381778795382781,4.0,0.5185310116962626,False,True,4,False,670
ZNF496,basal_to_club,viper,-1.538934027922849,3.0,0.424392604505059,False,False,3,False,671
ZNF880,basal_to_club,viper,-1.53932020422576,2.0,0.4400987850224721,False,False,2,False,672
HOXB6,basal_to_club,viper,-1.566164039683239,3.0,0.08582138104861475,False,True,3,False,673
TP73,basal_to_club,viper,-1.5716068916643886,3.0,0.47482867155278113,False,True,3,False,674
NFE4,basal_to_club,viper,-1.5845284363877863,1.0,0.3092219394603828,False,False,1,False,675
PREB,basal_to_club,viper,-1.5951528701114597,3.0,0.45073101678093086,False,False,3,False,676
ZNF14,basal_to_club,viper,-1.6073860925428258,3.0,0.4977304094535431,False,False,3,False,677
ZNF460,basal_to_club,viper,-1.6134741279665077,3.0,0.15631667762654716,False,True,3,False,678
ZNF843,basal_to_club,viper,-1.6136608436053526,3.0,0.4610129992109117,False,True,3,False,679
PKNOX1,basal_to_club,viper,-1.616890845532412,4.0,0.3066986629550763,False,True,4,False,680
ZFP62,basal_to_club,viper,-1.6294696929532442,3.0,0.45650431892565047,False,False,3,False,681
NANOGNB,basal_to_club,viper,-1.6303016219954056,2.0,0.41503860610599363,False,False,2,False,682
ZNF774,basal_to_club,viper,-1.6374910728094096,3.0,0.3775617052682189,False,True,3,False,683
ZNF317,basal_to_club,viper,-1.6442794952461037,3.0,0.49160707824438665,False,False,3,False,684
SETBP1,basal_to_club,viper,-1.6490729190346747,3.0,0.4938220786304894,False,False,3,False,685
HSF2,basal_to_club,viper,-1.6569252769120433,3.0,0.481863226790928,False,False,3,False,686
FOXN3,basal_to_club,viper,-1.658364920798714,3.0,0.5465273237234477,False,True,3,False,687
ZNF540,basal_to_club,viper,-1.6605137105708085,3.0,0.5373483683388404,False,False,3,False,688
PLAG1,basal_to_club,viper,-1.661778737558345,3.0,0.3321104700425712,False,False,3,False,689
FOXK2,basal_to_club,viper,-1.676538598274592,4.0,0.5411940801245331,False,True,4,False,690
RXRB,basal_to_club,viper,-1.67755028009402,3.0,0.41062661255915545,False,False,3,False,691
ZGPAT,basal_to_club,viper,-1.6808539846902237,3.0,0.423872778232286,False,True,3,False,692
ZNF705D,basal_to_club,viper,-1.6819564742780728,1.0,0.1875355195222631,False,False,1,False,693
ZNF30,basal_to_club,viper,-1.6890319381147436,3.0,0.4580068483351716,False,True,3,False,694
ZNF680,basal_to_club,viper,-1.7035437490115433,3.0,0.3141706622865122,False,True,3,False,695
SETDB1,basal_to_club,viper,-1.7039902999528167,6.0,0.29005394208782176,True,True,6,True,696
ZNF112,basal_to_club,viper,-1.7085246040607214,2.0,0.39657453358551054,False,True,2,False,697
ZKSCAN5,basal_to_club,viper,-1.7242766018517375,3.0,0.5591323376648515,False,True,3,False,698
FAM170A,basal_to_club,viper,-1.7275667218337567,2.0,0.22733382398780191,False,True,2,False,699
ZNF850,basal_to_club,viper,-1.7302404390612498,2.0,0.4229652832339941,False,False,2,False,700
NFIA,basal_to_club,viper,-1.7308096624627018,3.0,0.45610147473305884,False,False,3,False,701
ZNF180,basal_to_club,viper,-1.7369972265461047,3.0,0.450851918571093,False,False,3,False,702
MAZ,basal_to_club,viper,-1.7523757269752396,5.0,0.39160657369499746,False,False,5,False,703
CAMTA2,basal_to_club,viper,-1.753910919735933,3.0,0.31409559460728226,False,False,3,False,704
ASCL3,basal_to_club,viper,-1.7543944091257508,3.0,0.24200102399086243,False,True,3,False,705
ZNF512,basal_to_club,viper,-1.767120563663142,3.0,0.3276572910150739,False,False,3,False,706
ZNF891,basal_to_club,viper,-1.7733088471527876,2.0,0.2164002327877054,False,True,2,False,707
ZNF107,basal_to_club,viper,-1.7756467297518497,3.0,0.4456008165987465,False,True,3,False,708
ZNF556,basal_to_club,viper,-1.7818020953641145,3.0,0.17665652165514756,False,True,3,False,709
ZNF222,basal_to_club,viper,-1.793135091146453,3.0,0.4614413799018501,False,True,3,False,710
TFEC,basal_to_club,viper,-1.796284083901849,3.0,0.43520660548063334,False,False,3,False,711
ZNF569,basal_to_club,viper,-1.797280693040332,3.0,0.4129094442327903,False,True,3,False,712
NPAS1,basal_to_club,viper,-1.8153370881772286,3.0,0.5061510857431826,False,False,3,False,713
TFDP2,basal_to_club,viper,-1.8281027176833353,3.0,0.3074976259189034,False,False,3,False,714
ZNF383,basal_to_club,viper,-1.8317492298998197,3.0,0.2931164326918094,False,True,3,False,715
ZBTB45,basal_to_club,viper,-1.8332504645082142,3.0,0.29975880618962025,False,False,3,False,716
ZNF683,basal_to_club,viper,-1.8347927987152988,2.0,0.3604746323830864,False,False,2,False,717
MAFF,basal_to_club,viper,-1.8372765554947097,5.0,0.5359731176374374,False,False,5,False,718
POU6F2,basal_to_club,viper,-1.8404798917041014,3.0,0.24632746889336343,False,True,3,False,719
ZNF25,basal_to_club,viper,-1.8414857451682551,3.0,0.13063405617977467,False,True,3,False,720
CIC,basal_to_club,viper,-1.848698455418399,3.0,0.35502819218413423,False,True,3,False,721
ZNF358,basal_to_club,viper,-1.8487578376827538,3.0,0.2957433049788514,False,False,3,False,722
TBX19,basal_to_club,viper,-1.8532721489000599,3.0,0.2734474064273963,False,False,3,False,723
FOXB1,basal_to_club,viper,-1.8597046013659555,3.0,0.35450235873012137,False,False,3,False,724
EEA1,basal_to_club,viper,-1.8612593664011237,3.0,0.41218538340519206,False,True,3,False,725
ATOH8,basal_to_club,viper,-1.8716636456753024,3.0,0.4039997783146984,False,False,3,False,726
RUNX2,basal_to_club,viper,-1.874970306590993,5.0,0.26080814274491565,True,True,5,True,727
ZNF84,basal_to_club,viper,-1.878941098079696,3.0,0.20668655217680723,False,True,3,False,728
ZNF625,basal_to_club,viper,-1.8984034632844857,3.0,0.3667413239495451,False,True,3,False,729
SCML4,basal_to_club,viper,-1.9107285918449373,3.0,0.29331617371473195,False,False,3,False,730
ZNF726,basal_to_club,viper,-1.9185638015233337,2.0,0.28921766098917945,False,False,2,False,731
ARID3B,basal_to_club,viper,-1.9213980739292775,2.0,0.3346848724296145,False,False,2,False,732
ZNF134,basal_to_club,viper,-1.923265243137562,3.0,0.34796161824790756,False,False,3,False,733
PPARA,basal_to_club,viper,-1.9333468599561896,3.0,0.19793137765655336,False,True,3,False,734
NR1I2,basal_to_club,viper,-1.9341143810351,4.0,0.3558470462693186,False,True,4,False,735
GLI4,basal_to_club,viper,-1.9345098648667194,2.0,0.3378342898981948,False,False,2,False,736
KLF17,basal_to_club,viper,-1.9367408035764706,2.0,0.20331756967814923,False,False,2,False,737
ZSCAN32,basal_to_club,viper,-1.9436639769156359,2.0,0.17584217598672833,False,True,2,False,738
FLYWCH1,basal_to_club,viper,-1.9479055790718267,2.0,0.278670415683897,False,False,2,False,739
MYT1L,basal_to_club,viper,-1.957065249343874,3.0,0.4020151927328608,False,False,3,False,740
HOXC4,basal_to_club,viper,-1.957468242636638,3.0,0.40107027654545774,False,True,3,False,741
TBPL1,basal_to_club,viper,-1.9797237880713072,2.0,0.2681582000242607,False,False,2,False,742
ZNF692,basal_to_club,viper,-1.9801354698420843,3.0,0.2565970936727837,False,False,3,False,743
ZNF614,basal_to_club,viper,-1.9909629312138555,2.0,0.2620879766793694,False,False,2,False,744
THYN1,basal_to_club,viper,-1.9947714689729508,2.0,0.25396674467137087,False,False,2,False,745
ZNF469,basal_to_club,viper,-1.9998815614613155,2.0,0.3604746323830864,False,False,2,False,746
NFXL1,basal_to_club,viper,-2.0016687329887124,3.0,0.36808161791029026,False,False,3,False,747
HOXB1,basal_to_club,viper,-2.0038121013236583,3.0,0.42578768124619515,False,False,3,False,748
KDM2B,basal_to_club,viper,-2.0052482065320074,2.0,0.3556961441623862,False,False,2,False,749
SKI,basal_to_club,viper,-2.018531573700461,2.0,0.27124997224822633,False,False,2,False,750
ZNF773,basal_to_club,viper,-2.0190369973928095,3.0,0.27985033402401244,False,True,3,False,751
ZNF140,basal_to_club,viper,-2.0225721688244636,3.0,0.3104728070635947,False,False,3,False,752
TIGD7,basal_to_club,viper,-2.030586401005599,3.0,0.36019998237441486,False,True,3,False,753
SOX21,basal_to_club,viper,-2.037807094077178,3.0,0.3667413239495451,False,False,3,False,754
ZNF660,basal_to_club,viper,-2.038935859748444,3.0,0.25310021704456837,False,False,3,False,755
TFEB,basal_to_club,viper,-2.0419584611583166,4.0,0.33310383417900175,False,True,4,False,756
NFATC1,basal_to_club,viper,-2.056107802495593,5.0,0.34880841768351045,False,False,5,False,757
CSRNP3,basal_to_club,viper,-2.0578579735070686,2.0,0.27878533876605355,False,False,2,False,758
ZNF558,basal_to_club,viper,-2.065140437982824,3.0,0.3116181181816299,False,True,3,False,759
IRF2,basal_to_club,viper,-2.068144367146316,4.0,0.2729053333584152,False,True,4,False,760
ZNF395,basal_to_club,viper,-2.0726519056629518,3.0,0.2123697823884174,False,False,3,False,761
ZSCAN26,basal_to_club,viper,-2.0774515265260214,2.0,0.3286519659803677,False,False,2,False,762
IRF8,basal_to_club,viper,-2.0879820663364064,4.0,0.2495163714528196,False,False,4,False,763
MBD3,basal_to_club,viper,-2.090674807013404,4.0,0.21246074651993965,False,True,4,False,764
TEF,basal_to_club,viper,-2.09154147818714,3.0,0.25129324255900376,False,False,3,False,765
DDIT3,basal_to_club,viper,-2.0973031598832863,3.0,0.1987414125164762,False,False,3,False,766
FOXP2,basal_to_club,viper,-2.097941700921503,6.0,0.46768870681538405,False,True,6,False,767
FOXD1,basal_to_club,viper,-2.0991045271764563,2.0,0.2959595409398373,False,False,2,False,768
HIC2,basal_to_club,viper,-2.105579678090061,3.0,0.3177602119760725,False,False,3,False,769
ZNF26,basal_to_club,viper,-2.1144818199494644,3.0,0.08097479876962538,False,True,3,False,770
CXXC1,basal_to_club,viper,-2.126803361590362,3.0,0.2332337885222442,False,False,3,False,771
ZNF322,basal_to_club,viper,-2.1301543533765748,2.0,0.21064763748537407,False,False,2,False,772
KCNIP3,basal_to_club,viper,-2.130720680034393,2.0,0.23733922121638673,False,False,2,False,773
ZNF749,basal_to_club,viper,-2.1321791111039667,3.0,0.42241874389651324,False,False,3,False,774
MSX2,basal_to_club,viper,-2.141270886695792,3.0,0.3427236747004971,False,False,3,False,775
ZNF561,basal_to_club,viper,-2.1513034474133907,3.0,0.28994707443881856,False,False,3,False,776
RARA,basal_to_club,viper,-2.158317074172533,5.0,0.2845683254993093,False,False,5,False,777
RELB,basal_to_club,viper,-2.1622594030143176,4.0,0.2552716330548504,False,False,4,False,778
ZBTB17,basal_to_club,viper,-2.163391981643724,3.0,0.1812309362357067,False,False,3,False,779
PBX1,basal_to_club,viper,-2.189850167712252,4.0,0.34418878347592147,False,True,4,False,780
NR3C1,basal_to_club,viper,-2.204377850654339,6.0,0.30504006433332637,False,True,6,False,781
ZNF181,basal_to_club,viper,-2.214668683369063,3.0,0.3137524282177364,False,False,3,False,782
ZNF331,basal_to_club,viper,-2.2174970643375507,3.0,0.18024508624714486,False,False,3,False,783
ZNF845,basal_to_club,viper,-2.2447595536934646,3.0,0.23862790159283523,False,True,3,False,784
ZNF580,basal_to_club,viper,-2.247037036895914,3.0,0.22952804545764555,False,False,3,False,785
POGK,basal_to_club,viper,-2.247942438996976,3.0,0.14963683706664882,False,True,3,False,786
SMYD3,basal_to_club,viper,-2.2549530176144628,2.0,0.2567718404804217,False,False,2,False,787
ZBED4,basal_to_club,viper,-2.262115177390423,3.0,0.3847988550788081,False,True,3,False,788
ZNF501,basal_to_club,viper,-2.269716111728356,3.0,0.34393377235914224,False,False,3,False,789
ZNF133,basal_to_club,viper,-2.2911312844510228,3.0,0.22791925937469518,False,False,3,False,790
ZNF696,basal_to_club,viper,-2.292593169836594,3.0,0.22480563187983474,False,False,3,False,791
ST18,basal_to_club,viper,-2.2933097636524336,3.0,0.203186846428417,False,False,3,False,792
GATA5,basal_to_club,viper,-2.301421457912463,3.0,0.34747224774259466,False,False,3,False,793
ADNP,basal_to_club,viper,-2.3195516429876584,4.0,0.3280860729044152,False,False,4,False,794
HNF4A,basal_to_club,viper,-2.3258983770532904,6.0,0.3459003436235635,False,False,6,False,795
ZNF831,basal_to_club,viper,-2.3341484829945585,3.0,0.3237091008008965,False,False,3,False,796
IRX2,basal_to_club,viper,-2.3684187831681838,3.0,0.2790595133721959,False,False,3,False,797
ZFP69,basal_to_club,viper,-2.4022171530798015,2.0,0.14445857579942792,False,False,2,False,798
DMRT3,basal_to_club,viper,-2.411422198090447,3.0,0.1528277307646933,False,False,3,False,799
THAP7,basal_to_club,viper,-2.417658988880186,3.0,0.1812603909762524,False,False,3,False,800
ZNF641,basal_to_club,viper,-2.4180892222325543,3.0,0.1685764928410518,False,True,3,False,801
ZZZ3,basal_to_club,viper,-2.431348718341942,5.0,0.2647054605723568,False,False,5,False,802
ZBTB49,basal_to_club,viper,-2.446259441598455,2.0,0.16446653791171734,False,False,2,False,803
HNF1A,basal_to_club,viper,-2.4486981640727254,3.0,0.2654485007099737,False,False,3,False,804
NME2,basal_to_club,viper,-2.4526561232867476,3.0,0.12928862089239682,False,False,3,False,805
TIGD2,basal_to_club,viper,-2.453704744107683,3.0,0.27802771760814216,False,False,3,False,806
ZNF667,basal_to_club,viper,-2.4548254839815273,3.0,0.05279851041268079,False,True,3,False,807
ZNF287,basal_to_club,viper,-2.4556049628127794,3.0,0.1478482864145866,False,True,3,False,808
ZNF813,basal_to_club,viper,-2.47151063231347,2.0,0.10147844727648664,False,True,2,False,809
ZNF677,basal_to_club,viper,-2.47587213960848,3.0,0.1254086639449171,False,False,3,False,810
HOXD1,basal_to_club,viper,-2.488328249373124,3.0,0.1753993921019709,False,True,3,False,811
ZNF846,basal_to_club,viper,-2.498417194925867,3.0,0.15771339171648346,False,False,3,False,812
SOX9,basal_to_club,viper,-2.4991651030638935,5.0,0.13775123166836703,True,True,5,True,813
ZNF582,basal_to_club,viper,-2.5131300225696944,3.0,0.17087936719755734,False,False,3,False,814
ATF3,basal_to_club,viper,-2.5143959493951265,6.0,0.24635937448446485,False,False,6,False,815
SPIC,basal_to_club,viper,-2.5316153541940456,3.0,0.18697488209514324,False,False,3,False,816
ZSCAN20,basal_to_club,viper,-2.535692023857253,3.0,0.22306496709808818,False,False,3,False,817
AKAP8L,basal_to_club,viper,-2.5466891839422203,3.0,0.11228476955918336,False,True,3,False,818
ZNF565,basal_to_club,viper,-2.563071175164509,3.0,0.20775728679286823,False,False,3,False,819
EGR2,basal_to_club,viper,-2.564997434187006,3.0,0.22013159769415408,False,False,3,False,820
ZNF624,basal_to_club,viper,-2.565696409449842,3.0,0.10441961204769945,False,True,3,False,821
TIGD5,basal_to_club,viper,-2.566632452938103,3.0,0.20465428077643744,False,False,3,False,822
DPRX,basal_to_club,viper,-2.5687750442790316,3.0,0.23596194255706812,False,False,3,False,823
ZNF788P,basal_to_club,viper,-2.5689666175931083,3.0,0.14036611649969588,False,True,3,False,824
TIGD1,basal_to_club,viper,-2.5711179912546274,2.0,0.1967316624873584,False,False,2,False,825
REST,basal_to_club,viper,-2.5723528919016574,6.0,0.20156362012139006,False,True,6,False,826
ERF,basal_to_club,viper,-2.5741738696714425,3.0,0.19813083205768964,False,False,3,False,827
L3MBTL3,basal_to_club,viper,-2.5752028631859814,2.0,0.10764066973793199,False,False,2,False,828
STAT4,basal_to_club,viper,-2.587503996146512,4.0,0.13210649277683362,False,True,4,False,829
JDP2,basal_to_club,viper,-2.5886158913967185,3.0,0.1407629325788374,False,False,3,False,830
ZNF462,basal_to_club,viper,-2.5887158439695415,3.0,0.14623542609308493,False,False,3,False,831
SMAD5,basal_to_club,viper,-2.590557970176514,4.0,0.1685987934600784,False,True,4,False,832
TTF1,basal_to_club,viper,-2.6166291150121217,2.0,0.13452717316273521,False,False,2,False,833
AEBP2,basal_to_club,viper,-2.6294067374388486,3.0,0.1979617725358331,False,False,3,False,834
THAP8,basal_to_club,viper,-2.630183132508733,3.0,0.17833504703088568,False,True,3,False,835
FOXO1,basal_to_club,viper,-2.636318369290409,5.0,0.06247186259486005,False,True,5,False,836
HMGN3,basal_to_club,viper,-2.6395663596606864,4.0,0.14338223441984724,False,False,4,False,837
ZNF728,basal_to_club,viper,-2.645462865620056,2.0,0.09631271460935291,False,False,2,False,838
HES5,basal_to_club,viper,-2.6472055841566906,3.0,0.12176349749177594,False,False,3,False,839
DLX4,basal_to_club,viper,-2.6495268176397166,3.0,0.14042947300972122,False,False,3,False,840
ZNF775,basal_to_club,viper,-2.6604117906347615,3.0,0.11825619807350321,False,False,3,False,841
ZNF366,basal_to_club,viper,-2.6692809336028676,3.0,0.11985528359307093,False,False,3,False,842
ZNF784,basal_to_club,viper,-2.6807931409979613,3.0,0.22185602613028463,False,False,3,False,843
ZNF286B,basal_to_club,viper,-2.683739226924702,2.0,0.10172540741303741,False,False,2,False,844
KLF7,basal_to_club,viper,-2.690795543192689,3.0,0.12969001101858552,False,False,3,False,845
TFCP2L1,basal_to_club,viper,-2.6940719969995244,3.0,0.249561862047663,False,False,3,False,846
ZNF2,basal_to_club,viper,-2.7048160720165293,2.0,0.08257975154446646,False,True,2,False,847
ZNF781,basal_to_club,viper,-2.711445308678739,3.0,0.12665538545541255,False,False,3,False,848
THAP2,basal_to_club,viper,-2.7239591549827025,3.0,0.20407576974318462,False,False,3,False,849
ZNF676,basal_to_club,viper,-2.724427207802252,3.0,0.1636120071566646,False,False,3,False,850
ZNF662,basal_to_club,viper,-2.7278178721344286,3.0,0.09427560253207262,False,False,3,False,851
SOX6,basal_to_club,viper,-2.7306507484089386,4.0,0.21311924070432472,False,True,4,False,852
ZNF669,basal_to_club,viper,-2.733039750782096,3.0,0.1866359115555406,False,False,3,False,853
MEIS1,basal_to_club,viper,-2.7341673433249016,5.0,0.11659418865478985,True,True,5,True,854
SOX2,basal_to_club,viper,-2.735037117291481,5.0,0.14928374952901757,False,True,5,False,855
ETV2,basal_to_club,viper,-2.7391987351870393,3.0,0.10008154121218787,False,False,3,False,856
FEZF1,basal_to_club,viper,-2.739694690566206,3.0,0.14511596734335222,False,False,3,False,857
ZNF766,basal_to_club,viper,-2.7438043973429784,4.0,0.1725186000151861,False,True,4,False,858
PBX2,basal_to_club,viper,-2.744896536830843,4.0,0.11766451720812117,False,True,4,False,859
ZBED3,basal_to_club,viper,-2.756735308051774,3.0,0.08959997634349937,False,True,3,False,860
FOXN4,basal_to_club,viper,-2.7620134131842233,3.0,0.1666121627944097,False,True,3,False,861
SNAPC2,basal_to_club,viper,-2.7621194343140325,2.0,0.10737541604815133,False,False,2,False,862
SAFB,basal_to_club,viper,-2.769714007658144,2.0,0.1311783610963006,False,False,2,False,863
ZNF567,basal_to_club,viper,-2.779442980884435,3.0,0.1478482864145866,False,False,3,False,864
SP9,basal_to_club,viper,-2.7832136224602415,2.0,0.09904958584270959,False,False,2,False,865
ZBTB5,basal_to_club,viper,-2.7861125950376477,3.0,0.1494928390126838,False,False,3,False,866
SPI1,basal_to_club,viper,-2.7875078055007796,6.0,0.16437343456758838,False,False,6,False,867
HSFX1,basal_to_club,viper,-2.7945808119530047,2.0,0.08227374885535044,False,False,2,False,868
NFIX,basal_to_club,viper,-2.7983033528404153,3.0,0.0845002848366251,False,False,3,False,869
ZNF684,basal_to_club,viper,-2.8079360531955904,3.0,0.025690954063052548,False,True,3,False,870
FOSB,basal_to_club,viper,-2.8096370772904553,3.0,0.1594836369317367,False,False,3,False,871
SHOX,basal_to_club,viper,-2.810433840761059,3.0,0.1524852253367921,False,True,3,False,872
EOMES,basal_to_club,viper,-2.8211527307237882,5.0,0.10208016450165995,False,False,5,False,873
BHLHE40,basal_to_club,viper,-2.8321267044557756,4.0,0.1866359115555406,False,False,4,False,874
ZNF17,basal_to_club,viper,-2.832180963651031,3.0,0.20832717387610983,False,False,3,False,875
GFI1,basal_to_club,viper,-2.834279501633179,3.0,0.10376211494786047,False,False,3,False,876
ZNF665,basal_to_club,viper,-2.8388059080999386,3.0,0.15284937697305634,False,False,3,False,877
ZNF443,basal_to_club,viper,-2.8730930808604067,3.0,0.08950438769867067,False,True,3,False,878
ZNF212,basal_to_club,viper,-2.8792796508570397,3.0,0.1309884199269329,False,False,3,False,879
MSX1,basal_to_club,viper,-2.886722550743731,3.0,0.14527039244750162,False,False,3,False,880
ZNF526,basal_to_club,viper,-2.9060746024059916,3.0,0.14955303985641694,False,False,3,False,881
ZNF518B,basal_to_club,viper,-2.909534716102792,3.0,0.06833207231245701,False,False,3,False,882
ZNF888,basal_to_club,viper,-2.9147763368390778,1.0,0.02201849057055842,False,False,1,False,883
CUX2,basal_to_club,viper,-2.9331852317813385,3.0,0.09527849844928224,False,False,3,False,884
ZNF286A,basal_to_club,viper,-2.937251162315955,3.0,0.1259435534120393,False,False,3,False,885
ZNF138,basal_to_club,viper,-2.938181550712123,3.0,0.12224348543863853,False,False,3,False,886
DNTTIP1,basal_to_club,viper,-2.9414842606590215,2.0,0.10425662287359633,False,False,2,False,887
TFE3,basal_to_club,viper,-2.9424828342746987,3.0,0.09954104067907245,False,False,3,False,888
NR5A2,basal_to_club,viper,-2.943260807921407,4.0,0.18361722175280135,False,False,4,False,889
POU5F1B,basal_to_club,viper,-2.9480953453997842,2.0,0.09515954948590184,False,False,2,False,890
TOPORS,basal_to_club,viper,-2.951465569826895,2.0,0.05402368689755717,False,False,2,False,891
PRDM16,basal_to_club,viper,-2.967605547769229,4.0,0.21225802603823452,False,False,4,False,892
ZNF707,basal_to_club,viper,-2.9693213154502427,3.0,0.08403804118861069,False,False,3,False,893
ZNF697,basal_to_club,viper,-2.970010315098483,3.0,0.08088655625923799,False,False,3,False,894
ZSCAN2,basal_to_club,viper,-2.9739236323142744,3.0,0.05216855981270075,False,False,3,False,895
ZNF502,basal_to_club,viper,-3.0116072268761225,3.0,0.058298832876374586,False,False,3,False,896
ZNF714,basal_to_club,viper,-3.0164263210372684,3.0,0.10388151333211097,False,True,3,False,897
ZNF442,basal_to_club,viper,-3.021108668384526,3.0,0.1173177165880942,False,False,3,False,898
ZNF41,basal_to_club,viper,-3.0254733607256283,3.0,0.12633157108437926,False,False,3,False,899
ZNF586,basal_to_club,viper,-3.0307549413473134,3.0,0.04664294884988156,False,False,3,False,900
TSHZ1,basal_to_club,viper,-3.0318631352815544,3.0,0.1021071633529956,False,False,3,False,901
ZNF7,basal_to_club,viper,-3.038884996282158,3.0,0.07201319228753611,False,False,3,False,902
ZNF346,basal_to_club,viper,-3.0399997451713205,3.0,0.07100208671563635,False,False,3,False,903
CRX,basal_to_club,viper,-3.0442900752982776,4.0,0.077657110300892,False,True,4,False,904
VDR,basal_to_club,viper,-3.0477901062290913,5.0,0.12012165263090753,False,True,5,False,905
ZNF232,basal_to_club,viper,-3.048102363173988,3.0,0.1569431987544811,False,False,3,False,906
RELA,basal_to_club,viper,-3.056229216819788,6.0,0.16541528740543973,False,True,6,False,907
TBP,basal_to_club,viper,-3.061815510403457,5.0,0.17076855218189135,False,True,5,False,908
ZNF275,basal_to_club,viper,-3.0642504384378673,3.0,0.07229372186177849,False,True,3,False,909
ELF4,basal_to_club,viper,-3.064593371383319,3.0,0.06122308404486447,False,False,3,False,910
MAFA,basal_to_club,viper,-3.066453017872989,3.0,0.0495981072412755,False,False,3,False,911
ZNF208,basal_to_club,viper,-3.0784365087054315,3.0,0.058440518117607275,False,True,3,False,912
ZNF618,basal_to_club,viper,-3.0784950319795454,3.0,0.1240086659280997,False,False,3,False,913
GATA6,basal_to_club,viper,-3.0866054388767092,5.0,0.11406438712858699,False,False,5,False,914
POU3F3,basal_to_club,viper,-3.0883020181598595,3.0,0.15020199109318016,False,False,3,False,915
ZNF223,basal_to_club,viper,-3.0904779878921183,3.0,0.1039665749130254,False,True,3,False,916
ZBTB24,basal_to_club,viper,-3.101770674240986,3.0,0.11613295897337265,False,False,3,False,917
SOX4,basal_to_club,viper,-3.1080269027283705,3.0,0.05328549419870637,False,False,3,False,918
ZNF551,basal_to_club,viper,-3.1199214243303093,3.0,0.04308417396124705,False,False,3,False,919
ZNF227,basal_to_club,viper,-3.1231041152035326,3.0,0.12374493099716014,False,False,3,False,920
RARB,basal_to_club,viper,-3.147685496883096,4.0,0.14933531573339803,False,False,4,False,921
RHOXF1,basal_to_club,viper,-3.149426228695963,3.0,0.06083618550378818,False,True,3,False,922
DMRTA2,basal_to_club,viper,-3.150676249822729,3.0,0.062070340788762064,False,False,3,False,923
HOXA6,basal_to_club,viper,-3.154518502783222,3.0,0.11390603892422548,False,False,3,False,924
ZSCAN9,basal_to_club,viper,-3.1738985385410987,2.0,0.04047528226333677,False,False,2,False,925
ZNF74,basal_to_club,viper,-3.1847598815756273,3.0,0.1007139313383499,False,False,3,False,926
GCM2,basal_to_club,viper,-3.1865197702532484,3.0,0.1650584755096534,False,False,3,False,927
RHOXF2,basal_to_club,viper,-3.1892582890261005,3.0,0.07518960315219526,False,False,3,False,928
ZNF205,basal_to_club,viper,-3.200502072886621,3.0,0.039451635664771625,False,False,3,False,929
EN2,basal_to_club,viper,-3.2060525925080827,3.0,0.04026416854392164,False,False,3,False,930
ZNF324B,basal_to_club,viper,-3.206202170288454,2.0,0.07148428409582247,False,False,2,False,931
ZNF414,basal_to_club,viper,-3.215499918940036,3.0,0.07229372186177849,False,False,3,False,932
SNAI1,basal_to_club,viper,-3.249903692415921,3.0,0.04289225969691479,False,False,3,False,933
NHLH1,basal_to_club,viper,-3.2533154131091964,3.0,0.039451635664771625,False,False,3,False,934
CHAMP1,basal_to_club,viper,-3.309283836174384,2.0,0.06259468691082902,False,False,2,False,935
MLX,basal_to_club,viper,-3.3093233089292236,3.0,0.03421501841601777,False,False,3,False,936
ZNF354C,basal_to_club,viper,-3.3142407540788406,3.0,0.04684281732509906,False,False,3,False,937
FOXJ2,basal_to_club,viper,-3.3280070589026183,4.0,0.056593612063002535,False,False,4,False,938
ZNF716,basal_to_club,viper,-3.330834400794796,3.0,0.05902350896571801,False,True,3,False,939
FOXD4L6,basal_to_club,viper,-3.3404279474060266,2.0,0.025690954063052548,False,False,2,False,940
EMX2,basal_to_club,viper,-3.3498687257476045,3.0,0.03327763322356837,False,False,3,False,941
KLF3,basal_to_club,viper,-3.353684618578975,4.0,0.130862240754208,False,False,4,False,942
ZNF326,basal_to_club,viper,-3.355720115895855,3.0,0.007222429267575053,False,True,3,False,943
TCF12,basal_to_club,viper,-3.357607191918755,5.0,0.0691582073615981,False,False,5,False,944
ZNF430,basal_to_club,viper,-3.3772094535951886,3.0,0.06940810222118483,False,True,3,False,945
HOXC5,basal_to_club,viper,-3.3793455567786963,3.0,0.03518887333485265,False,False,3,False,946
ZNF576,basal_to_club,viper,-3.3852473458219863,3.0,0.03651032622568948,False,False,3,False,947
ZSCAN12,basal_to_club,viper,-3.3963001852510613,3.0,0.02606119359536153,False,False,3,False,948
HESX1,basal_to_club,viper,-3.3965656320315247,3.0,0.05165722876136432,False,True,3,False,949
KLF9,basal_to_club,viper,-3.402998463001395,4.0,0.09729294122720722,False,False,4,False,950
ZXDA,basal_to_club,viper,-3.4184793727337603,3.0,0.07040005326067043,False,False,3,False,951
ZNF770,basal_to_club,viper,-3.435689174083799,3.0,0.04047528226333677,False,True,3,False,952
NFE2L3,basal_to_club,viper,-3.4432530727409976,3.0,0.06058612273431142,False,False,3,False,953
PAX8,basal_to_club,viper,-3.4487889892925727,4.0,0.039844672913141234,False,False,4,False,954
ZSCAN21,basal_to_club,viper,-3.458429196792437,3.0,0.12367928907826156,False,False,3,False,955
RORB,basal_to_club,viper,-3.4663843392209395,3.0,0.04934294446725879,False,True,3,False,956
SREBF1,basal_to_club,viper,-3.470099914150943,6.0,0.13775123166836703,False,True,6,False,957
ZNF525,basal_to_club,viper,-3.4726460513086828,2.0,0.04180319236682095,False,False,2,False,958
TBR1,basal_to_club,viper,-3.485570690274057,3.0,0.0719731579340523,False,False,3,False,959
KLF11,basal_to_club,viper,-3.496631691636408,3.0,0.02839648020417334,False,False,3,False,960
TBX1,basal_to_club,viper,-3.4986042497503207,3.0,0.021188653473155853,False,False,3,False,961
ZNF250,basal_to_club,viper,-3.5045325687145934,3.0,0.02282857685883206,False,False,3,False,962
ADNP2,basal_to_club,viper,-3.5084110419702705,3.0,0.03536207391789912,False,False,3,False,963
ZNF273,basal_to_club,viper,-3.51249084183757,3.0,0.05727908447648881,False,False,3,False,964
ZBTB32,basal_to_club,viper,-3.521808164451668,3.0,0.06891323618387843,False,False,3,False,965
ESRRA,basal_to_club,viper,-3.5445695150631007,5.0,0.06336313129220487,False,True,5,False,966
HES2,basal_to_club,viper,-3.5449978051564637,3.0,0.07010920577301417,False,False,3,False,967
ZBTB39,basal_to_club,viper,-3.5533015975415907,3.0,0.035241782541449426,False,False,3,False,968
NR2E3,basal_to_club,viper,-3.5595619655217603,2.0,0.03327763322356837,False,False,2,False,969
ZNF699,basal_to_club,viper,-3.562669491594735,3.0,0.054864986923835034,False,False,3,False,970
ZNF595,basal_to_club,viper,-3.5629838040528674,2.0,0.009424769726449903,False,False,2,False,971
ZSCAN4,basal_to_club,viper,-3.5695046992835815,3.0,0.04348751612899188,False,False,3,False,972
ZNF100,basal_to_club,viper,-3.576364491806866,3.0,0.09900832091605766,False,True,3,False,973
ZNF394,basal_to_club,viper,-3.5769297503917077,3.0,0.01678869718364014,False,False,3,False,974
OVOL3,basal_to_club,viper,-3.5808590543907006,2.0,0.020465873251952486,False,False,2,False,975
ELF1,basal_to_club,viper,-3.583448836069212,5.0,0.060000671523465374,False,True,5,False,976
ZNF80,basal_to_club,viper,-3.5874636204881685,3.0,0.0817142518311086,False,False,3,False,977
ZNF578,basal_to_club,viper,-3.5918898383214164,3.0,0.07514822320591263,False,False,3,False,978
RAG1,basal_to_club,viper,-3.5954985909974706,3.0,0.07646728192198965,False,False,3,False,979
MLXIPL,basal_to_club,viper,-3.60290421033614,3.0,0.04173470474904736,False,False,3,False,980
PITX1,basal_to_club,viper,-3.610841801229614,3.0,0.030369348997573875,False,False,3,False,981
GCM1,basal_to_club,viper,-3.6172656082794123,3.0,0.016518910487598785,False,False,3,False,982
ZNF480,basal_to_club,viper,-3.639578037851457,3.0,0.09811983191474738,False,False,3,False,983
HELT,basal_to_club,viper,-3.6449992479715814,3.0,0.08155129169325458,False,False,3,False,984
ATF4,basal_to_club,viper,-3.647965953086975,4.0,0.058298832876374586,False,False,4,False,985
NR1I3,basal_to_club,viper,-3.6512210763981368,3.0,0.022148498517199373,False,False,3,False,986
ZNF184,basal_to_club,viper,-3.6608458077186548,3.0,0.03265664394541882,False,False,3,False,987
ZMAT4,basal_to_club,viper,-3.6695118710613595,3.0,0.023803340194423005,False,False,3,False,988
REXO4,basal_to_club,viper,-3.67187200005221,2.0,0.019014810058711046,False,False,2,False,989
TFCP2,basal_to_club,viper,-3.6742508253457458,3.0,0.06122308404486447,False,False,3,False,990
SP2,basal_to_club,viper,-3.6759165604902506,5.0,0.054875611461801296,False,False,5,False,991
ZNF512B,basal_to_club,viper,-3.6791868211460748,3.0,0.01344717053221892,False,False,3,False,992
OSR1,basal_to_club,viper,-3.6796517037803023,2.0,0.04489833131889911,False,False,2,False,993
ZNF836,basal_to_club,viper,-3.691746155364953,3.0,0.04191407956705838,False,False,3,False,994
PROX2,basal_to_club,viper,-3.6978155257554732,3.0,0.019916995588533035,False,False,3,False,995
ZNF835,basal_to_club,viper,-3.708929487932253,3.0,0.04664294884988156,False,False,3,False,996
TSHZ2,basal_to_club,viper,-3.7200329121834956,3.0,0.05397333584324511,False,True,3,False,997
LMX1B,basal_to_club,viper,-3.736816751486388,3.0,0.05249387268102605,False,False,3,False,998
ZNF45,basal_to_club,viper,-3.7488610308056938,3.0,0.03732574405679354,False,False,3,False,999
CAMTA1,basal_to_club,viper,-3.7628163625670226,3.0,0.011248898953864505,False,False,3,False,1000
ZNF675,basal_to_club,viper,-3.76515562083881,3.0,0.003959598039469179,False,True,3,False,1001
UBP1,basal_to_club,viper,-3.7698076634423785,3.0,0.062070340788762064,False,True,3,False,1002
ZNF18,basal_to_club,viper,-3.809511132864031,3.0,0.010761449764175026,False,False,3,False,1003
KLF4,basal_to_club,viper,-3.809795464327933,5.0,0.031190980843992796,False,True,5,False,1004
HOXA3,basal_to_club,viper,-3.821264317223487,3.0,0.022870138331082254,False,False,3,False,1005
CEBPB,basal_to_club,viper,-3.8322773811485686,6.0,0.10100328710138537,False,True,6,False,1006
TCF3,basal_to_club,viper,-3.8525280791881187,6.0,0.09666050520142193,False,False,6,False,1007
SRF,basal_to_club,viper,-3.8526060389339034,6.0,0.07318050573169158,False,True,6,False,1008
ZIM3,basal_to_club,viper,-3.85857542794068,3.0,0.009037171081741915,False,False,3,False,1009
FOXD4L3,basal_to_club,viper,-3.859544878206836,3.0,0.016518910487598785,False,False,3,False,1010
SCRT1,basal_to_club,viper,-3.8657971751744205,2.0,0.008087491408859364,False,False,2,False,1011
DRGX,basal_to_club,viper,-3.8903184351343665,3.0,0.026050156138801833,False,False,3,False,1012
FOXI1,basal_to_club,viper,-3.9095680369546266,3.0,0.036746959031766765,False,False,3,False,1013
ZNF155,basal_to_club,viper,-3.9097644973394012,3.0,0.02874864077673263,False,False,3,False,1014
SIX5,basal_to_club,viper,-3.9104011198082507,5.0,0.06403761572235697,False,False,5,False,1015
ZNF281,basal_to_club,viper,-3.9372433486825837,3.0,0.015713729186389254,False,True,3,False,1016
INSM2,basal_to_club,viper,-3.9470711831961514,3.0,0.027538381466716326,False,False,3,False,1017
ZNF837,basal_to_club,viper,-3.9509592951944894,3.0,0.02282857685883206,False,False,3,False,1018
HOMEZ,basal_to_club,viper,-3.9509686685684966,3.0,0.007757139474461141,False,False,3,False,1019
FOS,basal_to_club,viper,-3.9543164927651904,5.0,0.08040817044171063,False,False,5,False,1020
SOX18,basal_to_club,viper,-3.95643960058727,3.0,0.04664294884988156,False,False,3,False,1021
INSM1,basal_to_club,viper,-3.9579349903878325,3.0,0.00837891794960212,False,False,3,False,1022
ZBTB8A,basal_to_club,viper,-3.9633473491435507,2.0,0.021044672081379178,False,False,2,False,1023
ZNF547,basal_to_club,viper,-3.974534873895717,3.0,0.017770064101225665,False,False,3,False,1024
FOSL2,basal_to_club,viper,-3.980932264823584,5.0,0.09088813573020167,False,False,5,False,1025
ZNF408,basal_to_club,viper,-3.9813348002652864,3.0,0.017449432211345012,False,False,3,False,1026
JUNB,basal_to_club,viper,-4.006380228644934,4.0,0.034690675550009764,False,False,4,False,1027
FOXI2,basal_to_club,viper,-4.021261032836443,3.0,0.02307520658273121,False,False,3,False,1028
OTX1,basal_to_club,viper,-4.0249425821490465,3.0,0.0291990907701444,False,False,3,False,1029
ZBTB12,basal_to_club,viper,-4.027383778126317,3.0,0.01126278759348502,False,False,3,False,1030
VENTX,basal_to_club,viper,-4.032582197427939,3.0,0.01855788184821292,False,False,3,False,1031
HOXA1,basal_to_club,viper,-4.040373987679829,3.0,0.014141075116660311,False,False,3,False,1032
ZNF79,basal_to_club,viper,-4.046406089666822,3.0,0.05137610441096497,False,False,3,False,1033
SOX3,basal_to_club,viper,-4.0515298200351975,3.0,0.03562014241277152,False,False,3,False,1034
ZNF792,basal_to_club,viper,-4.053077870087893,3.0,0.008042596631129844,False,False,3,False,1035
PLAGL1,basal_to_club,viper,-4.0639646335504445,3.0,0.02210739942490492,False,False,3,False,1036
THAP10,basal_to_club,viper,-4.067689240950359,3.0,0.03922150079238644,False,False,3,False,1037
ZBTB7B,basal_to_club,viper,-4.068700141332265,3.0,0.04289225969691479,False,False,3,False,1038
ZKSCAN4,basal_to_club,viper,-4.07486544919607,3.0,0.01467935123234317,False,False,3,False,1039
HOXC8,basal_to_club,viper,-4.088088919223149,3.0,0.04942677655226141,False,False,3,False,1040
NR1H2,basal_to_club,viper,-4.091429529342337,4.0,0.03934653497771953,False,False,4,False,1041
ZNF280C,basal_to_club,viper,-4.093004770695932,3.0,0.01914795463876758,False,False,3,False,1042
EGR4,basal_to_club,viper,-4.095830246866931,3.0,0.030369348997573875,False,False,3,False,1043
ZNF174,basal_to_club,viper,-4.108012753350641,3.0,0.010087615609075107,False,False,3,False,1044
EN1,basal_to_club,viper,-4.111424756694466,3.0,0.02832726312667975,False,False,3,False,1045
PAX9,basal_to_club,viper,-4.112262063319615,3.0,0.05871381538848996,False,False,3,False,1046
YY2,basal_to_club,viper,-4.113240226976322,3.0,0.05979650074286439,False,False,3,False,1047
ZNF385C,basal_to_club,viper,-4.120845705413771,3.0,0.011550027333091866,False,False,3,False,1048
ZNF143,basal_to_club,viper,-4.1318517150672225,5.0,0.015715982430285977,False,False,5,False,1049
ATOH7,basal_to_club,viper,-4.1332881883650225,3.0,0.00561872924806313,False,False,3,False,1050
ZNF668,basal_to_club,viper,-4.189633854473723,3.0,0.00982289030317477,False,False,3,False,1051
ZNF821,basal_to_club,viper,-4.195012182633437,3.0,0.02934275747447178,False,False,3,False,1052
SMAD1,basal_to_club,viper,-4.197519675975132,5.0,0.06832654126591546,False,True,5,False,1053
ETV3,basal_to_club,viper,-4.20367955162837,3.0,0.00803875859913635,False,True,3,False,1054
ZNF584,basal_to_club,viper,-4.213747509442956,4.0,0.0347576237947037,True,True,4,True,1055
ZBTB2,basal_to_club,viper,-4.232111363485366,3.0,0.008915735925776422,False,False,3,False,1056
ZBTB16,basal_to_club,viper,-4.23629032411187,4.0,0.010731732454678608,False,False,4,False,1057
MBD4,basal_to_club,viper,-4.238563333420114,5.0,0.02713960187492325,False,True,5,False,1058
THAP3,basal_to_club,viper,-4.244127350927937,3.0,0.01688287463581378,False,False,3,False,1059
KLF10,basal_to_club,viper,-4.250720094364622,3.0,0.006775279226807199,False,False,3,False,1060
EGR3,basal_to_club,viper,-4.256345296614501,3.0,0.01323499698344648,False,False,3,False,1061
ZNF600,basal_to_club,viper,-4.257808483204916,3.0,0.024221823585075238,False,False,3,False,1062
GFI1B,basal_to_club,viper,-4.2612049792594675,5.0,0.020079343019978775,False,False,5,False,1063
ISL1,basal_to_club,viper,-4.265166738584601,3.0,0.0035700363958779693,False,False,3,False,1064
ZNF532,basal_to_club,viper,-4.275693253632393,3.0,0.007616247622918841,False,False,3,False,1065
KIN,basal_to_club,viper,-4.29317373889602,3.0,0.00208300679982199,False,True,3,False,1066
TBX3,basal_to_club,viper,-4.301640400879133,4.0,0.012306831931586259,False,False,4,False,1067
ZNF438,basal_to_club,viper,-4.321606461913341,3.0,0.003069879722461998,False,False,3,False,1068
NHLH2,basal_to_club,viper,-4.330466758862464,3.0,0.005866659008109261,False,False,3,False,1069
CREB5,basal_to_club,viper,-4.332318990248468,3.0,0.00908911993605431,False,False,3,False,1070
SIX2,basal_to_club,viper,-4.332344005933421,4.0,0.010170901784413561,False,False,4,False,1071
HBP1,basal_to_club,viper,-4.334735951037844,4.0,0.00860756076158257,False,False,4,False,1072
MTERF1,basal_to_club,viper,-4.335545350951623,2.0,0.00809900250256548,False,False,2,False,1073
SCMH1,basal_to_club,viper,-4.348090307193954,2.0,0.003505955215758006,False,False,2,False,1074
HIC1,basal_to_club,viper,-4.3515601640848685,3.0,0.01657445332481369,False,False,3,False,1075
CEBPD,basal_to_club,viper,-4.365708986478581,5.0,0.029471039228408758,False,False,5,False,1076
ETS2,basal_to_club,viper,-4.38182446711632,4.0,0.038633682840226856,False,False,4,False,1077
ZNF649,basal_to_club,viper,-4.38257068607406,3.0,0.01844768261731638,False,False,3,False,1078
ZNF121,basal_to_club,viper,-4.382649600171634,3.0,0.017687759047151197,False,False,3,False,1079
DR1,basal_to_club,viper,-4.403729676612285,3.0,0.019014810058711046,False,False,3,False,1080
ZUP1,basal_to_club,viper,-4.412989882647547,3.0,0.020900960830422546,False,False,3,False,1081
ZNF71,basal_to_club,viper,-4.416614897772884,3.0,0.019454317410208335,False,False,3,False,1082
MNX1,basal_to_club,viper,-4.41853162182402,4.0,0.022019730718730594,False,False,4,False,1083
ZNF883,basal_to_club,viper,-4.421894592783818,2.0,0.002236479665026911,False,False,2,False,1084
TLX3,basal_to_club,viper,-4.42320662915986,3.0,0.006030468042987754,False,False,3,False,1085
AIRE,basal_to_club,viper,-4.423362287862739,3.0,0.002987688737730059,False,False,3,False,1086
ASCL5,basal_to_club,viper,-4.437214179467819,2.0,0.003753652961148217,False,False,2,False,1087
ARNT2,basal_to_club,viper,-4.4374275731214965,3.0,0.007160154179855181,False,False,3,False,1088
NFIB,basal_to_club,viper,-4.441460185895445,4.0,0.005456273673845758,False,False,4,False,1089
OVOL1,basal_to_club,viper,-4.443138891937406,3.0,0.013170008566583444,False,False,3,False,1090
TBX4,basal_to_club,viper,-4.446609745298458,3.0,0.004572333776937052,False,False,3,False,1091
NPAS4,basal_to_club,viper,-4.50580491768188,3.0,0.003816287110806845,False,False,3,False,1092
NR1H3,basal_to_club,viper,-4.513052703720655,5.0,0.017528416497379185,False,False,5,False,1093
TCF7,basal_to_club,viper,-4.52529026302412,5.0,0.030347168833598413,False,False,5,False,1094
JUN,basal_to_club,viper,-4.52856499785108,6.0,0.06122308404486447,False,False,6,False,1095
TLX2,basal_to_club,viper,-4.53828147598618,3.0,0.013003934451714015,False,False,3,False,1096
TGIF1,basal_to_club,viper,-4.553876414836408,3.0,0.010856834599258717,False,False,3,False,1097
CDC5L,basal_to_club,viper,-4.5642175621067045,3.0,0.0028183967832049062,False,False,3,False,1098
ZNF385B,basal_to_club,viper,-4.574918243838323,3.0,0.006909895662463658,False,False,3,False,1099
ZNF343,basal_to_club,viper,-4.582811066814144,3.0,0.008366868966341567,False,False,3,False,1100
ZNF706,basal_to_club,viper,-4.5980268764721055,3.0,0.022409548654635545,False,True,3,False,1101
CHCHD3,basal_to_club,viper,-4.599547912955691,2.0,0.0048617944853336205,False,False,2,False,1102
ZFHX4,basal_to_club,viper,-4.6308360218887215,3.0,0.005866659008109261,False,False,3,False,1103
FOXQ1,basal_to_club,viper,-4.633414747862148,3.0,0.01428801277433002,False,False,3,False,1104
YY1,basal_to_club,viper,-4.635901450898241,6.0,0.013240572193805174,False,False,6,False,1105
TBPL2,basal_to_club,viper,-4.6423068794548135,2.0,0.0010023679106593575,False,False,2,False,1106
IRF4,basal_to_club,viper,-4.657188822510583,5.0,0.04832731159393526,False,False,5,False,1107
AKAP8,basal_to_club,viper,-4.66990363656412,3.0,0.00525284970517693,False,False,3,False,1108
HOXB4,basal_to_club,viper,-4.684060433624396,4.0,0.008084077159199727,False,False,4,False,1109
AHDC1,basal_to_club,viper,-4.686241318468371,3.0,0.0023407536565239516,False,False,3,False,1110
ALX3,basal_to_club,viper,-4.706408060021677,3.0,0.0013805255027785031,False,False,3,False,1111
CENPS,basal_to_club,viper,-4.708502358830272,2.0,0.002485012932413616,False,False,2,False,1112
RFX8,basal_to_club,viper,-4.710659605264824,2.0,0.002162774502360561,False,False,2,False,1113
RORA,basal_to_club,viper,-4.724640237941272,3.0,0.007857301825711187,False,True,3,False,1114
ATF7,basal_to_club,viper,-4.736436989189019,4.0,0.013900709434936594,False,True,4,False,1115
NFYC,basal_to_club,viper,-4.741691401100264,3.0,0.0019018077692137232,False,False,3,False,1116
NR1D1,basal_to_club,viper,-4.743913613043885,3.0,0.005856683873038327,False,False,3,False,1117
SPIB,basal_to_club,viper,-4.75680541460566,4.0,0.00427168347990835,False,False,4,False,1118
ZNF730,basal_to_club,viper,-4.771824486051133,2.0,0.002264959578610822,False,False,2,False,1119
ZNF277,basal_to_club,viper,-4.776255543840528,3.0,0.005578687703034268,False,False,3,False,1120
ARID5B,basal_to_club,viper,-4.790239385875078,3.0,0.005310407636089877,False,False,3,False,1121
HDX,basal_to_club,viper,-4.79481925667785,3.0,0.002959582151075291,False,False,3,False,1122
ZBTB47,basal_to_club,viper,-4.804422048952851,3.0,0.0009585591884079744,False,False,3,False,1123
GTF3A,basal_to_club,viper,-4.8183855594416025,3.0,0.0010453404521156096,False,False,3,False,1124
MSANTD3,basal_to_club,viper,-4.822454554019867,2.0,0.0017471861151340277,False,False,2,False,1125
ETV7,basal_to_club,viper,-4.822721467769254,3.0,0.00022341816890103245,False,True,3,False,1126
DBP,basal_to_club,viper,-4.830091484264783,3.0,0.013734913566413568,False,False,3,False,1127
HOXC10,basal_to_club,viper,-4.839357002734309,3.0,0.002706012396420036,False,False,3,False,1128
E2F3,basal_to_club,viper,-4.84101450202555,3.0,0.00231876801600107,False,True,3,False,1129
HEY2,basal_to_club,viper,-4.842486642415645,3.0,0.009771886673753075,False,False,3,False,1130
TCF4,basal_to_club,viper,-4.849910410350911,5.0,0.01753890922191301,False,False,5,False,1131
FOXD4L5,basal_to_club,viper,-4.860705021511355,3.0,0.007857301825711187,False,False,3,False,1132
MYF6,basal_to_club,viper,-4.862802383538865,3.0,0.012621330442655725,False,False,3,False,1133
THAP1,basal_to_club,viper,-4.863092634971242,5.0,0.018310108661602695,False,False,5,False,1134
TFDP3,basal_to_club,viper,-4.864694259252523,3.0,0.0009050181480753331,False,False,3,False,1135
CBLL2,basal_to_club,viper,-4.880099485735896,2.0,0.000235122746901687,False,False,2,False,1136
MEF2B,basal_to_club,viper,-4.890223866446371,4.0,0.004232214788421475,False,False,4,False,1137
ZNF16,basal_to_club,viper,-4.890334762357333,3.0,0.008975885226020788,False,False,3,False,1138
CEBPE,basal_to_club,viper,-4.894710407954923,3.0,0.0012823297714271787,False,False,3,False,1139
ZFP69B,basal_to_club,viper,-4.899200616561278,2.0,0.0007669733779994044,False,False,2,False,1140
EGR1,basal_to_club,viper,-4.900296663212216,6.0,0.02394319794875759,False,False,6,False,1141
PRDM12,basal_to_club,viper,-4.907511978841323,3.0,0.0033144102933405787,False,False,3,False,1142
MYT1,basal_to_club,viper,-4.919154567708622,3.0,0.003961790672895029,False,False,3,False,1143
ZNF114,basal_to_club,viper,-4.929466573452609,3.0,0.0009075951919388514,False,False,3,False,1144
SP5,basal_to_club,viper,-4.936269294572201,3.0,0.01122010749921293,False,False,3,False,1145
CEBPG,basal_to_club,viper,-4.937810371422778,4.0,0.010122307405368599,False,False,4,False,1146
ZNF207,basal_to_club,viper,-4.946092823377956,4.0,0.00253695688582075,False,False,4,False,1147
HIF3A,basal_to_club,viper,-4.953357066908539,3.0,0.004446533666871389,False,False,3,False,1148
HMG20A,basal_to_club,viper,-4.964454719156905,3.0,0.00152935277701087,False,False,3,False,1149
NFKB1,basal_to_club,viper,-4.980143389870847,4.0,0.005575369603989571,False,False,4,False,1150
TBX21,basal_to_club,viper,-4.982707313401111,4.0,0.001792314566508183,False,False,4,False,1151
SOX14,basal_to_club,viper,-4.995865274934099,3.0,0.0024119946369135694,False,False,3,False,1152
GSC,basal_to_club,viper,-4.996115418389162,3.0,0.00700603985359323,False,False,3,False,1153
ZNF703,basal_to_club,viper,-5.003388500878512,3.0,0.0030508497352113003,False,False,3,False,1154
FOXD2,basal_to_club,viper,-5.004557630969128,3.0,0.0038903852369223573,False,True,3,False,1155
GTF2B,basal_to_club,viper,-5.011495000089184,4.0,0.007335515657376233,False,False,4,False,1156
ZNF131,basal_to_club,viper,-5.0206077049190645,3.0,0.000988294943499722,False,False,3,False,1157
NR5A1,basal_to_club,viper,-5.035264282707037,3.0,0.0013942890714257947,False,False,3,False,1158
ZNF804A,basal_to_club,viper,-5.037536056488013,3.0,0.005271763356555787,False,False,3,False,1159
RFX4,basal_to_club,viper,-5.039019636916725,3.0,0.0064099552457849394,False,False,3,False,1160
HSF1,basal_to_club,viper,-5.0608965288878505,5.0,0.017528338226026657,False,False,5,False,1161
ZNF35,basal_to_club,viper,-5.0614266403397945,3.0,0.002289398784111616,False,False,3,False,1162
TBX15,basal_to_club,viper,-5.066182983660024,3.0,0.0006084003020814964,False,False,3,False,1163
MYCL,basal_to_club,viper,-5.068072323999258,2.0,0.000409987460576092,False,False,2,False,1164
PROP1,basal_to_club,viper,-5.078365919926723,3.0,0.00444339812292206,False,False,3,False,1165
ZNF691,basal_to_club,viper,-5.079125296644882,3.0,0.0013031728440229884,False,False,3,False,1166
BARX1,basal_to_club,viper,-5.087811834350875,3.0,0.007096894575137532,False,False,3,False,1167
ZNF639,basal_to_club,viper,-5.088682077912207,4.0,0.0024844748789972877,False,True,4,False,1168
ZNF823,basal_to_club,viper,-5.099757356280482,3.0,0.005677953743665902,False,False,3,False,1169
POU2F2,basal_to_club,viper,-5.112154423468552,5.0,0.008736182234336361,False,False,5,False,1170
HHEX,basal_to_club,viper,-5.121802454001549,4.0,0.0064902136915974944,False,False,4,False,1171
NEUROD4,basal_to_club,viper,-5.129276866006696,3.0,0.004339813018650495,False,False,3,False,1172
GBX2,basal_to_club,viper,-5.131318627037549,4.0,0.0030656503361200286,False,False,4,False,1173
ASCL4,basal_to_club,viper,-5.144672646320092,3.0,0.002764750042199848,False,False,3,False,1174
LIN28A,basal_to_club,viper,-5.168668486937981,1.0,8.769407662472613e-06,False,False,1,False,1175
SHOX2,basal_to_club,viper,-5.2035715005518135,3.0,0.006884593113819071,False,False,3,False,1176
PURG,basal_to_club,viper,-5.208365625614183,2.0,0.0021691697300947246,False,False,2,False,1177
FOSL1,basal_to_club,viper,-5.209619768938339,5.0,0.03699664384771163,False,False,5,False,1178
TBX6,basal_to_club,viper,-5.222465740697939,3.0,0.0017471861151340277,False,True,3,False,1179
GLIS1,basal_to_club,viper,-5.232920407628153,3.0,0.0034896427449605705,False,False,3,False,1180
NFATC4,basal_to_club,viper,-5.243074176420744,3.0,0.006202913991631272,False,False,3,False,1181
THAP9,basal_to_club,viper,-5.244609879310891,3.0,0.00034716835416479435,False,False,3,False,1182
HLX,basal_to_club,viper,-5.2511456845223465,3.0,0.00038799251721439266,False,False,3,False,1183
PBX3,basal_to_club,viper,-5.264665512534626,5.0,0.008736182234336361,False,False,5,False,1184
NR2F2,basal_to_club,viper,-5.271156497819689,5.0,0.019621269662620282,False,False,5,False,1185
EPAS1,basal_to_club,viper,-5.282472901738361,4.0,0.0029852959226034765,False,False,4,False,1186
ZNF543,basal_to_club,viper,-5.285095944814635,3.0,0.00803875859913635,False,True,3,False,1187
ZNF202,basal_to_club,viper,-5.285861149910138,3.0,0.0029682915589474774,False,False,3,False,1188
HES1,basal_to_club,viper,-5.305521710881615,4.0,0.002539780911668242,False,False,4,False,1189
MEIS3,basal_to_club,viper,-5.308588627386553,3.0,0.00025232905165578195,False,False,3,False,1190
PRDM6,basal_to_club,viper,-5.320533618671181,3.0,0.003959598039469179,False,False,3,False,1191
ZNF830,basal_to_club,viper,-5.333658136664093,3.0,0.001191774203714657,False,False,3,False,1192
DLX2,basal_to_club,viper,-5.334729865913508,3.0,0.0028018373008059944,False,False,3,False,1193
ZNF195,basal_to_club,viper,-5.342284465125157,3.0,0.001419718654526704,False,False,3,False,1194
ZNF786,basal_to_club,viper,-5.347978192975914,3.0,0.0013403626946989293,False,False,3,False,1195
TIGD3,basal_to_club,viper,-5.351331412546062,3.0,0.0010510937701664444,False,False,3,False,1196
TFAP2E,basal_to_club,viper,-5.352840940209169,3.0,0.004232214788421475,False,False,3,False,1197
ZNF354A,basal_to_club,viper,-5.376380380053957,3.0,0.00025968585328827853,False,False,3,False,1198
ELK4,basal_to_club,viper,-5.377904365577411,5.0,0.0018366167064198906,False,True,5,False,1199
LBX1,basal_to_club,viper,-5.392526721030434,3.0,0.007960131767074895,False,False,3,False,1200
ZNF85,basal_to_club,viper,-5.392796115358223,3.0,0.00017393552079075192,False,False,3,False,1201
ZIM2,basal_to_club,viper,-5.406995915191149,1.0,1.8794511760296865e-06,False,False,1,False,1202
HOXC6,basal_to_club,viper,-5.411702747752826,3.0,0.0005549797490140346,False,False,3,False,1203
SP4,basal_to_club,viper,-5.4135608705145275,5.0,0.004184127586199207,False,False,5,False,1204
HSF5,basal_to_club,viper,-5.4166023442004905,2.0,7.305110931501692e-05,False,False,2,False,1205
VAX1,basal_to_club,viper,-5.422675099257481,3.0,0.0015053701260370463,False,False,3,False,1206
EMX1,basal_to_club,viper,-5.43317243331808,3.0,0.0004222485096930012,False,False,3,False,1207
FOXD4,basal_to_club,viper,-5.433403198793692,3.0,0.0004725467212484648,False,False,3,False,1208
NEUROD1,basal_to_club,viper,-5.439046372818902,4.0,0.00323814408601906,False,False,4,False,1209
BRF2,basal_to_club,viper,-5.445229581110262,3.0,0.001925240249709038,False,False,3,False,1210
ZNF670,basal_to_club,viper,-5.450822569995004,2.0,0.0005442508420780778,False,False,2,False,1211
ZEB1,basal_to_club,viper,-5.452941093054894,5.0,0.011365256955564515,False,False,5,False,1212
ZFP1,basal_to_club,viper,-5.45460017637012,3.0,0.00023647354438795248,False,False,3,False,1213
ZNF32,basal_to_club,viper,-5.456070084085424,3.0,0.0007668692786038527,False,False,3,False,1214
DNMT1,basal_to_club,viper,-5.483060131850862,2.0,7.12118207011173e-05,False,False,2,False,1215
SP6,basal_to_club,viper,-5.488266241955261,3.0,0.0013695252064811064,False,False,3,False,1216
ZIK1,basal_to_club,viper,-5.498371040635311,3.0,0.0006588026869463992,False,False,3,False,1217
ZBTB9,basal_to_club,viper,-5.501189469638016,3.0,0.00039963936406936735,False,False,3,False,1218
CENPT,basal_to_club,viper,-5.52323572406999,3.0,0.00011592528139198708,False,False,3,False,1219
HLF,basal_to_club,viper,-5.556242464725625,3.0,0.0007074627959733822,False,False,3,False,1220
POU4F1,basal_to_club,viper,-5.560028222756514,3.0,0.0017436237512020412,False,False,3,False,1221
YBX1,basal_to_club,viper,-5.5781007445477755,3.0,0.00014471207884515018,False,False,3,False,1222
KLF14,basal_to_club,viper,-5.5956745568609465,2.0,3.0168158003615007e-05,False,False,2,False,1223
ZHX2,basal_to_club,viper,-5.60530032353609,4.0,0.002071503635762775,False,False,4,False,1224
FOXL2,basal_to_club,viper,-5.610596913199149,3.0,0.0009585591884079744,False,False,3,False,1225
HOXD8,basal_to_club,viper,-5.627583824978806,3.0,0.0011999436596672516,False,False,3,False,1226
ONECUT1,basal_to_club,viper,-5.643305649062676,4.0,0.004685676670510389,False,False,4,False,1227
ZSCAN5B,basal_to_club,viper,-5.654092195507986,3.0,0.0003987125252996612,False,False,3,False,1228
HOXA4,basal_to_club,viper,-5.659343442344703,3.0,0.0009621878499933308,False,False,3,False,1229
ZNF34,basal_to_club,viper,-5.671601906828404,3.0,0.0034896427449605705,False,False,3,False,1230
FOXH1,basal_to_club,viper,-5.675170321369077,3.0,0.00019600885382699826,False,False,3,False,1231
EBF3,basal_to_club,viper,-5.684526655963211,3.0,0.00010584018197299619,False,False,3,False,1232
PAX1,basal_to_club,viper,-5.686239941395071,3.0,0.00027439142436434544,False,False,3,False,1233
SKOR1,basal_to_club,viper,-5.689577804529403,2.0,0.0007863483661953305,False,False,2,False,1234
ZNF177,basal_to_club,viper,-5.707118734752333,3.0,0.00021658551600770986,False,False,3,False,1235
SIX6,basal_to_club,viper,-5.717993125387016,3.0,0.00039963936406936735,False,False,3,False,1236
DACH2,basal_to_club,viper,-5.745356006687651,3.0,0.002262130698564073,False,False,3,False,1237
ZNF385D,basal_to_club,viper,-5.7487106287483645,3.0,0.0017778985326095287,False,False,3,False,1238
NR2E1,basal_to_club,viper,-5.772487035746005,3.0,0.0018794890731586844,False,False,3,False,1239
NR6A1,basal_to_club,viper,-5.789047786758195,3.0,0.0009088197065722878,False,True,3,False,1240
LHX1,basal_to_club,viper,-5.7910597871981375,2.0,2.838243460245797e-05,False,False,2,False,1241
ZNF280A,basal_to_club,viper,-5.804180687410533,3.0,0.00026250528426052626,False,False,3,False,1242
ZNF724,basal_to_club,viper,-5.8274876835273,2.0,6.553071181340388e-05,False,True,2,False,1243
ZIC1,basal_to_club,viper,-5.845585875538222,3.0,0.000624209650297746,False,False,3,False,1244
CTCF,basal_to_club,viper,-5.845895900697107,6.0,0.003413223370882287,True,False,6,False,1245
ZC3H8,basal_to_club,viper,-5.847912537888497,4.0,0.00013118079755000556,False,True,4,False,1246
ZNF300,basal_to_club,viper,-5.853453611664073,3.0,0.00033720209319078944,False,False,3,False,1247
ZNF365,basal_to_club,viper,-5.870573290844554,3.0,6.192217590010631e-05,False,False,3,False,1248
YBX2,basal_to_club,viper,-5.8924706726356195,3.0,0.00017904136788493292,False,True,3,False,1249
ZNF296,basal_to_club,viper,-5.893368558936334,3.0,0.0013154279823393994,False,False,3,False,1250
PAX7,basal_to_club,viper,-5.9009398120856895,3.0,0.0010567159692933196,False,False,3,False,1251
ZNF705A,basal_to_club,viper,-5.909619339614994,3.0,4.894453671600225e-05,False,False,3,False,1252
ZNF574,basal_to_club,viper,-5.9196891542044225,3.0,0.0008783556650924341,False,False,3,False,1253
OSR2,basal_to_club,viper,-5.919924938219619,3.0,0.0009507172135645475,False,False,3,False,1254
MAFB,basal_to_club,viper,-5.930355952860651,4.0,0.001048504459832746,False,False,4,False,1255
HIVEP3,basal_to_club,viper,-5.936958587871502,3.0,0.00045028460944639847,False,False,3,False,1256
IRX6,basal_to_club,viper,-5.9489796437289,3.0,0.0009483881469348835,False,False,3,False,1257
ZNF257,basal_to_club,viper,-5.9563839409247645,3.0,0.00037891238544542484,False,True,3,False,1258
ZNF589,basal_to_club,viper,-5.973274332689121,4.0,0.005775803681026058,False,False,4,False,1259
HMGA2,basal_to_club,viper,-5.982151909682337,3.0,0.00039963936406936735,False,False,3,False,1260
ZFP57,basal_to_club,viper,-5.999672565043873,3.0,0.00045824960669351437,False,False,3,False,1261
ZNF77,basal_to_club,viper,-6.007489512099624,3.0,0.0009031986263484555,False,False,3,False,1262
NFIC,basal_to_club,viper,-6.007645224671066,5.0,0.0033781118262908036,False,False,5,False,1263
PITX3,basal_to_club,viper,-6.0198615672085705,3.0,0.0007446759628261184,False,False,3,False,1264
MAF,basal_to_club,viper,-6.036827462719402,4.0,0.00047018128795651466,False,True,4,False,1265
SMAD3,basal_to_club,viper,-6.038039734164152,5.0,0.0008523436625434157,False,False,5,False,1266
PHOX2A,basal_to_club,viper,-6.040385837703126,3.0,0.0010510937701664444,False,False,3,False,1267
IRX1,basal_to_club,viper,-6.055619611770404,3.0,0.0003266696229603825,False,False,3,False,1268
TSC22D1,basal_to_club,viper,-6.076777161747714,3.0,0.00016360356743883676,False,False,3,False,1269
FEZF2,basal_to_club,viper,-6.09860993956879,3.0,0.00013896796509642323,False,False,3,False,1270
ZNF771,basal_to_club,viper,-6.130845133579736,3.0,0.0001518964525872616,False,False,3,False,1271
CTCFL,basal_to_club,viper,-6.137355357253261,5.0,0.004438737244487422,False,False,5,False,1272
ZNF530,basal_to_club,viper,-6.149067431241744,3.0,3.282474272301197e-05,False,False,3,False,1273
PTF1A,basal_to_club,viper,-6.15375114064268,3.0,0.0006833655073357815,False,False,3,False,1274
MSGN1,basal_to_club,viper,-6.173599832819248,3.0,0.00021718626660412971,False,False,3,False,1275
FEV,basal_to_club,viper,-6.1746459186889044,3.0,0.0010252934892741586,False,False,3,False,1276
ZNF280B,basal_to_club,viper,-6.176996198249446,2.0,3.2091209853555257e-06,False,False,2,False,1277
CREB1,basal_to_club,viper,-6.178398976137482,6.0,0.0006665263363892805,False,False,6,False,1278
TAL2,basal_to_club,viper,-6.1850724013682825,3.0,1.5701273238822577e-05,False,False,3,False,1279
MYBL1,basal_to_club,viper,-6.186940054419149,4.0,8.244503583572888e-05,False,False,4,False,1280
ZFP28,basal_to_club,viper,-6.218982727603587,3.0,1.4332534216211486e-05,False,False,3,False,1281
MIXL1,basal_to_club,viper,-6.227186494414743,3.0,0.0005834693345929757,False,False,3,False,1282
SLC2A4RG,basal_to_club,viper,-6.2323688400352015,3.0,1.3384620597904212e-05,False,False,3,False,1283
ZNF219,basal_to_club,viper,-6.2333296456292375,3.0,8.666781274989813e-05,False,False,3,False,1284
DLX6,basal_to_club,viper,-6.250966169414236,3.0,0.00043137408104860673,False,False,3,False,1285
LHX4,basal_to_club,viper,-6.25703143825266,3.0,0.0007477649122953755,False,True,3,False,1286
FOXK1,basal_to_club,viper,-6.258144426753399,4.0,6.764925234187731e-05,False,False,4,False,1287
TFAP2C,basal_to_club,viper,-6.265902845054669,6.0,0.010288374920426868,False,False,6,False,1288
HOXD10,basal_to_club,viper,-6.266417051944495,3.0,0.0012823297714271787,False,False,3,False,1289
FOXC2,basal_to_club,viper,-6.276501324427414,3.0,0.000453559162597265,False,False,3,False,1290
GATA2,basal_to_club,viper,-6.284338010182137,6.0,0.006661338067954898,False,False,6,False,1291
HOXA5,basal_to_club,viper,-6.305201070421857,3.0,4.460924141903654e-05,False,False,3,False,1292
ZBED2,basal_to_club,viper,-6.316273863838243,3.0,0.0003080331320009955,False,False,3,False,1293
FOXD4L1,basal_to_club,viper,-6.32272347895596,3.0,4.690892441511995e-05,False,False,3,False,1294
POU3F2,basal_to_club,viper,-6.331814497894678,4.0,2.4548921352081685e-05,False,False,4,False,1295
DRAP1,basal_to_club,viper,-6.332573166680227,3.0,0.0003354664496455368,False,False,3,False,1296
POU1F1,basal_to_club,viper,-6.33390404274734,3.0,8.142609826103146e-05,False,False,3,False,1297
HOXB9,basal_to_club,viper,-6.335706699216782,3.0,4.112668014444593e-05,False,False,3,False,1298
THAP4,basal_to_club,viper,-6.358680579156509,3.0,0.0001094693229834198,False,False,3,False,1299
ZNF90,basal_to_club,viper,-6.360463108616714,3.0,0.0006405543357164734,False,False,3,False,1300
BACH2,basal_to_club,viper,-6.371483688228656,4.0,0.00029197613045329573,False,False,4,False,1301
MEOX2,basal_to_club,viper,-6.378053466879433,3.0,0.0008994305848614686,False,False,3,False,1302
NANOGP8,basal_to_club,viper,-6.405586238025947,2.0,2.494676349669041e-06,False,False,2,False,1303
ZNF581,basal_to_club,viper,-6.412663989109551,3.0,0.00035498022477098857,False,False,3,False,1304
HES7,basal_to_club,viper,-6.456283910306609,3.0,2.516826156385855e-05,False,False,3,False,1305
DMRT2,basal_to_club,viper,-6.463997952285804,3.0,2.150081219734683e-05,False,False,3,False,1306
ONECUT3,basal_to_club,viper,-6.474869480836475,3.0,5.1846923590477194e-05,False,False,3,False,1307
HEYL,basal_to_club,viper,-6.4764145406636455,3.0,0.0009031986263484555,False,False,3,False,1308
RUNX3,basal_to_club,viper,-6.49012522104999,5.0,0.00011706485110746198,False,False,5,False,1309
ZNF485,basal_to_club,viper,-6.505619699204835,3.0,0.001126947580820231,False,False,3,False,1310
ONECUT2,basal_to_club,viper,-6.538090577686444,3.0,4.0726656461962896e-05,False,False,3,False,1311
EBF2,basal_to_club,viper,-6.551679664819324,2.0,7.098468115595999e-06,False,False,2,False,1312
HOXD4,basal_to_club,viper,-6.5536827076292425,3.0,0.00043332969717531047,False,False,3,False,1313
LHX3,basal_to_club,viper,-6.5579601446190745,3.0,0.00015536523978770117,False,False,3,False,1314
HOXD11,basal_to_club,viper,-6.572473950517257,3.0,0.0010086275520729431,False,False,3,False,1315
BCL6B,basal_to_club,viper,-6.597728513990363,3.0,0.00013896796509642323,False,False,3,False,1316
TBX5,basal_to_club,viper,-6.611418705691846,4.0,0.00044476503596310154,False,False,4,False,1317
ZNF239,basal_to_club,viper,-6.61290606148967,3.0,0.00016360356743883676,False,False,3,False,1318
OTP,basal_to_club,viper,-6.622449746203164,3.0,4.553820028289284e-05,False,False,3,False,1319
ZNF93,basal_to_club,viper,-6.631016095055908,3.0,6.6935393560372e-05,False,False,3,False,1320
VAX2,basal_to_club,viper,-6.635924650758044,3.0,4.5216032799581426e-05,False,False,3,False,1321
ZNF511,basal_to_club,viper,-6.647378957782892,3.0,4.730446494318529e-05,False,False,3,False,1322
TCF15,basal_to_club,viper,-6.667176971702697,3.0,2.838243460245797e-05,False,False,3,False,1323
ASCL2,basal_to_club,viper,-6.678450297441066,3.0,0.000251888749290708,False,False,3,False,1324
THAP11,basal_to_club,viper,-6.692303268657054,5.0,0.0012823297714271787,False,False,5,False,1325
AHRR,basal_to_club,viper,-6.705206439204165,2.0,1.4884166420599346e-06,False,False,2,False,1326
HOXA7,basal_to_club,viper,-6.708879797248528,3.0,2.838243460245797e-05,False,False,3,False,1327
ZNF423,basal_to_club,viper,-6.713355531633613,3.0,2.0887671436878995e-05,False,False,3,False,1328
ZNF575,basal_to_club,viper,-6.729280100210736,3.0,0.00014471207884515018,False,False,3,False,1329
HMX1,basal_to_club,viper,-6.734668651067477,3.0,0.00015427555541856438,False,False,3,False,1330
PKNOX2,basal_to_club,viper,-6.748970760878677,3.0,5.898112396972579e-06,False,False,3,False,1331
NEUROG1,basal_to_club,viper,-6.751273974598515,3.0,6.729311767496558e-05,False,False,3,False,1332
VSX1,basal_to_club,viper,-6.849741340345135,3.0,0.00020758173296860617,False,False,3,False,1333
SIM2,basal_to_club,viper,-6.889141138619577,3.0,0.00018238928558907784,False,False,3,False,1334
POU2F3,basal_to_club,viper,-6.898526412589743,3.0,0.00021718626660412971,False,False,3,False,1335
ZNF732,basal_to_club,viper,-6.901705688742506,2.0,3.5283337577397866e-07,False,False,2,False,1336
ALX1,basal_to_club,viper,-6.937332827762791,3.0,2.6729576481012913e-06,False,False,3,False,1337
ZNF124,basal_to_club,viper,-6.952329439206842,3.0,4.72517578096136e-05,False,False,3,False,1338
ZNF679,basal_to_club,viper,-6.964006856045699,2.0,4.369794847467344e-07,False,False,2,False,1339
SOHLH2,basal_to_club,viper,-6.974573111765881,3.0,2.0609429404814985e-05,False,False,3,False,1340
ZNF311,basal_to_club,viper,-6.982113965580991,3.0,9.866156809952576e-06,False,False,3,False,1341
ZFPM2,basal_to_club,viper,-6.991972748925242,3.0,1.1710274876613455e-06,False,False,3,False,1342
ZNF22,basal_to_club,viper,-7.014667855164184,3.0,1.0951981633042076e-05,False,False,3,False,1343
POU3F4,basal_to_club,viper,-7.030605388705981,3.0,8.17653432985863e-05,False,False,3,False,1344
DEAF1,basal_to_club,viper,-7.044729920291132,4.0,6.477578247330213e-06,False,False,4,False,1345
FOXG1,basal_to_club,viper,-7.058601926279503,3.0,8.224680402241164e-06,False,False,3,False,1346
XPA,basal_to_club,viper,-7.068731791507177,3.0,2.1335525606135226e-05,False,False,3,False,1347
PAX2,basal_to_club,viper,-7.0920837080617805,3.0,5.902525540606309e-06,False,False,3,False,1348
ZNF416,basal_to_club,viper,-7.120716207903366,3.0,5.875193285350367e-05,False,False,3,False,1349
ZIC2,basal_to_club,viper,-7.1364935950373765,3.0,7.411345042599415e-05,False,False,3,False,1350
HOXB8,basal_to_club,viper,-7.1397173677725405,3.0,1.4714400805904591e-05,False,False,3,False,1351
HOXD3,basal_to_club,viper,-7.146284044130417,3.0,8.062585548193827e-05,False,False,3,False,1352
DPF3,basal_to_club,viper,-7.157059787750032,3.0,3.2091209853555257e-06,False,False,3,False,1353
FOXF1,basal_to_club,viper,-7.165598733685378,3.0,3.335610039472173e-05,False,False,3,False,1354
MXD3,basal_to_club,viper,-7.183060417846492,3.0,6.367572911159187e-06,False,False,3,False,1355
ZNF750,basal_to_club,viper,-7.188583526268038,4.0,0.00020869069563725072,False,False,4,False,1356
HOXA10,basal_to_club,viper,-7.190626328945278,3.0,1.200315806456712e-05,False,False,3,False,1357
FOXL1,basal_to_club,viper,-7.203902585931741,3.0,0.00016591764599613602,False,False,3,False,1358
MTERF3,basal_to_club,viper,-7.217907668179231,2.0,5.328402278808682e-07,False,False,2,False,1359
ZNF436,basal_to_club,viper,-7.221751380096222,3.0,1.3984713179487481e-06,False,False,3,False,1360
TEAD2,basal_to_club,viper,-7.225269051199087,4.0,6.6935393560372e-05,False,False,4,False,1361
MTF2,basal_to_club,viper,-7.243614926418434,3.0,8.481745405832115e-08,False,False,3,False,1362
FOXE1,basal_to_club,viper,-7.259680285083051,3.0,1.0042649765869857e-05,False,False,3,False,1363
HOXB5,basal_to_club,viper,-7.263189480624153,3.0,3.555797018550198e-05,False,False,3,False,1364
PITX2,basal_to_club,viper,-7.264730448234172,3.0,3.667233461887268e-05,False,False,3,False,1365
ZNF362,basal_to_club,viper,-7.2650126800493595,3.0,4.0726656461962896e-05,False,False,3,False,1366
ZNF57,basal_to_club,viper,-7.285234128629663,3.0,4.572848131166874e-06,False,False,3,False,1367
DMRT1,basal_to_club,viper,-7.308239199518732,4.0,1.7190364067682412e-06,False,False,4,False,1368
SOX8,basal_to_club,viper,-7.322367304122249,3.0,8.852639372022062e-06,False,False,3,False,1369
PRDM13,basal_to_club,viper,-7.325198802179701,3.0,7.00041647280184e-05,False,False,3,False,1370
LHX5,basal_to_club,viper,-7.3309718391518555,3.0,2.5063837563405042e-05,False,False,3,False,1371
LEF1,basal_to_club,viper,-7.3355437767382945,4.0,7.454076100999012e-05,False,False,4,False,1372
GLI3,basal_to_club,viper,-7.341239383589376,3.0,3.282474272301197e-05,False,False,3,False,1373
ZNF541,basal_to_club,viper,-7.350622476931258,2.0,9.127404902407984e-08,False,False,2,False,1374
TLX1,basal_to_club,viper,-7.369599025276872,3.0,1.3818424890793622e-05,False,False,3,False,1375
HIF1A,basal_to_club,viper,-7.386471737131495,5.0,0.0002308102660581394,False,False,5,False,1376
TFAP4,basal_to_club,viper,-7.387234437860824,4.0,3.790750952470203e-05,False,False,4,False,1377
ZNF711,basal_to_club,viper,-7.390082855958028,3.0,2.6310484341618553e-06,False,False,3,False,1378
FOXO6,basal_to_club,viper,-7.428665593099498,3.0,3.3156015780596866e-07,False,False,3,False,1379
FOXD3,basal_to_club,viper,-7.434899420822454,3.0,4.7631026964141245e-05,False,False,3,False,1380
SOX10,basal_to_club,viper,-7.43993013488714,4.0,0.0003142995071512465,False,False,4,False,1381
ZNF878,basal_to_club,viper,-7.4481053832142425,2.0,9.205595460921985e-07,False,False,2,False,1382
SP7,basal_to_club,viper,-7.455762619882314,3.0,4.677126105379452e-05,False,False,3,False,1383
PAX3,basal_to_club,viper,-7.456305746668315,3.0,3.282474272301197e-05,False,False,3,False,1384
SOX7,basal_to_club,viper,-7.482878797400997,3.0,2.2174670878128815e-05,False,False,3,False,1385
NANOG,basal_to_club,viper,-7.496479807280428,6.0,4.253516426967822e-06,False,False,6,False,1386
ISL2,basal_to_club,viper,-7.501832881671969,3.0,1.5013967917384299e-05,False,False,3,False,1387
FOXE3,basal_to_club,viper,-7.508708388937283,3.0,2.580214765714951e-05,False,False,3,False,1388
PAX6,basal_to_club,viper,-7.518304533580286,5.0,0.00013759832732559087,False,False,5,False,1389
TCF7L1,basal_to_club,viper,-7.532018686610406,3.0,1.2688356540636871e-06,False,False,3,False,1390
FOXF2,basal_to_club,viper,-7.560076473756085,3.0,5.7922996097293e-06,False,False,3,False,1391
HOXD9,basal_to_club,viper,-7.5864071697772015,3.0,6.866951963444307e-06,False,False,3,False,1392
SP8,basal_to_club,viper,-7.596409775302763,3.0,4.430005840689431e-06,False,False,3,False,1393
ZNF256,basal_to_club,viper,-7.62306724779244,3.0,1.039541500945064e-05,False,False,3,False,1394
TBX2,basal_to_club,viper,-7.6299027655464755,3.0,8.496366819446324e-07,False,False,3,False,1395
ETV5,basal_to_club,viper,-7.6320022122987865,3.0,3.2758398271547586e-06,False,False,3,False,1396
MEOX1,basal_to_club,viper,-7.669546725609723,3.0,1.0951981633042076e-05,False,False,3,False,1397
ZNF503,basal_to_club,viper,-7.688507873118135,3.0,6.367572911159187e-06,False,False,3,False,1398
ETV4,basal_to_club,viper,-7.710015728802799,4.0,0.0006055649931739493,False,False,4,False,1399
ZNF689,basal_to_club,viper,-7.731631658413867,3.0,2.787886385779958e-06,False,False,3,False,1400
HOXA9,basal_to_club,viper,-7.779932958223519,4.0,6.0232332640671695e-06,False,False,4,False,1401
BNC2,basal_to_club,viper,-7.825145392591816,3.0,6.503777183515185e-06,False,False,3,False,1402
TEAD3,basal_to_club,viper,-7.856853110936555,3.0,2.7051767090368075e-06,False,False,3,False,1403
TWIST2,basal_to_club,viper,-7.877709339881679,2.0,8.870372585310817e-09,False,False,2,False,1404
FOXP3,basal_to_club,viper,-7.903843828536821,4.0,3.5769221023701274e-08,False,False,4,False,1405
DMBX1,basal_to_club,viper,-7.913166036635398,3.0,2.616134444179061e-07,False,False,3,False,1406
TCF21,basal_to_club,viper,-7.918738367316417,4.0,2.2785410790658877e-05,False,False,4,False,1407
NEUROG2,basal_to_club,viper,-7.973448003369959,3.0,3.976682709310736e-05,False,False,3,False,1408
TCF23,basal_to_club,viper,-8.022188673412273,3.0,3.2758398271547586e-06,False,False,3,False,1409
HOXC9,basal_to_club,viper,-8.030021482593982,4.0,1.2078649448387964e-07,False,False,4,False,1410
SOX1,basal_to_club,viper,-8.043411656078257,3.0,5.7890369595623e-07,False,False,3,False,1411
AEBP1,basal_to_club,viper,-8.045805411937486,2.0,6.02853952261108e-08,False,False,2,False,1412
OTX2,basal_to_club,viper,-8.048297068850914,4.0,3.0176033672002246e-05,False,False,4,False,1413
SOX17,basal_to_club,viper,-8.081053070030514,4.0,3.3212004663936243e-07,False,False,4,False,1414
ZSCAN10,basal_to_club,viper,-8.086352407552845,3.0,1.2917499092168126e-06,False,False,3,False,1415
PCGF6,basal_to_club,viper,-8.087392419805491,3.0,9.127404902407984e-08,False,False,3,False,1416
PRRX1,basal_to_club,viper,-8.139381836568464,3.0,5.614729702805318e-06,False,False,3,False,1417
ZNF146,basal_to_club,viper,-8.148046869622272,3.0,5.777396925278824e-06,False,False,3,False,1418
RARG,basal_to_club,viper,-8.164615775414465,4.0,0.00011623350971750965,False,False,4,False,1419
HAND1,basal_to_club,viper,-8.185408341447209,3.0,2.098941570178452e-06,False,False,3,False,1420
ZFP37,basal_to_club,viper,-8.185824717627906,3.0,2.977142157405142e-08,False,False,3,False,1421
DBX2,basal_to_club,viper,-8.214132884496761,3.0,4.075631146908091e-06,False,False,3,False,1422
TSHZ3,basal_to_club,viper,-8.230247042743978,3.0,1.951574507254266e-06,False,False,3,False,1423
TAL1,basal_to_club,viper,-8.251466243538543,6.0,5.78226537126054e-05,False,False,6,False,1424
DLX1,basal_to_club,viper,-8.277655137425871,3.0,1.457599372996141e-07,False,False,3,False,1425
NFE2L2,basal_to_club,viper,-8.296995138002295,5.0,7.246212060833452e-05,False,False,5,False,1426
IRF6,basal_to_club,viper,-8.29798344725624,3.0,8.538238384524668e-06,False,False,3,False,1427
TFAP2B,basal_to_club,viper,-8.314471154823337,3.0,2.4818337326001153e-07,False,False,3,False,1428
RXRG,basal_to_club,viper,-8.319778474233997,3.0,9.127404902407984e-08,False,False,3,False,1429
MSC,basal_to_club,viper,-8.320912174058915,3.0,2.6310484341618553e-06,False,False,3,False,1430
CEBPA,basal_to_club,viper,-8.323701759386593,5.0,3.7153031678554224e-06,False,False,5,False,1431
SALL3,basal_to_club,viper,-8.345676058847818,3.0,3.2758398271547586e-06,False,False,3,False,1432
E2F8,basal_to_club,viper,-8.347639953709779,3.0,8.422182183604435e-07,False,False,3,False,1433
HOXA2,basal_to_club,viper,-8.385036327146562,3.0,9.651824727881048e-06,False,False,3,False,1434
LHX6,basal_to_club,viper,-8.43441744503649,3.0,9.127404902407984e-08,False,False,3,False,1435
ZNF521,basal_to_club,viper,-8.438977346168645,3.0,3.0085485052950134e-08,False,False,3,False,1436
ALX4,basal_to_club,viper,-8.44849295535696,3.0,1.906776020015274e-07,False,False,3,False,1437
ZNF92,basal_to_club,viper,-8.451634502333205,4.0,1.615197047953157e-07,False,False,4,False,1438
RBPJL,basal_to_club,viper,-8.452763387336363,3.0,6.658063654829235e-08,False,False,3,False,1439
GLIS2,basal_to_club,viper,-8.458809219337558,3.0,2.3520056335538847e-06,False,False,3,False,1440
TBX20,basal_to_club,viper,-8.467061296546268,3.0,2.7122953726345107e-06,False,False,3,False,1441
LHX2,basal_to_club,viper,-8.493601868527373,4.0,6.602560324419344e-07,False,False,4,False,1442
E2F2,basal_to_club,viper,-8.526267935085608,3.0,8.190005742592065e-08,False,False,3,False,1443
ZNF488,basal_to_club,viper,-8.58009616299806,2.0,1.3756827184668921e-10,False,False,2,False,1444
ZNF263,basal_to_club,viper,-8.589896822087827,6.0,2.4842500792391948e-05,False,False,6,False,1445
HMGA1,basal_to_club,viper,-8.5921464735482,3.0,5.354299518988599e-07,False,False,3,False,1446
SALL2,basal_to_club,viper,-8.612844013881695,3.0,6.058739711406872e-07,False,False,3,False,1447
NOTO,basal_to_club,viper,-8.650177649504343,3.0,8.673833075439231e-07,False,False,3,False,1448
ZIC5,basal_to_club,viper,-8.703828630668118,3.0,2.873150210654376e-07,False,False,3,False,1449
HOXB7,basal_to_club,viper,-8.708464721526404,5.0,1.2784204398332329e-08,False,False,5,False,1450
ZNF215,basal_to_club,viper,-8.716660562917573,3.0,7.099883209935549e-07,False,False,3,False,1451
FLI1,basal_to_club,viper,-8.76647414623236,6.0,6.640322314598187e-06,False,False,6,False,1452
CDX1,basal_to_club,viper,-8.774867532434518,3.0,2.3520056335538847e-06,False,False,3,False,1453
ZNF492,basal_to_club,viper,-8.788743383951084,2.0,9.323693776846438e-10,False,True,2,False,1454
TWIST1,basal_to_club,viper,-8.889090932389594,4.0,7.254326145028958e-07,False,False,4,False,1455
DLX5,basal_to_club,viper,-8.89757014857605,3.0,5.391434559308508e-08,False,False,3,False,1456
NFYB,basal_to_club,viper,-8.90232085146115,5.0,4.558617353062565e-06,False,False,5,False,1457
DLX3,basal_to_club,viper,-8.905804150111388,3.0,3.4677148512023894e-07,False,False,3,False,1458
NKRF,basal_to_club,viper,-8.939939227741709,3.0,1.1133149270559369e-08,False,False,3,False,1459
KLF8,basal_to_club,viper,-8.996378594264096,3.0,3.728472691177873e-08,False,False,3,False,1460
KLF5,basal_to_club,viper,-9.00921074123007,5.0,4.833164461381649e-07,False,False,5,False,1461
BCL11A,basal_to_club,viper,-9.026443850112688,5.0,3.039855430874541e-05,False,False,5,False,1462
ELK1,basal_to_club,viper,-9.05308546241524,5.0,6.19970078664845e-07,False,False,5,False,1463
ASCL1,basal_to_club,viper,-9.144276192998507,4.0,7.56507509603759e-09,False,False,4,False,1464
TERF1,basal_to_club,viper,-9.206889540872211,4.0,9.393441123539568e-07,False,False,4,False,1465
ZFP92,basal_to_club,viper,-9.227457879541543,3.0,7.151330581599203e-10,False,False,3,False,1466
DUXA,basal_to_club,viper,-9.262849324930992,3.0,4.3097007317450225e-08,False,False,3,False,1467
PRDM14,basal_to_club,viper,-9.282410716429089,5.0,4.609641336091301e-07,False,False,5,False,1468
HOXB13,basal_to_club,viper,-9.301176195532047,4.0,3.178516163114375e-08,False,False,4,False,1469
PAX5,basal_to_club,viper,-9.377071288673754,5.0,3.647832528400113e-08,False,False,5,False,1470
GLI1,basal_to_club,viper,-9.501181840320713,4.0,3.253833417167256e-08,False,False,4,False,1471
RFX5,basal_to_club,viper,-9.532992948277718,5.0,2.8523150316901834e-09,False,False,5,False,1472
ZNF385A,basal_to_club,viper,-9.55559895701807,3.0,9.323693776846438e-10,False,False,3,False,1473
MYNN,basal_to_club,viper,-9.59921215506411,4.0,5.282023528389971e-11,False,False,4,False,1474
SOX11,basal_to_club,viper,-9.669724488695238,5.0,1.9573612672343753e-07,False,False,5,False,1475
ETV1,basal_to_club,viper,-9.710234371187056,4.0,1.1607578536513228e-08,False,False,4,False,1476
FOXS1,basal_to_club,viper,-9.774448762291938,3.0,6.819005729956e-08,False,False,3,False,1477
BCL11B,basal_to_club,viper,-9.813732323316996,3.0,5.837507461423124e-11,False,False,3,False,1478
GRHL3,basal_to_club,viper,-9.847487588041146,3.0,2.400954331562571e-07,False,False,3,False,1479
IRX4,basal_to_club,viper,-9.869152185363285,3.0,5.8259755869631215e-09,False,False,3,False,1480
TFDP1,basal_to_club,viper,-10.010068110850717,4.0,2.977142157405142e-08,False,False,4,False,1481
NR0B1,basal_to_club,viper,-10.017650120646913,4.0,1.5765216752652172e-12,False,False,4,False,1482
PCGF2,basal_to_club,viper,-10.03615230981486,2.0,2.227327918589109e-15,False,False,2,False,1483
TBX18,basal_to_club,viper,-10.05940619079642,3.0,2.3831797603708826e-08,False,False,3,False,1484
NEUROD2,basal_to_club,viper,-10.103234294130372,4.0,1.6452273639380076e-12,False,False,4,False,1485
POU3F1,basal_to_club,viper,-10.197873575740783,4.0,1.6598004912985042e-08,False,False,4,False,1486
POU5F1,basal_to_club,viper,-10.233497707182751,5.0,5.944422342312865e-09,False,False,5,False,1487
FOXI3,basal_to_club,viper,-10.274469222425902,2.0,8.586246495594198e-14,False,False,2,False,1488
ETS1,basal_to_club,viper,-10.363499607838175,6.0,5.066908332816878e-07,False,False,6,False,1489
EBF1,basal_to_club,viper,-10.374795285009602,5.0,5.489552464337053e-08,False,False,5,False,1490
ZFP64,basal_to_club,viper,-10.413127915533167,3.0,9.157570240311613e-12,False,False,3,False,1491
SOX15,basal_to_club,viper,-10.45819536068404,3.0,5.431362283699634e-10,False,False,3,False,1492
ZNF560,basal_to_club,viper,-10.470386304965096,3.0,7.438857329186324e-10,False,False,3,False,1493
TET1,basal_to_club,viper,-10.507738175743267,3.0,6.111252400258309e-15,False,False,3,False,1494
ZFP42,basal_to_club,viper,-10.526179188744813,3.0,3.2617730425358783e-12,False,False,3,False,1495
E2F7,basal_to_club,viper,-10.570777649743825,5.0,1.6246249136831928e-06,False,False,5,False,1496
ZNF695,basal_to_club,viper,-10.701804575577048,3.0,9.323693776846438e-10,False,False,3,False,1497
TGIF2,basal_to_club,viper,-10.771575894927775,4.0,1.3640378208711684e-09,False,False,4,False,1498
ATF1,basal_to_club,viper,-10.846251208646253,5.0,1.877806619883732e-09,False,False,5,False,1499
CENPA,basal_to_club,viper,-11.022436764214488,2.0,1.5445401786401265e-12,False,False,2,False,1500
BHLHE22,basal_to_club,viper,-11.026837183981806,3.0,2.227327918589109e-15,False,False,3,False,1501
TFAP2A,basal_to_club,viper,-11.044921344588264,6.0,1.0008487112229705e-07,False,False,6,False,1502
ZNF367,basal_to_club,viper,-11.148968227873075,3.0,3.915262443853188e-10,False,False,3,False,1503
ESRRB,basal_to_club,viper,-11.227278126677817,4.0,1.5765216752652172e-12,False,False,4,False,1504
SALL1,basal_to_club,viper,-11.306611797312451,4.0,2.414218651818405e-10,False,False,4,False,1505
FOXN1,basal_to_club,viper,-11.477001888345882,3.0,7.58046480171944e-11,False,False,3,False,1506
PA2G4,basal_to_club,viper,-11.492664877760996,2.0,8.586246495594198e-14,False,False,2,False,1507
SNAI2,basal_to_club,viper,-11.542800962044254,4.0,1.2301002730292275e-09,False,False,4,False,1508
CBX2,basal_to_club,viper,-11.69201713557725,5.0,1.803192446187527e-09,False,False,5,False,1509
CEBPZ,basal_to_club,viper,-11.704378090544127,5.0,2.391547748155162e-09,False,False,5,False,1510
ZNF519,basal_to_club,viper,-11.71538305792105,3.0,8.461818790882201e-14,False,False,3,False,1511
PGR,basal_to_club,viper,-11.911922541990002,4.0,1.0939678129614662e-12,False,False,4,False,1512
BNC1,basal_to_club,viper,-12.050070309638093,3.0,2.698130974812283e-14,False,False,3,False,1513
PRMT3,basal_to_club,viper,-12.392218896192142,3.0,6.67212933171096e-13,False,False,3,False,1514
AR,basal_to_club,viper,-12.679569033242096,5.0,1.934599653719188e-15,False,False,5,False,1515
MYCN,basal_to_club,viper,-12.962565995742834,5.0,1.8112147454322085e-14,False,False,5,False,1516
MAX,basal_to_club,viper,-12.98644851406679,5.0,4.206639765765307e-16,False,False,5,False,1517
ERG,basal_to_club,viper,-13.006399300595836,5.0,9.350014212986273e-16,False,False,5,False,1518
GATA4,basal_to_club,viper,-13.309048663340512,5.0,2.462932419150565e-15,False,False,5,False,1519
TP53,basal_to_club,viper,-13.590380584439625,5.0,7.971513054845064e-17,False,False,5,False,1520
MYBL2,basal_to_club,viper,-13.605967847694826,6.0,4.408350785380074e-09,False,False,6,False,1521
E2F4,basal_to_club,viper,-13.630289669423924,6.0,2.2392528312490592e-13,False,False,6,False,1522
E2F6,basal_to_club,viper,-13.92082747990705,5.0,1.3296912546096736e-18,False,False,5,False,1523
WT1,basal_to_club,viper,-14.135103538641694,4.0,8.000863860393001e-24,False,False,4,False,1524
PPARG,basal_to_club,viper,-14.287166593207097,5.0,1.951900696232189e-18,False,False,5,False,1525
E2F1,basal_to_club,viper,-15.126459686602752,6.0,3.914123203695009e-15,False,False,6,False,1526
GATA3,basal_to_club,viper,-15.326380101380247,6.0,3.7949261374642474e-13,False,False,6,False,1527
KLF1,basal_to_club,viper,-15.668906707415896,5.0,2.5061722565476483e-21,False,False,5,False,1528
ARID3A,basal_to_club,viper,-16.495109947364277,5.0,5.268487944229315e-26,False,False,5,False,1529
TEAD4,basal_to_club,viper,-16.56676112098247,6.0,3.2286211136207243e-21,False,False,6,False,1530
SRY,basal_to_club,viper,-16.58369988822737,4.0,1.0777169371360894e-28,False,False,4,False,1531
FOXM1,basal_to_club,viper,-17.553099606148486,6.0,2.715778555169463e-15,False,False,6,False,1532
TP63,basal_to_club,viper,-18.983389589532653,5.0,1.422029749036443e-27,False,False,5,False,1533
MYC,basal_to_club,viper,-19.111531754513184,6.0,3.798227801993675e-24,False,False,6,False,1534
MITF,basal_to_goblet,viper,13.167527466519575,5.0,2.4801791453152322e-18,True,True,5,True,1
FOXA1,basal_to_goblet,viper,11.884073804711605,6.0,7.145227075130845e-07,True,True,6,True,2
ELF3,basal_to_goblet,viper,11.192074150479153,4.0,3.156997139388024e-09,True,True,4,True,3
CREB3L4,basal_to_goblet,viper,10.944359249704688,3.0,5.35334362173642e-10,False,True,3,False,4
HNF4G,basal_to_goblet,viper,9.895518737525736,5.0,9.42185057774027e-07,True,True,5,True,5
STAT1,basal_to_goblet,viper,9.16844258282429,6.0,3.375539495836188e-06,True,True,6,True,6
MECOM,basal_to_goblet,viper,8.650233855181348,3.0,3.776299689307372e-08,True,True,3,True,7
NR2F6,basal_to_goblet,viper,8.264768559734124,4.0,1.6784357492087128e-06,True,True,4,True,8
CCDC17,basal_to_goblet,viper,8.217878957688914,2.0,1.7904080192657417e-08,False,True,2,False,9
XBP1,basal_to_goblet,viper,8.143081084359741,4.0,7.999985636508917e-05,True,True,4,True,10
ZNF217,basal_to_goblet,viper,8.057439032991125,6.0,6.006887270486223e-05,True,True,6,True,11
FOXJ1,basal_to_goblet,viper,7.789901865043095,3.0,4.292213729730469e-06,False,True,3,False,12
RUNX1,basal_to_goblet,viper,7.496926061131447,5.0,5.949609797113215e-06,True,True,5,True,13
SATB2,basal_to_goblet,viper,7.155718161694902,3.0,1.550161443081329e-06,False,True,3,False,14
ZNF189,basal_to_goblet,viper,7.146671530565484,3.0,0.00011760790152393598,False,True,3,False,15
ZKSCAN1,basal_to_goblet,viper,7.057143165714541,5.0,5.0571991838386094e-05,True,True,5,True,16
NCOA3,basal_to_goblet,viper,7.030486734865572,4.0,0.0006352138281924121,True,True,4,True,17
SMAD4,basal_to_goblet,viper,6.917390584555041,5.0,1.0076336825784527e-05,True,True,5,True,18
STAT3,basal_to_goblet,viper,6.87154442689994,6.0,0.0008047055700016572,True,True,6,True,19
NCOA2,basal_to_goblet,viper,6.8702178642436476,4.0,0.0002052967057393301,True,True,4,True,20
ZNF587,basal_to_goblet,viper,6.848463096412335,3.0,6.727214530710846e-06,False,True,3,False,21
FOXP4,basal_to_goblet,viper,6.755197521794147,3.0,9.313544695854912e-05,False,True,3,False,22
ZNF474,basal_to_goblet,viper,6.748858783773571,3.0,3.4057318583251396e-05,False,True,3,False,23
NFE2,basal_to_goblet,viper,6.684721803102304,5.0,0.0010953667567345712,True,True,5,True,24
ZNF710,basal_to_goblet,viper,6.624168832703242,3.0,0.0007857664767397326,False,True,3,False,25
ETV6,basal_to_goblet,viper,6.615160456191317,4.0,0.00010053076047495208,True,True,4,True,26
JUND,basal_to_goblet,viper,6.490558152123628,6.0,0.0010953667567345712,True,True,6,True,27
SREBF2,basal_to_goblet,viper,6.471233122552446,6.0,0.005525258962372429,True,True,6,True,28
ZBTB7A,basal_to_goblet,viper,6.334554626159751,5.0,0.0001713019816125369,True,True,5,True,29
STAT5A,basal_to_goblet,viper,6.310656816685456,6.0,0.0012499975378728171,True,True,6,True,30
CREB3L2,basal_to_goblet,viper,6.272760772276949,3.0,0.0002503215153537154,False,True,3,False,31
IRF1,basal_to_goblet,viper,6.130915566335979,6.0,0.0069829711166013815,True,True,6,True,32
RFX3,basal_to_goblet,viper,6.0788877329746205,3.0,0.00011569209684103156,False,True,3,False,33
SP1,basal_to_goblet,viper,6.039032650880628,5.0,0.0012261400103193447,True,True,5,True,34
NCOA1,basal_to_goblet,viper,6.013743675514073,4.0,0.0013291630741139226,True,True,4,True,35
MAFK,basal_to_goblet,viper,5.94111717318542,5.0,0.002502404818115739,True,True,5,True,36
USF2,basal_to_goblet,viper,5.86216423393613,5.0,0.0010953667567345712,True,True,5,True,37
PPARD,basal_to_goblet,viper,5.803881458393269,4.0,0.007247774208595753,True,True,4,True,38
OVOL2,basal_to_goblet,viper,5.747573392059177,3.0,0.00212838617564331,False,True,3,False,39
USF1,basal_to_goblet,viper,5.680038740118665,5.0,0.0007937498520068933,True,True,5,True,40
CASZ1,basal_to_goblet,viper,5.617282411144356,3.0,0.00033339185343739784,False,True,3,False,41
KDM5B,basal_to_goblet,viper,5.603644436574248,5.0,0.002805383447859407,True,True,5,True,42
BACH1,basal_to_goblet,viper,5.596258712515355,6.0,0.0023653904413305903,True,True,6,True,43
STAT2,basal_to_goblet,viper,5.587409569786746,5.0,0.006106810882574935,True,True,5,True,44
GRHL2,basal_to_goblet,viper,5.558985216129043,5.0,0.005533234637357878,True,True,5,True,45
ZNF316,basal_to_goblet,viper,5.523884809898711,3.0,0.0003723234804489602,False,True,3,False,46
ESR1,basal_to_goblet,viper,5.506800365930353,6.0,0.019898564315848945,True,True,6,True,47
FOXA3,basal_to_goblet,viper,5.503911776088393,3.0,0.003105102208402361,False,True,3,False,48
RFX2,basal_to_goblet,viper,5.468405453050197,4.0,0.001715373523798679,True,True,4,True,49
ZNF396,basal_to_goblet,viper,5.432857284640355,3.0,0.0005267001998099103,False,True,3,False,50
CLOCK,basal_to_goblet,viper,5.402846438577755,5.0,0.004525284006148463,True,True,5,True,51
THRB,basal_to_goblet,viper,5.374485379626995,3.0,0.006917439605582571,False,True,3,False,52
ZBTB42,basal_to_goblet,viper,5.365702835449264,2.0,0.0002566331327392376,False,True,2,False,53
BHLHA15,basal_to_goblet,viper,5.304153880353109,2.0,0.0016035011597227019,False,True,2,False,54
MESP1,basal_to_goblet,viper,5.298473827226588,3.0,0.0010206993971870048,False,True,3,False,55
MYB,basal_to_goblet,viper,5.259419618150982,6.0,0.016193308361743146,True,True,6,True,56
ZBTB7C,basal_to_goblet,viper,5.201593762023281,3.0,0.010196773113138794,False,True,3,False,57
ZFAT,basal_to_goblet,viper,5.179556320469467,3.0,0.002122428990619634,False,True,3,False,58
ZNF407,basal_to_goblet,viper,5.163565002916724,3.0,0.003018181979065279,False,True,3,False,59
NR3C2,basal_to_goblet,viper,5.109727499111954,3.0,0.0018187727723552687,False,True,3,False,60
FOXO3,basal_to_goblet,viper,5.100343042331547,4.0,0.007404918376937698,True,True,4,True,61
BCL6,basal_to_goblet,viper,5.094405987570974,5.0,0.010672738895338955,True,True,5,True,62
ZNF69,basal_to_goblet,viper,5.090363535517301,3.0,0.0010727237770228198,False,True,3,False,63
ZBTB34,basal_to_goblet,viper,5.087462517896752,3.0,0.004413832710846842,False,True,3,False,64
ZBTB46,basal_to_goblet,viper,5.054785366224109,3.0,0.00436196630639621,False,True,3,False,65
NR2C2,basal_to_goblet,viper,5.009602815930652,5.0,0.020048261212884142,True,True,5,True,66
ZNF440,basal_to_goblet,viper,4.971863698025717,3.0,0.001200244610959432,False,True,3,False,67
HIVEP1,basal_to_goblet,viper,4.965254937792742,3.0,0.0014726933212025701,False,True,3,False,68
ZSCAN16,basal_to_goblet,viper,4.964233175278845,3.0,0.0068558970368908095,False,True,3,False,69
MAFG,basal_to_goblet,viper,4.935530745410473,4.0,0.005004955172005274,True,True,4,True,70
TCF7L2,basal_to_goblet,viper,4.910859540910237,6.0,0.0031941428491079,True,False,6,False,71
ZBTB41,basal_to_goblet,viper,4.893858601674655,3.0,0.002528070468558176,False,True,3,False,72
DMRTA1,basal_to_goblet,viper,4.893291850359796,3.0,0.0020435209071473937,False,True,3,False,73
ZNF552,basal_to_goblet,viper,4.807469852122174,3.0,0.0021347760642705417,False,True,3,False,74
ELF5,basal_to_goblet,viper,4.793837864319639,5.0,0.02833280555347962,True,True,5,True,75
MXD4,basal_to_goblet,viper,4.715501738772724,3.0,0.0024244966383575625,False,True,3,False,76
ZNF236,basal_to_goblet,viper,4.713452847135756,3.0,0.020761259735816353,False,True,3,False,77
ZNF609,basal_to_goblet,viper,4.6950923113416145,3.0,0.025000859737228126,False,True,3,False,78
ZBTB22,basal_to_goblet,viper,4.669637612133689,3.0,0.007018015413372312,False,True,3,False,79
ZNF592,basal_to_goblet,viper,4.668864640207438,4.0,0.009656975931962488,True,True,4,True,80
CREB3,basal_to_goblet,viper,4.658056992775101,4.0,0.00744153822963242,True,True,4,True,81
CUX1,basal_to_goblet,viper,4.6473894506495235,6.0,0.014018415705881705,True,True,6,True,82
ARHGAP35,basal_to_goblet,viper,4.636162699233365,2.0,0.00452295803555299,False,True,2,False,83
MLXIP,basal_to_goblet,viper,4.58502984365276,3.0,0.003471319408386223,False,True,3,False,84
ZNF704,basal_to_goblet,viper,4.5685050137552,3.0,0.008179590969643087,False,True,3,False,85
RXRA,basal_to_goblet,viper,4.557997449151663,6.0,0.011304628432163665,True,True,6,True,86
MBD2,basal_to_goblet,viper,4.533683599009629,4.0,0.016186225610864132,True,True,4,True,87
ZFHX3,basal_to_goblet,viper,4.485494176799683,3.0,0.007404918376937698,False,True,3,False,88
ZNF664,basal_to_goblet,viper,4.473499573042238,3.0,0.013070154429182246,False,True,3,False,89
SP140L,basal_to_goblet,viper,4.467344083631143,2.0,0.0036229100641510764,False,True,2,False,90
CENPB,basal_to_goblet,viper,4.466710004758428,3.0,0.00477134038187228,False,True,3,False,91
LCOR,basal_to_goblet,viper,4.446259660519832,3.0,0.009478654926317037,False,True,3,False,92
ESRRG,basal_to_goblet,viper,4.429730854662613,3.0,0.007916401442538181,False,True,3,False,93
ZNF646,basal_to_goblet,viper,4.370188082624716,3.0,0.0124407172500473,False,True,3,False,94
ZNF787,basal_to_goblet,viper,4.285026313784255,3.0,0.007323082358529467,False,True,3,False,95
KLF16,basal_to_goblet,viper,4.26220612319062,3.0,0.009656975931962488,False,True,3,False,96
CXXC5,basal_to_goblet,viper,4.2554615225583765,2.0,0.005815299854942862,False,True,2,False,97
ZNF75D,basal_to_goblet,viper,4.239809250807463,3.0,0.006337148977827034,False,True,3,False,98
ZNF117,basal_to_goblet,viper,4.23123949995721,3.0,0.018106706593055435,False,True,3,False,99
TET2,basal_to_goblet,viper,4.188973226135739,2.0,0.004536066411042161,False,True,2,False,100
NFE2L1,basal_to_goblet,viper,4.150868967006651,4.0,0.05156416415829304,True,True,4,True,101
CXXC4,basal_to_goblet,viper,4.149060936398497,3.0,0.00744153822963242,True,True,3,True,102
GATA1,basal_to_goblet,viper,4.132581917410012,6.0,0.06596173560489521,True,True,6,True,103
GZF1,basal_to_goblet,viper,4.09849129598278,3.0,0.013131943524114592,False,True,3,False,104
RREB1,basal_to_goblet,viper,4.09695201990831,3.0,0.009680988301480875,False,True,3,False,105
ZNF81,basal_to_goblet,viper,4.078807032536573,3.0,0.02575790726087945,False,True,3,False,106
PRDM4,basal_to_goblet,viper,4.058536555347361,3.0,0.00984062059005015,False,True,3,False,107
KDM2A,basal_to_goblet,viper,4.047083801241765,2.0,0.004822722901719625,False,True,2,False,108
ZNF746,basal_to_goblet,viper,3.996110994269875,3.0,0.01007437834661623,False,True,3,False,109
ZNF875,basal_to_goblet,viper,3.9956194381845824,3.0,0.010237160778857321,False,True,3,False,110
ZNF687,basal_to_goblet,viper,3.9825706572628747,3.0,0.01058391359806461,False,True,3,False,111
HIVEP2,basal_to_goblet,viper,3.977668128819039,3.0,0.01845934972407843,False,True,3,False,112
BATF2,basal_to_goblet,viper,3.92993040605119,3.0,0.04250029657710171,False,True,3,False,113
SRCAP,basal_to_goblet,viper,3.9247229734875395,3.0,0.027305802220748635,False,True,3,False,114
ZNF384,basal_to_goblet,viper,3.9145995830709577,5.0,0.04346320764563569,True,True,5,True,115
IRF9,basal_to_goblet,viper,3.9120603452890883,4.0,0.08612254287617331,True,True,4,True,116
TET3,basal_to_goblet,viper,3.904204785968747,2.0,0.008599720371663816,False,True,2,False,117
CREB3L1,basal_to_goblet,viper,3.894755900831371,4.0,0.03630330575301454,True,True,4,True,118
RELA,basal_to_goblet,viper,3.8743908934748665,6.0,0.055424384710419175,True,True,6,True,119
ZXDC,basal_to_goblet,viper,3.86598243111213,3.0,0.016186225610864132,False,True,3,False,120
PRR12,basal_to_goblet,viper,3.8632247173967746,3.0,0.022467759763160688,False,True,3,False,121
ZBED1,basal_to_goblet,viper,3.8179283395641628,4.0,0.035960323654435855,True,True,4,True,122
NFAT5,basal_to_goblet,viper,3.815976532713568,3.0,0.016186225610864132,False,True,3,False,123
ZBTB40,basal_to_goblet,viper,3.815881857685047,3.0,0.015448049568789621,False,True,3,False,124
KMT2B,basal_to_goblet,viper,3.7984769895960264,2.0,0.007780470271467664,True,True,2,True,125
ATF5,basal_to_goblet,viper,3.7785950555195984,3.0,0.04321603920801259,False,True,3,False,126
ZNF510,basal_to_goblet,viper,3.7731005836023512,3.0,0.024406390712961253,False,True,3,False,127
VDR,basal_to_goblet,viper,3.7649762216787086,5.0,0.08159740466725779,True,True,5,True,128
FOXO4,basal_to_goblet,viper,3.743851265069508,3.0,0.057214190199962635,False,True,3,False,129
ZNF780A,basal_to_goblet,viper,3.72718336731913,3.0,0.03568059993031648,False,True,3,False,130
TBX10,basal_to_goblet,viper,3.7215499241564216,3.0,0.024406390712961253,False,True,3,False,131
NACC2,basal_to_goblet,viper,3.7202850294396828,2.0,0.010068195242258616,False,True,2,False,132
MEF2D,basal_to_goblet,viper,3.7142776973325393,3.0,0.022935526823008187,False,True,3,False,133
MAZ,basal_to_goblet,viper,3.713215446718053,5.0,0.04924793254708025,True,True,5,True,134
GLYR1,basal_to_goblet,viper,3.7042329183541196,3.0,0.025000762434459315,True,True,3,True,135
LBX2,basal_to_goblet,viper,3.7019633244083625,3.0,0.06700399372076397,False,True,3,False,136
IRX3,basal_to_goblet,viper,3.689311724004528,3.0,0.025000762434459315,False,True,3,False,137
ZNF341,basal_to_goblet,viper,3.6836122454704596,3.0,0.020288166768511764,False,True,3,False,138
SP140,basal_to_goblet,viper,3.666529060760343,3.0,0.047519935860394574,False,True,3,False,139
TCF20,basal_to_goblet,viper,3.6492650946192113,3.0,0.03697833481481384,False,True,3,False,140
IKZF2,basal_to_goblet,viper,3.6192496294793934,3.0,0.03667654724669692,False,True,3,False,141
GPBP1L1,basal_to_goblet,viper,3.6037761103372317,2.0,0.012057922041122788,False,True,2,False,142
EHF,basal_to_goblet,viper,3.5753872174476093,4.0,0.05611064118885572,True,True,4,True,143
MBD1,basal_to_goblet,viper,3.5656598926646916,3.0,0.025877713908196764,False,True,3,False,144
ZNF282,basal_to_goblet,viper,3.559367122325615,3.0,0.025158170956526782,False,True,3,False,145
JAZF1,basal_to_goblet,viper,3.542618042475316,3.0,0.025000762434459315,False,True,3,False,146
AHR,basal_to_goblet,viper,3.542392240868344,5.0,0.09610583628506307,True,True,5,True,147
ZNF20,basal_to_goblet,viper,3.538017838344815,3.0,0.05577308658990465,False,True,3,False,148
ZNF865,basal_to_goblet,viper,3.5278377448213263,2.0,0.010311012205430193,False,True,2,False,149
CC2D1A,basal_to_goblet,viper,3.5260310944601625,2.0,0.02165501427177102,False,True,2,False,150
ZNF432,basal_to_goblet,viper,3.519411117806343,3.0,0.05187579495039355,False,True,3,False,151
ZFPM1,basal_to_goblet,viper,3.5142771299986753,3.0,0.05571696562833547,False,True,3,False,152
PURB,basal_to_goblet,viper,3.497275629860476,2.0,0.04073808086599903,False,True,2,False,153
BARHL1,basal_to_goblet,viper,3.4773079150128265,3.0,0.08706164140352163,False,True,3,False,154
ZFP91,basal_to_goblet,viper,3.4731219970462606,3.0,0.07250872804546629,False,True,3,False,155
CREM,basal_to_goblet,viper,3.4667499948193,5.0,0.1849256053492968,True,True,5,True,156
MEF2A,basal_to_goblet,viper,3.4624584456950083,6.0,0.14243865114462265,True,True,6,True,157
SGSM2,basal_to_goblet,viper,3.4607446361008725,2.0,0.018186855977615886,False,True,2,False,158
FIZ1,basal_to_goblet,viper,3.459579336020786,3.0,0.028028157636422014,False,True,3,False,159
SPDEF,basal_to_goblet,viper,3.4546300000352494,3.0,0.047519935860394574,False,True,3,False,160
ATF6,basal_to_goblet,viper,3.4510885699671756,3.0,0.04899029841277725,False,True,3,False,161
SP100,basal_to_goblet,viper,3.443746114076214,3.0,0.0662341259674396,False,True,3,False,162
STAT6,basal_to_goblet,viper,3.42036188812773,4.0,0.04834017379494579,True,True,4,True,163
ZBTB4,basal_to_goblet,viper,3.4197990635587265,3.0,0.0413400969793116,False,True,3,False,164
DOT1L,basal_to_goblet,viper,3.4154820110186654,3.0,0.05260840903378735,False,True,3,False,165
NFATC2,basal_to_goblet,viper,3.4038467690058,3.0,0.0863592973613672,False,True,3,False,166
GLMP,basal_to_goblet,viper,3.38488619972407,2.0,0.04384912370354629,False,True,2,False,167
HES6,basal_to_goblet,viper,3.377983834076809,3.0,0.09834718764860742,False,True,3,False,168
CIC,basal_to_goblet,viper,3.3757209180835384,3.0,0.10561477060079787,False,True,3,False,169
GMEB2,basal_to_goblet,viper,3.3533637805712075,3.0,0.03312506989798803,False,True,3,False,170
MBNL2,basal_to_goblet,viper,3.3412662948715544,3.0,0.03468580970982926,False,True,3,False,171
E2F5,basal_to_goblet,viper,3.3381205484781606,4.0,0.04110723382323342,True,True,4,True,172
FOXA2,basal_to_goblet,viper,3.3347267418724953,6.0,0.16282630232081208,True,True,6,True,173
MZF1,basal_to_goblet,viper,3.331553002489611,3.0,0.03491144876978803,False,True,3,False,174
ZBTB37,basal_to_goblet,viper,3.327733141102734,3.0,0.06354677462843515,False,True,3,False,175
IRF3,basal_to_goblet,viper,3.3276741361143656,5.0,0.07409534611729447,True,True,5,True,176
BAZ2A,basal_to_goblet,viper,3.3238520380925416,3.0,0.04209761388770435,False,True,3,False,177
SREBF1,basal_to_goblet,viper,3.3195765809348248,6.0,0.035488278830211016,True,True,6,True,178
ZNF777,basal_to_goblet,viper,3.3173159704577624,3.0,0.02902356986930566,False,True,3,False,179
IRX5,basal_to_goblet,viper,3.297908742745454,3.0,0.03823842164108963,False,True,3,False,180
RFX1,basal_to_goblet,viper,3.2866654229779044,4.0,0.11256233484454677,True,True,4,True,181
ZNF24,basal_to_goblet,viper,3.2802348033293494,4.0,0.08378281619071011,True,True,4,True,182
ZNF335,basal_to_goblet,viper,3.2707649490051063,3.0,0.04774904818945986,False,True,3,False,183
ZNF621,basal_to_goblet,viper,3.264161919598676,3.0,0.045206041370884895,False,True,3,False,184
AKNA,basal_to_goblet,viper,3.2620093561613768,3.0,0.10862823459330523,False,True,3,False,185
TEAD1,basal_to_goblet,viper,3.2499662509497904,4.0,0.07299962748429904,True,True,4,True,186
ZNF165,basal_to_goblet,viper,3.221686500402387,4.0,0.08604451211368593,True,True,4,True,187
MBD6,basal_to_goblet,viper,3.2189611400905322,2.0,0.03191507622351839,False,True,2,False,188
SNAPC4,basal_to_goblet,viper,3.193647726667638,4.0,0.09875035746798165,True,True,4,True,189
ARID2,basal_to_goblet,viper,3.1739816750227616,4.0,0.09671210893098608,True,True,4,True,190
STAT5B,basal_to_goblet,viper,3.162669807366895,4.0,0.0950051557946241,True,True,4,True,191
NPAS2,basal_to_goblet,viper,3.1480736533987193,3.0,0.15433834765633891,False,True,3,False,192
FOXJ3,basal_to_goblet,viper,3.1414794763880685,3.0,0.0652100896317857,False,True,3,False,193
ASH1L,basal_to_goblet,viper,3.1345165191242534,3.0,0.08232849156621061,False,True,3,False,194
ZBED6,basal_to_goblet,viper,3.1315739856886498,1.0,0.010311012205430193,False,True,1,False,195
ZBTB38,basal_to_goblet,viper,3.127578807728708,3.0,0.03297630988811319,False,True,3,False,196
GLIS3,basal_to_goblet,viper,3.1261689344521324,3.0,0.0708009487098151,False,True,3,False,197
REPIN1,basal_to_goblet,viper,3.1233171865349374,3.0,0.025158170956526782,False,True,3,False,198
ZBTB21,basal_to_goblet,viper,3.1090355164026273,2.0,0.07121046844223178,False,True,2,False,199
ZBTB18,basal_to_goblet,viper,3.0929404936526317,2.0,0.08853272022118225,False,True,2,False,200
PRDM8,basal_to_goblet,viper,3.092137598310477,3.0,0.09929563285320338,False,True,3,False,201
ZNF860,basal_to_goblet,viper,3.066249899766068,2.0,0.05383277351686496,False,True,2,False,202
PRDM15,basal_to_goblet,viper,3.058289601097585,3.0,0.09570221752362766,False,True,3,False,203
MXI1,basal_to_goblet,viper,3.0420919020915282,5.0,0.04261371831679667,True,True,5,True,204
ZNF264,basal_to_goblet,viper,3.034772061774122,3.0,0.062790166327538,False,True,3,False,205
NFYA,basal_to_goblet,viper,3.0264167518441467,5.0,0.041367235536486004,True,True,5,True,206
RLF,basal_to_goblet,viper,3.021706533556415,3.0,0.06162703690459251,False,True,3,False,207
PRDM10,basal_to_goblet,viper,2.999972218967432,3.0,0.08117183724186192,False,True,3,False,208
USF3,basal_to_goblet,viper,2.9959905959544164,2.0,0.040922845331742584,False,True,2,False,209
PRDM2,basal_to_goblet,viper,2.9938479529939914,3.0,0.10884536500583289,False,True,3,False,210
ZNF778,basal_to_goblet,viper,2.9779428676307176,3.0,0.06652578067209401,False,True,3,False,211
PLSCR1,basal_to_goblet,viper,2.9717680570733256,2.0,0.07121046844223178,False,True,2,False,212
ZNF648,basal_to_goblet,viper,2.938843702776517,3.0,0.0708009487098151,False,True,3,False,213
ZBTB10,basal_to_goblet,viper,2.926301721742048,3.0,0.07230240404120096,False,True,3,False,214
MNT,basal_to_goblet,viper,2.919951528959105,4.0,0.13877691562688793,True,True,4,True,215
WIZ,basal_to_goblet,viper,2.905880464518812,3.0,0.10679873575658852,False,True,3,False,216
ZNF653,basal_to_goblet,viper,2.905113982412644,3.0,0.0757284866490443,False,True,3,False,217
GATAD2B,basal_to_goblet,viper,2.900534416650118,3.0,0.07278555707358497,False,True,3,False,218
ZNF398,basal_to_goblet,viper,2.8713461901060584,3.0,0.16115692141527907,False,True,3,False,219
E4F1,basal_to_goblet,viper,2.8698431659992947,3.0,0.07697352367833948,False,True,3,False,220
GATAD2A,basal_to_goblet,viper,2.864606985061954,3.0,0.13696441454246644,False,True,3,False,221
LYL1,basal_to_goblet,viper,2.8635956529324895,5.0,0.22429146432913608,True,True,5,True,222
GTF2I,basal_to_goblet,viper,2.8610490763226526,1.0,0.020839670237284436,False,True,1,False,223
MYSM1,basal_to_goblet,viper,2.857135827516855,3.0,0.09607494370785433,False,True,3,False,224
ZNF267,basal_to_goblet,viper,2.856699609236109,3.0,0.07759600258759637,False,True,3,False,225
ZNF28,basal_to_goblet,viper,2.8456979812470995,3.0,0.08024420164733671,False,True,3,False,226
KMT2A,basal_to_goblet,viper,2.8437769916806057,3.0,0.1068154249762748,True,True,3,True,227
TIGD4,basal_to_goblet,viper,2.837233803670549,3.0,0.09357676872019716,False,True,3,False,228
CREBL2,basal_to_goblet,viper,2.8336104078266002,3.0,0.12483066817096924,False,True,3,False,229
ZNF740,basal_to_goblet,viper,2.833206080830215,4.0,0.1044770038829476,True,True,4,True,230
ZNF70,basal_to_goblet,viper,2.8256787074447174,3.0,0.07042070103087053,False,True,3,False,231
ZNF142,basal_to_goblet,viper,2.820671609373637,3.0,0.16191398491581263,False,True,3,False,232
ZBTB11,basal_to_goblet,viper,2.8192038114401132,4.0,0.10026158363622137,True,True,4,True,233
SP110,basal_to_goblet,viper,2.818846874904261,3.0,0.16169695390975133,False,True,3,False,234
ZNF319,basal_to_goblet,viper,2.8005752272713,3.0,0.09059441098745952,False,True,3,False,235
ZNF736,basal_to_goblet,viper,2.798147634933551,2.0,0.08485668260189737,False,True,2,False,236
ZNF799,basal_to_goblet,viper,2.797263015499158,3.0,0.12217625208225304,False,True,3,False,237
ZNF598,basal_to_goblet,viper,2.79694493593462,3.0,0.10291652345994477,False,True,3,False,238
PRDM1,basal_to_goblet,viper,2.7760475867414622,5.0,0.314663803115348,True,True,5,True,239
ZNF672,basal_to_goblet,viper,2.7638212636161765,3.0,0.06742653451286673,False,True,3,False,240
NR2F1,basal_to_goblet,viper,2.754917582497088,4.0,0.12447591027488558,True,True,4,True,241
TMF1,basal_to_goblet,viper,2.7522067594129997,2.0,0.06891776568964361,False,True,2,False,242
ZNF808,basal_to_goblet,viper,2.7508341449132705,3.0,0.14435550276805362,False,True,3,False,243
ZNF254,basal_to_goblet,viper,2.7222884866295822,3.0,0.16332177392773264,False,True,3,False,244
IRF5,basal_to_goblet,viper,2.700404797241397,3.0,0.14678322999857227,False,True,3,False,245
ZNF628,basal_to_goblet,viper,2.6971607538481277,3.0,0.1394020572928078,False,True,3,False,246
IRF7,basal_to_goblet,viper,2.686155589030093,3.0,0.15257585998052395,False,True,3,False,247
MECP2,basal_to_goblet,viper,2.674867272784698,3.0,0.15018235306916564,False,True,3,False,248
ZNF652,basal_to_goblet,viper,2.6728553607751517,4.0,0.225562809667587,True,True,4,True,249
ZSCAN5A,basal_to_goblet,viper,2.670963163356016,3.0,0.14018009602295967,False,True,3,False,250
FOXN2,basal_to_goblet,viper,2.655479621843421,3.0,0.15622905568580045,False,True,3,False,251
ZNF513,basal_to_goblet,viper,2.64564054629094,3.0,0.15332206702047174,False,True,3,False,252
FBXL19,basal_to_goblet,viper,2.641112843672197,2.0,0.07763370832646484,False,True,2,False,253
TRPS1,basal_to_goblet,viper,2.622689653856885,3.0,0.009678004660857671,False,True,3,False,254
ZGPAT,basal_to_goblet,viper,2.6142141133828796,3.0,0.13211451536459898,False,True,3,False,255
ZNF101,basal_to_goblet,viper,2.610196968938208,3.0,0.23621948903856235,False,True,3,False,256
ZBTB17,basal_to_goblet,viper,2.609233835455558,3.0,0.12483066817096924,False,True,3,False,257
ZNF555,basal_to_goblet,viper,2.6017227335536117,3.0,0.15537481458127966,False,True,3,False,258
ZNF23,basal_to_goblet,viper,2.5986239239659477,3.0,0.13812804710227772,False,True,3,False,259
RBAK,basal_to_goblet,viper,2.5966094345509205,3.0,0.18046171222110477,False,True,3,False,260
CSRNP2,basal_to_goblet,viper,2.5831925066800157,2.0,0.08642237437141803,False,True,2,False,261
ZNF507,basal_to_goblet,viper,2.5782965581912336,3.0,0.1832943196479133,False,True,3,False,262
ZNF433,basal_to_goblet,viper,2.574896875524735,3.0,0.15265392051468296,False,True,3,False,263
SOX5,basal_to_goblet,viper,2.5655374135450675,3.0,0.16603295193077397,False,True,3,False,264
TBXT,basal_to_goblet,viper,2.5625616558089286,4.0,0.2708975409152244,True,True,4,True,265
ZNF629,basal_to_goblet,viper,2.5490914440765184,3.0,0.058853033790601986,False,True,3,False,266
ZNF776,basal_to_goblet,viper,2.5390837149411962,3.0,0.16752074635921257,False,True,3,False,267
ARNT,basal_to_goblet,viper,2.5201693908007354,5.0,0.23322123186648588,True,True,5,True,268
ZNF564,basal_to_goblet,viper,2.518872796482267,3.0,0.17185152345401863,False,True,3,False,269
JRK,basal_to_goblet,viper,2.515593059846209,2.0,0.09344095007685885,False,True,2,False,270
PATZ1,basal_to_goblet,viper,2.507429331485735,3.0,0.19927211673233444,False,True,3,False,271
ZFP3,basal_to_goblet,viper,2.50724333647946,3.0,0.18561551176325367,False,True,3,False,272
SNAI3,basal_to_goblet,viper,2.501577086600365,3.0,0.17304816259328243,False,True,3,False,273
LHX8,basal_to_goblet,viper,2.500967446846466,3.0,0.24601772754048418,False,True,3,False,274
ZNF276,basal_to_goblet,viper,2.499998743754899,3.0,0.19990610945533482,False,True,3,False,275
KLF2,basal_to_goblet,viper,2.496368191698566,4.0,0.17237708679767827,True,True,4,True,276
MTF1,basal_to_goblet,viper,2.495901571287714,2.0,0.11447180598308737,False,True,2,False,277
ZFHX2,basal_to_goblet,viper,2.469149431473271,3.0,0.1677287004764439,False,True,3,False,278
KCMF1,basal_to_goblet,viper,2.4611414329055727,3.0,0.09329682182264004,False,True,3,False,279
ZNF579,basal_to_goblet,viper,2.453736596068661,3.0,0.2027165778511766,False,True,3,False,280
KLF13,basal_to_goblet,viper,2.450824056538981,4.0,0.11377214898225492,True,True,4,True,281
PHF21A,basal_to_goblet,viper,2.450583583785252,3.0,0.14365815351951447,False,True,3,False,282
ZNF516,basal_to_goblet,viper,2.4500379759992237,3.0,0.24814957291702527,False,True,3,False,283
ZHX1,basal_to_goblet,viper,2.441528764313939,4.0,0.20562601771867475,False,True,4,False,284
GRHL1,basal_to_goblet,viper,2.4321628972359006,3.0,0.2715321528517329,False,True,3,False,285
ZNF417,basal_to_goblet,viper,2.4134611580622027,3.0,0.22057894878586795,False,True,3,False,286
GABPA,basal_to_goblet,viper,2.409672493361279,6.0,0.14243115579967117,True,True,6,True,287
RARA,basal_to_goblet,viper,2.3982774745448157,5.0,0.251868795413902,True,True,5,True,288
ZNF445,basal_to_goblet,viper,2.368494283589281,3.0,0.19580359593436517,False,True,3,False,289
ELK3,basal_to_goblet,viper,2.3639671332002843,4.0,0.22367980301973928,True,True,4,True,290
ZNF827,basal_to_goblet,viper,2.3629560671060137,3.0,0.21997088350319058,False,True,3,False,291
MXD1,basal_to_goblet,viper,2.3603840147584623,3.0,0.22080886793882698,False,True,3,False,292
MESP2,basal_to_goblet,viper,2.3603517131050924,3.0,0.19796193285422356,False,True,3,False,293
FOXK2,basal_to_goblet,viper,2.3541196245690568,4.0,0.2822773065786904,True,True,4,True,294
ZNF33A,basal_to_goblet,viper,2.3532522136591916,3.0,0.231546969524182,False,True,3,False,295
SIX4,basal_to_goblet,viper,2.352739808846175,3.0,0.2055315391305627,False,True,3,False,296
SCX,basal_to_goblet,viper,2.3496586283785814,1.0,0.06354677462843515,False,True,1,False,297
PLAGL2,basal_to_goblet,viper,2.3425796661551783,3.0,0.24434419955087738,False,True,3,False,298
ZNF800,basal_to_goblet,viper,2.3404200875981767,3.0,0.251868795413902,False,True,3,False,299
ZNF444,basal_to_goblet,viper,2.3216639102982013,3.0,0.24356427342709808,False,True,3,False,300
PBX2,basal_to_goblet,viper,2.3050568946478958,4.0,0.18388483516245435,True,True,4,True,301
MYRFL,basal_to_goblet,viper,2.3044708489601033,2.0,0.1849256053492968,False,True,2,False,302
NFX1,basal_to_goblet,viper,2.275036268406117,3.0,0.2657245334990043,False,True,3,False,303
ZNF467,basal_to_goblet,viper,2.2668730474765444,3.0,0.23787128398107113,False,True,3,False,304
ZXDB,basal_to_goblet,viper,2.2602268816761657,3.0,0.21833408315500086,False,True,3,False,305
TRERF1,basal_to_goblet,viper,2.2601878788165446,3.0,0.19400699566181404,False,True,3,False,306
ZNF473,basal_to_goblet,viper,2.2568380762069684,3.0,0.025262745326803723,False,True,3,False,307
THRA,basal_to_goblet,viper,2.253789872290069,4.0,0.17408171507884732,False,True,4,False,308
ZNF44,basal_to_goblet,viper,2.2527089152820268,3.0,0.28204401767957926,False,True,3,False,309
MGA,basal_to_goblet,viper,2.249139327285848,3.0,0.23702640981292247,False,True,3,False,310
NR2C1,basal_to_goblet,viper,2.2486775757500426,3.0,0.262883236164152,False,True,3,False,311
POU2F1,basal_to_goblet,viper,2.248452830039637,4.0,0.24988844580799546,True,True,4,True,312
HOXB2,basal_to_goblet,viper,2.2358854349412183,3.0,0.3194060106750897,False,True,3,False,313
TFEB,basal_to_goblet,viper,2.2135815481648375,4.0,0.1966722476796728,True,True,4,True,314
ZNF487,basal_to_goblet,viper,2.2085769223388794,3.0,0.2807595457566396,False,True,3,False,315
CREBZF,basal_to_goblet,viper,2.2061693201639105,3.0,0.24356427342709808,False,True,3,False,316
BAZ2B,basal_to_goblet,viper,2.1799333603528215,3.0,0.27365467461701326,False,True,3,False,317
SPEN,basal_to_goblet,viper,2.1706938874398287,2.0,0.1670160945087361,False,True,2,False,318
PURA,basal_to_goblet,viper,2.157820748207661,2.0,0.05610038074531006,False,True,2,False,319
ZNF782,basal_to_goblet,viper,2.152403598812215,3.0,0.2569250596884703,False,True,3,False,320
KLF6,basal_to_goblet,viper,2.1498469795187134,4.0,0.22918184217616322,True,True,4,True,321
ZSCAN29,basal_to_goblet,viper,2.149001662563668,3.0,0.2464563133922111,False,True,3,False,322
ZNF76,basal_to_goblet,viper,2.14763633338732,3.0,0.20137433286895645,False,True,3,False,323
NFKB2,basal_to_goblet,viper,2.139694856180859,4.0,0.29009426685204537,False,True,4,False,324
HSF4,basal_to_goblet,viper,2.1281128657756625,3.0,0.27203185926904494,False,True,3,False,325
ZNF431,basal_to_goblet,viper,2.1150723969667986,3.0,0.3634509517846806,False,True,3,False,326
ZKSCAN8,basal_to_goblet,viper,2.1080145264403862,2.0,0.22807794166241357,False,True,2,False,327
TP73,basal_to_goblet,viper,2.1061943369777403,3.0,0.11202965680002602,False,True,3,False,328
ZNF780B,basal_to_goblet,viper,2.100828434386702,3.0,0.3022525461635253,False,True,3,False,329
AKAP8L,basal_to_goblet,viper,2.099554281682139,3.0,0.07054757122316005,False,True,3,False,330
ZNF562,basal_to_goblet,viper,2.0975047557153146,3.0,0.29074677272481303,False,True,3,False,331
ATMIN,basal_to_goblet,viper,2.0946218602629965,3.0,0.15547154573226882,False,True,3,False,332
ZBTB48,basal_to_goblet,viper,2.0888681305703707,3.0,0.24434419955087738,False,True,3,False,333
HMBOX1,basal_to_goblet,viper,2.086769405726147,4.0,0.32315089613826553,True,True,4,True,334
ZNF148,basal_to_goblet,viper,2.079221195304965,3.0,0.21833408315500086,False,True,3,False,335
L3MBTL1,basal_to_goblet,viper,2.0754434349362563,2.0,0.1797981787103574,False,True,2,False,336
ZBTB33,basal_to_goblet,viper,2.0690192470176356,5.0,0.314663803115348,True,True,5,True,337
ZNF768,basal_to_goblet,viper,2.056426125563882,3.0,0.12217625208225304,False,True,3,False,338
ZNF91,basal_to_goblet,viper,2.0387707514365183,3.0,0.39829015056097294,False,True,3,False,339
DZIP1,basal_to_goblet,viper,2.035330008368924,3.0,0.34210962436502573,False,True,3,False,340
ZNF324,basal_to_goblet,viper,2.0313262992258436,3.0,0.2811241462173318,False,True,3,False,341
ZNF37A,basal_to_goblet,viper,2.0180795492315613,3.0,0.2410043861732189,False,True,3,False,342
ZNF599,basal_to_goblet,viper,2.00332371049398,3.0,0.3427336486787406,False,True,3,False,343
ZBTB43,basal_to_goblet,viper,1.9759662639923898,3.0,0.24926721817279562,False,True,3,False,344
SOX13,basal_to_goblet,viper,1.9640194588876296,4.0,0.11256233484454677,True,True,4,True,345
ZFP41,basal_to_goblet,viper,1.9496127463179544,3.0,0.26066515431264603,False,True,3,False,346
RBCK1,basal_to_goblet,viper,1.9430491471032416,2.0,0.21794984804762307,False,True,2,False,347
ZNF3,basal_to_goblet,viper,1.9407745025327623,3.0,0.32921483674409063,False,True,3,False,348
ZBTB6,basal_to_goblet,viper,1.9355235719780133,3.0,0.20137433286895645,False,True,3,False,349
RORC,basal_to_goblet,viper,1.9340055336266635,3.0,0.3785249801957736,False,True,3,False,350
ZSCAN1,basal_to_goblet,viper,1.9124820152846784,3.0,0.3795581824902048,False,True,3,False,351
ZNF841,basal_to_goblet,viper,1.910364445811184,3.0,0.3098998454124303,False,True,3,False,352
ZNF274,basal_to_goblet,viper,1.8968599665213641,6.0,0.44197150520855544,True,True,6,True,353
ZSCAN18,basal_to_goblet,viper,1.885314852449608,3.0,0.35506377862436067,False,True,3,False,354
CPXCR1,basal_to_goblet,viper,1.8845161590902035,3.0,0.282180856902648,False,True,3,False,355
THAP12,basal_to_goblet,viper,1.8783272463888385,2.0,0.40026911493415546,False,True,2,False,356
ZNF500,basal_to_goblet,viper,1.8704330664368072,3.0,0.2299700866628448,False,True,3,False,357
ASCL3,basal_to_goblet,viper,1.8666616631146566,3.0,0.13267070016452465,False,True,3,False,358
ZNF391,basal_to_goblet,viper,1.8626074873550347,3.0,0.31834145249021684,False,True,3,False,359
ZNF681,basal_to_goblet,viper,1.858703560708838,3.0,0.1531712376189169,False,True,3,False,360
ZNF446,basal_to_goblet,viper,1.8536829523094907,3.0,0.3228195764819157,False,True,3,False,361
RXRB,basal_to_goblet,viper,1.8527632167997905,3.0,0.27987182256927445,False,True,3,False,362
ZNF451,basal_to_goblet,viper,1.8443933926575558,3.0,0.3847649326078498,False,True,3,False,363
POU5F2,basal_to_goblet,viper,1.8180161881917898,2.0,0.251868795413902,False,True,2,False,364
BATF,basal_to_goblet,viper,1.8143982323597605,5.0,0.4477859751049634,True,True,5,True,365
NFIL3,basal_to_goblet,viper,1.8113117829468546,3.0,0.2375599349336513,False,True,3,False,366
ZNF484,basal_to_goblet,viper,1.8087828022725843,3.0,0.2326805370306411,False,True,3,False,367
GTF2IRD1,basal_to_goblet,viper,1.7959294478928491,2.0,0.262883236164152,False,True,2,False,368
TRAFD1,basal_to_goblet,viper,1.7936158946359335,3.0,0.303143208017808,False,True,3,False,369
HMG20B,basal_to_goblet,viper,1.7916451426734081,3.0,0.3233259056759977,False,True,3,False,370
NRF1,basal_to_goblet,viper,1.7873866356915855,5.0,0.3560293110994703,True,True,5,True,371
MBD3,basal_to_goblet,viper,1.7813196506161182,4.0,0.14829366622827958,True,True,4,True,372
REL,basal_to_goblet,viper,1.7772610362174088,3.0,0.3854501328647258,False,True,3,False,373
ZNF611,basal_to_goblet,viper,1.7768719521300333,3.0,0.3365132716976115,False,True,3,False,374
ZNF700,basal_to_goblet,viper,1.775390992854036,3.0,0.35285954117202295,False,True,3,False,375
POU2AF1,basal_to_goblet,viper,1.7750909559350052,2.0,0.33150490264919524,False,True,2,False,376
ZMAT1,basal_to_goblet,viper,1.7748090134121286,3.0,0.31443063382471403,False,True,3,False,377
SETDB1,basal_to_goblet,viper,1.7546003722471109,6.0,0.2715321528517329,True,True,6,True,378
ZNF654,basal_to_goblet,viper,1.7493121037809525,3.0,0.4388164097043872,False,True,3,False,379
ANKZF1,basal_to_goblet,viper,1.7392683837538447,3.0,0.3470237390706879,False,True,3,False,380
SP2,basal_to_goblet,viper,1.7103376448407082,5.0,0.21106181717155956,True,True,5,True,381
BATF3,basal_to_goblet,viper,1.6922411529287702,3.0,0.50639931323131,False,True,3,False,382
ZNF493,basal_to_goblet,viper,1.6892289138325418,3.0,0.3803113239168811,False,True,3,False,383
CEBPB,basal_to_goblet,viper,1.6821602399685653,6.0,0.14858664889380951,True,True,6,True,384
HNF1B,basal_to_goblet,viper,1.66281646278008,3.0,0.44468949712976574,True,True,3,True,385
RFX7,basal_to_goblet,viper,1.6501249612637623,3.0,0.38569307229312383,False,True,3,False,386
ZNF497,basal_to_goblet,viper,1.6493901460224936,3.0,0.47888901105687387,False,True,3,False,387
HOXB3,basal_to_goblet,viper,1.641448995454501,3.0,0.4069874423944156,False,True,3,False,388
ZHX3,basal_to_goblet,viper,1.624872440511432,3.0,0.36674519281252216,False,True,3,False,389
ZNF655,basal_to_goblet,viper,1.6040582836250092,3.0,0.4151641204757693,False,True,3,False,390
NPAS3,basal_to_goblet,viper,1.6035626514401384,3.0,0.4236259451885105,False,True,3,False,391
SOX9,basal_to_goblet,viper,1.586723420747744,5.0,0.18903366125666077,True,True,5,True,392
ZNF764,basal_to_goblet,viper,1.5866435444142373,3.0,0.4409939652862749,False,True,3,False,393
ZNF213,basal_to_goblet,viper,1.5719164647435395,3.0,0.4538740688916816,False,True,3,False,394
HOXB6,basal_to_goblet,viper,1.5628035377238838,3.0,0.2256055437990784,False,True,3,False,395
ZNF613,basal_to_goblet,viper,1.5495555049192262,3.0,0.33150490264919524,False,True,3,False,396
ZNF12,basal_to_goblet,viper,1.545544317849216,3.0,0.46806077135521,False,True,3,False,397
ZNF544,basal_to_goblet,viper,1.5339496906504533,3.0,0.4360484232728035,False,True,3,False,398
ZFP14,basal_to_goblet,viper,1.5220453585897222,3.0,0.45751906162175143,False,True,3,False,399
PRRX2,basal_to_goblet,viper,1.5217184907038481,3.0,0.4854054607315813,False,True,3,False,400
ZNF182,basal_to_goblet,viper,1.5207479343675638,3.0,0.4132714181520921,False,True,3,False,401
ZNF292,basal_to_goblet,viper,1.5127943308421756,3.0,0.4789618859629959,False,True,3,False,402
HOXA11,basal_to_goblet,viper,1.4985760310200154,3.0,0.4883247284411416,False,True,3,False,403
ZNF382,basal_to_goblet,viper,1.4913543430674687,3.0,0.4921244585267608,False,True,3,False,404
ZNF490,basal_to_goblet,viper,1.4912599725629414,3.0,0.5093803168244619,False,True,3,False,405
ZNF226,basal_to_goblet,viper,1.4814845355935218,3.0,0.4552099536336925,False,True,3,False,406
TIGD6,basal_to_goblet,viper,1.4776022146390009,3.0,0.2419724386204841,False,True,3,False,407
YBX3,basal_to_goblet,viper,1.4662767517936324,2.0,0.4142088023307499,False,True,2,False,408
ZNF737,basal_to_goblet,viper,1.4636741107522302,2.0,0.42694012874003706,False,True,2,False,409
ZNF83,basal_to_goblet,viper,1.455449079226712,4.0,0.4717647979475199,True,True,4,True,410
DUX4,basal_to_goblet,viper,1.4508678384369493,2.0,0.40428587896337465,True,True,2,True,411
ZNF175,basal_to_goblet,viper,1.449318220745192,4.0,0.539154744882301,True,True,4,True,412
ZNF141,basal_to_goblet,viper,1.4482190190050952,3.0,0.3992943219838303,False,True,3,False,413
ZNF214,basal_to_goblet,viper,1.4448087019514668,3.0,0.34807762731566416,False,True,3,False,414
ELF4,basal_to_goblet,viper,1.422595108690646,3.0,0.13812804710227772,False,True,3,False,415
ZNF33B,basal_to_goblet,viper,1.4198079520608902,3.0,0.5947213455051291,False,True,3,False,416
ZNF708,basal_to_goblet,viper,1.415762335680407,3.0,0.48645131991076507,False,True,3,False,417
IKZF4,basal_to_goblet,viper,1.414959699291754,3.0,0.5513316067195994,False,True,3,False,418
ZNF19,basal_to_goblet,viper,1.4122337456270602,3.0,0.46832264156721953,False,True,3,False,419
TBX19,basal_to_goblet,viper,1.4092470317283408,3.0,0.42320471595444525,False,True,3,False,420
ZNF563,basal_to_goblet,viper,1.3928747771436756,3.0,0.5192755619831882,False,True,3,False,421
ZNF549,basal_to_goblet,viper,1.3852969004881526,3.0,0.49792024619072056,False,True,3,False,422
IRF2,basal_to_goblet,viper,1.3833885219343052,4.0,0.34095692952360074,False,True,4,False,423
ZNF529,basal_to_goblet,viper,1.3784711108854197,3.0,0.5552189545946432,False,True,3,False,424
GTF2IRD2B,basal_to_goblet,viper,1.3721351278947453,3.0,0.4829355169001577,False,True,3,False,425
LIN54,basal_to_goblet,viper,1.3660210021752401,2.0,0.5334956916960573,False,True,2,False,426
ZNF783,basal_to_goblet,viper,1.3583532572107977,3.0,0.5554477289832279,False,True,3,False,427
SOX30,basal_to_goblet,viper,1.354943310302248,3.0,0.320091624399184,False,True,3,False,428
DACH1,basal_to_goblet,viper,1.3483329454741886,3.0,0.4737992056050135,True,True,3,True,429
ZNF10,basal_to_goblet,viper,1.3462550402922326,3.0,0.5947868954728425,False,True,3,False,430
ZNF329,basal_to_goblet,viper,1.326800299595803,3.0,0.4913802443680314,False,True,3,False,431
ZNF449,basal_to_goblet,viper,1.3209419239102207,3.0,0.6049169458572928,False,True,3,False,432
PROX1,basal_to_goblet,viper,1.3040707032536998,4.0,0.5486441438155538,True,True,4,True,433
ELF2,basal_to_goblet,viper,1.3007121012672966,3.0,0.5336400716531124,False,True,3,False,434
ZNF605,basal_to_goblet,viper,1.29161220402175,3.0,0.5140679617234443,False,True,3,False,435
ARX,basal_to_goblet,viper,1.2604212802387726,3.0,0.5519190827392587,False,True,3,False,436
ZNF418,basal_to_goblet,viper,1.257346536550948,3.0,0.5266161025494802,False,True,3,False,437
RFX6,basal_to_goblet,viper,1.2562401616135166,3.0,0.5747489540537356,False,True,3,False,438
ZNF160,basal_to_goblet,viper,1.2297273991048279,3.0,0.6280317466069789,False,True,3,False,439
ZNF514,basal_to_goblet,viper,1.2202129438840483,3.0,0.6023328374846582,False,True,3,False,440
ZNF429,basal_to_goblet,viper,1.2002594401009317,3.0,0.5129743593230834,False,True,3,False,441
DMTF1,basal_to_goblet,viper,1.1965436819548194,3.0,0.5916918688863753,False,True,3,False,442
ZNF793,basal_to_goblet,viper,1.1767967895013398,3.0,0.5644577748708463,False,True,3,False,443
SAFB2,basal_to_goblet,viper,1.1765526900458108,2.0,0.48645131991076507,False,True,2,False,444
SATB1,basal_to_goblet,viper,1.17606830474092,4.0,0.5553276217018213,True,True,4,True,445
ZNF791,basal_to_goblet,viper,1.171224777023952,3.0,0.5637954290749051,False,True,3,False,446
ZNF197,basal_to_goblet,viper,1.1646139165159317,4.0,0.33135574659906936,True,True,4,True,447
ZNF8,basal_to_goblet,viper,1.1634137222447698,2.0,0.5791454528455646,False,True,2,False,448
ZNF763,basal_to_goblet,viper,1.1618507319633258,3.0,0.5628479760358034,False,True,3,False,449
ZNF548,basal_to_goblet,viper,1.1513791113587168,3.0,0.6489511869233145,False,True,3,False,450
KLF12,basal_to_goblet,viper,1.1476862764149895,3.0,0.5346889362655378,False,True,3,False,451
SP3,basal_to_goblet,viper,1.1368300663849573,3.0,0.12483066817096924,False,True,3,False,452
TERF2,basal_to_goblet,viper,1.1286778136071214,4.0,0.2822164004446222,True,True,4,True,453
ZNF517,basal_to_goblet,viper,1.1228581744369797,3.0,0.6056014629367941,False,True,3,False,454
ZNF713,basal_to_goblet,viper,1.119595244320124,3.0,0.554198499776868,False,True,3,False,455
HOXB1,basal_to_goblet,viper,1.1160028070926495,3.0,0.6600237372773141,False,True,3,False,456
GMEB1,basal_to_goblet,viper,1.115411287293331,3.0,0.6338477971415472,False,True,3,False,457
NR1D2,basal_to_goblet,viper,1.108860257932821,3.0,0.30095787508716426,False,True,3,False,458
KDM2B,basal_to_goblet,viper,1.102138290846778,2.0,0.3568928067500669,False,True,2,False,459
ZNF169,basal_to_goblet,viper,1.0766123953275728,3.0,0.5856251936948984,False,True,3,False,460
BPTF,basal_to_goblet,viper,1.0701471108811647,2.0,0.5806694496847363,False,True,2,False,461
SON,basal_to_goblet,viper,1.0651659868489933,2.0,0.6280317466069789,False,True,2,False,462
BARX2,basal_to_goblet,viper,1.0419874673351108,3.0,0.6867386469309638,False,True,3,False,463
ZNF506,basal_to_goblet,viper,1.0406024320745482,3.0,0.6173132327004355,False,True,3,False,464
ZNF441,basal_to_goblet,viper,1.0397906981846377,3.0,0.6243990537041435,False,True,3,False,465
PHF1,basal_to_goblet,viper,1.0324667872264361,2.0,0.5844813526684307,False,True,2,False,466
ZBTB3,basal_to_goblet,viper,1.007495392835763,3.0,0.7045672579303717,False,True,3,False,467
ZNF157,basal_to_goblet,viper,1.0054343356732773,3.0,0.5994215882999665,False,True,3,False,468
ZNF230,basal_to_goblet,viper,1.0020052162338946,3.0,0.6280317466069789,False,True,3,False,469
ZSCAN30,basal_to_goblet,viper,1.0011297005075865,2.0,0.5870808780996903,False,True,2,False,470
JDP2,basal_to_goblet,viper,0.9997546222505728,3.0,0.502094284128174,False,True,3,False,471
PBX4,basal_to_goblet,viper,0.993191764008505,3.0,0.6552379800096787,False,True,3,False,472
ERF,basal_to_goblet,viper,0.9891802903747259,3.0,0.142943312247068,False,True,3,False,473
CXXC1,basal_to_goblet,viper,0.9887186557794668,3.0,0.4572551698189138,False,True,3,False,474
NRL,basal_to_goblet,viper,0.9885059098910547,3.0,0.10310885406777599,False,True,3,False,475
ZNF318,basal_to_goblet,viper,0.9656805138197762,4.0,0.11238665857152762,True,True,4,True,476
GTF2IRD2,basal_to_goblet,viper,0.9624468790765333,3.0,0.6212796613828825,False,True,3,False,477
ZNF805,basal_to_goblet,viper,0.9614664936692245,3.0,0.04834017379494579,False,True,3,False,478
MYRF,basal_to_goblet,viper,0.9532008395317094,2.0,0.6600237372773141,False,True,2,False,479
NR4A2,basal_to_goblet,viper,0.9503059756799359,4.0,0.6312632737909029,True,True,4,True,480
ZNF627,basal_to_goblet,viper,0.948694797573163,3.0,0.40997871194969865,False,True,3,False,481
ZNF135,basal_to_goblet,viper,0.94500972631793,3.0,0.6551655468138179,False,True,3,False,482
ZNF439,basal_to_goblet,viper,0.9349155810528558,3.0,0.6755427818307106,False,True,3,False,483
RBSN,basal_to_goblet,viper,0.9189493419581877,2.0,0.7056055531302965,False,True,2,False,484
ZNF585B,basal_to_goblet,viper,0.9182120447416743,3.0,0.6603694840387776,False,True,3,False,485
ZFY,basal_to_goblet,viper,0.9133986951105258,3.0,0.6975141864445105,False,True,3,False,486
ZNF721,basal_to_goblet,viper,0.9130219528040376,3.0,0.7330859371912946,False,True,3,False,487
ZBTB25,basal_to_goblet,viper,0.9030183561165183,3.0,0.6628895242204389,False,True,3,False,488
ZNF229,basal_to_goblet,viper,0.8810010497695174,2.0,0.6565304605044512,False,True,2,False,489
ZNF66,basal_to_goblet,viper,0.8807076247801303,2.0,0.6887779490446863,False,True,2,False,490
ZNF266,basal_to_goblet,viper,0.8675205908206651,3.0,0.7242562474230857,False,True,3,False,491
NFATC1,basal_to_goblet,viper,0.8557380621115477,5.0,0.4810780165395192,False,True,5,False,492
ZNF334,basal_to_goblet,viper,0.8541531354070143,3.0,0.7391975183663074,False,True,3,False,493
NAIF1,basal_to_goblet,viper,0.847668783072712,2.0,0.6079043349594482,False,True,2,False,494
ZNF853,basal_to_goblet,viper,0.8389391724627768,2.0,0.6658002700250394,False,True,2,False,495
ZNF468,basal_to_goblet,viper,0.8325329331922378,3.0,0.4929752743624487,False,True,3,False,496
ZBTB26,basal_to_goblet,viper,0.8312943372008028,3.0,0.31732299165973793,False,True,3,False,497
ZNF844,basal_to_goblet,viper,0.8280683616064055,2.0,0.532143171017978,False,True,2,False,498
LMX1A,basal_to_goblet,viper,0.823897760794569,3.0,0.5132965839237081,False,True,3,False,499
ZNF528,basal_to_goblet,viper,0.8148419856171746,3.0,0.728489478035537,False,True,3,False,500
IKZF1,basal_to_goblet,viper,0.812541150172122,6.0,0.5624874361512323,True,True,6,True,501
ZNF596,basal_to_goblet,viper,0.8121998382446869,3.0,0.73202909677493,False,True,3,False,502
POU6F1,basal_to_goblet,viper,0.8077691999526408,3.0,0.6834605143258219,False,True,3,False,503
ZBTB20,basal_to_goblet,viper,0.7985649032025223,2.0,0.7056055531302965,False,True,2,False,504
ZNF688,basal_to_goblet,viper,0.7861718868868734,3.0,0.7330859371912946,False,True,3,False,505
ZNF606,basal_to_goblet,viper,0.7792233035999433,3.0,0.7314288914045982,False,True,3,False,506
ZSCAN22,basal_to_goblet,viper,0.7767565265387464,3.0,0.4016401415787877,False,True,3,False,507
TCF24,basal_to_goblet,viper,0.7680629616094858,3.0,0.3128473463342977,False,True,3,False,508
ZNF524,basal_to_goblet,viper,0.7661652234317622,3.0,0.4632120190362657,False,True,3,False,509
ZNF674,basal_to_goblet,viper,0.7615619038809863,3.0,0.598734200432397,False,True,3,False,510
ESR2,basal_to_goblet,viper,0.7468667406901979,5.0,0.6280317466069789,True,True,5,True,511
TFE3,basal_to_goblet,viper,0.7467372369139125,3.0,0.24274808743896006,False,True,3,False,512
ZNF280D,basal_to_goblet,viper,0.7441902184942664,3.0,0.31470730560556115,False,True,3,False,513
ZSCAN25,basal_to_goblet,viper,0.7430366500199771,2.0,0.7430986306059202,False,True,2,False,514
ZNF410,basal_to_goblet,viper,0.7407456962363799,3.0,0.6197778706952671,False,True,3,False,515
ZNF546,basal_to_goblet,viper,0.7158359315496998,3.0,0.7242562474230857,False,True,3,False,516
IKZF5,basal_to_goblet,viper,0.7139055715348082,3.0,0.7711217817640412,False,True,3,False,517
ZNF354B,basal_to_goblet,viper,0.712680343856813,3.0,0.28417328760264365,False,True,3,False,518
ZFP90,basal_to_goblet,viper,0.6959495111252653,3.0,0.7504188404836755,False,True,3,False,519
ZNF682,basal_to_goblet,viper,0.6831859782912414,3.0,0.8181075798740609,False,True,3,False,520
ZFP30,basal_to_goblet,viper,0.6721314275708546,3.0,0.7097895942420621,False,True,3,False,521
ZNF426,basal_to_goblet,viper,0.6681445422058023,3.0,0.7603073429334237,False,True,3,False,522
ZNF460,basal_to_goblet,viper,0.6490196579668528,3.0,0.18931256307816008,False,True,3,False,523
ZNF491,basal_to_goblet,viper,0.6457443125739888,3.0,0.5825943016072984,False,True,3,False,524
ZNF518A,basal_to_goblet,viper,0.6266738086365014,3.0,0.7993418614627449,False,True,3,False,525
ZNF814,basal_to_goblet,viper,0.6170238678621234,2.0,0.7952880847642012,False,True,2,False,526
MAFF,basal_to_goblet,viper,0.6158100455309858,5.0,0.5553276217018213,True,True,5,True,527
HOXC4,basal_to_goblet,viper,0.6066730746493493,3.0,0.3098998454124303,False,True,3,False,528
ZNF397,basal_to_goblet,viper,0.6027060496934993,2.0,0.7114721101980813,False,True,2,False,529
ZNF337,basal_to_goblet,viper,0.5982535425475879,3.0,0.6725942309223674,False,True,3,False,530
ZNF626,basal_to_goblet,viper,0.5966095547527794,3.0,0.6700213037015035,False,True,3,False,531
ZNF483,basal_to_goblet,viper,0.5879108783405212,3.0,0.5346889362655378,False,True,3,False,532
FOXC1,basal_to_goblet,viper,0.5853149236419612,3.0,0.6573747716077692,False,True,3,False,533
ZNF785,basal_to_goblet,viper,0.5829822978048149,2.0,0.6836510766143518,False,True,2,False,534
ZNF709,basal_to_goblet,viper,0.564485423904941,3.0,0.785575117540239,False,True,3,False,535
ZKSCAN7,basal_to_goblet,viper,0.537374866899908,2.0,0.7330859371912946,False,True,2,False,536
ZNF585A,basal_to_goblet,viper,0.4756855422013032,3.0,0.6655793195884456,False,True,3,False,537
ZNF718,basal_to_goblet,viper,0.4739406929130423,3.0,0.5806694496847363,False,True,3,False,538
ZNF268,basal_to_goblet,viper,0.44403699617863407,3.0,0.595967120309455,False,True,3,False,539
ZBED5,basal_to_goblet,viper,0.42127240237146435,2.0,0.7831512473175761,False,True,2,False,540
AHCTF1,basal_to_goblet,viper,0.3979165648317493,3.0,0.498301058522356,False,True,3,False,541
HAND2,basal_to_goblet,viper,0.3960135332700066,3.0,0.605153621970979,False,True,3,False,542
ZNF470,basal_to_goblet,viper,0.3896928643045638,3.0,0.5632406046765637,False,True,3,False,543
ETV3,basal_to_goblet,viper,0.3888416415294369,3.0,0.0931814885731176,False,True,3,False,544
ZNF789,basal_to_goblet,viper,0.3457056004758452,3.0,0.8038936329809891,False,True,3,False,545
BHLHE41,basal_to_goblet,viper,0.345260010199956,2.0,0.8914428007220274,False,True,2,False,546
ATF6B,basal_to_goblet,viper,0.3212866281609568,2.0,0.6315375701955428,False,True,2,False,547
ZNF594,basal_to_goblet,viper,0.31326225994563117,3.0,0.7776061325374826,False,True,3,False,548
MEIS2,basal_to_goblet,viper,0.31165644034130846,4.0,0.4717647979475199,True,True,4,True,549
ZNF233,basal_to_goblet,viper,0.31112593327373045,3.0,0.6772933400069876,False,True,3,False,550
HINFP,basal_to_goblet,viper,0.2854210670576364,3.0,0.7486334084695098,False,True,3,False,551
PKNOX1,basal_to_goblet,viper,0.2818052561577588,4.0,0.6198826825035126,True,True,4,True,552
TBX22,basal_to_goblet,viper,0.2417704572528348,3.0,0.505121644927265,False,True,3,False,553
CARF,basal_to_goblet,viper,0.2269283955510568,2.0,0.7671290666874647,False,True,2,False,554
ZNF320,basal_to_goblet,viper,0.22124444106292646,3.0,0.913048603783863,False,True,3,False,555
ZNF200,basal_to_goblet,viper,0.2191333829095028,3.0,0.8453196070148139,False,True,3,False,556
ZNF597,basal_to_goblet,viper,0.21496715906135477,3.0,0.589847506961759,False,True,3,False,557
ZFX,basal_to_goblet,viper,0.20585436870905038,5.0,0.5592651131441905,True,True,5,True,558
ESRRA,basal_to_goblet,viper,0.18699573080200985,5.0,0.02876951881962192,True,True,5,True,559
ZNF205,basal_to_goblet,viper,0.1814835601157952,3.0,0.22519841456164966,False,True,3,False,560
PEG3,basal_to_goblet,viper,0.17394036342695945,2.0,0.7711217817640412,False,True,2,False,561
ARID5A,basal_to_goblet,viper,0.14357705206020607,2.0,0.8724796336977725,False,True,2,False,562
ZNF251,basal_to_goblet,viper,0.14038481049732549,3.0,0.8724796336977725,False,True,3,False,563
FOSL2,basal_to_goblet,viper,0.11865187989293738,5.0,0.3854501328647258,False,True,5,False,564
THAP5,basal_to_goblet,viper,0.10373980307822017,3.0,0.4506892884992219,False,True,3,False,565
ZNF48,basal_to_goblet,viper,0.10179868041356557,3.0,0.8548554156482174,False,True,3,False,566
RHOXF2B,basal_to_goblet,viper,0.09752484792448017,3.0,0.6986439188074685,False,True,3,False,567
ZNF707,basal_to_goblet,viper,0.09273995132244757,3.0,0.7051809008356521,False,True,3,False,568
ZNF132,basal_to_goblet,viper,0.0920701822901263,3.0,0.6315375701955428,False,True,3,False,569
RUNX2,basal_to_goblet,viper,0.09151973044896097,5.0,0.4883247284411416,True,True,5,True,570
ZNF671,basal_to_goblet,viper,0.004388895586100973,3.0,0.7330859371912946,False,True,3,False,571
VEZF1,basal_to_goblet,viper,0.004324715352211532,3.0,0.9310244237507151,False,True,3,False,572
ZNF333,basal_to_goblet,viper,-0.004722526228027014,3.0,0.73358349543464,False,True,3,False,573
HES4,basal_to_goblet,viper,-0.017599821360292554,3.0,0.908624405736067,False,True,3,False,574
ZBTB14,basal_to_goblet,viper,-0.026000739234036008,2.0,0.9904796133532384,False,True,2,False,575
ZSCAN31,basal_to_goblet,viper,-0.05043907673767379,2.0,0.702245044355493,False,True,2,False,576
ZNF461,basal_to_goblet,viper,-0.062229777477255555,3.0,0.8867074887098275,False,True,3,False,577
TBP,basal_to_goblet,viper,-0.06425039537658438,5.0,0.4409939652862749,True,True,5,True,578
ZNF678,basal_to_goblet,viper,-0.07019225235082725,3.0,0.6766798186511188,False,True,3,False,579
CPEB1,basal_to_goblet,viper,-0.07095761623584682,2.0,0.8590646812759718,False,True,2,False,580
ZNF717,basal_to_goblet,viper,-0.07750730822063523,3.0,0.35494286385073237,False,True,3,False,581
ZNF852,basal_to_goblet,viper,-0.08671053828885257,2.0,0.7194450613300717,False,True,2,False,582
ZNF610,basal_to_goblet,viper,-0.10588678801805496,3.0,0.5047368002799847,False,True,3,False,583
REST,basal_to_goblet,viper,-0.11065283305985468,6.0,0.7125060278192428,True,True,6,True,584
OLIG1,basal_to_goblet,viper,-0.11827484298987115,3.0,0.8665946103756577,False,True,3,False,585
ZNF747,basal_to_goblet,viper,-0.12893826591896787,3.0,0.22058031361184732,False,True,3,False,586
GPBP1,basal_to_goblet,viper,-0.13103657341306418,2.0,0.7328349690764382,False,True,2,False,587
CSRNP1,basal_to_goblet,viper,-0.13465291145551447,2.0,0.8816644125933698,False,True,2,False,588
ATF2,basal_to_goblet,viper,-0.1366143347692475,5.0,0.5178049556860439,False,True,5,False,589
ZNF658,basal_to_goblet,viper,-0.1936734822786063,2.0,0.6582541082504489,False,True,2,False,590
ZNF587B,basal_to_goblet,viper,-0.19688424971974441,2.0,0.33871640620489335,False,True,2,False,591
ZNF641,basal_to_goblet,viper,-0.2044789199977672,3.0,0.26973775573956577,False,True,3,False,592
ZNF98,basal_to_goblet,viper,-0.20747342003715757,3.0,0.8079426665777846,False,True,3,False,593
ZNF692,basal_to_goblet,viper,-0.2114435293149513,3.0,0.5513316067195994,False,True,3,False,594
ZNF454,basal_to_goblet,viper,-0.21571616246573025,3.0,0.4474363136817313,False,True,3,False,595
ZNF211,basal_to_goblet,viper,-0.22171390339391453,3.0,0.8083780254330076,False,True,3,False,596
ZNF136,basal_to_goblet,viper,-0.25579728216063036,3.0,0.626321652133228,False,True,3,False,597
FLYWCH1,basal_to_goblet,viper,-0.27805234871399986,2.0,0.5255785229980078,False,True,2,False,598
MYPOP,basal_to_goblet,viper,-0.29549736525656767,2.0,0.685877836903791,False,True,2,False,599
CAMTA2,basal_to_goblet,viper,-0.3116478499966019,3.0,0.7456352304693942,False,True,3,False,600
ZNF701,basal_to_goblet,viper,-0.32536223118100577,3.0,0.6338477971415472,False,True,3,False,601
DPF1,basal_to_goblet,viper,-0.3367051029562491,3.0,0.6713979051661488,False,True,3,False,602
SMAD1,basal_to_goblet,viper,-0.34658412354331597,5.0,0.16807398361919307,True,True,5,True,603
ZNF619,basal_to_goblet,viper,-0.35061488705667476,3.0,0.5832297921332973,False,True,3,False,604
ZNF419,basal_to_goblet,viper,-0.35538713794417176,3.0,0.8853115400392373,False,False,3,False,605
EEA1,basal_to_goblet,viper,-0.36871302314777826,3.0,0.5131935908865196,False,True,3,False,606
ZNF630,basal_to_goblet,viper,-0.37937891590975387,2.0,0.8119050901651962,False,True,2,False,607
SOX12,basal_to_goblet,viper,-0.40330398115024585,3.0,0.7064599100579593,False,True,3,False,608
ZNF317,basal_to_goblet,viper,-0.40492842087710224,3.0,0.8046726965563007,False,True,3,False,609
PHF20,basal_to_goblet,viper,-0.40608895193907685,3.0,0.6600237372773141,False,True,3,False,610
NR4A3,basal_to_goblet,viper,-0.4192573956548593,3.0,0.7853618160414766,False,True,3,False,611
ZBTB44,basal_to_goblet,viper,-0.44042769151868805,3.0,0.8590646812759718,False,True,3,False,612
ZNF248,basal_to_goblet,viper,-0.444154470836762,3.0,0.8671483559195927,False,False,3,False,613
ZNF471,basal_to_goblet,viper,-0.4518729189376087,3.0,0.6536072145158054,False,True,3,False,614
ZNF404,basal_to_goblet,viper,-0.4563273344669519,3.0,0.807120156606582,False,True,3,False,615
ZBTB1,basal_to_goblet,viper,-0.45715552331341974,3.0,0.4963556702481658,False,True,3,False,616
FOXR1,basal_to_goblet,viper,-0.46121954284757066,3.0,0.6280317466069789,False,True,3,False,617
ELF1,basal_to_goblet,viper,-0.46138224670021416,5.0,0.4627005439513565,False,True,5,False,618
ZNF697,basal_to_goblet,viper,-0.4619173319265003,3.0,0.4883247284411416,False,True,3,False,619
ARID3B,basal_to_goblet,viper,-0.47573408509991716,2.0,0.45166770601612344,False,True,2,False,620
TCFL5,basal_to_goblet,viper,-0.4830393671225879,3.0,0.6898830407085196,False,True,3,False,621
ZBTB5,basal_to_goblet,viper,-0.4861943413242294,3.0,0.7170354221806314,False,True,3,False,622
ZNF496,basal_to_goblet,viper,-0.49081749843379463,3.0,0.8242534717231447,False,True,3,False,623
SKIL,basal_to_goblet,viper,-0.5033447184686846,3.0,0.7966452664180387,False,True,3,False,624
ZKSCAN3,basal_to_goblet,viper,-0.5081885278162476,3.0,0.8075800031051167,False,True,3,False,625
ZNF765,basal_to_goblet,viper,-0.5084771845419599,3.0,0.3252498050865551,False,True,3,False,626
ZBTB45,basal_to_goblet,viper,-0.5152945486102782,3.0,0.687138142459361,False,True,3,False,627
KAT7,basal_to_goblet,viper,-0.5224862359003764,2.0,0.8176065423301875,False,False,2,False,628
SIX3,basal_to_goblet,viper,-0.5347857786488388,3.0,0.6998916608385236,False,True,3,False,629
NR1I2,basal_to_goblet,viper,-0.5629812583312778,4.0,0.5728534269688392,False,True,4,False,630
MTERF2,basal_to_goblet,viper,-0.5970545905799076,2.0,0.770805002137676,False,False,2,False,631
ZBED4,basal_to_goblet,viper,-0.6121471480675391,3.0,0.313761860884033,False,True,3,False,632
ZNF347,basal_to_goblet,viper,-0.6144172099250222,3.0,0.6295115216010764,False,True,3,False,633
ZNF302,basal_to_goblet,viper,-0.6151410685810351,3.0,0.8077295763084666,False,False,3,False,634
NFATC3,basal_to_goblet,viper,-0.6316689673345148,3.0,0.7427132886196766,False,True,3,False,635
DLX4,basal_to_goblet,viper,-0.648401342732745,3.0,0.7856347583853681,False,True,3,False,636
BHLHE40,basal_to_goblet,viper,-0.64928788420759,4.0,0.628771030530753,False,True,4,False,637
FAM170A,basal_to_goblet,viper,-0.6752612945236717,3.0,0.6111008481293285,False,True,3,False,638
MEIS1,basal_to_goblet,viper,-0.6836012177845586,5.0,0.22057894878586795,True,True,5,True,639
ZNF486,basal_to_goblet,viper,-0.6890448419066689,3.0,0.5227741079974259,False,True,3,False,640
ZNF846,basal_to_goblet,viper,-0.7009524248902936,3.0,0.3792370899455137,False,True,3,False,641
ZNF345,basal_to_goblet,viper,-0.7015353841218187,3.0,0.8013994810586319,False,False,3,False,642
ZNF784,basal_to_goblet,viper,-0.7044635131169679,3.0,0.3132202681390566,False,True,3,False,643
ZNF761,basal_to_goblet,viper,-0.7044647866794587,3.0,0.6488398328837315,False,True,3,False,644
ZNF260,basal_to_goblet,viper,-0.7063923977632696,3.0,0.7097063009242851,False,True,3,False,645
MSX2,basal_to_goblet,viper,-0.7214256165977618,3.0,0.6359067650732125,False,True,3,False,646
ZNF415,basal_to_goblet,viper,-0.729050894243401,3.0,0.5310759232588432,False,True,3,False,647
FOXO1,basal_to_goblet,viper,-0.7400281593999372,5.0,0.1988944914244355,True,True,5,True,648
KLF15,basal_to_goblet,viper,-0.7503847157834501,3.0,0.7185404766049417,False,False,3,False,649
ZGLP1,basal_to_goblet,viper,-0.7675820713512351,2.0,0.6111790890765169,False,True,2,False,650
ZNF705D,basal_to_goblet,viper,-0.7727898192600672,1.0,0.6043267395877925,False,False,1,False,651
NFXL1,basal_to_goblet,viper,-0.7773352257808813,3.0,0.7147306049912117,False,False,3,False,652
FOXP1,basal_to_goblet,viper,-0.7853337194178007,5.0,0.49452160771285614,True,True,5,True,653
ZNF550,basal_to_goblet,viper,-0.7912935736261204,3.0,0.7747690845818225,False,False,3,False,654
KLF4,basal_to_goblet,viper,-0.8289855506403465,5.0,0.22016693888984692,True,True,5,True,655
NFE4,basal_to_goblet,viper,-0.8428992535481238,1.0,0.6473147190663084,False,False,1,False,656
SAFB,basal_to_goblet,viper,-0.8466397852663826,2.0,0.7069980881540394,False,False,2,False,657
LTF,basal_to_goblet,viper,-0.8506382015224306,2.0,0.3865875326363626,False,True,2,False,658
MKX,basal_to_goblet,viper,-0.8570286289272675,3.0,0.7541176319413978,False,False,3,False,659
POU6F2,basal_to_goblet,viper,-0.8592528058556274,3.0,0.3721238214218543,False,True,3,False,660
ZNF143,basal_to_goblet,viper,-0.8703683716608582,5.0,0.5628479760358034,True,True,5,True,661
SALL4,basal_to_goblet,viper,-0.873518762654919,4.0,0.4388164097043872,True,True,4,True,662
ZNF775,basal_to_goblet,viper,-0.8894555448452081,3.0,0.4829355169001577,False,True,3,False,663
ZNF324B,basal_to_goblet,viper,-0.8952453889565403,2.0,0.1560303704712784,False,True,2,False,664
THAP6,basal_to_goblet,viper,-0.9006656901489546,3.0,0.3361912041248032,False,True,3,False,665
MSANTD1,basal_to_goblet,viper,-0.9292814017224682,2.0,0.6743005904314054,False,False,2,False,666
TFEC,basal_to_goblet,viper,-0.9351737570535148,3.0,0.7104566414622525,False,False,3,False,667
L3MBTL4,basal_to_goblet,viper,-0.9358608066987373,2.0,0.6636227383160224,False,False,2,False,668
ZNF607,basal_to_goblet,viper,-0.937826518517311,3.0,0.5975186228779864,False,True,3,False,669
ZNF644,basal_to_goblet,viper,-0.9477277047562513,4.0,0.6259486521048414,True,True,4,True,670
ZNF234,basal_to_goblet,viper,-0.9590723438922295,3.0,0.48731388492887173,False,True,3,False,671
ZNF224,basal_to_goblet,viper,-0.9592559409066806,3.0,0.5832297921332973,False,True,3,False,672
HSF2,basal_to_goblet,viper,-0.9708301500088866,3.0,0.6780114122304464,False,False,3,False,673
ZNF469,basal_to_goblet,viper,-0.9904080828082757,2.0,0.6490034413556032,False,False,2,False,674
ZNF304,basal_to_goblet,viper,-1.0046230084527004,3.0,0.6834605143258219,False,False,3,False,675
ADNP,basal_to_goblet,viper,-1.0047546174263111,4.0,0.4811666290704709,True,False,4,False,676
ZEB2,basal_to_goblet,viper,-1.0083897062689178,4.0,0.3698631133896023,False,True,4,False,677
ZNF43,basal_to_goblet,viper,-1.008870480516101,3.0,0.3136921989541156,False,True,3,False,678
ZNF616,basal_to_goblet,viper,-1.0309336600752168,3.0,0.6603694840387776,False,False,3,False,679
ZKSCAN5,basal_to_goblet,viper,-1.0526793782005972,3.0,0.43601278831047835,False,True,3,False,680
ZNF727,basal_to_goblet,viper,-1.0554294728079887,2.0,0.6559900730807136,False,True,2,False,681
ATF3,basal_to_goblet,viper,-1.060196287033455,6.0,0.6910112047872358,True,True,6,True,682
NPAS1,basal_to_goblet,viper,-1.0744277962483413,3.0,0.6698163744034623,False,False,3,False,683
ZNF772,basal_to_goblet,viper,-1.0748623568445945,3.0,0.4573892672586495,False,True,3,False,684
ZNF395,basal_to_goblet,viper,-1.0775713765779968,3.0,0.5873245237454912,False,True,3,False,685
SRF,basal_to_goblet,viper,-1.0825294280666957,6.0,0.24954717164088394,False,True,6,False,686
ZNF536,basal_to_goblet,viper,-1.0901474272572087,3.0,0.6315375701955428,False,False,3,False,687
SIX1,basal_to_goblet,viper,-1.099876343534071,3.0,0.6437009169194456,False,False,3,False,688
TCF12,basal_to_goblet,viper,-1.100637048483373,5.0,0.47115724920365276,True,False,5,False,689
ZNF253,basal_to_goblet,viper,-1.1028467474964614,3.0,0.6600237372773141,False,False,3,False,690
SMAD3,basal_to_goblet,viper,-1.1079248348642072,5.0,0.25508039087360784,True,True,5,True,691
POU2F2,basal_to_goblet,viper,-1.1183142902562946,5.0,0.04924793254708025,False,True,5,False,692
SETDB2,basal_to_goblet,viper,-1.1339461611187924,3.0,0.6636227383160224,False,False,3,False,693
ZBTB7B,basal_to_goblet,viper,-1.1453398021543804,3.0,0.31619841420908634,False,True,3,False,694
ZNF554,basal_to_goblet,viper,-1.1470609104357847,3.0,0.6636227383160224,False,False,3,False,695
BBX,basal_to_goblet,viper,-1.1611108640469439,3.0,0.6359067650732125,False,False,3,False,696
ZNF479,basal_to_goblet,viper,-1.1986613391681777,2.0,0.49821466780550855,False,False,2,False,697
FOXD1,basal_to_goblet,viper,-1.2159291510685128,2.0,0.575189814669882,False,False,2,False,698
RBPJ,basal_to_goblet,viper,-1.222420257761367,5.0,0.31187050746374173,True,True,5,True,699
HEY1,basal_to_goblet,viper,-1.229363198763817,3.0,0.5873245237454912,False,False,3,False,700
POGK,basal_to_goblet,viper,-1.229514834547204,3.0,0.27152674714908553,False,True,3,False,701
NR2E3,basal_to_goblet,viper,-1.2378529420447986,2.0,0.1721621007299285,False,True,2,False,702
STAT4,basal_to_goblet,viper,-1.2384546673134083,4.0,0.4089324362157091,False,True,4,False,703
ZNF577,basal_to_goblet,viper,-1.2484131345294265,3.0,0.6043267395877925,False,False,3,False,704
DDIT3,basal_to_goblet,viper,-1.2516887731375006,3.0,0.5000229326483917,False,True,3,False,705
ZBED3,basal_to_goblet,viper,-1.258391347917132,3.0,0.2419724386204841,False,True,3,False,706
ZNF358,basal_to_goblet,viper,-1.2629218975137864,3.0,0.39067457771533237,False,True,3,False,707
NR3C1,basal_to_goblet,viper,-1.2699825039581478,6.0,0.30247390260885987,True,True,6,True,708
SMAD9,basal_to_goblet,viper,-1.2878485420459873,3.0,0.488501606801088,False,True,3,False,709
LCORL,basal_to_goblet,viper,-1.2935348520856842,3.0,0.08653318084586782,False,True,3,False,710
SMAD5,basal_to_goblet,viper,-1.3081999188236144,4.0,0.4717647979475199,False,True,4,False,711
FOXB1,basal_to_goblet,viper,-1.3211270040054284,3.0,0.357604912678124,False,True,3,False,712
ZNF571,basal_to_goblet,viper,-1.3247529127252582,3.0,0.6016720486589044,False,False,3,False,713
HIC2,basal_to_goblet,viper,-1.3304195140633168,3.0,0.31074670474401583,False,True,3,False,714
KLF7,basal_to_goblet,viper,-1.3362093783084477,3.0,0.4741653718153569,False,False,3,False,715
ZNF154,basal_to_goblet,viper,-1.3400617180024212,3.0,0.5170049456227047,False,True,3,False,716
PREB,basal_to_goblet,viper,-1.3663173785271079,3.0,0.5050793466615696,False,False,3,False,717
ZFP2,basal_to_goblet,viper,-1.384716966670622,3.0,0.5772068391680915,False,False,3,False,718
LHX9,basal_to_goblet,viper,-1.3877943296495265,3.0,0.49035847709413993,False,True,3,False,719
ZNF705G,basal_to_goblet,viper,-1.3981350438998554,2.0,0.47751106969826157,False,False,2,False,720
TERB1,basal_to_goblet,viper,-1.4016991247330912,2.0,0.487584417687324,False,False,2,False,721
ZNF212,basal_to_goblet,viper,-1.4196368103848698,3.0,0.46767981136190984,False,False,3,False,722
ZNF75A,basal_to_goblet,viper,-1.4261495920305225,3.0,0.49761053688723483,False,False,3,False,723
CREB5,basal_to_goblet,viper,-1.4348495891566588,3.0,0.11933012231513598,False,True,3,False,724
ZNF568,basal_to_goblet,viper,-1.4493407305062158,3.0,0.49980024236199605,False,False,3,False,725
NFKB1,basal_to_goblet,viper,-1.4538842687526001,4.0,0.1812140755033663,False,True,4,False,726
KLF17,basal_to_goblet,viper,-1.4545462200528296,2.0,0.36948339566707644,False,False,2,False,727
ZNF425,basal_to_goblet,viper,-1.4596982928987812,3.0,0.5474624747563934,False,False,3,False,728
MSANTD4,basal_to_goblet,viper,-1.4619116787419129,2.0,0.44848967270989,False,False,2,False,729
IRF8,basal_to_goblet,viper,-1.478723667538077,4.0,0.3675171682241051,False,True,4,False,730
HNF4A,basal_to_goblet,viper,-1.4826387619552277,6.0,0.4646195141351411,False,True,6,False,731
ZNF829,basal_to_goblet,viper,-1.4864080938811948,3.0,0.40349755751559724,False,True,3,False,732
ZNF570,basal_to_goblet,viper,-1.5000628966373557,3.0,0.10052151854609932,False,True,3,False,733
ZNF561,basal_to_goblet,viper,-1.5169020621169609,3.0,0.5067420582582545,False,True,3,False,734
FOXP2,basal_to_goblet,viper,-1.520418986027638,6.0,0.5027526998713967,True,True,6,True,735
RELB,basal_to_goblet,viper,-1.5430089527354849,4.0,0.43724904968437667,False,True,4,False,736
HSFX1,basal_to_goblet,viper,-1.5488764796463093,2.0,0.47456854011048194,False,False,2,False,737
EBF4,basal_to_goblet,viper,-1.5623260715211216,3.0,0.5151129311162486,False,False,3,False,738
SOX21,basal_to_goblet,viper,-1.5690820548457363,3.0,0.4963556702481658,False,False,3,False,739
ZNF557,basal_to_goblet,viper,-1.5736640687736603,3.0,0.47456854011048194,False,True,3,False,740
OLIG2,basal_to_goblet,viper,-1.586778197172239,4.0,0.4789618859629959,False,False,4,False,741
ZNF285,basal_to_goblet,viper,-1.589831691563072,2.0,0.4136374399660935,False,False,2,False,742
ZKSCAN2,basal_to_goblet,viper,-1.593260964353319,3.0,0.3959142534763522,False,True,3,False,743
NR4A1,basal_to_goblet,viper,-1.5969638818897032,4.0,0.505121644927265,False,False,4,False,744
MTERF4,basal_to_goblet,viper,-1.605980446299332,2.0,0.3703027795162291,False,False,2,False,745
MEF2C,basal_to_goblet,viper,-1.6231466416870863,5.0,0.3736659658616708,False,True,5,False,746
ZNF462,basal_to_goblet,viper,-1.6275131755953365,3.0,0.34063340394162767,False,True,3,False,747
ZSCAN23,basal_to_goblet,viper,-1.6279548305811258,3.0,0.4677265525206292,False,False,3,False,748
NR5A2,basal_to_goblet,viper,-1.6285708551547007,4.0,0.35346920130278,False,True,4,False,749
ZNF559,basal_to_goblet,viper,-1.6296617350737332,3.0,0.487584417687324,False,False,3,False,750
JRKL,basal_to_goblet,viper,-1.6670577076700663,3.0,0.29074677272481303,False,True,3,False,751
ZNF99,basal_to_goblet,viper,-1.6698815322210177,3.0,0.4811666290704709,False,False,3,False,752
ZNF625,basal_to_goblet,viper,-1.6746896831833753,3.0,0.09886857368538535,False,True,3,False,753
TFCP2L1,basal_to_goblet,viper,-1.6789825232651205,3.0,0.49279732084465827,False,False,3,False,754
ZNF774,basal_to_goblet,viper,-1.6820777928620254,3.0,0.4267460761868181,False,False,3,False,755
ZNF133,basal_to_goblet,viper,-1.683623987979472,3.0,0.3327280341741462,False,False,3,False,756
GLI4,basal_to_goblet,viper,-1.691971734711887,2.0,0.38740403592212413,False,True,2,False,757
HES2,basal_to_goblet,viper,-1.7098070991570085,3.0,0.3736659658616708,False,False,3,False,758
ZNF112,basal_to_goblet,viper,-1.718084487695216,2.0,0.28204401767957926,False,False,2,False,759
OVOL1,basal_to_goblet,viper,-1.7253926180528256,3.0,0.4044501924413491,False,False,3,False,760
ZNF534,basal_to_goblet,viper,-1.739065497608305,2.0,0.29524549751573703,False,False,2,False,761
ZNF140,basal_to_goblet,viper,-1.75687358248149,3.0,0.3541807398576499,False,False,3,False,762
GLI2,basal_to_goblet,viper,-1.766279734628161,3.0,0.31762196671293214,False,True,3,False,763
ZNF584,basal_to_goblet,viper,-1.7803952497262396,4.0,0.07124321243956891,True,True,4,True,764
GATA5,basal_to_goblet,viper,-1.799678477218449,3.0,0.40026911493415546,False,False,3,False,765
ZFP62,basal_to_goblet,viper,-1.8072770520989967,3.0,0.3378133113838021,False,False,3,False,766
ZNF749,basal_to_goblet,viper,-1.8238878956030158,3.0,0.4477859751049634,False,False,3,False,767
ZNF816,basal_to_goblet,viper,-1.8309776363962138,2.0,0.3023144077509584,False,True,2,False,768
PRDM5,basal_to_goblet,viper,-1.8339058777218473,4.0,0.43626745992589383,False,True,4,False,769
ZNF790,basal_to_goblet,viper,-1.8795965727875874,3.0,0.3522615148811572,False,True,3,False,770
HSF1,basal_to_goblet,viper,-1.8812973475992956,5.0,0.1935865711521282,False,True,5,False,771
ZNF566,basal_to_goblet,viper,-1.8832753496097272,3.0,0.2676878970331902,False,True,3,False,772
HNF1A,basal_to_goblet,viper,-1.8982315252983932,3.0,0.3610731556053618,False,False,3,False,773
SOX2,basal_to_goblet,viper,-1.899145826657605,5.0,0.35109078735224547,False,False,5,False,774
ZNF221,basal_to_goblet,viper,-1.9019967220182221,3.0,0.34743675194409646,False,True,3,False,775
ZNF831,basal_to_goblet,viper,-1.9091294354281285,3.0,0.4020744023059748,False,False,3,False,776
SCML4,basal_to_goblet,viper,-1.9139504053599024,3.0,0.3559801644468045,False,False,3,False,777
ZNF518B,basal_to_goblet,viper,-1.9236461340000666,3.0,0.29857777529325247,False,False,3,False,778
ZSCAN32,basal_to_goblet,viper,-1.9495400951252164,2.0,0.19927211673233444,False,True,2,False,779
KCNIP3,basal_to_goblet,viper,-1.9664762339947977,2.0,0.21497493892066483,False,False,2,False,780
KLF3,basal_to_goblet,viper,-1.9687834847148902,4.0,0.37016475356457396,False,True,4,False,781
ZNF25,basal_to_goblet,viper,-1.985617075427332,3.0,0.1702917748888774,False,True,3,False,782
ZNF283,basal_to_goblet,viper,-1.9890567006692192,3.0,0.3103456721129013,False,True,3,False,783
SKI,basal_to_goblet,viper,-2.0012748839894385,2.0,0.3330377380137024,False,False,2,False,784
PAX9,basal_to_goblet,viper,-2.001750430981642,3.0,0.24703963336817344,False,False,3,False,785
NFIX,basal_to_goblet,viper,-2.0080083085613536,3.0,0.1988944914244355,False,True,3,False,786
IKZF3,basal_to_goblet,viper,-2.0082409021916385,3.0,0.3966987296510177,False,False,3,False,787
ZNF235,basal_to_goblet,viper,-2.011497676944626,3.0,0.3063101206656853,False,False,3,False,788
ZNF558,basal_to_goblet,viper,-2.0173740809896774,3.0,0.32327216208584403,False,True,3,False,789
PIN1,basal_to_goblet,viper,-2.0203065484681413,2.0,0.2486988449006995,False,True,2,False,790
ZNF284,basal_to_goblet,viper,-2.023600142644109,3.0,0.3655600565815207,False,False,3,False,791
SETBP1,basal_to_goblet,viper,-2.0353634456110004,3.0,0.36069399224415816,False,False,3,False,792
SIX5,basal_to_goblet,viper,-2.040456553359976,5.0,0.21611666306636945,False,True,5,False,793
TFDP2,basal_to_goblet,viper,-2.045156243213112,3.0,0.23513920971311428,False,False,3,False,794
ZNF428,basal_to_goblet,viper,-2.0531685624279565,3.0,0.3305176149398046,False,False,3,False,795
NFIA,basal_to_goblet,viper,-2.0555675601832797,3.0,0.32437294117010257,False,False,3,False,796
ZNF836,basal_to_goblet,viper,-2.060644677787065,3.0,0.19359476183209198,False,True,3,False,797
ZNF331,basal_to_goblet,viper,-2.0609626158246885,3.0,0.23128756888936272,False,False,3,False,798
ZNF683,basal_to_goblet,viper,-2.061827968336999,2.0,0.2181352738501785,False,False,2,False,799
TCF3,basal_to_goblet,viper,-2.0661086780799907,6.0,0.38536787456657656,False,False,6,False,800
ZNF222,basal_to_goblet,viper,-2.071109803907912,3.0,0.25597675166692463,False,False,3,False,801
PPARA,basal_to_goblet,viper,-2.073670113474307,3.0,0.27366259285942385,False,True,3,False,802
ST18,basal_to_goblet,viper,-2.1174937414418236,3.0,0.2419724386204841,False,False,3,False,803
NANOGNB,basal_to_goblet,viper,-2.1181365778318137,2.0,0.1849256053492968,False,False,2,False,804
ZNF512,basal_to_goblet,viper,-2.119835375275684,3.0,0.2581387093370717,False,False,3,False,805
IRX2,basal_to_goblet,viper,-2.1213550205685445,3.0,0.24835297596714662,False,False,3,False,806
ZNF420,basal_to_goblet,viper,-2.1230859062512515,3.0,0.2742604478491622,False,False,3,False,807
ZNF350,basal_to_goblet,viper,-2.1561949421864943,3.0,0.2577089534547428,False,False,3,False,808
FOXN3,basal_to_goblet,viper,-2.158479189719705,3.0,0.3832818292317668,False,False,3,False,809
ZNF225,basal_to_goblet,viper,-2.162510664101356,2.0,0.2916543686746635,False,False,2,False,810
HOXA3,basal_to_goblet,viper,-2.16260817951327,3.0,0.2180165315668379,False,False,3,False,811
HOXA6,basal_to_goblet,viper,-2.166904609863333,3.0,0.27318586881486,False,False,3,False,812
ZNF728,basal_to_goblet,viper,-2.167578964530763,2.0,0.16191398491581263,False,False,2,False,813
ZSCAN26,basal_to_goblet,viper,-2.17297544881511,2.0,0.16160020314528203,False,False,2,False,814
ZNF569,basal_to_goblet,viper,-2.181586623506757,3.0,0.29074677272481303,False,False,3,False,815
ZNF623,basal_to_goblet,viper,-2.183388107282681,3.0,0.29074677272481303,False,True,3,False,816
ZNF155,basal_to_goblet,viper,-2.1931804711487053,3.0,0.26926839234689065,False,False,3,False,817
ZNF615,basal_to_goblet,viper,-2.204829080384241,3.0,0.27433502905675194,False,False,3,False,818
ZNF2,basal_to_goblet,viper,-2.2074427799372005,2.0,0.12265900627493792,False,True,2,False,819
ZNF608,basal_to_goblet,viper,-2.207758196577322,3.0,0.24802853474988162,False,False,3,False,820
RAX2,basal_to_goblet,viper,-2.2081384994454774,3.0,0.2695120777521308,False,False,3,False,821
ETS2,basal_to_goblet,viper,-2.2090640022837364,4.0,0.1875969328303877,False,True,4,False,822
ZNF879,basal_to_goblet,viper,-2.210072989928223,2.0,0.1905515354243462,False,False,2,False,823
DMRT3,basal_to_goblet,viper,-2.210436272023387,3.0,0.2326805370306411,False,False,3,False,824
TEF,basal_to_goblet,viper,-2.219604929023196,3.0,0.2267223092162162,False,True,3,False,825
CGGBP1,basal_to_goblet,viper,-2.2278366982123625,2.0,0.18691122302382804,False,False,2,False,826
ZNF107,basal_to_goblet,viper,-2.2289555946886948,3.0,0.1988944914244355,False,True,3,False,827
SHOX,basal_to_goblet,viper,-2.233853216716097,3.0,0.29074677272481303,False,False,3,False,828
FOXN4,basal_to_goblet,viper,-2.2474321419821277,3.0,0.08370548117205326,False,True,3,False,829
PAX8,basal_to_goblet,viper,-2.2727780877202646,4.0,0.18762347142618518,False,True,4,False,830
DPRX,basal_to_goblet,viper,-2.2736001697567016,3.0,0.26926839234689065,False,False,3,False,831
ZNF346,basal_to_goblet,viper,-2.292602212462518,3.0,0.18830531401532336,False,False,3,False,832
MAFA,basal_to_goblet,viper,-2.296086183763389,3.0,0.18968415743242256,False,False,3,False,833
ZNF527,basal_to_goblet,viper,-2.3014859185180807,3.0,0.23623626488567642,False,True,3,False,834
CENPX,basal_to_goblet,viper,-2.3046755554695495,1.0,0.09405029536724345,False,False,1,False,835
TBPL1,basal_to_goblet,viper,-2.3056739092592426,2.0,0.15622905568580045,False,True,2,False,836
ZFP69,basal_to_goblet,viper,-2.309217094030872,2.0,0.2119502087505104,False,False,2,False,837
AEBP2,basal_to_goblet,viper,-2.309400367501164,3.0,0.3287195135017293,False,False,3,False,838
SP9,basal_to_goblet,viper,-2.3169357319410095,2.0,0.142943312247068,False,False,2,False,839
ZNF134,basal_to_goblet,viper,-2.3220966804370846,3.0,0.1876720327587925,False,False,3,False,840
ZNF322,basal_to_goblet,viper,-2.32379286515022,2.0,0.15448666531094116,False,False,2,False,841
ZNF620,basal_to_goblet,viper,-2.333413862679926,3.0,0.1914241357797332,False,False,3,False,842
KLF9,basal_to_goblet,viper,-2.342092581128494,4.0,0.19580359593436517,False,False,4,False,843
ZNF667,basal_to_goblet,viper,-2.3431193252575504,3.0,0.09929563285320338,False,True,3,False,844
GFI1,basal_to_goblet,viper,-2.3434893937342136,3.0,0.19796193285422356,False,False,3,False,845
ZFP82,basal_to_goblet,viper,-2.360988665781683,3.0,0.24601772754048418,False,False,3,False,846
ZNF580,basal_to_goblet,viper,-2.366328281151818,3.0,0.17856373300642567,False,False,3,False,847
TIGD5,basal_to_goblet,viper,-2.3689847595782436,3.0,0.19734776279599728,False,False,3,False,848
EGR2,basal_to_goblet,viper,-2.3728678862538204,3.0,0.2629496884312858,False,False,3,False,849
SNAI1,basal_to_goblet,viper,-2.383931310719615,3.0,0.14457088724908201,False,False,3,False,850
TBX6,basal_to_goblet,viper,-2.3914600228348397,3.0,0.1588705410360453,False,True,3,False,851
SOX4,basal_to_goblet,viper,-2.417522931498055,3.0,0.18084509641786625,False,True,3,False,852
ZSCAN2,basal_to_goblet,viper,-2.417647258306855,3.0,0.1479371598021097,False,False,3,False,853
ZNF275,basal_to_goblet,viper,-2.418163333839308,3.0,0.19580359593436517,False,True,3,False,854
ZNF573,basal_to_goblet,viper,-2.4223246021318614,3.0,0.21660878475164946,False,False,3,False,855
HOXD1,basal_to_goblet,viper,-2.423953180237214,3.0,0.21997088350319058,False,True,3,False,856
ZBTB49,basal_to_goblet,viper,-2.4341854678167247,2.0,0.12217625208225304,False,False,2,False,857
PLAG1,basal_to_goblet,viper,-2.4367766705854024,3.0,0.14825394526605828,False,False,3,False,858
SNAPC2,basal_to_goblet,viper,-2.4388352377185187,2.0,0.1665466329429362,False,False,2,False,859
CRX,basal_to_goblet,viper,-2.4396451773840155,4.0,0.1909984909676774,False,True,4,False,860
SOX6,basal_to_goblet,viper,-2.4407212141137364,4.0,0.23639319822535382,False,True,4,False,861
ZNF850,basal_to_goblet,viper,-2.4422102611898895,2.0,0.15215090574703413,False,False,2,False,862
ZNF583,basal_to_goblet,viper,-2.4517794881047714,3.0,0.18258674410148426,False,False,3,False,863
ZNF30,basal_to_goblet,viper,-2.4702638253333364,3.0,0.2522085944689281,False,True,3,False,864
ZNF526,basal_to_goblet,viper,-2.482547260967826,3.0,0.23787128398107113,False,False,3,False,865
ZNF669,basal_to_goblet,viper,-2.4935927191614717,3.0,0.1380923129566994,False,True,3,False,866
ZNF14,basal_to_goblet,viper,-2.49813895406613,3.0,0.1875209209786561,False,False,3,False,867
GCM1,basal_to_goblet,viper,-2.5016947254746147,3.0,0.11850746770379932,False,True,3,False,868
RORA,basal_to_goblet,viper,-2.510373994713516,3.0,0.1267470887517447,False,True,3,False,869
CUX2,basal_to_goblet,viper,-2.5241114699353937,3.0,0.13776986501022367,False,False,3,False,870
TBX1,basal_to_goblet,viper,-2.528184768181606,3.0,0.17233666772092168,False,True,3,False,871
ZNF676,basal_to_goblet,viper,-2.5337319974087,3.0,0.24958324847654417,False,False,3,False,872
NR1H2,basal_to_goblet,viper,-2.539095870850939,4.0,0.1665466329429362,False,True,4,False,873
RHOXF1,basal_to_goblet,viper,-2.542261319828249,3.0,0.15489444976445743,False,True,3,False,874
ZNF286B,basal_to_goblet,viper,-2.5594221111429563,2.0,0.12591531125490993,False,False,2,False,875
ZNF696,basal_to_goblet,viper,-2.5657322349890204,3.0,0.1982422947263192,False,False,3,False,876
FOSB,basal_to_goblet,viper,-2.5661786638478756,3.0,0.22481633073458696,False,False,3,False,877
NME2,basal_to_goblet,viper,-2.5668532527567995,3.0,0.2055315391305627,False,False,3,False,878
FOXD4L3,basal_to_goblet,viper,-2.570836990457327,3.0,0.19361144439512676,False,False,3,False,879
MLX,basal_to_goblet,viper,-2.580218802784336,3.0,0.12822793824488415,False,False,3,False,880
NFE2L3,basal_to_goblet,viper,-2.588907111323489,3.0,0.21218072145783665,False,False,3,False,881
PBX1,basal_to_goblet,viper,-2.5892030355764684,4.0,0.27318586881486,False,True,4,False,882
ZSCAN4,basal_to_goblet,viper,-2.5909097021226515,3.0,0.21066380709842916,False,False,3,False,883
ZNF614,basal_to_goblet,viper,-2.5954253651645414,2.0,0.08288689957437369,False,False,2,False,884
L3MBTL3,basal_to_goblet,viper,-2.6160041589626273,2.0,0.08091635900755687,False,False,2,False,885
RARB,basal_to_goblet,viper,-2.6668967415904827,4.0,0.26292783715714935,False,False,4,False,886
CSRNP3,basal_to_goblet,viper,-2.669708485269385,2.0,0.10051498563997989,False,False,2,False,887
ZBTB8B,basal_to_goblet,viper,-2.6823770032724443,2.0,0.17894233468023393,False,False,2,False,888
ZNF880,basal_to_goblet,viper,-2.6829872853815737,2.0,0.11329958847738784,False,False,2,False,889
ZNF7,basal_to_goblet,viper,-2.6845811177839303,3.0,0.10306314260260555,False,False,3,False,890
LMX1B,basal_to_goblet,viper,-2.7057652248186894,3.0,0.21205291349963085,False,False,3,False,891
SPI1,basal_to_goblet,viper,-2.706653200835527,6.0,0.18990609605212502,False,False,6,False,892
ZNF180,basal_to_goblet,viper,-2.71112911152291,3.0,0.1981145076734331,False,False,3,False,893
FAM200B,basal_to_goblet,viper,-2.7135763110817974,2.0,0.0822477953824344,False,False,2,False,894
ZNF41,basal_to_goblet,viper,-2.717300875404033,3.0,0.19712392627337463,False,True,3,False,895
TOPORS,basal_to_goblet,viper,-2.730291719728905,2.0,0.07934976385359092,False,False,2,False,896
ZNF572,basal_to_goblet,viper,-2.757605546356677,3.0,0.2778601356993957,False,False,3,False,897
ZNF74,basal_to_goblet,viper,-2.768210467228361,3.0,0.18646243529647052,False,False,3,False,898
ZNF773,basal_to_goblet,viper,-2.7719815450471845,3.0,0.15370245841271193,False,True,3,False,899
SPIC,basal_to_goblet,viper,-2.781228294178885,3.0,0.0948707798251247,False,False,3,False,900
ZNF843,basal_to_goblet,viper,-2.789470869372243,3.0,0.15459884965740092,False,True,3,False,901
ZNF26,basal_to_goblet,viper,-2.7937987805802993,3.0,0.03852028108857773,False,True,3,False,902
ATOH8,basal_to_goblet,viper,-2.8027404116012797,3.0,0.15448666531094116,False,False,3,False,903
GATA6,basal_to_goblet,viper,-2.8086844519666623,5.0,0.14825394526605828,False,True,5,False,904
SMYD3,basal_to_goblet,viper,-2.8198099117121167,2.0,0.07118394196150367,False,False,2,False,905
ZZZ3,basal_to_goblet,viper,-2.821544253501098,5.0,0.1748500579651639,False,True,5,False,906
THAP2,basal_to_goblet,viper,-2.8218851736490693,3.0,0.13534036657201426,False,False,3,False,907
MYT1L,basal_to_goblet,viper,-2.8380833581519074,3.0,0.1981145076734331,False,False,3,False,908
SP5,basal_to_goblet,viper,-2.841197776469638,3.0,0.11695980531379901,False,False,3,False,909
ZNF845,basal_to_goblet,viper,-2.8465187841590467,3.0,0.20423994697586462,False,False,3,False,910
ZNF430,basal_to_goblet,viper,-2.846614920809883,3.0,0.13751990595969926,False,True,3,False,911
EOMES,basal_to_goblet,viper,-2.8547847385963614,5.0,0.10600842742675134,False,False,5,False,912
DMRTA2,basal_to_goblet,viper,-2.867396626685065,3.0,0.11745846565028316,False,False,3,False,913
TIGD7,basal_to_goblet,viper,-2.869153701234511,3.0,0.15265392051468296,False,False,3,False,914
SNAPC5,basal_to_goblet,viper,-2.8841862584016993,2.0,0.06829622365254108,False,False,2,False,915
KLF11,basal_to_goblet,viper,-2.8918054493997865,3.0,0.08057423908061838,False,False,3,False,916
ZNF227,basal_to_goblet,viper,-2.894400458832207,3.0,0.09336855201840688,False,False,3,False,917
ATOH7,basal_to_goblet,viper,-2.894745523713037,3.0,0.10394434946207778,False,False,3,False,918
UBP1,basal_to_goblet,viper,-2.8956738745626,3.0,0.06751754282981846,False,True,3,False,919
EN2,basal_to_goblet,viper,-2.9079237832435565,3.0,0.11798574464462716,False,False,3,False,920
ZNF624,basal_to_goblet,viper,-2.9123083137011347,3.0,0.03085231289067454,False,True,3,False,921
FOXI2,basal_to_goblet,viper,-2.9176821280230953,3.0,0.11220864231376046,False,True,3,False,922
TSHZ1,basal_to_goblet,viper,-2.917984232373994,3.0,0.14405231082448097,False,True,3,False,923
MBD4,basal_to_goblet,viper,-2.917997623835322,5.0,0.020057540386704913,False,True,5,False,924
INSM2,basal_to_goblet,viper,-2.9195516257415752,3.0,0.14646079110686194,False,False,3,False,925
TTF1,basal_to_goblet,viper,-2.92968166934375,2.0,0.11264053188882953,False,False,2,False,926
FEZF1,basal_to_goblet,viper,-2.93182320181113,3.0,0.12369886293639668,False,False,3,False,927
ZNF766,basal_to_goblet,viper,-2.9558487756729006,4.0,0.14445681269755845,False,False,4,False,928
FOXD4L6,basal_to_goblet,viper,-2.9569956369111483,2.0,0.0428362945215289,False,False,2,False,929
ZNF726,basal_to_goblet,viper,-2.959521950848548,2.0,0.06267716806012831,False,False,2,False,930
ZNF414,basal_to_goblet,viper,-2.9615447197860054,3.0,0.10039595937078258,False,False,3,False,931
FOSL1,basal_to_goblet,viper,-2.9758992948373297,5.0,0.19701060345691435,False,False,5,False,932
ZNF286A,basal_to_goblet,viper,-2.9861755048380525,3.0,0.15265392051468296,False,False,3,False,933
ZNF586,basal_to_goblet,viper,-2.988720991122359,3.0,0.12265900627493792,False,True,3,False,934
MNX1,basal_to_goblet,viper,-2.9894462978518206,4.0,0.14195404718676138,False,True,4,False,935
VENTX,basal_to_goblet,viper,-2.9897463907145707,3.0,0.08201004484473952,False,True,3,False,936
ZNF556,basal_to_goblet,viper,-3.013235498386299,3.0,0.10211560544073404,False,True,3,False,937
TBR1,basal_to_goblet,viper,-3.015224049857627,3.0,0.13153874243843666,False,False,3,False,938
DNTTIP1,basal_to_goblet,viper,-3.0192862856162948,2.0,0.05841544380588877,False,True,2,False,939
JUN,basal_to_goblet,viper,-3.0256409618501183,6.0,0.16628527855568767,False,False,6,False,940
ZSCAN9,basal_to_goblet,viper,-3.03143356455143,2.0,0.03780485155518428,False,False,2,False,941
ZNF677,basal_to_goblet,viper,-3.0325755595156605,3.0,0.09020275199841847,False,False,3,False,942
FOXJ2,basal_to_goblet,viper,-3.0336578019618208,4.0,0.10664943709454741,False,True,4,False,943
ZNF675,basal_to_goblet,viper,-3.0356493553132204,3.0,0.0067893236916389795,False,True,3,False,944
HOMEZ,basal_to_goblet,viper,-3.05620782371785,3.0,0.06833041820333356,False,False,3,False,945
AHDC1,basal_to_goblet,viper,-3.060817429102253,3.0,0.1124913978339359,False,True,3,False,946
ZNF512B,basal_to_goblet,viper,-3.073085163211074,3.0,0.1003644882782299,False,True,3,False,947
HES5,basal_to_goblet,viper,-3.078697599071436,3.0,0.07341070653834647,False,False,3,False,948
DRGX,basal_to_goblet,viper,-3.087026296594812,3.0,0.10196255814103096,False,False,3,False,949
ZNF394,basal_to_goblet,viper,-3.0902571415132885,3.0,0.06947701810172512,False,False,3,False,950
ZNF383,basal_to_goblet,viper,-3.1041126026777732,3.0,0.12591531125490993,False,True,3,False,951
MAF,basal_to_goblet,viper,-3.109135371810736,4.0,0.019310321776321672,False,True,4,False,952
TLX2,basal_to_goblet,viper,-3.1129599605892477,3.0,0.09610583628506307,False,False,3,False,953
TCF7,basal_to_goblet,viper,-3.116309648978246,5.0,0.20339664896194584,False,False,5,False,954
ZNF781,basal_to_goblet,viper,-3.1168133014968276,3.0,0.06908387481148597,False,False,3,False,955
ZNF326,basal_to_goblet,viper,-3.121636828470568,3.0,0.016554957502126686,False,True,3,False,956
RORB,basal_to_goblet,viper,-3.123043091761401,3.0,0.08629488672592234,False,True,3,False,957
TIGD1,basal_to_goblet,viper,-3.1299229646291344,2.0,0.1015589763031118,False,False,2,False,958
ZNF223,basal_to_goblet,viper,-3.1315310231906284,3.0,0.050737853403682906,False,False,3,False,959
NHLH1,basal_to_goblet,viper,-3.161514487061561,3.0,0.0753457502794704,False,True,3,False,960
LHX4,basal_to_goblet,viper,-3.168768773182127,3.0,0.007153782154133615,False,True,3,False,961
ZNF540,basal_to_goblet,viper,-3.1705670502884535,3.0,0.1267470887517447,False,False,3,False,962
ZNF660,basal_to_goblet,viper,-3.1718571959076596,3.0,0.09660112934240427,False,False,3,False,963
SP6,basal_to_goblet,viper,-3.179306879766116,3.0,0.09413873245813674,False,True,3,False,964
ZNF891,basal_to_goblet,viper,-3.1829304849274163,2.0,0.039154089030633464,False,True,2,False,965
ETV7,basal_to_goblet,viper,-3.1921084588571245,3.0,0.0015725041660901093,False,True,3,False,966
ATF7,basal_to_goblet,viper,-3.2026270170045477,4.0,0.06656750720090795,False,True,4,False,967
ZNF273,basal_to_goblet,viper,-3.210525040230395,3.0,0.005105940045752608,False,True,3,False,968
ZBTB24,basal_to_goblet,viper,-3.2187727187279025,3.0,0.06966413495114743,False,False,3,False,969
ZNF208,basal_to_goblet,viper,-3.25063798474028,3.0,0.07232017588495894,False,True,3,False,970
ZNF18,basal_to_goblet,viper,-3.2678567875904894,3.0,0.06466517131937866,False,False,3,False,971
FOXQ1,basal_to_goblet,viper,-3.2819481954451426,3.0,0.12043163982430993,False,False,3,False,972
EGR3,basal_to_goblet,viper,-3.282097486091562,3.0,0.0700332736627648,False,False,3,False,973
GCM2,basal_to_goblet,viper,-3.2834769318631287,3.0,0.1393301337080829,False,False,3,False,974
TFCP2,basal_to_goblet,viper,-3.312501673592002,3.0,0.12244666195151781,False,False,3,False,975
REXO4,basal_to_goblet,viper,-3.31362077377324,2.0,0.03085231289067454,False,False,2,False,976
ISL1,basal_to_goblet,viper,-3.3313861144592307,3.0,0.041473313158905935,False,False,3,False,977
ZNF680,basal_to_goblet,viper,-3.335499513438045,3.0,0.05567587628208173,False,True,3,False,978
ZNF792,basal_to_goblet,viper,-3.34764514477713,3.0,0.04669954490728442,False,False,3,False,979
PITX1,basal_to_goblet,viper,-3.3492009055230776,3.0,0.09241145149620933,False,True,3,False,980
ZBTB8A,basal_to_goblet,viper,-3.3510540641029793,2.0,0.032972277911876804,False,False,2,False,981
TBX3,basal_to_goblet,viper,-3.356236714777867,4.0,0.06963440388498328,False,False,4,False,982
HELT,basal_to_goblet,viper,-3.3691134395597686,3.0,0.0968094428534632,False,False,3,False,983
TIGD3,basal_to_goblet,viper,-3.3705904540729112,3.0,0.002232030194659546,False,True,3,False,984
OVOL3,basal_to_goblet,viper,-3.381434843888267,2.0,0.03430160484063591,False,False,2,False,985
ZNF662,basal_to_goblet,viper,-3.381773108719779,3.0,0.028773178840134,False,False,3,False,986
PRDM16,basal_to_goblet,viper,-3.382179158787892,4.0,0.12799912222541834,False,False,4,False,987
ZNF716,basal_to_goblet,viper,-3.3869520826362423,3.0,0.030202834717323598,False,False,3,False,988
FOXI1,basal_to_goblet,viper,-3.3918119158680438,3.0,0.06607774945960161,False,False,3,False,989
ZNF788P,basal_to_goblet,viper,-3.394981047755978,3.0,0.08492523767769318,False,False,3,False,990
ZNF138,basal_to_goblet,viper,-3.398605584174275,3.0,0.11534827343969925,False,False,3,False,991
GSC,basal_to_goblet,viper,-3.4081587722023374,3.0,0.10347864454271793,False,False,3,False,992
ZNF181,basal_to_goblet,viper,-3.413315970237939,3.0,0.10182117408352861,False,False,3,False,993
ZNF888,basal_to_goblet,viper,-3.4165545342867856,1.0,0.0064057406198517255,False,False,1,False,994
HOXB4,basal_to_goblet,viper,-3.418935395772322,4.0,0.04937923712581469,False,False,4,False,995
FOS,basal_to_goblet,viper,-3.421108017775322,5.0,0.20398803342045552,False,False,5,False,996
CHAMP1,basal_to_goblet,viper,-3.4223388939984654,2.0,0.04045867446154053,False,False,2,False,997
ZNF287,basal_to_goblet,viper,-3.423750551041376,3.0,0.04420347860762597,False,True,3,False,998
MEF2B,basal_to_goblet,viper,-3.4307985795436595,4.0,0.05405280851879306,False,False,4,False,999
ZNF565,basal_to_goblet,viper,-3.4324255688199297,3.0,0.06267716806012831,False,False,3,False,1000
ZNF618,basal_to_goblet,viper,-3.4332630690971535,3.0,0.07390109854943076,False,False,3,False,1001
OTX1,basal_to_goblet,viper,-3.438786224165063,3.0,0.07338978519082696,False,False,3,False,1002
SOX3,basal_to_goblet,viper,-3.4402685256667036,3.0,0.0753457502794704,False,False,3,False,1003
TSHZ2,basal_to_goblet,viper,-3.4633039245997232,3.0,0.09605336130887217,False,True,3,False,1004
ZNF699,basal_to_goblet,viper,-3.4791176117312763,3.0,0.08018298774912123,False,False,3,False,1005
ZNF813,basal_to_goblet,viper,-3.4859594824631843,2.0,0.026519887613619016,False,True,2,False,1006
ZNF17,basal_to_goblet,viper,-3.4914907255811802,3.0,0.049994758224701494,False,False,3,False,1007
CDC5L,basal_to_goblet,viper,-3.5202549046691183,3.0,0.06061631997284237,False,False,3,False,1008
KLF10,basal_to_goblet,viper,-3.5302343805960614,3.0,0.028925446128632515,False,False,3,False,1009
ZNF121,basal_to_goblet,viper,-3.5571956326345817,3.0,0.030827319672242084,False,False,3,False,1010
ZNF532,basal_to_goblet,viper,-3.5599812287567216,3.0,0.03016206025540099,False,False,3,False,1011
ZXDA,basal_to_goblet,viper,-3.560123273370702,3.0,0.05939182335311059,False,True,3,False,1012
SCRT1,basal_to_goblet,viper,-3.560544011499833,2.0,0.0222991871447101,False,False,2,False,1013
ZNF543,basal_to_goblet,viper,-3.567058485626976,3.0,0.01349942225469236,False,True,3,False,1014
HOXC5,basal_to_goblet,viper,-3.5675149117901297,3.0,0.04795965842372473,False,False,3,False,1015
AKAP8,basal_to_goblet,viper,-3.569363611311739,3.0,0.04135519607784298,False,True,3,False,1016
ZNF502,basal_to_goblet,viper,-3.570375561262268,3.0,0.04420655197880218,False,False,3,False,1017
ZSCAN5B,basal_to_goblet,viper,-3.5736454197390977,3.0,0.02876951881962192,False,False,3,False,1018
TGIF1,basal_to_goblet,viper,-3.5761795008724198,3.0,0.06751754282981846,False,False,3,False,1019
ZSCAN20,basal_to_goblet,viper,-3.576342897166776,3.0,0.04385105619585762,False,False,3,False,1020
RHOXF2,basal_to_goblet,viper,-3.576655460438026,3.0,0.025000762434459315,False,False,3,False,1021
ZNF578,basal_to_goblet,viper,-3.5833444954600004,3.0,0.07079802403341745,False,False,3,False,1022
GBX2,basal_to_goblet,viper,-3.587885468291845,4.0,0.09610583628506307,False,False,4,False,1023
NR2F2,basal_to_goblet,viper,-3.590248382989449,5.0,0.07989633699018267,False,False,5,False,1024
THAP7,basal_to_goblet,viper,-3.5908181856555124,3.0,0.029776840233605165,False,False,3,False,1025
ZNF576,basal_to_goblet,viper,-3.5910600448185233,3.0,0.031807247662948644,False,False,3,False,1026
ZNF668,basal_to_goblet,viper,-3.6046867714226467,3.0,0.045206041370884895,False,False,3,False,1027
ZBTB2,basal_to_goblet,viper,-3.6286871363641247,3.0,0.04669954490728442,False,False,3,False,1028
ZNF770,basal_to_goblet,viper,-3.6389364140450704,3.0,0.013070154429182246,False,True,3,False,1029
ZNF80,basal_to_goblet,viper,-3.6440202420650074,3.0,0.07538922054860285,False,False,3,False,1030
ZNF501,basal_to_goblet,viper,-3.6693349272885127,3.0,0.09247095561020943,False,False,3,False,1031
ZNF250,basal_to_goblet,viper,-3.671900420314132,3.0,0.016022543580204242,False,False,3,False,1032
OSR1,basal_to_goblet,viper,-3.676655038200465,2.0,0.02902356986930566,False,False,2,False,1033
ZSCAN12,basal_to_goblet,viper,-3.7000969870605704,3.0,0.02293885600523037,False,False,3,False,1034
ZNF665,basal_to_goblet,viper,-3.704048437908288,3.0,0.05222756169743027,False,False,3,False,1035
NR1I3,basal_to_goblet,viper,-3.70427743752452,3.0,0.030126096142520105,False,False,3,False,1036
SIX2,basal_to_goblet,viper,-3.712818993059086,4.0,0.038481483413764284,False,False,4,False,1037
HOXA1,basal_to_goblet,viper,-3.722861148225695,3.0,0.032966219737528744,False,False,3,False,1038
PROX2,basal_to_goblet,viper,-3.725127083516721,3.0,0.03602233955511781,False,False,3,False,1039
CEBPD,basal_to_goblet,viper,-3.7298169024433534,5.0,0.04856407019637482,False,True,5,False,1040
ZNF595,basal_to_goblet,viper,-3.737055977065162,2.0,0.0176686782341228,False,False,2,False,1041
ZNF551,basal_to_goblet,viper,-3.74175073081391,3.0,0.014339995856249793,False,False,3,False,1042
ZNF837,basal_to_goblet,viper,-3.746366159353801,3.0,0.040342008960772,False,False,3,False,1043
ZIM3,basal_to_goblet,viper,-3.750844466699921,3.0,0.02207129636867806,False,False,3,False,1044
ZNF79,basal_to_goblet,viper,-3.755237299309932,3.0,0.03712996549710006,False,False,3,False,1045
RAG1,basal_to_goblet,viper,-3.7570176309852514,3.0,0.032719396739046204,False,False,3,False,1046
FOXD2,basal_to_goblet,viper,-3.764169263879258,3.0,0.025089960783279578,False,False,3,False,1047
ZSCAN21,basal_to_goblet,viper,-3.7737222975236007,3.0,0.030791435579667736,False,False,3,False,1048
INSM1,basal_to_goblet,viper,-3.776512489550835,3.0,0.04853865019427812,False,True,3,False,1049
ZNF281,basal_to_goblet,viper,-3.7884599453885737,3.0,0.008375708660687695,False,True,3,False,1050
ZNF442,basal_to_goblet,viper,-3.791026923157616,3.0,0.026396305327564516,False,False,3,False,1051
ZNF366,basal_to_goblet,viper,-3.791528279578065,3.0,0.03158862595379281,False,False,3,False,1052
ZNF567,basal_to_goblet,viper,-3.7923788680957973,3.0,0.03367612789979891,False,False,3,False,1053
CBLL2,basal_to_goblet,viper,-3.8016080394938823,2.0,0.005862203087617078,False,False,2,False,1054
ZNF354C,basal_to_goblet,viper,-3.8078014765040247,3.0,0.02254756072183141,False,False,3,False,1055
MSX1,basal_to_goblet,viper,-3.8181071763467243,3.0,0.02354644400658465,False,False,3,False,1056
MSGN1,basal_to_goblet,viper,-3.8209826806064187,3.0,0.03016206025540099,False,False,3,False,1057
TIGD2,basal_to_goblet,viper,-3.8288294158925136,3.0,0.040543412940656796,False,False,3,False,1058
ZBTB39,basal_to_goblet,viper,-3.8290479958953005,3.0,0.02902356986930566,False,False,3,False,1059
SOX18,basal_to_goblet,viper,-3.847758788038406,3.0,0.04669954490728442,False,False,3,False,1060
EGR4,basal_to_goblet,viper,-3.866978377272353,3.0,0.02902356986930566,False,False,3,False,1061
ZNF443,basal_to_goblet,viper,-3.86885941633063,3.0,0.025877713908196764,False,True,3,False,1062
HOXB5,basal_to_goblet,viper,-3.8746805062344163,3.0,0.0053255339215860335,False,True,3,False,1063
ZNF835,basal_to_goblet,viper,-3.8760775332800077,3.0,0.02505017276336893,False,False,3,False,1064
ZNF480,basal_to_goblet,viper,-3.8789338556530475,3.0,0.04256767422254128,False,True,3,False,1065
TLX3,basal_to_goblet,viper,-3.8819312369303653,3.0,0.015581850362442414,False,False,3,False,1066
ZNF385C,basal_to_goblet,viper,-3.884744997782728,3.0,0.03008912488758329,False,False,3,False,1067
POU5F1B,basal_to_goblet,viper,-3.885118122703104,2.0,0.003782621038625687,False,True,2,False,1068
ZNF184,basal_to_goblet,viper,-3.893683262450306,3.0,0.030827319672242084,False,False,3,False,1069
ADNP2,basal_to_goblet,viper,-3.895712734302586,3.0,0.02902356986930566,False,True,3,False,1070
JUNB,basal_to_goblet,viper,-3.89820669794602,4.0,0.06974816098305704,False,False,4,False,1071
ZNF408,basal_to_goblet,viper,-3.900041442529538,3.0,0.0176863178598806,False,False,3,False,1072
ZNF84,basal_to_goblet,viper,-3.9008148065187314,3.0,0.06369359592656308,False,True,3,False,1073
HOXA4,basal_to_goblet,viper,-3.904990349166166,3.0,0.04479010323633617,False,False,3,False,1074
PURG,basal_to_goblet,viper,-3.9057795715489045,2.0,0.024161430884588043,False,False,2,False,1075
TFDP3,basal_to_goblet,viper,-3.908021797604233,3.0,0.01117412657961072,False,False,3,False,1076
ZBTB12,basal_to_goblet,viper,-3.932656777437805,3.0,0.01590395482880647,False,False,3,False,1077
NR1D1,basal_to_goblet,viper,-3.9525034035682816,3.0,0.03435787583285845,False,False,3,False,1078
ZNF582,basal_to_goblet,viper,-3.952751860360485,3.0,0.02400062215087329,False,False,3,False,1079
ALX3,basal_to_goblet,viper,-3.953803641075868,3.0,0.017334681089553775,False,False,3,False,1080
ZEB1,basal_to_goblet,viper,-3.9550903436896103,5.0,0.04946637022689808,False,False,5,False,1081
ZKSCAN4,basal_to_goblet,viper,-3.96477493865067,3.0,0.032966219737528744,False,False,3,False,1082
ONECUT1,basal_to_goblet,viper,-3.969590160007514,4.0,0.0723925731642496,False,False,4,False,1083
ETV2,basal_to_goblet,viper,-3.9703147076055725,4.0,0.024276906325959732,False,False,4,False,1084
YBX2,basal_to_goblet,viper,-3.985173014811454,3.0,0.0008370731300603197,False,True,3,False,1085
FOXD4L5,basal_to_goblet,viper,-3.987272437370073,3.0,0.037299922046216766,False,False,3,False,1086
CEBPG,basal_to_goblet,viper,-3.999003950997991,4.0,0.021693457347612563,False,False,4,False,1087
HDX,basal_to_goblet,viper,-4.006309355517307,3.0,0.020467763998390235,False,False,3,False,1088
NR5A1,basal_to_goblet,viper,-4.011720822624068,3.0,0.01117412657961072,False,False,3,False,1089
ASCL4,basal_to_goblet,viper,-4.0227959801898345,3.0,0.029705706910823877,False,False,3,False,1090
ZNF705A,basal_to_goblet,viper,-4.025350480701399,3.0,0.009308003248354074,False,False,3,False,1091
HOXC8,basal_to_goblet,viper,-4.039231141840322,3.0,0.05488029674194828,False,False,3,False,1092
ZBTB47,basal_to_goblet,viper,-4.062881364828568,3.0,0.008413976016301604,False,False,3,False,1093
ZNF750,basal_to_goblet,viper,-4.0629143945962625,4.0,0.07103805259643013,False,False,4,False,1094
HIC1,basal_to_goblet,viper,-4.078580862787467,3.0,0.04256767422254128,False,False,3,False,1095
ZUP1,basal_to_goblet,viper,-4.094757891820333,3.0,0.02581616719661924,False,False,3,False,1096
SHOX2,basal_to_goblet,viper,-4.096549847728018,3.0,0.032846114501306596,False,False,3,False,1097
MYCL,basal_to_goblet,viper,-4.113543616668186,2.0,0.018263094919441638,False,True,2,False,1098
MSANTD3,basal_to_goblet,viper,-4.113550202165377,2.0,0.005541866712220414,False,False,2,False,1099
ZNF365,basal_to_goblet,viper,-4.11960419887773,3.0,0.007144997961204652,False,False,3,False,1100
VAX1,basal_to_goblet,viper,-4.124297553020517,3.0,0.016313984843679845,False,False,3,False,1101
HBP1,basal_to_goblet,viper,-4.126521850481375,4.0,0.014638995927181299,False,False,4,False,1102
NPAS4,basal_to_goblet,viper,-4.130006652600346,3.0,0.011416157294984691,False,False,3,False,1103
NFIC,basal_to_goblet,viper,-4.138405099641912,5.0,0.03721269411883325,False,True,5,False,1104
FOXD4,basal_to_goblet,viper,-4.150079374557061,3.0,0.016991634644873414,False,False,3,False,1105
ZNF45,basal_to_goblet,viper,-4.1862916350256745,3.0,0.007404918376937698,False,False,3,False,1106
ZNF525,basal_to_goblet,viper,-4.187892427757937,2.0,0.018675820850145058,False,False,2,False,1107
ZNF71,basal_to_goblet,viper,-4.191571679362479,3.0,0.025705015812413818,False,False,3,False,1108
THAP8,basal_to_goblet,viper,-4.204316932563484,3.0,0.007018015413372312,False,True,3,False,1109
PLAGL1,basal_to_goblet,viper,-4.20685587371068,3.0,0.021705432839870663,False,False,3,False,1110
AIRE,basal_to_goblet,viper,-4.209382723889405,3.0,0.010158977483434637,False,False,3,False,1111
ZNF714,basal_to_goblet,viper,-4.219315497071094,3.0,0.01744978999288622,False,True,3,False,1112
CAMTA1,basal_to_goblet,viper,-4.222959410896782,3.0,0.0061637603770137005,False,False,3,False,1113
ZNF703,basal_to_goblet,viper,-4.2338540930902075,3.0,0.03510519679595731,False,False,3,False,1114
NEUROD4,basal_to_goblet,viper,-4.2393773376940205,3.0,0.01854692402368421,False,False,3,False,1115
YY1,basal_to_goblet,viper,-4.241888462389786,6.0,0.025244460287968704,True,False,6,False,1116
ZNF232,basal_to_goblet,viper,-4.252757100554237,3.0,0.012259402014011838,False,False,3,False,1117
DR1,basal_to_goblet,viper,-4.280795467053004,3.0,0.02788089878679434,False,False,3,False,1118
MLXIPL,basal_to_goblet,viper,-4.281930562259089,3.0,0.025877713908196764,False,False,3,False,1119
TFAP2C,basal_to_goblet,viper,-4.286825168736428,6.0,0.09605336130887217,False,False,6,False,1120
ZBTB32,basal_to_goblet,viper,-4.2871583943715885,3.0,0.00975769276013413,False,False,3,False,1121
THYN1,basal_to_goblet,viper,-4.290299750152087,2.0,0.002633801112047224,False,False,2,False,1122
TBX4,basal_to_goblet,viper,-4.291124858935928,3.0,0.005491505988238051,False,False,3,False,1123
EMX2,basal_to_goblet,viper,-4.313594176753467,3.0,0.010875475599267792,False,False,3,False,1124
ZNF438,basal_to_goblet,viper,-4.319934542300688,3.0,0.0038802728841633933,False,False,3,False,1125
ZNF684,basal_to_goblet,viper,-4.324791402041115,3.0,0.0019222927349866414,False,True,3,False,1126
NFIB,basal_to_goblet,viper,-4.324961511948816,4.0,0.010399854218608577,False,False,4,False,1127
ZMAT4,basal_to_goblet,viper,-4.338376191043338,3.0,0.010078218164242788,False,False,3,False,1128
ZNF883,basal_to_goblet,viper,-4.3684535155559,2.0,0.0033056957007660025,False,False,2,False,1129
POU3F3,basal_to_goblet,viper,-4.379115621949004,3.0,0.03957166845870343,False,False,3,False,1130
PRDM12,basal_to_goblet,viper,-4.394112046261384,3.0,0.022643501959203234,False,False,3,False,1131
RFX8,basal_to_goblet,viper,-4.411898132522269,2.0,0.002153309944471567,False,False,2,False,1132
PROP1,basal_to_goblet,viper,-4.418543403435483,3.0,0.021739817145341272,False,False,3,False,1133
GLIS1,basal_to_goblet,viper,-4.421311610597422,3.0,0.018177158296969653,False,False,3,False,1134
NHLH2,basal_to_goblet,viper,-4.442048262437914,3.0,0.004398041820893857,False,False,3,False,1135
VSX1,basal_to_goblet,viper,-4.454388310969867,3.0,0.015967720601517025,False,False,3,False,1136
SOX14,basal_to_goblet,viper,-4.4563143231654205,3.0,0.01973523463964294,False,False,3,False,1137
HOXC6,basal_to_goblet,viper,-4.464613549359531,3.0,0.008367797365265647,False,False,3,False,1138
ZNF600,basal_to_goblet,viper,-4.46839645808577,3.0,0.015039427637031057,False,False,3,False,1139
HOXC10,basal_to_goblet,viper,-4.48379170018751,3.0,0.003386704589993354,False,False,3,False,1140
CEBPE,basal_to_goblet,viper,-4.5011075029422,3.0,0.0025119470902559204,False,False,3,False,1141
TBX15,basal_to_goblet,viper,-4.5146812306066115,3.0,0.003599176179462729,False,False,3,False,1142
TCF4,basal_to_goblet,viper,-4.515036395856527,5.0,0.026933522164765793,False,False,5,False,1143
MYF6,basal_to_goblet,viper,-4.516264679242107,3.0,0.021587302224626386,False,False,3,False,1144
ZNF436,basal_to_goblet,viper,-4.517899869283199,3.0,0.005002635796854466,False,False,3,False,1145
THAP10,basal_to_goblet,viper,-4.524717734849683,3.0,0.01077697983742069,False,False,3,False,1146
GTF2B,basal_to_goblet,viper,-4.534184784478678,4.0,0.01211787398358682,False,True,4,False,1147
ONECUT3,basal_to_goblet,viper,-4.535922887753996,3.0,0.0025119470902559204,False,False,3,False,1148
EGR1,basal_to_goblet,viper,-4.537776199434178,6.0,0.035479924260002765,False,False,6,False,1149
LBX1,basal_to_goblet,viper,-4.544328939030889,3.0,0.025210368828761456,False,False,3,False,1150
ZNF174,basal_to_goblet,viper,-4.545483561491205,3.0,0.0035762156252065014,False,False,3,False,1151
ASCL5,basal_to_goblet,viper,-4.545698069274492,2.0,0.0036229100641510764,False,False,2,False,1152
MYT1,basal_to_goblet,viper,-4.552226846560596,3.0,0.004969877457839711,False,False,3,False,1153
SPIB,basal_to_goblet,viper,-4.559596150333618,4.0,0.008734427868929511,False,False,4,False,1154
ZFHX4,basal_to_goblet,viper,-4.568915632388618,3.0,0.010800843884170741,False,False,3,False,1155
ZNF280C,basal_to_goblet,viper,-4.586545849979084,3.0,0.0067893236916389795,False,False,3,False,1156
PBX3,basal_to_goblet,viper,-4.597759161499169,5.0,0.026254446629660498,False,False,5,False,1157
ZBTB16,basal_to_goblet,viper,-4.600229525484972,4.0,0.0043352200334120265,False,False,4,False,1158
ZNF354A,basal_to_goblet,viper,-4.629982250154365,3.0,0.002843085563622507,False,False,3,False,1159
TBX21,basal_to_goblet,viper,-4.645666319108196,4.0,0.0025592467771294396,False,False,4,False,1160
EMX1,basal_to_goblet,viper,-4.653514414404523,3.0,0.005124332900733463,False,False,3,False,1161
NFATC4,basal_to_goblet,viper,-4.67865895892683,3.0,0.021693457347612563,False,False,3,False,1162
TBPL2,basal_to_goblet,viper,-4.689768543969354,2.0,0.000971671178057993,False,False,2,False,1163
ZNF100,basal_to_goblet,viper,-4.694808098792225,3.0,0.007824911980748063,False,True,3,False,1164
ZNF207,basal_to_goblet,viper,-4.698866030048921,4.0,0.020288166768511764,False,False,4,False,1165
SCMH1,basal_to_goblet,viper,-4.706261967372269,2.0,0.00734977099746359,False,False,2,False,1166
MEIS3,basal_to_goblet,viper,-4.7093632673467525,3.0,0.0015509405526926464,False,False,3,False,1167
ZNF35,basal_to_goblet,viper,-4.71361132513999,3.0,0.005004955172005274,False,False,3,False,1168
E2F3,basal_to_goblet,viper,-4.738801861816221,3.0,0.0012345723505923813,False,True,3,False,1169
ZNF823,basal_to_goblet,viper,-4.741508594007056,3.0,0.010410161630840449,False,False,3,False,1170
ARID5B,basal_to_goblet,viper,-4.742931159101224,3.0,0.016554957502126686,False,False,3,False,1171
FOXC2,basal_to_goblet,viper,-4.761182967496017,3.0,0.015125181083219745,False,False,3,False,1172
HMGN3,basal_to_goblet,viper,-4.768967426617154,4.0,0.020649771634854944,False,False,4,False,1173
YY2,basal_to_goblet,viper,-4.776275784231434,3.0,0.017814692291759263,False,False,3,False,1174
PITX3,basal_to_goblet,viper,-4.783131376171391,3.0,0.018831273192437218,False,False,3,False,1175
ZBTB9,basal_to_goblet,viper,-4.793559062087894,3.0,0.0020836823407134287,False,False,3,False,1176
ZNF786,basal_to_goblet,viper,-4.793973158554556,3.0,0.002629715813034666,False,False,3,False,1177
BARX1,basal_to_goblet,viper,-4.798270641143094,3.0,0.021320920428712458,False,False,3,False,1178
IRF4,basal_to_goblet,viper,-4.832532881435284,5.0,0.03116385420543323,False,True,5,False,1179
HOXD8,basal_to_goblet,viper,-4.835883721799227,3.0,0.008557071215891639,False,False,3,False,1180
ZNF202,basal_to_goblet,viper,-4.838222108544999,3.0,0.00477134038187228,False,False,3,False,1181
ARNT2,basal_to_goblet,viper,-4.847475117147382,3.0,0.0041691578461282635,False,False,3,False,1182
KLF14,basal_to_goblet,viper,-4.852994974116013,2.0,0.0005254892687723574,False,False,2,False,1183
ZNF385B,basal_to_goblet,viper,-4.8632618677357,3.0,0.003695927321525222,False,False,3,False,1184
ZBED2,basal_to_goblet,viper,-4.894399308132155,3.0,0.0020762682783297165,False,False,3,False,1185
PHOX2A,basal_to_goblet,viper,-4.898278395570078,3.0,0.008873138406799942,False,False,3,False,1186
HES1,basal_to_goblet,viper,-4.900296641411713,4.0,0.025877713908196764,False,False,4,False,1187
HMX1,basal_to_goblet,viper,-4.914875396067011,3.0,0.009973672455904537,False,False,3,False,1188
HHEX,basal_to_goblet,viper,-4.91685228760436,4.0,0.01081858815553005,False,False,4,False,1189
ZNF34,basal_to_goblet,viper,-4.9268636007687325,3.0,0.004773074953704082,False,False,3,False,1190
TFAP2E,basal_to_goblet,viper,-4.9321134094026,3.0,0.004086676065108473,False,False,3,False,1191
GATA2,basal_to_goblet,viper,-4.934913529164938,6.0,0.040131249295325126,False,False,6,False,1192
BCL6B,basal_to_goblet,viper,-4.941709027215737,3.0,0.004489576161037595,False,False,3,False,1193
NFYC,basal_to_goblet,viper,-4.948163871412441,3.0,0.0008972526799385546,False,False,3,False,1194
SP4,basal_to_goblet,viper,-4.951929920173392,5.0,0.01258538986047187,False,False,5,False,1195
ZNF649,basal_to_goblet,viper,-4.975384454986168,3.0,0.007634564894302326,False,False,3,False,1196
ZNF804A,basal_to_goblet,viper,-4.978350606957627,3.0,0.00952094346303866,False,False,3,False,1197
HLX,basal_to_goblet,viper,-4.988100473655817,3.0,0.0009596504634196195,False,False,3,False,1198
PTF1A,basal_to_goblet,viper,-5.003520593818277,3.0,0.005124332900733463,False,False,3,False,1199
EN1,basal_to_goblet,viper,-5.006681397820657,3.0,0.001762655905301274,False,False,3,False,1200
HEY2,basal_to_goblet,viper,-5.00824109700945,3.0,0.004955365076427819,False,False,3,False,1201
SKOR1,basal_to_goblet,viper,-5.02360793341677,2.0,0.0013436313519646756,False,False,2,False,1202
ZNF343,basal_to_goblet,viper,-5.02395572880607,3.0,0.003910463310014548,False,False,3,False,1203
KIN,basal_to_goblet,viper,-5.048485319173511,3.0,0.0031546361662859973,False,True,3,False,1204
PRDM6,basal_to_goblet,viper,-5.048972599550615,3.0,0.0068558970368908095,False,False,3,False,1205
DLX2,basal_to_goblet,viper,-5.061684757350717,3.0,0.013106073564388577,False,False,3,False,1206
IRX6,basal_to_goblet,viper,-5.06847223696137,3.0,0.009521089825000023,False,False,3,False,1207
HOXA5,basal_to_goblet,viper,-5.081734693621503,3.0,0.0009296321201916563,False,False,3,False,1208
THAP1,basal_to_goblet,viper,-5.083499203447585,5.0,0.0310598412599102,False,False,5,False,1209
ATF4,basal_to_goblet,viper,-5.086690414902622,4.0,0.004502051684332932,False,False,4,False,1210
ZNF547,basal_to_goblet,viper,-5.09594726117656,3.0,0.000734495453118149,False,False,3,False,1211
HSF5,basal_to_goblet,viper,-5.102701065110034,3.0,0.000689493430872907,False,False,3,False,1212
MAFB,basal_to_goblet,viper,-5.103408497472141,4.0,0.01349942225469236,False,False,4,False,1213
ZNF280A,basal_to_goblet,viper,-5.135710935499157,3.0,0.0031546361662859973,False,False,3,False,1214
BACH2,basal_to_goblet,viper,-5.1387602564494745,4.0,0.0036418237482721476,False,False,4,False,1215
ZNF821,basal_to_goblet,viper,-5.1575354215560605,3.0,0.0028577900631911878,False,False,3,False,1216
ZNF219,basal_to_goblet,viper,-5.179328680260778,3.0,0.0012677377161246525,False,False,3,False,1217
HES7,basal_to_goblet,viper,-5.183915772125184,3.0,0.0014398868342219353,False,False,3,False,1218
ZNF131,basal_to_goblet,viper,-5.1909593493561355,3.0,0.0022682019076252554,False,True,3,False,1219
HMG20A,basal_to_goblet,viper,-5.19217440614199,3.0,0.0013436313519646756,False,False,3,False,1220
LHX1,basal_to_goblet,viper,-5.193060348751952,2.0,0.0001548649884532442,False,False,2,False,1221
ZNF114,basal_to_goblet,viper,-5.208614452141251,3.0,0.0007604214855169595,False,False,3,False,1222
ZHX2,basal_to_goblet,viper,-5.223254844616422,4.0,0.005210245244383855,False,True,4,False,1223
POU2F3,basal_to_goblet,viper,-5.225681040275457,3.0,0.003556054920941113,False,False,3,False,1224
OSR2,basal_to_goblet,viper,-5.246900031483457,3.0,0.005168976892842144,False,False,3,False,1225
FEV,basal_to_goblet,viper,-5.251842187081377,3.0,0.005125161399667599,False,False,3,False,1226
ZIC1,basal_to_goblet,viper,-5.254600677974079,3.0,0.001236268044721365,False,False,3,False,1227
PAX7,basal_to_goblet,viper,-5.3081454529098835,3.0,0.003976216424646561,False,False,3,False,1228
CTCF,basal_to_goblet,viper,-5.320880289915376,6.0,0.00221176530309271,True,False,6,False,1229
ZNF574,basal_to_goblet,viper,-5.325289880071404,3.0,0.0028577900631911878,False,False,3,False,1230
HMGA2,basal_to_goblet,viper,-5.336840679202767,3.0,0.0026488276635311127,False,False,3,False,1231
HIF3A,basal_to_goblet,viper,-5.3391251704866365,3.0,0.001405605604244227,False,False,3,False,1232
HIVEP3,basal_to_goblet,viper,-5.343447217796577,3.0,0.003952367584308967,False,False,3,False,1233
SOX7,basal_to_goblet,viper,-5.353569959979816,3.0,0.0023477701320738713,False,False,3,False,1234
ZFP57,basal_to_goblet,viper,-5.370888391632169,3.0,0.0029283602435244112,False,False,3,False,1235
DBP,basal_to_goblet,viper,-5.373397736050502,3.0,0.0016426989406800663,False,False,3,False,1236
ZNF639,basal_to_goblet,viper,-5.373764382584693,4.0,0.0032809038235990483,False,True,4,False,1237
SIM2,basal_to_goblet,viper,-5.380989276622411,3.0,0.001357188529036967,False,False,3,False,1238
RFX4,basal_to_goblet,viper,-5.383166775660277,3.0,0.001767051823754149,False,False,3,False,1239
ZC3H8,basal_to_goblet,viper,-5.384982206794337,4.0,0.000311658772089098,False,True,4,False,1240
ZNF195,basal_to_goblet,viper,-5.384987443440372,3.0,0.0015566451517404136,False,False,3,False,1241
HOXB9,basal_to_goblet,viper,-5.397350683326237,3.0,0.0016202073901232005,False,False,3,False,1242
ZNF385D,basal_to_goblet,viper,-5.418036987389469,3.0,0.0032809038235990483,False,False,3,False,1243
FOXH1,basal_to_goblet,viper,-5.4255085822302,3.0,0.001381996319058771,False,False,3,False,1244
NR6A1,basal_to_goblet,viper,-5.440645087001073,3.0,0.00012856695138059528,False,True,3,False,1245
FOXD4L1,basal_to_goblet,viper,-5.441436074890471,3.0,0.0023931252990990384,False,False,3,False,1246
CHCHD3,basal_to_goblet,viper,-5.4450093154924755,2.0,0.000259961549490033,False,False,2,False,1247
ZFP1,basal_to_goblet,viper,-5.496464547941934,3.0,0.0004142568010684101,False,False,3,False,1248
SIX6,basal_to_goblet,viper,-5.497771454762397,3.0,0.0004202851235856889,False,False,3,False,1249
FOXE1,basal_to_goblet,viper,-5.524264308312492,3.0,0.0013854650379452437,False,False,3,False,1250
FOXL1,basal_to_goblet,viper,-5.53559390960929,3.0,0.00294636413787531,False,False,3,False,1251
OTP,basal_to_goblet,viper,-5.5383290165087535,3.0,0.0004495177173717057,False,False,3,False,1252
EBF3,basal_to_goblet,viper,-5.562670575102883,3.0,0.0002011898025158177,False,False,3,False,1253
ZNF177,basal_to_goblet,viper,-5.594088178942453,3.0,0.0004142568010684101,False,False,3,False,1254
HESX1,basal_to_goblet,viper,-5.62573910359455,3.0,0.0013436313519646756,False,True,3,False,1255
MTERF1,basal_to_goblet,viper,-5.6269545580997145,2.0,5.708055696662535e-05,False,False,2,False,1256
TEAD3,basal_to_goblet,viper,-5.634363195154718,3.0,0.0007017077568074294,False,False,3,False,1257
POU4F1,basal_to_goblet,viper,-5.653619808765585,3.0,0.0027047008421759444,False,False,3,False,1258
ZNF706,basal_to_goblet,viper,-5.658104865585158,3.0,0.00014992352200679323,False,False,3,False,1259
IRX1,basal_to_goblet,viper,-5.663079284826129,3.0,0.002250629905619899,False,False,3,False,1260
ZNF280B,basal_to_goblet,viper,-5.667780222407365,2.0,2.7928742026714444e-05,False,False,2,False,1261
GRHL3,basal_to_goblet,viper,-5.672443861011272,3.0,0.00172865690110625,False,False,3,False,1262
ZNF589,basal_to_goblet,viper,-5.6835714035809195,4.0,0.0028508258388645143,False,True,4,False,1263
BRF2,basal_to_goblet,viper,-5.694742204166021,3.0,0.0005813284039239406,False,False,3,False,1264
CREB1,basal_to_goblet,viper,-5.721655581984198,6.0,0.003965210774710047,False,True,6,False,1265
IRF6,basal_to_goblet,viper,-5.728348173912514,3.0,0.002228279871363317,False,False,3,False,1266
EPAS1,basal_to_goblet,viper,-5.7572554895087045,4.0,0.0002961757866448959,False,False,4,False,1267
NFE2L2,basal_to_goblet,viper,-5.7871077822938215,5.0,0.0025966062585867206,False,False,5,False,1268
THAP3,basal_to_goblet,viper,-5.80199313799308,3.0,0.0010760333790628207,False,False,3,False,1269
FEZF2,basal_to_goblet,viper,-5.802070530049012,3.0,0.0008033858112020116,False,False,3,False,1270
FOXL2,basal_to_goblet,viper,-5.846020996716233,3.0,0.001074040106037712,False,False,3,False,1271
LIN28A,basal_to_goblet,viper,-5.853240304510341,2.0,0.0004185694445338911,False,False,2,False,1272
ZNF830,basal_to_goblet,viper,-5.87896637111267,3.0,0.0008242954776034587,False,False,3,False,1273
DACH2,basal_to_goblet,viper,-5.882971968521577,3.0,0.0009951418846134777,False,False,3,False,1274
SLC2A4RG,basal_to_goblet,viper,-5.889606182128088,3.0,0.00015409466641260332,False,False,3,False,1275
TAL2,basal_to_goblet,viper,-5.8921488225087755,3.0,6.364440148623911e-05,False,False,3,False,1276
DMRT2,basal_to_goblet,viper,-5.9071634892343585,3.0,0.00013276938109075707,False,False,3,False,1277
ZNF16,basal_to_goblet,viper,-5.9109039193983675,3.0,0.0015328654541941523,False,False,3,False,1278
LHX3,basal_to_goblet,viper,-5.92780977001294,3.0,0.00019202162636807634,False,False,3,False,1279
ZNF296,basal_to_goblet,viper,-5.9368289436495765,3.0,0.0013398364276849795,False,False,3,False,1280
NEUROG1,basal_to_goblet,viper,-5.9368731033762225,3.0,0.0011215101602240311,False,False,3,False,1281
THAP9,basal_to_goblet,viper,-5.95617190702661,3.0,5.077212286266737e-05,False,False,3,False,1282
DLX6,basal_to_goblet,viper,-5.965236087192174,3.0,0.0010206993971870048,False,False,3,False,1283
ZNF300,basal_to_goblet,viper,-5.970418012950982,3.0,0.0005666635485948169,False,False,3,False,1284
ZIK1,basal_to_goblet,viper,-5.973337855441629,3.0,0.000233157754887484,False,False,3,False,1285
RUNX3,basal_to_goblet,viper,-5.988960831666672,5.0,0.0005199723805632747,False,False,5,False,1286
PAX2,basal_to_goblet,viper,-5.994197222938498,3.0,0.00021835470595267417,False,False,3,False,1287
TBX5,basal_to_goblet,viper,-6.0088379105846865,4.0,0.0009869574220351025,False,False,4,False,1288
POU1F1,basal_to_goblet,viper,-6.009503097470993,3.0,0.0017041879348183438,False,False,3,False,1289
HLF,basal_to_goblet,viper,-6.015690639987699,3.0,0.000286163767445121,False,False,3,False,1290
NR2E1,basal_to_goblet,viper,-6.027199325475991,3.0,0.0013631973376934477,False,False,3,False,1291
HIF1A,basal_to_goblet,viper,-6.047824890128788,5.0,0.0018694078363278401,False,False,5,False,1292
NEUROD1,basal_to_goblet,viper,-6.060952738491971,4.0,5.0077955462153435e-05,False,False,4,False,1293
HOXD10,basal_to_goblet,viper,-6.067910307445355,3.0,0.0008957250746345633,False,False,3,False,1294
KLF5,basal_to_goblet,viper,-6.1117974837358675,5.0,0.00023395784155358953,False,False,5,False,1295
RARG,basal_to_goblet,viper,-6.118307553874439,4.0,0.0013398364276849795,False,False,4,False,1296
MTF2,basal_to_goblet,viper,-6.118910611431749,3.0,1.2372819359933488e-05,False,False,3,False,1297
THAP11,basal_to_goblet,viper,-6.1221468754557735,5.0,0.0008159281503713209,False,False,5,False,1298
ZIM2,basal_to_goblet,viper,-6.149370577476603,2.0,1.5909453260193538e-05,False,False,2,False,1299
ELK4,basal_to_goblet,viper,-6.150604580976373,5.0,0.0004308521834647968,False,True,5,False,1300
FOXK1,basal_to_goblet,viper,-6.181017269543636,4.0,0.00011538467729655859,False,True,4,False,1301
ZFP69B,basal_to_goblet,viper,-6.190653994542391,2.0,4.7768125550918375e-06,False,False,2,False,1302
ELK1,basal_to_goblet,viper,-6.219954411176516,5.0,0.0005199723805632747,False,True,5,False,1303
NR1H3,basal_to_goblet,viper,-6.235341600358942,5.0,0.0009930081610534378,False,False,5,False,1304
ZNF77,basal_to_goblet,viper,-6.2587807335600765,3.0,0.00010827846975525476,False,False,3,False,1305
ZFP28,basal_to_goblet,viper,-6.2688969187399115,3.0,1.8713311615082783e-05,False,False,3,False,1306
ZNF541,basal_to_goblet,viper,-6.270689606387606,3.0,1.5991285282603086e-05,False,False,3,False,1307
ZNF730,basal_to_goblet,viper,-6.284952925481341,2.0,1.6921742286995524e-05,False,False,2,False,1308
ONECUT2,basal_to_goblet,viper,-6.294596926454181,3.0,0.0001359522097244246,False,False,3,False,1309
HOXD4,basal_to_goblet,viper,-6.331842949306321,3.0,0.0008033858112020116,False,False,3,False,1310
CENPT,basal_to_goblet,viper,-6.333963524046272,3.0,6.68763895390829e-05,False,False,3,False,1311
PAX1,basal_to_goblet,viper,-6.349323324406461,3.0,6.262655883448488e-05,False,False,3,False,1312
HOXB8,basal_to_goblet,viper,-6.355736186640728,3.0,0.0002912232193229029,False,False,3,False,1313
GFI1B,basal_to_goblet,viper,-6.36993978708158,5.0,0.0005854431951481942,False,False,5,False,1314
FOXE3,basal_to_goblet,viper,-6.403174450827691,3.0,4.4982372027736e-05,False,False,3,False,1315
HOXD11,basal_to_goblet,viper,-6.424129176822967,3.0,6.422200549032499e-05,False,False,3,False,1316
ZNF263,basal_to_goblet,viper,-6.451390034378629,6.0,0.0009053252239116997,False,False,6,False,1317
ZNF575,basal_to_goblet,viper,-6.453978178936334,3.0,0.00034791299418269735,False,False,3,False,1318
ZNF277,basal_to_goblet,viper,-6.465201829890657,3.0,4.8517799246461985e-05,False,False,3,False,1319
EBF2,basal_to_goblet,viper,-6.495752942193052,2.0,3.4928414515834244e-06,False,False,2,False,1320
DMBX1,basal_to_goblet,viper,-6.511799306616257,3.0,1.8713311615082783e-05,False,False,3,False,1321
ZFPM2,basal_to_goblet,viper,-6.514779322580006,3.0,8.609539590157124e-06,False,False,3,False,1322
DPF3,basal_to_goblet,viper,-6.530404581372351,3.0,5.077212286266737e-05,False,False,3,False,1323
NANOGP8,basal_to_goblet,viper,-6.5443227626346,2.0,1.1815700641885335e-06,False,False,2,False,1324
SOHLH2,basal_to_goblet,viper,-6.546639155980097,3.0,0.0002011898025158177,False,False,3,False,1325
LHX5,basal_to_goblet,viper,-6.567454735471949,3.0,0.0003000960284782096,False,False,3,False,1326
PITX2,basal_to_goblet,viper,-6.581638730599559,3.0,0.00021835470595267417,False,False,3,False,1327
DEAF1,basal_to_goblet,viper,-6.597910430210162,4.0,1.5726653367418028e-05,False,False,4,False,1328
SP7,basal_to_goblet,viper,-6.5998741012770274,3.0,0.0004345851286086218,False,False,3,False,1329
MEOX2,basal_to_goblet,viper,-6.606799244939795,3.0,0.0005714428211266154,False,False,3,False,1330
DNMT1,basal_to_goblet,viper,-6.6111306687490154,2.0,9.830032184232202e-07,False,False,2,False,1331
HOXD3,basal_to_goblet,viper,-6.618353985046514,3.0,0.00012350885189758238,False,False,3,False,1332
PCGF2,basal_to_goblet,viper,-6.625780527983135,2.0,2.649172668333902e-07,False,False,2,False,1333
KLF8,basal_to_goblet,viper,-6.644692256948686,3.0,3.7115905876278605e-05,False,False,3,False,1334
ZNF57,basal_to_goblet,viper,-6.646910259968598,3.0,1.380455178104747e-05,False,False,3,False,1335
ZNF670,basal_to_goblet,viper,-6.673165013492396,2.0,3.362743406305735e-05,False,False,2,False,1336
FOXF1,basal_to_goblet,viper,-6.67675001191899,3.0,0.00013849643918663397,False,False,3,False,1337
POU3F2,basal_to_goblet,viper,-6.7068671494531396,4.0,4.7532086539404256e-06,False,False,4,False,1338
TSC22D1,basal_to_goblet,viper,-6.714856550063705,3.0,0.00016807167816015658,False,False,3,False,1339
ZNF423,basal_to_goblet,viper,-6.722070603405316,3.0,2.4774506520796386e-05,False,False,3,False,1340
TLX1,basal_to_goblet,viper,-6.744710280961891,3.0,5.935776326093036e-05,False,False,3,False,1341
PAX3,basal_to_goblet,viper,-6.751034937262283,3.0,0.0002507290376466805,False,False,3,False,1342
DMRT1,basal_to_goblet,viper,-6.757334535777673,4.0,5.949609797113215e-06,False,False,4,False,1343
PKNOX2,basal_to_goblet,viper,-6.776254431917579,3.0,9.916440532369935e-06,False,False,3,False,1344
FOXG1,basal_to_goblet,viper,-6.778402571479743,3.0,4.067496356205775e-05,False,False,3,False,1345
NOTO,basal_to_goblet,viper,-6.802402362387007,3.0,0.00016807167816015658,False,False,3,False,1346
ZNF691,basal_to_goblet,viper,-6.81029001012254,3.0,4.958319713255672e-06,False,False,3,False,1347
ZNF311,basal_to_goblet,viper,-6.81406357798517,3.0,4.101925652269706e-05,False,False,3,False,1348
VAX2,basal_to_goblet,viper,-6.824203195724611,3.0,0.00014868588751301918,False,False,3,False,1349
SOX8,basal_to_goblet,viper,-6.8328866753889095,3.0,4.5486875510278856e-05,False,False,3,False,1350
MIXL1,basal_to_goblet,viper,-6.861563997441083,3.0,4.22096266999775e-05,False,False,3,False,1351
TEAD2,basal_to_goblet,viper,-6.864901587055686,4.0,0.0001548649884532442,False,False,4,False,1352
HOXA9,basal_to_goblet,viper,-6.871822402067259,4.0,0.0001596223238253156,False,False,4,False,1353
SP8,basal_to_goblet,viper,-6.9177099487416704,3.0,6.659588844240673e-05,False,False,3,False,1354
ZIC2,basal_to_goblet,viper,-6.919461170671698,3.0,4.012503878759739e-05,False,False,3,False,1355
TCF23,basal_to_goblet,viper,-6.9257318264838394,3.0,3.416539723681606e-05,False,False,3,False,1356
FOXF2,basal_to_goblet,viper,-6.937957852254047,3.0,4.5486875510278856e-05,False,False,3,False,1357
FOXO6,basal_to_goblet,viper,-6.941347457507011,3.0,1.8855208844923267e-05,False,False,3,False,1358
HOXA10,basal_to_goblet,viper,-6.949284901552753,3.0,0.000113582617482239,False,False,3,False,1359
HOXA7,basal_to_goblet,viper,-6.949675975649154,3.0,8.925472109236478e-05,False,False,3,False,1360
SOX10,basal_to_goblet,viper,-6.997139190888087,4.0,0.0006452802804545366,False,False,4,False,1361
IRX4,basal_to_goblet,viper,-7.020836218034227,3.0,0.00018756280390812426,False,False,3,False,1362
ZNF485,basal_to_goblet,viper,-7.026645010491764,3.0,0.00031065089602941114,False,False,3,False,1363
FOXD3,basal_to_goblet,viper,-7.04552429399118,3.0,1.999045321885363e-05,False,False,3,False,1364
ZNF362,basal_to_goblet,viper,-7.054783112825475,3.0,6.992321087881083e-05,False,False,3,False,1365
POU3F4,basal_to_goblet,viper,-7.055772751561299,3.0,2.836731630170725e-05,False,False,3,False,1366
CTCFL,basal_to_goblet,viper,-7.057014748452765,5.0,0.0003583982875438762,False,False,5,False,1367
TCF15,basal_to_goblet,viper,-7.085646869100602,3.0,7.264730127883329e-05,False,False,3,False,1368
GTF3A,basal_to_goblet,viper,-7.13612569006366,3.0,2.6178487478040867e-06,False,False,3,False,1369
ASCL2,basal_to_goblet,viper,-7.140348396065043,3.0,9.721331981612873e-05,False,False,3,False,1370
ZNF503,basal_to_goblet,viper,-7.166127614754732,3.0,3.117949141983694e-05,False,False,3,False,1371
GLI3,basal_to_goblet,viper,-7.187410837961896,3.0,4.4631263201487e-05,False,False,3,False,1372
OTX2,basal_to_goblet,viper,-7.190454455503,4.0,0.0005415383812710182,False,False,4,False,1373
THAP4,basal_to_goblet,viper,-7.214333013050128,3.0,1.8713311615082783e-05,False,False,3,False,1374
TWIST1,basal_to_goblet,viper,-7.2668276581505165,4.0,0.00010815438770316839,False,False,4,False,1375
ZNF239,basal_to_goblet,viper,-7.272426956264349,3.0,2.8330926345386657e-05,False,False,3,False,1376
TCF7L1,basal_to_goblet,viper,-7.296264751617383,3.0,2.4315671441642888e-06,False,False,3,False,1377
ZNF85,basal_to_goblet,viper,-7.299465357990583,3.0,1.2599131378839237e-06,False,False,3,False,1378
HOXD9,basal_to_goblet,viper,-7.328415763064687,3.0,6.759693355518198e-05,False,False,3,False,1379
GLIS2,basal_to_goblet,viper,-7.334091575559437,3.0,2.443926981386725e-05,False,False,3,False,1380
RBPJL,basal_to_goblet,viper,-7.343353280010172,3.0,2.294172851851359e-06,False,False,3,False,1381
ZNF771,basal_to_goblet,viper,-7.348458117793288,3.0,2.6429343782728302e-05,False,False,3,False,1382
LEF1,basal_to_goblet,viper,-7.358875936268711,4.0,0.00012848424985407067,False,False,4,False,1383
ETV5,basal_to_goblet,viper,-7.367874691790424,3.0,3.509987124552416e-05,False,False,3,False,1384
MSC,basal_to_goblet,viper,-7.385017361921878,3.0,3.0504679583328526e-05,False,False,3,False,1385
TBX2,basal_to_goblet,viper,-7.386292123261815,3.0,2.1487006650821186e-06,False,False,3,False,1386
ASCL1,basal_to_goblet,viper,-7.387687837425311,4.0,2.613325139511131e-05,False,False,4,False,1387
HEYL,basal_to_goblet,viper,-7.399957386209011,3.0,0.00011744615535710178,False,False,3,False,1388
TFAP2B,basal_to_goblet,viper,-7.413153429348351,3.0,2.054561556041661e-05,False,False,3,False,1389
ZNF416,basal_to_goblet,viper,-7.431455774651628,3.0,1.380455178104747e-05,False,False,3,False,1390
ZNF724,basal_to_goblet,viper,-7.45287257168433,2.0,3.410419825924562e-07,False,True,2,False,1391
BNC2,basal_to_goblet,viper,-7.4561549063163355,3.0,1.9534160874359725e-05,False,False,3,False,1392
ZNF711,basal_to_goblet,viper,-7.4703401717013955,3.0,3.853799379891019e-06,False,False,3,False,1393
PRRX1,basal_to_goblet,viper,-7.478995372954309,3.0,3.438647854315372e-05,False,False,3,False,1394
MYBL1,basal_to_goblet,viper,-7.482505772772848,4.0,1.1925598500310076e-06,False,False,4,False,1395
MEOX1,basal_to_goblet,viper,-7.522536178576462,3.0,2.3240728748138607e-05,False,False,3,False,1396
PAX6,basal_to_goblet,viper,-7.553397436377944,5.0,4.084066804504164e-05,False,False,5,False,1397
AEBP1,basal_to_goblet,viper,-7.5623255920618915,2.0,4.313297413863305e-07,False,False,2,False,1398
LHX2,basal_to_goblet,viper,-7.564047215159969,4.0,1.5726653367418028e-05,False,False,4,False,1399
SOX17,basal_to_goblet,viper,-7.570732606401244,4.0,4.7532086539404256e-06,False,False,4,False,1400
CEBPA,basal_to_goblet,viper,-7.5885436794645695,5.0,1.1814504699516557e-05,False,False,5,False,1401
HOXA2,basal_to_goblet,viper,-7.608410319361401,3.0,0.0001548649884532442,False,False,3,False,1402
ZNF256,basal_to_goblet,viper,-7.631721715134284,3.0,3.0710917873118793e-06,False,False,3,False,1403
ALX1,basal_to_goblet,viper,-7.650978524910505,3.0,1.0126311982115586e-07,False,False,3,False,1404
TWIST2,basal_to_goblet,viper,-7.651247217970912,2.0,4.4235707912539176e-08,False,False,2,False,1405
TBX20,basal_to_goblet,viper,-7.657230943317657,3.0,3.60897561858385e-05,False,False,3,False,1406
DLX1,basal_to_goblet,viper,-7.662083784851778,3.0,6.9217643115972075e-06,False,False,3,False,1407
HOXB7,basal_to_goblet,viper,-7.668924791993154,5.0,2.1039084457437673e-06,False,False,5,False,1408
DLX3,basal_to_goblet,viper,-7.6755259712418145,3.0,1.623928538793415e-05,False,False,3,False,1409
ZNF90,basal_to_goblet,viper,-7.701363855482384,3.0,3.1506379497840233e-06,False,False,3,False,1410
TAL1,basal_to_goblet,viper,-7.732411231991796,6.0,0.0001786555373976717,False,False,6,False,1411
TSHZ3,basal_to_goblet,viper,-7.742709308358192,3.0,1.3339950124231616e-05,False,False,3,False,1412
ZNF32,basal_to_goblet,viper,-7.7508043622423255,3.0,1.1925598500310076e-06,False,False,3,False,1413
ZNF124,basal_to_goblet,viper,-7.7593523697618165,3.0,3.912452782985044e-06,False,False,3,False,1414
XPA,basal_to_goblet,viper,-7.768048226860526,3.0,2.9818505486398176e-05,False,False,3,False,1415
ZNF732,basal_to_goblet,viper,-7.7683774458489,2.0,9.25208967471643e-09,False,False,2,False,1416
CDX1,basal_to_goblet,viper,-7.8347116198361295,3.0,1.1857379664846523e-05,False,False,3,False,1417
DRAP1,basal_to_goblet,viper,-7.860669013255334,3.0,8.89795245764482e-07,False,False,3,False,1418
ZSCAN10,basal_to_goblet,viper,-7.87065871084623,3.0,1.2024154936305348e-06,False,False,3,False,1419
HAND1,basal_to_goblet,viper,-7.876937999473378,3.0,3.0250019491026558e-06,False,False,3,False,1420
NKRF,basal_to_goblet,viper,-7.9145104236064805,3.0,1.2118174996093064e-06,False,False,3,False,1421
NEUROG2,basal_to_goblet,viper,-7.922995931513292,3.0,4.511484727177858e-06,False,False,3,False,1422
ZFP92,basal_to_goblet,viper,-7.9234953254701965,3.0,1.3640230637391722e-07,False,False,3,False,1423
SOX1,basal_to_goblet,viper,-7.9478904626927385,3.0,2.9264220153177208e-06,False,False,3,False,1424
ZNF488,basal_to_goblet,viper,-7.953847641114085,2.0,1.6204496091807122e-09,False,False,2,False,1425
ZNF257,basal_to_goblet,viper,-7.971070153215323,3.0,9.42185057774027e-07,False,True,3,False,1426
LHX6,basal_to_goblet,viper,-7.984665634825314,3.0,4.108108716893232e-06,False,False,3,False,1427
DBX2,basal_to_goblet,viper,-8.019197964380115,3.0,7.357741006810302e-06,False,False,3,False,1428
ZFP37,basal_to_goblet,viper,-8.031653034722089,3.0,2.1339548385571455e-08,False,False,3,False,1429
SOX15,basal_to_goblet,viper,-8.05292119031884,3.0,1.4290496596751382e-06,False,False,3,False,1430
DLX5,basal_to_goblet,viper,-8.068982923651243,3.0,4.880923910584901e-06,False,False,3,False,1431
TCF21,basal_to_goblet,viper,-8.103914355763957,4.0,2.1445925622294783e-05,False,False,4,False,1432
ZNF521,basal_to_goblet,viper,-8.104164691970317,3.0,8.392074991243866e-08,False,False,3,False,1433
ALX4,basal_to_goblet,viper,-8.106465877309951,3.0,7.717799682309057e-07,False,False,3,False,1434
POU5F1,basal_to_goblet,viper,-8.135868719966805,5.0,2.5103719117677392e-06,False,True,5,False,1435
CENPS,basal_to_goblet,viper,-8.192118588728887,2.0,1.3978404458916325e-07,False,True,2,False,1436
MXD3,basal_to_goblet,viper,-8.19461228508773,3.0,1.253999740928845e-08,False,True,3,False,1437
ZNF679,basal_to_goblet,viper,-8.21669882290137,3.0,3.0069775106882735e-08,False,False,3,False,1438
NANOG,basal_to_goblet,viper,-8.298463805509055,6.0,1.5781880585880154e-07,False,False,6,False,1439
ISL2,basal_to_goblet,viper,-8.322864693841533,3.0,3.2534882304070536e-08,False,False,3,False,1440
ZNF22,basal_to_goblet,viper,-8.369489725955782,3.0,6.113205073203539e-08,False,False,3,False,1441
MTERF3,basal_to_goblet,viper,-8.422634350522342,2.0,1.743998546045231e-09,False,False,2,False,1442
ZNF878,basal_to_goblet,viper,-8.434318824651138,2.0,3.3834008863302154e-08,False,False,2,False,1443
ZNF385A,basal_to_goblet,viper,-8.483504559562105,3.0,8.213045663782287e-07,False,False,3,False,1444
ETV4,basal_to_goblet,viper,-8.4975268796545,4.0,6.2599108379667155e-06,False,False,4,False,1445
RFX5,basal_to_goblet,viper,-8.509851018497027,5.0,1.9034649598803193e-07,False,False,5,False,1446
FOXP3,basal_to_goblet,viper,-8.511051859034431,4.0,1.8302216900231077e-09,False,False,4,False,1447
ZNF530,basal_to_goblet,viper,-8.525353011713763,3.0,1.1103495807263391e-08,False,False,3,False,1448
PCGF6,basal_to_goblet,viper,-8.564389673531366,3.0,4.567390537469551e-09,False,False,3,False,1449
BCL11B,basal_to_goblet,viper,-8.593715197049931,3.0,3.178694048473185e-08,False,False,3,False,1450
SALL3,basal_to_goblet,viper,-8.621931736217087,3.0,5.204360930627211e-07,False,False,3,False,1451
ZNF92,basal_to_goblet,viper,-8.625263987656824,4.0,6.5160766472028625e-06,False,False,4,False,1452
ZNF93,basal_to_goblet,viper,-8.629166791882412,3.0,1.2860763419927933e-07,False,False,3,False,1453
SOX11,basal_to_goblet,viper,-8.659855987104882,5.0,1.3288768870929601e-05,False,False,5,False,1454
RXRG,basal_to_goblet,viper,-8.676669265420363,3.0,3.989698527752889e-08,False,False,3,False,1455
ZIC5,basal_to_goblet,viper,-8.734843263428468,3.0,1.988842292871801e-08,False,False,3,False,1456
BCL11A,basal_to_goblet,viper,-8.73785111258056,5.0,3.390159019043677e-05,False,False,5,False,1457
ZNF689,basal_to_goblet,viper,-8.741007859814793,3.0,1.031001470231221e-08,False,False,3,False,1458
FLI1,basal_to_goblet,viper,-8.803460027585022,6.0,4.7532086539404256e-06,False,False,6,False,1459
SALL2,basal_to_goblet,viper,-8.830810091364707,3.0,5.828247388616495e-07,False,False,3,False,1460
NR0B1,basal_to_goblet,viper,-8.852761720869815,4.0,5.291484491143363e-10,False,False,4,False,1461
HOXB13,basal_to_goblet,viper,-8.869307477267348,4.0,7.895391755025e-08,False,False,4,False,1462
FOXI3,basal_to_goblet,viper,-8.92854090989332,2.0,3.435713490385139e-11,False,False,2,False,1463
MYNN,basal_to_goblet,viper,-8.936875597492692,4.0,1.2481387408411957e-09,False,False,4,False,1464
FOXN1,basal_to_goblet,viper,-8.963468308503588,3.0,2.0167049503642954e-06,False,False,3,False,1465
TBX18,basal_to_goblet,viper,-9.043147150818049,3.0,2.492419215604065e-06,False,False,3,False,1466
ETS1,basal_to_goblet,viper,-9.096058635258094,6.0,4.768455599563734e-05,False,False,6,False,1467
TFAP2A,basal_to_goblet,viper,-9.11432496227026,6.0,2.258083807167849e-06,False,False,6,False,1468
GLI1,basal_to_goblet,viper,-9.11551492716835,4.0,8.798213251912936e-08,False,False,4,False,1469
POU3F1,basal_to_goblet,viper,-9.134615244892874,4.0,1.2557439525870018e-07,False,False,4,False,1470
BNC1,basal_to_goblet,viper,-9.20538780365322,3.0,1.988842292871801e-08,False,False,3,False,1471
PRDM13,basal_to_goblet,viper,-9.245292894717933,3.0,1.4168295816608619e-07,False,False,3,False,1472
ETV1,basal_to_goblet,viper,-9.280006836639583,4.0,2.757925465676935e-08,False,False,4,False,1473
ZNF146,basal_to_goblet,viper,-9.352902539600416,3.0,1.1447986542751787e-07,False,False,3,False,1474
DUXA,basal_to_goblet,viper,-9.416726406394835,3.0,4.96644102385546e-08,False,False,3,False,1475
PRDM14,basal_to_goblet,viper,-9.440653075693167,5.0,1.7937489730151522e-07,False,False,5,False,1476
ZNF511,basal_to_goblet,viper,-9.55154909592798,3.0,5.594577429179051e-08,False,False,3,False,1477
YBX1,basal_to_goblet,viper,-9.59299349994942,3.0,1.8203017013513642e-11,False,False,3,False,1478
FOXS1,basal_to_goblet,viper,-9.75838323854548,3.0,2.8677611116106732e-08,False,False,3,False,1479
AHRR,basal_to_goblet,viper,-9.913639694755496,2.0,2.7480634445612454e-11,False,True,2,False,1480
EBF1,basal_to_goblet,viper,-9.914575062497228,5.0,8.217801635825992e-08,False,False,5,False,1481
NFYB,basal_to_goblet,viper,-9.968697072539552,5.0,1.9034649598803193e-07,False,False,5,False,1482
TERF1,basal_to_goblet,viper,-10.051700845944557,4.0,3.737043434690894e-08,False,False,4,False,1483
SNAI2,basal_to_goblet,viper,-10.092158943083108,4.0,8.07177659782589e-08,False,False,4,False,1484
ESRRB,basal_to_goblet,viper,-10.45201560762767,4.0,5.364981311631526e-11,False,False,4,False,1485
ZFP64,basal_to_goblet,viper,-10.518896738985879,3.0,4.389373457581781e-12,False,False,3,False,1486
NEUROD2,basal_to_goblet,viper,-10.53452097154944,4.0,2.088174351722414e-13,False,False,4,False,1487
ZNF560,basal_to_goblet,viper,-10.654981021327798,3.0,1.055513876845679e-12,False,False,3,False,1488
HMGA1,basal_to_goblet,viper,-10.676396114974638,3.0,1.540759201479481e-11,False,False,3,False,1489
ZNF215,basal_to_goblet,viper,-10.778430713142797,3.0,2.1024344074370645e-11,False,False,3,False,1490
HOXC9,basal_to_goblet,viper,-10.778752820613681,4.0,1.6885170361822826e-12,False,False,4,False,1491
TFAP4,basal_to_goblet,viper,-10.796528653138475,4.0,5.334218166415992e-10,False,False,4,False,1492
E2F8,basal_to_goblet,viper,-10.839865500451769,3.0,2.0071266221681543e-10,False,False,3,False,1493
ZNF519,basal_to_goblet,viper,-10.963942080782997,3.0,1.9966359644239785e-13,False,False,3,False,1494
SALL1,basal_to_goblet,viper,-10.987760923778666,4.0,1.5460889927781329e-09,False,False,4,False,1495
TET1,basal_to_goblet,viper,-11.053140534623104,3.0,7.295075148835726e-17,False,False,3,False,1496
BHLHE22,basal_to_goblet,viper,-11.141114915786067,3.0,2.2824215103603984e-15,False,False,3,False,1497
ZNF581,basal_to_goblet,viper,-11.352752590283652,3.0,1.851374916730062e-12,False,False,3,False,1498
TGIF2,basal_to_goblet,viper,-11.387162980316615,4.0,4.2463392257750325e-12,False,False,4,False,1499
E2F2,basal_to_goblet,viper,-11.388880968690907,3.0,4.122104240407185e-12,False,False,3,False,1500
CEBPZ,basal_to_goblet,viper,-11.394035018353792,5.0,1.0394552231428801e-08,False,False,5,False,1501
PGR,basal_to_goblet,viper,-11.468512293655799,4.0,4.840067793991571e-12,False,False,4,False,1502
PAX5,basal_to_goblet,viper,-11.883835346712585,5.0,9.533603129162e-14,False,False,5,False,1503
TFDP1,basal_to_goblet,viper,-11.91598041948899,4.0,8.239358092621052e-11,False,False,4,False,1504
ZFP42,basal_to_goblet,viper,-11.970398362890402,3.0,6.148107311443521e-17,False,False,3,False,1505
ATF1,basal_to_goblet,viper,-12.003734277342296,5.0,6.562548268865551e-13,False,False,5,False,1506
CBX2,basal_to_goblet,viper,-12.007326290782348,5.0,1.5371921372819847e-10,False,False,5,False,1507
E2F4,basal_to_goblet,viper,-12.057785767869719,6.0,5.291484491143363e-10,False,False,6,False,1508
PPARG,basal_to_goblet,viper,-12.1428399427491,5.0,4.813744895461971e-15,False,False,5,False,1509
E2F6,basal_to_goblet,viper,-12.277217879837398,5.0,1.0149684143053706e-14,False,False,5,False,1510
PA2G4,basal_to_goblet,viper,-12.492129214813085,2.0,1.529846022357604e-16,False,False,2,False,1511
PRMT3,basal_to_goblet,viper,-12.759075625769713,3.0,2.956542334989344e-14,False,False,3,False,1512
ZNF492,basal_to_goblet,viper,-12.76613236754121,2.0,4.9203336415678373e-17,False,True,2,False,1513
GATA4,basal_to_goblet,viper,-13.68879462877488,5.0,3.630441204433199e-17,False,False,5,False,1514
E2F7,basal_to_goblet,viper,-13.695762633837738,5.0,3.138883098273128e-11,False,False,5,False,1515
MYCN,basal_to_goblet,viper,-13.752471518430564,5.0,6.148107311443521e-17,False,False,5,False,1516
ERG,basal_to_goblet,viper,-13.7622417650351,5.0,3.796839186571795e-18,False,False,5,False,1517
ZNF695,basal_to_goblet,viper,-14.22259843323078,3.0,1.574853113590142e-17,False,False,3,False,1518
CENPA,basal_to_goblet,viper,-14.403646128369704,2.0,1.0437930058928627e-21,False,False,2,False,1519
KLF1,basal_to_goblet,viper,-14.605431266084237,5.0,5.531166633385833e-18,False,False,5,False,1520
AR,basal_to_goblet,viper,-14.688496654122597,5.0,2.7457674323991018e-21,False,False,5,False,1521
WT1,basal_to_goblet,viper,-14.776173108401343,4.0,3.111621791896533e-26,False,False,4,False,1522
ZNF367,basal_to_goblet,viper,-14.778172900843849,3.0,1.944214954484246e-18,False,False,3,False,1523
TP53,basal_to_goblet,viper,-14.851088656359927,5.0,4.917226213662592e-16,False,False,5,False,1524
MAX,basal_to_goblet,viper,-15.274404632801998,5.0,3.696415411468272e-21,False,False,5,False,1525
SRY,basal_to_goblet,viper,-15.627459114885122,4.0,1.2035884523387476e-26,False,False,4,False,1526
GATA3,basal_to_goblet,viper,-15.636362396313988,6.0,6.487342502866387e-14,False,False,6,False,1527
TP63,basal_to_goblet,viper,-15.899919762866597,5.0,4.416680841053877e-21,False,False,5,False,1528
ARID3A,basal_to_goblet,viper,-16.15367366718961,5.0,3.964085022320852e-24,False,False,5,False,1529
MYBL2,basal_to_goblet,viper,-16.715404031646386,6.0,2.09968131902143e-15,False,False,6,False,1530
TEAD4,basal_to_goblet,viper,-16.922395601570862,6.0,1.0494391216153578e-23,False,False,6,False,1531
E2F1,basal_to_goblet,viper,-17.632131585267093,6.0,7.017383533220046e-18,False,False,6,False,1532
MYC,basal_to_goblet,viper,-21.135460642814287,6.0,1.1398214377430197e-29,False,False,6,False,1533
FOXM1,basal_to_goblet,viper,-21.70837182268456,6.0,2.1714282021333052e-20,False,False,6,False,1534
