tf,contrast,method,nes,n_networks,fdr,binding_positive,expression_positive,n_libraries,both_families_positive,rank
FOXJ1,basal_to_ciliated,viper,30.62944325021209,3.0,5.506144152717147e-91,False,True,3,False,1
ZNF474,basal_to_ciliated,viper,29.573614040448895,3.0,5.800347212878592e-82,False,True,3,False,2
RFX3,basal_to_ciliated,viper,28.720984445116116,3.0,3.9687087204084437e-75,False,True,3,False,3
CCDC17,basal_to_ciliated,viper,28.60046220918499,2.0,1.3082582525080771e-95,False,True,2,False,4
RFX2,basal_to_ciliated,viper,27.527631132520394,4.0,1.0371414862758954e-56,True,True,4,True,5
CREM,basal_to_ciliated,viper,25.509953810189124,5.0,1.6878354327184197e-62,True,True,5,True,6
NRF1,basal_to_ciliated,viper,21.815785662360536,5.0,2.0690374090542587e-48,True,True,5,True,7
ZNF440,basal_to_ciliated,viper,19.82451752116957,3.0,5.464732133084389e-50,False,True,3,False,8
ZNF473,basal_to_ciliated,viper,18.97649220127888,3.0,9.000982873216074e-37,False,True,3,False,9
MITF,basal_to_ciliated,viper,18.024230628882133,5.0,9.416597229978535e-33,True,True,5,True,10
ZKSCAN1,basal_to_ciliated,viper,17.705419967518903,5.0,2.780034403137953e-32,True,True,5,True,11
CENPS,basal_to_ciliated,viper,17.623801864920058,2.0,3.7930165624351985e-34,False,True,2,False,12
FOXA1,basal_to_ciliated,viper,17.428729528816632,6.0,4.3459212272301646e-20,True,True,6,True,13
STAT3,basal_to_ciliated,viper,16.962294431500712,6.0,5.133287232478993e-19,True,True,6,True,14
HNF4A,basal_to_ciliated,viper,16.82902574894582,6.0,2.4943617695605406e-21,True,True,6,True,15
ZNF19,basal_to_ciliated,viper,16.68353790388496,3.0,1.606369390604842e-33,False,True,3,False,16
ZNF143,basal_to_ciliated,viper,16.634776189764096,5.0,5.9757042361518055e-25,True,True,5,True,17
ZNF396,basal_to_ciliated,viper,16.278882472228858,3.0,4.8996682614552405e-34,False,True,3,False,18
ZBTB33,basal_to_ciliated,viper,15.702387991076257,5.0,2.8526779256858675e-23,True,True,5,True,19
ZNF165,basal_to_ciliated,viper,15.699027178097982,4.0,3.5893329617374097e-28,True,True,4,True,20
ZFHX2,basal_to_ciliated,viper,15.67315892972362,3.0,6.367478196240151e-32,False,True,3,False,21
MXI1,basal_to_ciliated,viper,15.5638507169538,5.0,4.9361384868683306e-24,True,True,5,True,22
HMGN3,basal_to_ciliated,viper,15.449773056995312,4.0,4.607126200104343e-25,True,True,4,True,23
GATA1,basal_to_ciliated,viper,15.288528521899687,6.0,3.127524180320145e-16,True,True,6,True,24
FOXA2,basal_to_ciliated,viper,15.247129758313902,6.0,1.69131423016606e-17,True,True,6,True,25
RFX1,basal_to_ciliated,viper,15.026404010656787,4.0,3.892093156297249e-24,True,True,4,True,26
CXXC4,basal_to_ciliated,viper,14.982265937548714,3.0,2.7674171011656016e-25,True,True,3,True,27
TIGD4,basal_to_ciliated,viper,14.583468166476738,3.0,1.6712863906793387e-17,False,True,3,False,28
TBPL1,basal_to_ciliated,viper,14.463180075852009,2.0,4.1721455565602116e-29,False,True,2,False,29
FOXP1,basal_to_ciliated,viper,13.754727264644714,5.0,5.485016819909805e-21,True,True,5,True,30
ZNF599,basal_to_ciliated,viper,13.739753012452466,3.0,8.934429006214771e-23,False,True,3,False,31
ZNF20,basal_to_ciliated,viper,13.676923374423623,3.0,2.295045818204858e-19,False,True,3,False,32
ZNF610,basal_to_ciliated,viper,13.540633896453036,3.0,2.7520213158334837e-24,False,True,3,False,33
NFYA,basal_to_ciliated,viper,13.425970069850525,5.0,5.092315477175662e-13,True,True,5,True,34
MAZ,basal_to_ciliated,viper,13.241584606744786,5.0,2.04971739718474e-17,True,True,5,True,35
ZNF487,basal_to_ciliated,viper,13.23371640018004,3.0,2.6483767230619174e-19,False,True,3,False,36
TBP,basal_to_ciliated,viper,13.183744264095226,5.0,8.966634158359076e-19,True,True,5,True,37
STAT5A,basal_to_ciliated,viper,13.070470976406497,6.0,6.552095796799996e-12,True,True,6,True,38
SMAD4,basal_to_ciliated,viper,13.022771593609622,5.0,4.471427257795481e-18,True,True,5,True,39
MYB,basal_to_ciliated,viper,12.996453889641002,6.0,5.4827093554459645e-11,True,True,6,True,40
KDM5B,basal_to_ciliated,viper,12.927112483166534,5.0,7.036870491479675e-11,True,True,5,True,41
ZNF709,basal_to_ciliated,viper,12.852561666733438,3.0,1.3770664003240678e-21,False,True,3,False,42
SOX5,basal_to_ciliated,viper,12.731556147157914,3.0,1.6274923739799704e-20,False,True,3,False,43
USF1,basal_to_ciliated,viper,12.698239877341226,5.0,2.964988325082467e-17,True,True,5,True,44
ZNF607,basal_to_ciliated,viper,12.582383668019697,3.0,4.091850434973081e-21,False,True,3,False,45
ZNF846,basal_to_ciliated,viper,12.528888825162637,3.0,1.4582431276960665e-20,False,True,3,False,46
STAT1,basal_to_ciliated,viper,12.502739750923807,6.0,2.136583983649431e-15,True,True,6,True,47
HNF4G,basal_to_ciliated,viper,12.439851703127061,5.0,1.0532358925438446e-10,True,True,5,True,48
ZNF273,basal_to_ciliated,viper,12.423782888314982,3.0,1.0620720492378649e-19,False,True,3,False,49
TCFL5,basal_to_ciliated,viper,12.41537354358916,3.0,5.926508443389151e-20,False,True,3,False,50
RXRA,basal_to_ciliated,viper,12.06703064394135,6.0,3.96625722766156e-13,True,True,6,True,51
ZSCAN1,basal_to_ciliated,viper,12.011852741636906,3.0,3.630581118685153e-14,False,True,3,False,52
PBX3,basal_to_ciliated,viper,11.963659042416012,5.0,1.602892459859233e-15,True,True,5,True,53
ZNF214,basal_to_ciliated,viper,11.912900869621826,3.0,8.0680277980974e-15,False,True,3,False,54
DACH1,basal_to_ciliated,viper,11.81709976647783,3.0,3.403216095740912e-18,True,True,3,True,55
REST,basal_to_ciliated,viper,11.62517347054312,6.0,3.3621962593786206e-08,True,True,6,True,56
IRF3,basal_to_ciliated,viper,11.584070681231244,5.0,4.609973818125035e-13,True,True,5,True,57
ZNF516,basal_to_ciliated,viper,11.546310317130935,3.0,7.461590573642091e-18,False,True,3,False,58
SETDB1,basal_to_ciliated,viper,11.512720890978619,6.0,2.8226509609032906e-10,True,True,6,True,59
ZNF23,basal_to_ciliated,viper,11.501348856108967,3.0,9.614237516868148e-18,False,True,3,False,60
ZSCAN18,basal_to_ciliated,viper,11.485124994283629,3.0,2.49975111154841e-12,False,True,3,False,61
ZSCAN5A,basal_to_ciliated,viper,11.394499695364734,3.0,7.984120230683242e-12,False,True,3,False,62
ZNF563,basal_to_ciliated,viper,11.341659553923803,3.0,1.618827403188756e-11,False,True,3,False,63
NR2F1,basal_to_ciliated,viper,11.271766396931174,4.0,9.89385036321546e-12,True,True,4,True,64
FOXO3,basal_to_ciliated,viper,11.189978875958456,4.0,8.015990654461461e-16,True,True,4,True,65
LYL1,basal_to_ciliated,viper,10.96937617028231,5.0,3.386595303139586e-10,True,True,5,True,66
SNAPC4,basal_to_ciliated,viper,10.936276204453138,4.0,9.500128425610685e-11,True,True,4,True,67
ELF1,basal_to_ciliated,viper,10.820105379448426,5.0,4.4840000415832105e-11,True,True,5,True,68
ZNF546,basal_to_ciliated,viper,10.748149138597848,3.0,1.5489979622804987e-12,False,True,3,False,69
ZNF233,basal_to_ciliated,viper,10.685448806260071,3.0,4.1168079974837793e-14,False,True,3,False,70
TP73,basal_to_ciliated,viper,10.65796123503916,3.0,7.043602172132827e-15,False,True,3,False,71
FOXN4,basal_to_ciliated,viper,10.594460556205439,3.0,5.412598918176889e-15,False,True,3,False,72
ESRRG,basal_to_ciliated,viper,10.52579939813671,3.0,6.701862475054631e-11,False,True,3,False,73
GTF2IRD2B,basal_to_ciliated,viper,10.488763308405181,3.0,1.748874787986166e-14,False,True,3,False,74
CPXCR1,basal_to_ciliated,viper,10.340508925418828,3.0,1.799958654100814e-12,False,True,3,False,75
RARA,basal_to_ciliated,viper,10.302955347889654,5.0,1.5705858567074287e-10,True,True,5,True,76
NR6A1,basal_to_ciliated,viper,10.280560945668078,3.0,4.981807139253144e-15,False,True,3,False,77
ELK3,basal_to_ciliated,viper,10.233864048972379,4.0,1.9530392618910283e-13,True,True,4,True,78
DMRTA1,basal_to_ciliated,viper,10.167130415968147,3.0,1.7324732451227283e-10,False,True,3,False,79
PHF1,basal_to_ciliated,viper,10.156625698183266,2.0,1.1497565722811027e-15,False,True,2,False,80
ZNF391,basal_to_ciliated,viper,10.134862909216126,3.0,2.9549442376338575e-11,False,True,3,False,81
L3MBTL1,basal_to_ciliated,viper,9.898855343909496,2.0,5.853531244418784e-12,False,True,2,False,82
DZIP1,basal_to_ciliated,viper,9.881492062798069,3.0,1.3877060151984934e-11,False,True,3,False,83
NR3C1,basal_to_ciliated,viper,9.860264160467207,6.0,7.818411600251176e-08,True,True,6,True,84
ZNF584,basal_to_ciliated,viper,9.83732923460454,4.0,3.661898347081577e-08,True,True,4,True,85
ZNF713,basal_to_ciliated,viper,9.81712797377149,3.0,3.8366736356194767e-10,False,True,3,False,86
ZNF432,basal_to_ciliated,viper,9.810534991176567,3.0,6.668171328631413e-12,False,True,3,False,87
TCF24,basal_to_ciliated,viper,9.789384401987864,3.0,1.893376476225083e-09,False,True,3,False,88
YBX2,basal_to_ciliated,viper,9.74476867326904,3.0,4.314790851674432e-11,False,True,3,False,89
ZFP3,basal_to_ciliated,viper,9.736308201174756,3.0,2.269744620331342e-12,False,True,3,False,90
ZNF135,basal_to_ciliated,viper,9.617431213456983,3.0,3.5596832954892706e-10,False,True,3,False,91
NR2C2,basal_to_ciliated,viper,9.59012635452848,5.0,5.675353203256333e-10,True,True,5,True,92
ASCL3,basal_to_ciliated,viper,9.572377428177091,3.0,3.9236892988895354e-10,False,True,3,False,93
ZBTB20,basal_to_ciliated,viper,9.523815582847025,3.0,1.4291009606785221e-11,False,True,3,False,94
ZNF69,basal_to_ciliated,viper,9.269390996009092,3.0,2.3295866699323985e-07,False,True,3,False,95
TBX22,basal_to_ciliated,viper,9.181492426297597,3.0,1.498233454320571e-10,False,True,3,False,96
POU2AF1,basal_to_ciliated,viper,9.175472719437636,2.0,8.915789242592713e-13,False,True,2,False,97
ZFP90,basal_to_ciliated,viper,9.126422534498523,3.0,4.691127598224899e-09,False,True,3,False,98
HNF1B,basal_to_ciliated,viper,9.119598394382066,3.0,3.682375661138709e-09,True,True,3,True,99
ZNF569,basal_to_ciliated,viper,9.114530581420775,3.0,2.672919583337426e-11,False,True,3,False,100
FOXP2,basal_to_ciliated,viper,9.087076629094927,6.0,4.770243579189002e-06,True,True,6,True,101
E2F5,basal_to_ciliated,viper,9.085908757685885,4.0,1.7956109709260277e-10,True,True,4,True,102
GTF2B,basal_to_ciliated,viper,9.024737967194884,4.0,1.1750514511214018e-09,True,True,4,True,103
ZNF274,basal_to_ciliated,viper,9.000866684502668,6.0,2.113139301128923e-07,True,True,6,True,104
DPF1,basal_to_ciliated,viper,8.996203418254611,3.0,1.4601348276852265e-08,False,True,3,False,105
SOX3,basal_to_ciliated,viper,8.985587409842042,3.0,1.4671331012988909e-08,False,True,3,False,106
MBD1,basal_to_ciliated,viper,8.89941019351869,3.0,1.4952693374185528e-10,False,True,3,False,107
HSF1,basal_to_ciliated,viper,8.869983973132419,5.0,3.550717950658463e-06,True,True,5,True,108
MBD4,basal_to_ciliated,viper,8.861309169019298,5.0,1.9671724817344645e-08,True,True,5,True,109
ZNF704,basal_to_ciliated,viper,8.813224613598583,3.0,7.33880285587698e-08,False,True,3,False,110
CSRNP2,basal_to_ciliated,viper,8.812436840363576,2.0,6.687078296973216e-12,False,True,2,False,111
ZNF780A,basal_to_ciliated,viper,8.806022802668338,3.0,8.734963836299566e-09,False,True,3,False,112
GABPA,basal_to_ciliated,viper,8.804332366869676,6.0,5.332501525194716e-05,True,True,6,True,113
ARNT,basal_to_ciliated,viper,8.785237414093638,5.0,2.9526989599606894e-07,True,True,5,True,114
CPEB1,basal_to_ciliated,viper,8.718704150299702,2.0,4.06176400530329e-12,False,True,2,False,115
ZNF875,basal_to_ciliated,viper,8.687746920534218,3.0,1.390092923267309e-06,False,True,3,False,116
ARX,basal_to_ciliated,viper,8.684533920991953,3.0,2.226827309674577e-08,False,True,3,False,117
LHX8,basal_to_ciliated,viper,8.650591087917366,3.0,1.5138967085258214e-08,False,True,3,False,118
ZNF433,basal_to_ciliated,viper,8.644793270230865,3.0,3.2454346515485315e-10,False,True,3,False,119
ESR2,basal_to_ciliated,viper,8.642310003179391,5.0,4.202458109364684e-07,True,True,5,True,120
MEIS2,basal_to_ciliated,viper,8.63002310439958,4.0,1.3181232799682453e-06,True,True,4,True,121
CREB3,basal_to_ciliated,viper,8.628066759977344,4.0,6.193825917266752e-07,True,True,4,True,122
NCOA2,basal_to_ciliated,viper,8.52531310665687,4.0,1.6495939493293428e-08,True,True,4,True,123
ZNF385C,basal_to_ciliated,viper,8.517134953950148,3.0,2.5875527167976127e-08,False,True,3,False,124
SATB1,basal_to_ciliated,viper,8.509287453467124,4.0,5.2660066213251884e-08,True,True,4,True,125
FAM170A,basal_to_ciliated,viper,8.503204801208623,3.0,8.682288677486151e-09,False,True,3,False,126
ZNF497,basal_to_ciliated,viper,8.501518975485205,3.0,7.336359256955568e-07,False,True,3,False,127
ZBTB46,basal_to_ciliated,viper,8.49436967193763,3.0,9.027233676513174e-07,False,True,3,False,128
JAZF1,basal_to_ciliated,viper,8.48299227952807,3.0,7.472569693335739e-07,False,True,3,False,129
ZNF3,basal_to_ciliated,viper,8.425848120237415,3.0,6.275395213016561e-08,False,True,3,False,130
ZBTB25,basal_to_ciliated,viper,8.4145052022554,3.0,1.2659524059632134e-09,False,True,3,False,131
ZNF132,basal_to_ciliated,viper,8.404668951134761,3.0,9.00409018644753e-09,False,True,3,False,132
NR3C2,basal_to_ciliated,viper,8.399902471333805,3.0,1.0865148092537397e-06,False,True,3,False,133
ZNF585B,basal_to_ciliated,viper,8.393341043444071,3.0,4.403188066895916e-07,False,True,3,False,134
SOX30,basal_to_ciliated,viper,8.385385371218163,3.0,2.640717464985189e-09,False,True,3,False,135
GPBP1,basal_to_ciliated,viper,8.367755532986777,2.0,3.713610157708951e-10,False,True,2,False,136
ZNF382,basal_to_ciliated,viper,8.36452410653977,3.0,1.0320742959043427e-07,False,True,3,False,137
PRDM8,basal_to_ciliated,viper,8.351228601603566,3.0,1.1529341987987912e-06,False,True,3,False,138
NFATC2,basal_to_ciliated,viper,8.318256740555523,3.0,2.0503590423952567e-06,False,True,3,False,139
ZNF24,basal_to_ciliated,viper,8.307941390807212,4.0,4.537135703043813e-09,True,True,4,True,140
BARHL1,basal_to_ciliated,viper,8.255215231189942,3.0,8.336412451691021e-08,False,True,3,False,141
ZNF329,basal_to_ciliated,viper,8.16979529062419,3.0,7.1706364657644464e-06,False,True,3,False,142
ZNF341,basal_to_ciliated,viper,8.163060683291224,3.0,3.0702316292248547e-07,False,True,3,False,143
THAP1,basal_to_ciliated,viper,8.116937845130249,5.0,3.910066365082513e-05,True,True,5,True,144
ZNF483,basal_to_ciliated,viper,8.036287190509498,3.0,1.1641166514936287e-06,False,True,3,False,145
ZNF200,basal_to_ciliated,viper,8.02763305246075,3.0,9.712961424276999e-07,False,True,3,False,146
NPAS3,basal_to_ciliated,viper,8.025155123029776,3.0,4.883537722507345e-06,False,True,3,False,147
ZKSCAN3,basal_to_ciliated,viper,8.024001463607982,3.0,1.0856962861688674e-08,False,True,3,False,148
ZSCAN16,basal_to_ciliated,viper,7.980161372647216,3.0,5.049429140263677e-07,False,True,3,False,149
ZNF175,basal_to_ciliated,viper,7.964235850110492,4.0,1.297421384223126e-07,True,True,4,True,150
OVOL2,basal_to_ciliated,viper,7.955783513345774,3.0,3.614450548974673e-06,False,True,3,False,151
HES6,basal_to_ciliated,viper,7.905441566926891,3.0,2.7588389169679597e-07,False,True,3,False,152
THRA,basal_to_ciliated,viper,7.885873567384241,4.0,7.592851600823237e-06,True,True,4,True,153
ZNF585A,basal_to_ciliated,viper,7.883933073199277,3.0,7.927484146087303e-06,False,True,3,False,154
POU2F2,basal_to_ciliated,viper,7.872752847845822,5.0,4.4474144074993965e-06,True,True,5,True,155
ZNF717,basal_to_ciliated,viper,7.847246227856849,3.0,5.984607474883328e-07,False,True,3,False,156
ZNF334,basal_to_ciliated,viper,7.810923378136149,3.0,7.62412726251492e-06,False,True,3,False,157
ZMAT1,basal_to_ciliated,viper,7.761184602053898,3.0,3.3564068955190227e-06,False,True,3,False,158
NR5A2,basal_to_ciliated,viper,7.759048946805831,4.0,2.136297460128407e-07,True,True,4,True,159
GTF2IRD2,basal_to_ciliated,viper,7.7447785072759485,3.0,3.453812076109759e-08,False,True,3,False,160
ZNF491,basal_to_ciliated,viper,7.7373755494263685,3.0,5.0423390565412286e-08,False,True,3,False,161
CARF,basal_to_ciliated,viper,7.721695761430109,2.0,4.86722808631977e-09,False,True,2,False,162
ZNF264,basal_to_ciliated,viper,7.688866002082758,3.0,2.237581642134452e-07,False,True,3,False,163
ZNF544,basal_to_ciliated,viper,7.671430027107027,3.0,5.118055515722838e-07,False,True,3,False,164
LMX1A,basal_to_ciliated,viper,7.671291368915292,3.0,1.8197168856536664e-07,False,True,3,False,165
BCL6,basal_to_ciliated,viper,7.6564783633167455,5.0,7.09245740867158e-06,True,True,5,True,166
ZNF429,basal_to_ciliated,viper,7.651184062032881,3.0,7.927484146087303e-06,False,True,3,False,167
ZNF606,basal_to_ciliated,viper,7.629313594057168,3.0,3.4848101241566646e-06,False,True,3,False,168
HINFP,basal_to_ciliated,viper,7.6272457958861715,3.0,6.426256155774635e-07,True,True,3,True,169
ZNF555,basal_to_ciliated,viper,7.627178556068405,3.0,1.5125305657420395e-05,False,True,3,False,170
ZNF646,basal_to_ciliated,viper,7.620499374767548,3.0,7.608116465960182e-08,False,True,3,False,171
IRX3,basal_to_ciliated,viper,7.619964093676188,3.0,4.3574896072663855e-07,False,True,3,False,172
ZNF808,basal_to_ciliated,viper,7.565116972808043,3.0,7.1325095798907695e-06,False,True,3,False,173
AKNA,basal_to_ciliated,viper,7.552467255034483,3.0,2.917316697455848e-05,False,True,3,False,174
MEF2A,basal_to_ciliated,viper,7.52733658999254,6.0,7.700830931799042e-05,True,True,6,True,175
CREBL2,basal_to_ciliated,viper,7.439976910964169,3.0,7.506950271142691e-06,False,True,3,False,176
CASZ1,basal_to_ciliated,viper,7.435773424765221,3.0,4.003049340489e-07,False,True,3,False,177
ZNF517,basal_to_ciliated,viper,7.330329032052877,3.0,7.927484146087303e-06,False,True,3,False,178
GLYR1,basal_to_ciliated,viper,7.328573357711605,3.0,4.117217047171583e-08,True,True,3,True,179
TMF1,basal_to_ciliated,viper,7.3119877202181485,2.0,6.7747440042644665e-09,False,True,2,False,180
ZNF664,basal_to_ciliated,viper,7.291841645865744,3.0,9.397408604252675e-06,False,True,3,False,181
ETV6,basal_to_ciliated,viper,7.274619599242066,4.0,1.268223431268579e-06,True,True,4,True,182
ZNF44,basal_to_ciliated,viper,7.270700091143837,3.0,3.3564068955190227e-06,False,True,3,False,183
ZNF98,basal_to_ciliated,viper,7.253843025625805,3.0,6.109762437575275e-07,False,True,3,False,184
NCOA1,basal_to_ciliated,viper,7.2048665567218,4.0,6.139613787313769e-05,True,True,4,True,185
MZF1,basal_to_ciliated,viper,7.178713644500678,3.0,9.424717349904638e-05,False,True,3,False,186
ZNF611,basal_to_ciliated,viper,7.15291038929762,3.0,2.758712308896052e-07,False,True,3,False,187
KLF12,basal_to_ciliated,viper,7.148972949415125,3.0,8.21350683986385e-05,False,True,3,False,188
GATA2,basal_to_ciliated,viper,7.147955066992742,6.0,0.0013821443106734254,True,True,6,True,189
ZNF552,basal_to_ciliated,viper,7.100831736691532,3.0,2.880783765404552e-05,False,True,3,False,190
ZNF415,basal_to_ciliated,viper,7.072048242265779,3.0,1.1945780081441225e-06,False,True,3,False,191
ZNF500,basal_to_ciliated,viper,7.049111002621117,3.0,1.5758104546454747e-06,False,True,3,False,192
ZNF157,basal_to_ciliated,viper,6.9763273276211235,3.0,1.2508274039700833e-05,False,True,3,False,193
THAP6,basal_to_ciliated,viper,6.975469556539935,3.0,2.4170234341376903e-06,False,True,3,False,194
ZNF490,basal_to_ciliated,viper,6.952433829003024,3.0,9.998586182062701e-06,False,True,3,False,195
ZNF493,basal_to_ciliated,viper,6.943260090371601,3.0,5.033224735373027e-06,False,True,3,False,196
PATZ1,basal_to_ciliated,viper,6.943234010391475,3.0,0.00010698049098372702,False,True,3,False,197
ZNF536,basal_to_ciliated,viper,6.941650991519977,3.0,3.962694848503728e-05,False,True,3,False,198
ZNF10,basal_to_ciliated,viper,6.935753032748986,3.0,5.255357941267829e-06,False,True,3,False,199
PBX4,basal_to_ciliated,viper,6.911707045699825,3.0,0.0002010109778109337,False,True,3,False,200
SOX6,basal_to_ciliated,viper,6.89962766196363,4.0,1.300371109687585e-05,True,True,4,True,201
GLIS3,basal_to_ciliated,viper,6.892559061771167,3.0,1.4616878205637445e-05,False,True,3,False,202
ZNF688,basal_to_ciliated,viper,6.864637876904496,3.0,2.062934384921224e-05,False,True,3,False,203
ZNF776,basal_to_ciliated,viper,6.85726130137626,3.0,6.642368649982176e-06,False,True,3,False,204
ZNF529,basal_to_ciliated,viper,6.855937751519332,3.0,6.535500002845302e-05,False,True,3,False,205
MECOM,basal_to_ciliated,viper,6.855543601780035,3.0,9.663216762747228e-06,True,True,3,True,206
NRL,basal_to_ciliated,viper,6.843948487265525,3.0,3.6057860874152485e-06,False,True,3,False,207
ZNF799,basal_to_ciliated,viper,6.838290319383778,3.0,6.103305123391187e-05,False,True,3,False,208
FOXO4,basal_to_ciliated,viper,6.811603214268631,3.0,5.17722748928071e-05,False,True,3,False,209
ZNF596,basal_to_ciliated,viper,6.8008422709952585,3.0,0.0001438296480756708,False,True,3,False,210
RORC,basal_to_ciliated,viper,6.766269240422169,3.0,0.00016364742762280725,False,True,3,False,211
IRF9,basal_to_ciliated,viper,6.755670318038009,4.0,2.7154042769344904e-05,True,True,4,True,212
ZNF609,basal_to_ciliated,viper,6.754073672977131,3.0,1.2976323476068142e-05,False,True,3,False,213
PIN1,basal_to_ciliated,viper,6.749969804926634,2.0,1.2569333030273028e-07,False,True,2,False,214
MKX,basal_to_ciliated,viper,6.691676990233782,3.0,9.232200654620186e-05,False,True,3,False,215
ZNF454,basal_to_ciliated,viper,6.663585582290499,3.0,7.154506157872486e-05,False,True,3,False,216
SIX3,basal_to_ciliated,viper,6.629515416459641,3.0,1.0523514242619306e-05,False,True,3,False,217
TEAD1,basal_to_ciliated,viper,6.602837165260805,4.0,6.486903844077112e-06,True,True,4,True,218
ZFP14,basal_to_ciliated,viper,6.6007788258388915,3.0,5.6417729580258124e-05,False,True,3,False,219
ZNF764,basal_to_ciliated,viper,6.600319524346341,3.0,9.998586182062701e-06,False,True,3,False,220
ZNF844,basal_to_ciliated,viper,6.583937101826783,2.0,4.775292276199679e-07,False,True,2,False,221
GRHL2,basal_to_ciliated,viper,6.566404022928057,5.0,0.00020374807221989393,True,True,5,True,222
PRDM15,basal_to_ciliated,viper,6.562638192389952,3.0,1.9991576938005273e-05,False,True,3,False,223
NCOA3,basal_to_ciliated,viper,6.553808311005152,4.0,1.300371109687585e-05,True,True,4,True,224
IRF5,basal_to_ciliated,viper,6.530107974348418,3.0,0.00018584648386688586,False,True,3,False,225
SIX4,basal_to_ciliated,viper,6.525480039585891,3.0,3.889613861466624e-06,False,True,3,False,226
NFATC1,basal_to_ciliated,viper,6.501587235693393,5.0,2.8188232766611346e-05,True,True,5,True,227
ZBTB3,basal_to_ciliated,viper,6.49833030752498,3.0,9.009758957275195e-05,False,True,3,False,228
STAT2,basal_to_ciliated,viper,6.493295786966353,5.0,0.0002742121586339397,True,True,5,True,229
SOX2,basal_to_ciliated,viper,6.4896287602233125,5.0,6.311571459687585e-05,True,True,5,True,230
ZNF667,basal_to_ciliated,viper,6.483430557645892,3.0,2.602680664879949e-05,False,True,3,False,231
NR2E3,basal_to_ciliated,viper,6.449030733578073,2.0,1.391944342894667e-06,False,True,2,False,232
TIGD6,basal_to_ciliated,viper,6.441815334688316,3.0,2.7998208252611013e-05,False,True,3,False,233
ZNF226,basal_to_ciliated,viper,6.423549248628474,3.0,0.00010436317658892377,False,True,3,False,234
ZNF318,basal_to_ciliated,viper,6.410920051771152,4.0,1.0864959570474614e-05,True,True,4,True,235
ZNF445,basal_to_ciliated,viper,6.3991873160204475,3.0,2.4252794536724246e-05,False,True,3,False,236
ZSCAN23,basal_to_ciliated,viper,6.39491613861173,3.0,0.00013397296619570295,False,True,3,False,237
PBX1,basal_to_ciliated,viper,6.393413921731718,4.0,2.1991999376147633e-05,True,True,4,True,238
ZNF117,basal_to_ciliated,viper,6.374345162482801,3.0,0.0001674690732982818,False,True,3,False,239
RARB,basal_to_ciliated,viper,6.369214722394473,4.0,8.564904707405555e-06,True,True,4,True,240
ZNF444,basal_to_ciliated,viper,6.357025460083814,3.0,0.0005202805110993438,False,True,3,False,241
ZNF747,basal_to_ciliated,viper,6.2900487934708025,3.0,2.3124262209781778e-05,False,True,3,False,242
ZBTB18,basal_to_ciliated,viper,6.278632049837008,2.0,6.1676441297775884e-06,False,True,2,False,243
ZNF446,basal_to_ciliated,viper,6.2425625131925555,3.0,0.0002712831165668329,False,True,3,False,244
ZNF83,basal_to_ciliated,viper,6.23849737956455,4.0,0.00019207031167425614,True,True,4,True,245
BARX2,basal_to_ciliated,viper,6.210087226700582,3.0,2.8914931659861314e-05,False,True,3,False,246
NFE2L1,basal_to_ciliated,viper,6.1971832316256235,4.0,1.291779724778063e-05,True,True,4,True,247
ZNF70,basal_to_ciliated,viper,6.193692604073004,3.0,4.680921516969442e-05,False,True,3,False,248
ZBED1,basal_to_ciliated,viper,6.183523405249001,4.0,1.3739794533831667e-05,True,True,4,True,249
POU6F1,basal_to_ciliated,viper,6.158073982792096,3.0,6.11821625515645e-05,False,True,3,False,250
ZNF229,basal_to_ciliated,viper,6.156351710876929,2.0,3.513013999049625e-05,False,True,2,False,251
ZNF627,basal_to_ciliated,viper,6.136493487341783,3.0,0.0008280515950720907,False,True,3,False,252
ZNF780B,basal_to_ciliated,viper,6.114719597554905,3.0,0.00045784531906052726,False,True,3,False,253
ZNF287,basal_to_ciliated,viper,6.087476332156804,3.0,0.00010004596089101641,False,True,3,False,254
STAT5B,basal_to_ciliated,viper,6.084986453514976,4.0,7.251802651305823e-05,True,True,4,True,255
IKZF4,basal_to_ciliated,viper,6.06414311495653,3.0,8.094742131693427e-05,False,True,3,False,256
RORB,basal_to_ciliated,viper,6.05196347701253,3.0,0.00033095136298396077,False,True,3,False,257
ZNF736,basal_to_ciliated,viper,6.0510207425863065,2.0,2.7945070463899405e-06,False,True,2,False,258
PKNOX1,basal_to_ciliated,viper,6.005488102796502,4.0,0.00020623304086048427,True,True,4,True,259
CLOCK,basal_to_ciliated,viper,5.990697636309791,5.0,0.0001730718623322649,True,True,5,True,260
MBNL2,basal_to_ciliated,viper,5.97779627913267,3.0,0.00012993585241701625,False,True,3,False,261
POU5F2,basal_to_ciliated,viper,5.96851009100044,2.0,5.484220539897582e-06,False,True,2,False,262
PROX1,basal_to_ciliated,viper,5.928399564068326,4.0,0.0013123139988523256,True,True,4,True,263
ZNF658,basal_to_ciliated,viper,5.921418119787181,2.0,2.5684171258715698e-05,False,True,2,False,264
ZNF84,basal_to_ciliated,viper,5.905428364313495,3.0,0.00023085094486752965,False,True,3,False,265
ZNF471,basal_to_ciliated,viper,5.902188639124992,3.0,0.0003877809217813532,False,True,3,False,266
ZNF789,basal_to_ciliated,viper,5.890477222836618,3.0,0.000179471268698144,False,True,3,False,267
ZFP30,basal_to_ciliated,viper,5.888700987097925,3.0,0.00017300626709029982,False,True,3,False,268
CREB3L4,basal_to_ciliated,viper,5.868361856102907,3.0,0.00079709158049939,False,True,3,False,269
NFYB,basal_to_ciliated,viper,5.8602850162799855,5.0,9.974931357908808e-06,True,True,5,True,270
ZNF75D,basal_to_ciliated,viper,5.855564872886381,3.0,0.0011314928712137006,False,True,3,False,271
ZNF25,basal_to_ciliated,viper,5.85301732403477,3.0,0.0003729256614322878,False,True,3,False,272
NFX1,basal_to_ciliated,viper,5.829402660498479,3.0,4.417139673304577e-05,False,True,3,False,273
ATF2,basal_to_ciliated,viper,5.827733823688715,5.0,0.00042056596182380997,True,True,5,True,274
ZNF404,basal_to_ciliated,viper,5.822635879734765,3.0,8.808127180682261e-05,False,True,3,False,275
ZNF853,basal_to_ciliated,viper,5.8022117261030575,2.0,6.740189182497375e-05,False,True,2,False,276
LHX9,basal_to_ciliated,viper,5.79218505350775,3.0,0.00027293089420309796,False,True,3,False,277
NACC2,basal_to_ciliated,viper,5.7700460177680695,2.0,0.00016060998756231112,False,True,2,False,278
NPAS1,basal_to_ciliated,viper,5.754516917472938,3.0,0.000580364073813961,False,True,3,False,279
SMYD3,basal_to_ciliated,viper,5.7523176765432105,2.0,8.060266866781293e-06,False,True,2,False,280
ZNF740,basal_to_ciliated,viper,5.749559252639167,4.0,5.5315694761732365e-05,True,True,4,True,281
ZNF793,basal_to_ciliated,viper,5.745235339004778,3.0,0.0005113334199157982,False,True,3,False,282
ZNF763,basal_to_ciliated,viper,5.74490285598586,3.0,0.0007740663576268389,False,True,3,False,283
ZNF621,basal_to_ciliated,viper,5.734089401181462,3.0,4.6921451267853435e-05,False,True,3,False,284
ZNF528,basal_to_ciliated,viper,5.7310412945102005,3.0,0.00027293089420309796,False,True,3,False,285
DLX4,basal_to_ciliated,viper,5.721138702756509,3.0,0.001001364384746398,False,True,3,False,286
ZNF333,basal_to_ciliated,viper,5.712457961926274,3.0,0.0001909082783148646,False,True,3,False,287
MYRFL,basal_to_ciliated,viper,5.711184655962483,2.0,0.000184606473862248,False,True,2,False,288
ZNF514,basal_to_ciliated,viper,5.710413391203442,3.0,0.00037862343134863934,False,True,3,False,289
ZNF101,basal_to_ciliated,viper,5.710143257451594,3.0,0.0001574917226546556,False,True,3,False,290
ZNF788P,basal_to_ciliated,viper,5.707447136577777,3.0,5.6038681914039715e-05,False,True,3,False,291
ZNF169,basal_to_ciliated,viper,5.695496703418591,3.0,0.00046225985590089884,False,True,3,False,292
RHOXF2B,basal_to_ciliated,viper,5.69252897509414,3.0,0.001034564131924101,False,True,3,False,293
SIX1,basal_to_ciliated,viper,5.6922175373961945,3.0,0.00034960034304675814,False,True,3,False,294
ZBTB7A,basal_to_ciliated,viper,5.6838502938909325,5.0,0.0007263627202425439,True,True,5,True,295
LBX2,basal_to_ciliated,viper,5.679235961793529,3.0,0.0002881805915500364,False,True,3,False,296
PAX8,basal_to_ciliated,viper,5.677476394347313,4.0,0.0005557550260566249,True,True,4,True,297
SETBP1,basal_to_ciliated,viper,5.669690081018771,3.0,0.00010079118168078074,False,True,3,False,298
ZNF441,basal_to_ciliated,viper,5.658154306504562,3.0,0.0005426210052005165,False,True,3,False,299
ZBTB41,basal_to_ciliated,viper,5.65811157775583,3.0,0.0003729256614322878,False,True,3,False,300
ZNF470,basal_to_ciliated,viper,5.646684052880937,3.0,0.00017255138231085586,False,True,3,False,301
TERF2,basal_to_ciliated,viper,5.630121497724343,4.0,0.0010492483759587518,True,True,4,True,302
ZNF280D,basal_to_ciliated,viper,5.629193123859726,3.0,6.063832396238505e-05,False,True,3,False,303
ZNF230,basal_to_ciliated,viper,5.602542468381878,3.0,0.0011583063704646737,False,True,3,False,304
ZNF251,basal_to_ciliated,viper,5.598580913458812,3.0,0.0012853338659537363,False,True,3,False,305
ZNF428,basal_to_ciliated,viper,5.573010689838224,3.0,0.0007764490919397892,False,True,3,False,306
ZNF570,basal_to_ciliated,viper,5.493611448405838,3.0,0.0007717835378748551,False,True,3,False,307
SP140,basal_to_ciliated,viper,5.4919491103638,3.0,0.0012420567395301616,False,True,3,False,308
MLXIP,basal_to_ciliated,viper,5.488860108935557,3.0,0.0028542152864257406,False,True,3,False,309
ZNF592,basal_to_ciliated,viper,5.467161343059658,4.0,0.007405793213612965,True,True,4,True,310
ZFP41,basal_to_ciliated,viper,5.455567603034942,3.0,0.00013453901650129952,False,True,3,False,311
ZNF548,basal_to_ciliated,viper,5.453749305750323,3.0,0.0004074759088585026,False,True,3,False,312
ZNF384,basal_to_ciliated,viper,5.401980324129999,5.0,0.00026811321733366,True,True,5,True,313
ZNF268,basal_to_ciliated,viper,5.38753131686096,3.0,0.0001473255477075388,False,True,3,False,314
ZFAT,basal_to_ciliated,viper,5.379934705145875,3.0,0.0009656096402121777,False,True,3,False,315
ZNF76,basal_to_ciliated,viper,5.37305291134903,3.0,0.0007664724681807643,False,True,3,False,316
IRF2,basal_to_ciliated,viper,5.369613546425715,4.0,0.0005136788307211071,True,True,4,True,317
ZNF8,basal_to_ciliated,viper,5.339438393811027,2.0,4.6921451267853435e-05,False,True,2,False,318
TFDP2,basal_to_ciliated,viper,5.320342424333526,3.0,0.0003333990244382991,False,True,3,False,319
ZNF236,basal_to_ciliated,viper,5.318085129739861,3.0,0.0014146258295361504,False,True,3,False,320
RFX6,basal_to_ciliated,viper,5.30188147378422,3.0,0.0015131989983956792,False,True,3,False,321
HSF2,basal_to_ciliated,viper,5.274151572565284,3.0,0.0011795085475426784,False,True,3,False,322
RHOXF1,basal_to_ciliated,viper,5.269073293938396,3.0,0.0018357712313790725,False,True,3,False,323
ZNF564,basal_to_ciliated,viper,5.26788127419951,3.0,0.0016818946271798375,False,True,3,False,324
ZSCAN29,basal_to_ciliated,viper,5.262136261375052,3.0,0.0003011783909301808,False,True,3,False,325
MXD4,basal_to_ciliated,viper,5.2603342384010565,3.0,0.002911306118791535,False,True,3,False,326
HOXC4,basal_to_ciliated,viper,5.239485332255923,3.0,0.0018895519053830385,False,True,3,False,327
ANKZF1,basal_to_ciliated,viper,5.2283904911723935,3.0,0.0013662303103299835,False,True,3,False,328
SNAI3,basal_to_ciliated,viper,5.213319843207978,3.0,0.001982501248835814,False,True,3,False,329
VDR,basal_to_ciliated,viper,5.211867167359656,5.0,0.0004117509559999208,True,True,5,True,330
ZSCAN30,basal_to_ciliated,viper,5.209136939638838,2.0,0.0001215779382943759,False,True,2,False,331
CXXC5,basal_to_ciliated,viper,5.208904046668255,2.0,0.0005704987267874791,False,True,2,False,332
JRKL,basal_to_ciliated,viper,5.194374803218486,3.0,0.0002485685707628859,False,True,3,False,333
ZKSCAN5,basal_to_ciliated,viper,5.190822434384571,3.0,0.0017169153809003979,False,True,3,False,334
ZNF671,basal_to_ciliated,viper,5.162111424850901,3.0,0.00225924467852993,False,True,3,False,335
STAT6,basal_to_ciliated,viper,5.136010430724891,4.0,0.0028426663167526495,True,True,4,True,336
RBSN,basal_to_ciliated,viper,5.12746607075066,2.0,0.00025280159619027324,False,True,2,False,337
ZNF681,basal_to_ciliated,viper,5.1016188819460995,3.0,0.0020348226208768624,False,True,3,False,338
AHCTF1,basal_to_ciliated,viper,5.09755940942724,3.0,0.00036190830970005426,False,True,3,False,339
ZNF337,basal_to_ciliated,viper,5.0474878630850055,3.0,0.001400976538776783,False,True,3,False,340
ZKSCAN2,basal_to_ciliated,viper,5.045954121707979,3.0,0.005618162820650573,False,True,3,False,341
ZNF510,basal_to_ciliated,viper,5.039150916609012,3.0,0.005600273898158769,False,True,3,False,342
MSANTD1,basal_to_ciliated,viper,5.030406896176766,2.0,0.0004732787026174408,False,True,2,False,343
ZNF527,basal_to_ciliated,viper,5.029860797756587,3.0,0.0005455210282319177,False,True,3,False,344
ZNF549,basal_to_ciliated,viper,5.027589286568742,3.0,0.000998692528183773,False,True,3,False,345
MSX2,basal_to_ciliated,viper,5.025488968245047,3.0,0.0020198995543544594,False,True,3,False,346
ZNF418,basal_to_ciliated,viper,5.0080960209287015,3.0,0.002838353922709448,False,True,3,False,347
ZBTB4,basal_to_ciliated,viper,4.996172240250086,3.0,0.0030294774234342213,False,True,3,False,348
ZBTB37,basal_to_ciliated,viper,4.990219220973249,3.0,0.0007562571568679346,False,True,3,False,349
TBX19,basal_to_ciliated,viper,4.9793768678858745,3.0,0.0005318817488303883,False,True,3,False,350
SOX12,basal_to_ciliated,viper,4.968593324079084,3.0,0.0011771577217010222,False,True,3,False,351
ZNF486,basal_to_ciliated,viper,4.945649928631818,3.0,0.0018267075973458342,False,True,3,False,352
ARID2,basal_to_ciliated,viper,4.927404467741226,4.0,0.004907190086477459,True,True,4,True,353
TBX5,basal_to_ciliated,viper,4.9242665227002345,4.0,0.0006082001850299882,True,True,4,True,354
ZNF626,basal_to_ciliated,viper,4.921794491314288,3.0,0.005449047424140155,False,True,3,False,355
ZNF316,basal_to_ciliated,viper,4.913148667235701,3.0,0.006952365336057452,False,True,3,False,356
BHLHE41,basal_to_ciliated,viper,4.89845254267601,2.0,0.0006840939043661702,False,True,2,False,357
ZNF624,basal_to_ciliated,viper,4.895615659692292,3.0,0.004940235224326126,False,True,3,False,358
KAT7,basal_to_ciliated,viper,4.877333609268238,2.0,0.00034535132088363524,False,True,2,False,359
STAT4,basal_to_ciliated,viper,4.8580528819392494,4.0,0.0013140200749525578,True,True,4,True,360
NFE2,basal_to_ciliated,viper,4.849135838712986,5.0,0.001111129141983531,True,True,5,True,361
ZNF398,basal_to_ciliated,viper,4.841663278510619,3.0,0.001592081826273824,False,True,3,False,362
ZNF653,basal_to_ciliated,viper,4.830161922037367,3.0,0.005745405743660399,False,True,3,False,363
ZNF33B,basal_to_ciliated,viper,4.8105624000063045,3.0,0.004343613561039302,False,True,3,False,364
CEBPG,basal_to_ciliated,viper,4.781021399587673,4.0,0.0013631716537873487,True,True,4,True,365
ZNF891,basal_to_ciliated,viper,4.749551368612679,2.0,0.00030379216111519453,False,True,2,False,366
PHF21A,basal_to_ciliated,viper,4.748046507543337,3.0,0.003876686421049181,False,True,3,False,367
FOXK2,basal_to_ciliated,viper,4.742692088649181,4.0,0.0032075351021143097,True,True,4,True,368
ZNF594,basal_to_ciliated,viper,4.734035667610593,3.0,0.01124024868955754,False,True,3,False,369
ZNF439,basal_to_ciliated,viper,4.716613862626539,3.0,0.0023200037972139313,False,True,3,False,370
ZNF843,basal_to_ciliated,viper,4.707922580726117,3.0,0.0021565205641695564,False,True,3,False,371
PEG3,basal_to_ciliated,viper,4.692841070071886,2.0,0.0019861270553940035,False,True,2,False,372
OLIG2,basal_to_ciliated,viper,4.689086086980039,4.0,0.0022709559932056955,True,True,4,True,373
ZNF513,basal_to_ciliated,viper,4.685095257985372,3.0,0.0014472570043919972,False,True,3,False,374
ZNF674,basal_to_ciliated,viper,4.678630016569941,3.0,0.0026971498790656022,False,True,3,False,375
ZBTB48,basal_to_ciliated,viper,4.676350516658519,3.0,0.0063929971339719335,False,True,3,False,376
NR4A2,basal_to_ciliated,viper,4.636473297485191,4.0,0.0016168579205550063,True,True,4,True,377
KDM2B,basal_to_ciliated,viper,4.63623366622009,2.0,0.001649726095074004,False,True,2,False,378
ZNF324,basal_to_ciliated,viper,4.618083627073779,3.0,0.004962748573486259,False,True,3,False,379
ZNF587,basal_to_ciliated,viper,4.612946294453382,3.0,0.006955466424278629,False,True,3,False,380
ZNF234,basal_to_ciliated,viper,4.59991085692968,3.0,0.0023978106954445936,False,True,3,False,381
SOX9,basal_to_ciliated,viper,4.571068660858612,5.0,0.006054608084826026,True,True,5,True,382
MTF1,basal_to_ciliated,viper,4.556520756656753,2.0,0.003876686421049181,False,True,2,False,383
FOXB1,basal_to_ciliated,viper,4.549924839855266,3.0,0.01027985579307402,False,True,3,False,384
HNF1A,basal_to_ciliated,viper,4.546512489247404,3.0,0.008421943082273325,False,True,3,False,385
ZNF319,basal_to_ciliated,viper,4.511518771849279,3.0,0.010021106773409278,False,True,3,False,386
ZFP2,basal_to_ciliated,viper,4.5070074546607355,3.0,0.006683136715181517,False,True,3,False,387
HMBOX1,basal_to_ciliated,viper,4.500139906541949,4.0,0.0038248420650799178,True,True,4,True,388
RUNX1,basal_to_ciliated,viper,4.499373801807669,5.0,0.006045642248213624,True,True,5,True,389
GZF1,basal_to_ciliated,viper,4.49447641590292,3.0,0.0027773445107478734,False,True,3,False,390
ZNF554,basal_to_ciliated,viper,4.490809650002484,3.0,0.0016062535756198788,False,True,3,False,391
ZBTB10,basal_to_ciliated,viper,4.489662850955138,3.0,0.010070251428187443,False,True,3,False,392
THYN1,basal_to_ciliated,viper,4.485589394050593,2.0,0.0017728161742218036,False,True,2,False,393
NR2C1,basal_to_ciliated,viper,4.477144485490181,3.0,0.01449976441400532,False,True,3,False,394
USF3,basal_to_ciliated,viper,4.4766608663381895,2.0,0.0006444807153086022,False,True,2,False,395
ZNF397,basal_to_ciliated,viper,4.471546132582481,2.0,0.0005568901779655542,False,True,2,False,396
ZNF37A,basal_to_ciliated,viper,4.459652717212187,3.0,0.0016435129912610238,False,True,3,False,397
SP110,basal_to_ciliated,viper,4.457786772145066,3.0,0.006870218944913998,False,True,3,False,398
ELF2,basal_to_ciliated,viper,4.4409251380070875,3.0,0.0027812812554825752,False,True,3,False,399
TAL1,basal_to_ciliated,viper,4.439775353881528,6.0,0.044988445761352136,True,True,6,True,400
RHOXF2,basal_to_ciliated,viper,4.436121273811339,3.0,0.004171658531732966,False,True,3,False,401
ZNF449,basal_to_ciliated,viper,4.4343553853338635,3.0,0.007466071728180045,False,True,3,False,402
IRX5,basal_to_ciliated,viper,4.412025398810679,3.0,0.004343613561039302,False,True,3,False,403
THAP10,basal_to_ciliated,viper,4.411964033493345,3.0,0.0027580713731651984,False,True,3,False,404
ZNF778,basal_to_ciliated,viper,4.403212561598832,3.0,0.006527641442851147,False,True,3,False,405
ZNF211,basal_to_ciliated,viper,4.402831570666391,3.0,0.007741456080400687,False,True,3,False,406
E4F1,basal_to_ciliated,viper,4.40167463492583,3.0,0.005861568032649271,False,True,3,False,407
TIGD1,basal_to_ciliated,viper,4.398754310926358,2.0,0.0007618258846646153,False,True,2,False,408
TBXT,basal_to_ciliated,viper,4.392889235857206,4.0,0.006585094012017919,True,True,4,True,409
MBD2,basal_to_ciliated,viper,4.390702606391084,4.0,0.004203580807505511,True,True,4,True,410
ZBTB22,basal_to_ciliated,viper,4.388685982917712,3.0,0.008200729681379458,False,True,3,False,411
FOXO1,basal_to_ciliated,viper,4.384609080156845,5.0,0.0020355737038196564,True,True,5,True,412
ZFP91,basal_to_ciliated,viper,4.3838804473294,3.0,0.0070001518649807195,False,True,3,False,413
ZNF496,basal_to_ciliated,viper,4.377732956094532,3.0,0.0025657248067915907,False,True,3,False,414
ZNF81,basal_to_ciliated,viper,4.374987026144567,3.0,0.008050308840348191,False,True,3,False,415
ZNF765,basal_to_ciliated,viper,4.366100564350683,3.0,0.005024961214799478,False,True,3,False,416
ZBTB26,basal_to_ciliated,viper,4.362522474243889,3.0,0.007655843904144282,False,True,3,False,417
IRF7,basal_to_ciliated,viper,4.358436243024775,3.0,0.011748013453329577,False,True,3,False,418
ZNF182,basal_to_ciliated,viper,4.355691624443867,3.0,0.017798376466854404,False,True,3,False,419
SOX13,basal_to_ciliated,viper,4.351854103730151,4.0,0.00410546535052892,True,True,4,True,420
ZNF746,basal_to_ciliated,viper,4.331266778928322,3.0,0.009754952342933523,False,True,3,False,421
TRERF1,basal_to_ciliated,viper,4.327289335923423,3.0,0.011201478889255134,False,True,3,False,422
ZNF772,basal_to_ciliated,viper,4.320816683078528,3.0,0.005590545392215387,False,True,3,False,423
ZNF572,basal_to_ciliated,viper,4.317270283782321,3.0,0.0029005063461912434,False,True,3,False,424
ZNF33A,basal_to_ciliated,viper,4.310220184357342,3.0,0.006422119393317202,False,True,3,False,425
NR1I2,basal_to_ciliated,viper,4.297381031630226,4.0,0.03257569050853621,True,True,4,True,426
ZSCAN20,basal_to_ciliated,viper,4.29656758194069,3.0,0.002141910873963909,False,True,3,False,427
ZBTB40,basal_to_ciliated,viper,4.2874630793824355,3.0,0.009534957765985551,False,True,3,False,428
DMTF1,basal_to_ciliated,viper,4.279419169213364,3.0,0.009841281176940985,False,True,3,False,429
HESX1,basal_to_ciliated,viper,4.268440984598442,3.0,0.003539037295410519,False,True,3,False,430
TEF,basal_to_ciliated,viper,4.266188214303595,3.0,0.008024335081282466,False,True,3,False,431
LIN28A,basal_to_ciliated,viper,4.203810229933121,2.0,9.339634506466479e-07,False,True,2,False,432
ZNF99,basal_to_ciliated,viper,4.202666000138306,3.0,0.005087999753842079,False,True,3,False,433
ZNF768,basal_to_ciliated,viper,4.169343663543144,3.0,0.009322412007139487,False,True,3,False,434
ZNF774,basal_to_ciliated,viper,4.147892360859613,3.0,0.0035406729471135355,False,True,3,False,435
ZSCAN22,basal_to_ciliated,viper,4.132735318342923,3.0,0.011201478889255134,False,True,3,False,436
ZNF558,basal_to_ciliated,viper,4.124742580154981,3.0,0.005470766894252633,False,True,3,False,437
ZNF451,basal_to_ciliated,viper,4.1223195394484735,3.0,0.004132180524019188,False,True,3,False,438
DUX4,basal_to_ciliated,viper,4.100705009444848,2.0,0.0032115957034339654,True,True,2,True,439
ZNF782,basal_to_ciliated,viper,4.095459216410389,3.0,0.008733856095642482,False,True,3,False,440
HAND2,basal_to_ciliated,viper,4.095046924839218,3.0,0.01230809251269235,False,True,3,False,441
ZNF232,basal_to_ciliated,viper,4.084461922582068,3.0,0.007837518341039447,False,True,3,False,442
SHOX,basal_to_ciliated,viper,4.083064220346135,3.0,0.0041099158871991184,False,True,3,False,443
ZNF605,basal_to_ciliated,viper,4.077485413496786,3.0,0.016565848972703252,False,True,3,False,444
ZNF213,basal_to_ciliated,viper,4.068398759931148,3.0,0.01230809251269235,False,True,3,False,445
ZGLP1,basal_to_ciliated,viper,4.043181437920762,2.0,0.00328144479533643,False,True,2,False,446
ZNF619,basal_to_ciliated,viper,4.016299552275517,3.0,0.006479083481915224,False,True,3,False,447
ZNF705D,basal_to_ciliated,viper,4.000151440748661,2.0,0.0029320779166918296,False,True,2,False,448
ZNF66,basal_to_ciliated,viper,3.9986712651144045,2.0,0.0026815972275304966,False,True,2,False,449
ZNF660,basal_to_ciliated,viper,3.996970574803765,3.0,0.007875388300444775,False,True,3,False,450
ZNF248,basal_to_ciliated,viper,3.995249977330882,3.0,0.015081883785878865,False,True,3,False,451
ZNF783,basal_to_ciliated,viper,3.9927310343991786,3.0,0.013695687632592286,False,True,3,False,452
LCOR,basal_to_ciliated,viper,3.9535852111214504,3.0,0.024964050355904672,False,True,3,False,453
ZNF791,basal_to_ciliated,viper,3.9348711567787826,3.0,0.03310609247342473,False,True,3,False,454
MECP2,basal_to_ciliated,viper,3.9300760102959265,3.0,0.010266717185050919,False,True,3,False,455
ZC3H8,basal_to_ciliated,viper,3.915926330273468,4.0,0.0010403970868695185,True,True,4,True,456
BAZ2B,basal_to_ciliated,viper,3.9101167167035995,3.0,0.008824200916243063,False,True,3,False,457
FAM200B,basal_to_ciliated,viper,3.9087828448423307,2.0,0.00328144479533643,False,True,2,False,458
ZNF425,basal_to_ciliated,viper,3.9073275963296457,3.0,0.014988293521188762,False,True,3,False,459
ZNF623,basal_to_ciliated,viper,3.9068399464806376,3.0,0.014533004070250445,False,True,3,False,460
ZNF829,basal_to_ciliated,viper,3.8903211289656574,3.0,0.027490328752011715,False,True,3,False,461
TFEB,basal_to_ciliated,viper,3.874401989355068,4.0,0.03345188388911141,True,True,4,True,462
ZNF302,basal_to_ciliated,viper,3.872510716365264,3.0,0.03300188456439417,False,True,3,False,463
SP100,basal_to_ciliated,viper,3.8689575889735015,3.0,0.018665243772265163,False,True,3,False,464
ZFHX3,basal_to_ciliated,viper,3.8349380035409126,3.0,0.020474638427917736,False,True,3,False,465
REPIN1,basal_to_ciliated,viper,3.829566174239296,3.0,0.021628753840221313,False,True,3,False,466
ZNF285,basal_to_ciliated,viper,3.8270347466834336,2.0,0.0035518375438544788,False,True,2,False,467
ZNF665,basal_to_ciliated,viper,3.823101984492336,3.0,0.01319962145479757,False,True,3,False,468
ZKSCAN7,basal_to_ciliated,viper,3.8095733737068405,2.0,0.00811180274013813,False,True,2,False,469
ZNF100,basal_to_ciliated,viper,3.8080915470824905,3.0,0.009978976775132072,False,True,3,False,470
KMT2A,basal_to_ciliated,viper,3.7859132210020086,3.0,0.023628649055818164,True,True,3,True,471
ZNF507,basal_to_ciliated,viper,3.7817932045300906,3.0,0.027753617746768953,False,True,3,False,472
SREBF2,basal_to_ciliated,viper,3.773636236256663,6.0,0.050770968053076286,True,True,6,True,473
ZNF407,basal_to_ciliated,viper,3.7676462616873034,3.0,0.01648972644946681,False,True,3,False,474
ZFP82,basal_to_ciliated,viper,3.76663707122875,3.0,0.026665333169889616,False,True,3,False,475
TBX1,basal_to_ciliated,viper,3.757991794767818,3.0,0.019953384828129257,False,True,3,False,476
GTF2IRD1,basal_to_ciliated,viper,3.75163088329031,2.0,0.003914733693208054,False,True,2,False,477
TCF21,basal_to_ciliated,viper,3.741662854762125,4.0,0.023843988931809956,True,True,4,True,478
GMEB1,basal_to_ciliated,viper,3.733092145751859,3.0,0.019614689321054115,False,True,3,False,479
THAP9,basal_to_ciliated,viper,3.719916040886377,3.0,0.001202712385338043,False,True,3,False,480
ZNF320,basal_to_ciliated,viper,3.711638359575791,3.0,0.016091898049830904,False,True,3,False,481
LCORL,basal_to_ciliated,viper,3.6490816153625634,3.0,0.019542720890054183,False,True,3,False,482
ZNF710,basal_to_ciliated,viper,3.631707443747457,3.0,0.031781691926327904,False,True,3,False,483
ZNF692,basal_to_ciliated,viper,3.6304801930282977,3.0,0.018281353850572783,False,True,3,False,484
KLF16,basal_to_ciliated,viper,3.6244213773641367,3.0,0.025079288396693857,False,True,3,False,485
ZNF850,basal_to_ciliated,viper,3.623324938709586,2.0,0.019104060846341902,False,True,2,False,486
ZXDC,basal_to_ciliated,viper,3.622785901564433,3.0,0.033957575583591644,False,True,3,False,487
ZNF417,basal_to_ciliated,viper,3.6166400333534323,3.0,0.027034507130042032,False,True,3,False,488
ZNF652,basal_to_ciliated,viper,3.6155574622136233,4.0,0.021225562236481085,True,True,4,True,489
HES2,basal_to_ciliated,viper,3.60245780314405,3.0,0.014953428552741534,False,True,3,False,490
ZNF225,basal_to_ciliated,viper,3.599811783515731,2.0,0.00872815132849959,False,True,2,False,491
VEZF1,basal_to_ciliated,viper,3.557344825248232,3.0,0.018234770822432498,False,True,3,False,492
ZNF28,basal_to_ciliated,viper,3.547187014415198,3.0,0.0365068748718271,False,True,3,False,493
SP9,basal_to_ciliated,viper,3.5371493521333712,2.0,0.008727662896172194,False,True,2,False,494
ZNF266,basal_to_ciliated,viper,3.522399599706697,3.0,0.023661132097484522,False,True,3,False,495
ZNF512,basal_to_ciliated,viper,3.5171877734248116,3.0,0.04213526880149489,False,True,3,False,496
ZNF749,basal_to_ciliated,viper,3.516976369140591,3.0,0.032102553367352106,False,True,3,False,497
SRCAP,basal_to_ciliated,viper,3.5096775772185778,3.0,0.056540367473746765,False,True,3,False,498
ZNF345,basal_to_ciliated,viper,3.492969316196648,3.0,0.0365068748718271,False,True,3,False,499
HIVEP1,basal_to_ciliated,viper,3.47476044776867,3.0,0.018234770822432498,False,True,3,False,500
THAP7,basal_to_ciliated,viper,3.472946448834968,3.0,0.019146626931241868,False,True,3,False,501
PLSCR1,basal_to_ciliated,viper,3.4587631316496674,2.0,0.008882127322863441,False,True,2,False,502
ZNF224,basal_to_ciliated,viper,3.4567220936838723,3.0,0.030192215631319845,False,True,3,False,503
ELF3,basal_to_ciliated,viper,3.4448004865146906,4.0,0.039458862361969146,True,True,4,True,504
SAFB2,basal_to_ciliated,viper,3.4283265250411907,2.0,0.009716911741591325,False,True,2,False,505
ZSCAN25,basal_to_ciliated,viper,3.410457785467496,2.0,0.011892257994946613,False,True,2,False,506
ZNF469,basal_to_ciliated,viper,3.400004081563916,2.0,0.03017524005179171,False,True,2,False,507
HIVEP2,basal_to_ciliated,viper,3.394939612436516,3.0,0.026872326932712798,False,True,3,False,508
POU2F1,basal_to_ciliated,viper,3.3885119598404225,4.0,0.02638366053511609,True,True,4,True,509
ZNF484,basal_to_ciliated,viper,3.381646084634654,3.0,0.053353982461737316,False,True,3,False,510
THAP2,basal_to_ciliated,viper,3.3800098999250947,3.0,0.02405234325641485,False,True,3,False,511
PRDM10,basal_to_ciliated,viper,3.3765982980133216,3.0,0.0475741809631493,False,True,3,False,512
GATA5,basal_to_ciliated,viper,3.361534630517966,3.0,0.0291165961439126,False,True,3,False,513
ZNF687,basal_to_ciliated,viper,3.3594566052137753,3.0,0.06521958728101623,False,True,3,False,514
ZNF91,basal_to_ciliated,viper,3.348814065395777,3.0,0.033762087111412625,False,True,3,False,515
MEF2B,basal_to_ciliated,viper,3.3448430067682846,4.0,0.024756025534777806,True,True,4,True,516
ZNF775,basal_to_ciliated,viper,3.3426240288049396,3.0,0.03016134386556423,False,True,3,False,517
ZNF781,basal_to_ciliated,viper,3.333079179293002,3.0,0.025716305922197674,False,True,3,False,518
KDM2A,basal_to_ciliated,viper,3.323814433302846,2.0,0.03384257727291078,False,True,2,False,519
GTF2I,basal_to_ciliated,viper,3.2872464331896003,1.0,0.002999875033450242,False,True,1,False,520
BPTF,basal_to_ciliated,viper,3.286505230063672,2.0,0.033718090261056745,False,True,2,False,521
PRR12,basal_to_ciliated,viper,3.270131071458383,3.0,0.05871508677826034,False,True,3,False,522
ZNF518A,basal_to_ciliated,viper,3.266885361254478,3.0,0.0369111014306766,False,True,3,False,523
THAP8,basal_to_ciliated,viper,3.2625302083022962,3.0,0.041033178639297355,False,True,3,False,524
ZNF629,basal_to_ciliated,viper,3.24661753120929,3.0,0.06691040908487733,False,True,3,False,525
MBD6,basal_to_ciliated,viper,3.24562094416783,2.0,0.014549506245471206,False,True,2,False,526
SETDB2,basal_to_ciliated,viper,3.2353244823020724,3.0,0.05276049779122885,False,True,3,False,527
SP1,basal_to_ciliated,viper,3.230031426501535,5.0,0.0340961682052693,True,True,5,True,528
ZNF727,basal_to_ciliated,viper,3.2246626111199164,2.0,0.015476847127562027,False,True,2,False,529
ST18,basal_to_ciliated,viper,3.223549628603937,3.0,0.045909785084879993,False,True,3,False,530
IKZF2,basal_to_ciliated,viper,3.21666782368408,3.0,0.052663605511217584,False,True,3,False,531
JRK,basal_to_ciliated,viper,3.2145624722255337,2.0,0.044065161971205156,False,True,2,False,532
AKAP8L,basal_to_ciliated,viper,3.1967977041717908,3.0,0.014808362602177215,False,True,3,False,533
ZBED5,basal_to_ciliated,viper,3.196635369244893,2.0,0.014988293521188762,False,True,2,False,534
ZNF154,basal_to_ciliated,viper,3.191373976482943,3.0,0.055200813157150246,False,True,3,False,535
TIGD7,basal_to_ciliated,viper,3.190414008492481,3.0,0.025738443525970527,False,True,3,False,536
PRDM5,basal_to_ciliated,viper,3.1882343510934836,4.0,0.042481236414597695,True,True,4,True,537
POU5F1B,basal_to_ciliated,viper,3.1742260968977494,2.0,0.007082032911805369,False,True,2,False,538
ZNF616,basal_to_ciliated,viper,3.1653461591687484,3.0,0.028270462924892506,False,True,3,False,539
ZNF726,basal_to_ciliated,viper,3.160129691952068,2.0,0.016849744975830788,False,True,2,False,540
ZNF559,basal_to_ciliated,viper,3.142071116026221,3.0,0.05175691627656096,False,True,3,False,541
ZKSCAN8,basal_to_ciliated,viper,3.1313753763746286,2.0,0.021578343561375755,False,True,2,False,542
NR2F6,basal_to_ciliated,viper,3.130239920347737,4.0,0.03332685640476679,True,True,4,True,543
ZNF608,basal_to_ciliated,viper,3.1134110277531337,3.0,0.053353982461737316,False,True,3,False,544
PRDM6,basal_to_ciliated,viper,3.1130073698411134,3.0,0.02954718182722433,False,True,3,False,545
ZNF235,basal_to_ciliated,viper,3.0993922048412355,3.0,0.045790479083117876,False,True,3,False,546
DNTTIP1,basal_to_ciliated,viper,3.0947307973266778,2.0,0.01963906222160542,False,True,2,False,547
ZSCAN4,basal_to_ciliated,viper,3.0884110027907723,3.0,0.08712496891073244,False,True,3,False,548
HMG20B,basal_to_ciliated,viper,3.0822864729092663,3.0,0.06830841575845156,False,True,3,False,549
ZNF184,basal_to_ciliated,viper,3.061142567078242,3.0,0.06574547606331435,False,True,3,False,550
ZNF442,basal_to_ciliated,viper,3.0487563363396424,3.0,0.018056770971027945,False,True,3,False,551
THAP5,basal_to_ciliated,viper,3.0169075978953526,3.0,0.0954582604731889,False,True,3,False,552
CXXC1,basal_to_ciliated,viper,3.0128833406503737,3.0,0.08317453633317036,False,True,3,False,553
ZNF205,basal_to_ciliated,viper,3.007516050875116,3.0,0.05014280710873207,False,True,3,False,554
ZBTB44,basal_to_ciliated,viper,2.982119580605141,3.0,0.05004419017360772,False,True,3,False,555
TET3,basal_to_ciliated,viper,2.981174914529183,2.0,0.04093361514686904,False,True,2,False,556
ZNF420,basal_to_ciliated,viper,2.9807081594633567,3.0,0.07082876577869007,False,True,3,False,557
ZNF506,basal_to_ciliated,viper,2.959201842879461,3.0,0.03998159214561339,False,True,3,False,558
FEZF1,basal_to_ciliated,viper,2.941169450599079,3.0,0.027080477363262436,False,True,3,False,559
PURA,basal_to_ciliated,viper,2.9221312907397583,2.0,0.024897278516132586,False,True,2,False,560
ZNF630,basal_to_ciliated,viper,2.901507492436094,2.0,0.028678812330605184,False,True,2,False,561
ZNF26,basal_to_ciliated,viper,2.871187645238491,3.0,0.0012089100544989677,False,True,3,False,562
ZNF48,basal_to_ciliated,viper,2.859616846166313,3.0,0.09332405043500569,False,True,3,False,563
ZSCAN31,basal_to_ciliated,viper,2.8440907335300616,2.0,0.03508044051692789,False,True,2,False,564
USF2,basal_to_ciliated,viper,2.8286040493237135,5.0,0.036506561920697664,True,True,5,True,565
NFIA,basal_to_ciliated,viper,2.826367622034412,3.0,0.06101273649468162,False,True,3,False,566
BATF3,basal_to_ciliated,viper,2.818888733315768,3.0,0.09092982869546623,False,True,3,False,567
ZBTB34,basal_to_ciliated,viper,2.812619769811745,3.0,0.0954582604731889,False,True,3,False,568
ZNF836,basal_to_ciliated,viper,2.8052610667828106,3.0,0.08718944637909128,False,True,3,False,569
ZNF282,basal_to_ciliated,viper,2.8005823241263745,3.0,0.089980352065955,False,True,3,False,570
TCF20,basal_to_ciliated,viper,2.7829758347142413,3.0,0.12154450492315336,False,True,3,False,571
ZNF737,basal_to_ciliated,viper,2.770291248967341,2.0,0.08243712572540644,False,True,2,False,572
ZNF254,basal_to_ciliated,viper,2.770143537708791,3.0,0.15101732183602057,False,True,3,False,573
ZSCAN9,basal_to_ciliated,viper,2.7535490447852333,2.0,0.046109606607783384,False,True,2,False,574
GPBP1L1,basal_to_ciliated,viper,2.7497024525456406,2.0,0.05802266383830817,False,True,2,False,575
ZNF684,basal_to_ciliated,viper,2.746467537280542,3.0,0.05774667404134232,False,True,3,False,576
ZEB2,basal_to_ciliated,viper,2.744440171515976,4.0,0.18013854171981608,True,True,4,True,577
ZNF197,basal_to_ciliated,viper,2.7379053301460297,4.0,0.17848814270768873,True,True,4,True,578
MGA,basal_to_ciliated,viper,2.7317259253963586,3.0,0.1266469754637896,False,True,3,False,579
ZFPM1,basal_to_ciliated,viper,2.7237321383428665,3.0,0.12942535052543322,False,True,3,False,580
NFXL1,basal_to_ciliated,viper,2.716708663107265,3.0,0.15468997297869774,False,True,3,False,581
ATF6B,basal_to_ciliated,viper,2.7150098743375777,2.0,0.03947652202304601,False,True,2,False,582
ZNF571,basal_to_ciliated,viper,2.7104541039811565,3.0,0.0737467148292659,False,True,3,False,583
ZNF462,basal_to_ciliated,viper,2.700743320292434,3.0,0.10126540146363754,False,True,3,False,584
ZNF721,basal_to_ciliated,viper,2.6880532438156175,3.0,0.0769570663723261,False,True,3,False,585
FOXR1,basal_to_ciliated,viper,2.682693196512287,3.0,0.09994210018437442,False,True,3,False,586
ZBTB6,basal_to_ciliated,viper,2.672312202064794,3.0,0.11151028064770009,False,True,3,False,587
ZBTB42,basal_to_ciliated,viper,2.6495248705556413,2.0,0.05332853528271824,False,True,2,False,588
YBX3,basal_to_ciliated,viper,2.640618239664393,2.0,0.04569073930970243,False,True,2,False,589
ZNF160,basal_to_ciliated,viper,2.623731379552171,3.0,0.06776852256179992,False,True,3,False,590
FIZ1,basal_to_ciliated,viper,2.6177938382959898,3.0,0.11487969476473518,False,True,3,False,591
ZNF814,basal_to_ciliated,viper,2.617347346533079,2.0,0.08903025423184004,False,True,2,False,592
PRDM2,basal_to_ciliated,viper,2.613951556161196,3.0,0.10602149525063975,False,True,3,False,593
KLF2,basal_to_ciliated,viper,2.6134200671444803,4.0,0.11372354535516087,True,True,4,True,594
ZNF561,basal_to_ciliated,viper,2.585353650843266,3.0,0.1318557896249303,False,True,3,False,595
GLIS1,basal_to_ciliated,viper,2.580722628252606,3.0,0.1042456397659767,False,True,3,False,596
ZNF443,basal_to_ciliated,viper,2.577587688998042,3.0,0.14619996462011112,False,True,3,False,597
ADNP,basal_to_ciliated,viper,2.5756244058749447,4.0,0.12789892919150933,True,True,4,True,598
ZSCAN26,basal_to_ciliated,viper,2.5754167843593536,2.0,0.055137432981667414,False,True,2,False,599
ARID3B,basal_to_ciliated,viper,2.573879634169093,2.0,0.05782651718857775,False,True,2,False,600
CUX1,basal_to_ciliated,viper,2.5699402951689763,6.0,0.15374594765970337,True,True,6,True,601
ZNF30,basal_to_ciliated,viper,2.52598884946241,3.0,0.16482404601343822,False,True,3,False,602
SP5,basal_to_ciliated,viper,2.5247110844603435,3.0,0.07899051278386593,False,True,3,False,603
HEY2,basal_to_ciliated,viper,2.5234277050195124,3.0,0.14800212782869304,False,True,3,False,604
ZNF700,basal_to_ciliated,viper,2.519101013228879,3.0,0.1313915909392995,False,True,3,False,605
GMEB2,basal_to_ciliated,viper,2.5144628233356925,3.0,0.14893366697144808,False,True,3,False,606
GFI1,basal_to_ciliated,viper,2.508714012812113,3.0,0.11210720105461941,False,True,3,False,607
ZNF383,basal_to_ciliated,viper,2.497466910118445,3.0,0.034164163404559425,False,True,3,False,608
ZNF597,basal_to_ciliated,viper,2.4511082695588775,3.0,0.10006363490471543,False,True,3,False,609
ZNF568,basal_to_ciliated,viper,2.44482585319652,3.0,0.11667162161686352,False,True,3,False,610
ZNF142,basal_to_ciliated,viper,2.380636187976945,3.0,0.1937082171287785,False,True,3,False,611
ZNF180,basal_to_ciliated,viper,2.3742925194119424,3.0,0.1545191974135758,False,True,3,False,612
ZSCAN32,basal_to_ciliated,viper,2.3693328909763682,2.0,0.08243712572540644,False,True,2,False,613
ZNF461,basal_to_ciliated,viper,2.3593143846815914,3.0,0.16823335807208914,False,True,3,False,614
ZNF292,basal_to_ciliated,viper,2.353008863385249,3.0,0.13604828954595186,False,True,3,False,615
ZFX,basal_to_ciliated,viper,2.3529591234810625,5.0,0.2244345525788037,True,True,5,True,616
RLF,basal_to_ciliated,viper,2.3512077306590813,3.0,0.15539973408849395,False,True,3,False,617
ZNF816,basal_to_ciliated,viper,2.343499924874229,2.0,0.15020249902178714,False,True,2,False,618
ZNF141,basal_to_ciliated,viper,2.342274888772768,3.0,0.18273123955245052,False,True,3,False,619
ZNF324B,basal_to_ciliated,viper,2.337421263091828,2.0,0.07573296749209038,False,True,2,False,620
ZFP62,basal_to_ciliated,viper,2.327130352820217,3.0,0.21324021147604777,False,True,3,False,621
SNAPC5,basal_to_ciliated,viper,2.3074575263450066,2.0,0.15340956267071995,False,True,2,False,622
ZBTB14,basal_to_ciliated,viper,2.3056698329706435,2.0,0.08714969229056117,False,True,2,False,623
NR1D2,basal_to_ciliated,viper,2.3019591914199347,3.0,0.22323150218527057,False,True,3,False,624
ZNF574,basal_to_ciliated,viper,2.29206359154097,3.0,0.003220232680824283,False,True,3,False,625
ZNF550,basal_to_ciliated,viper,2.284671671773406,3.0,0.20536696484076317,False,True,3,False,626
GATAD2B,basal_to_ciliated,viper,2.2754390082847373,3.0,0.11689992310144443,False,True,3,False,627
PHF20,basal_to_ciliated,viper,2.26881674639825,3.0,0.18955536346525373,False,True,3,False,628
ZNF579,basal_to_ciliated,viper,2.2585370978332975,3.0,0.14116457426846618,False,True,3,False,629
ZNF827,basal_to_ciliated,viper,2.2530442026678426,3.0,0.17460971732372707,False,True,3,False,630
ZGPAT,basal_to_ciliated,viper,2.2455444682128394,3.0,0.19094809824935527,False,True,3,False,631
ZNF276,basal_to_ciliated,viper,2.232063914702084,3.0,0.12531230638111276,False,True,3,False,632
CREBZF,basal_to_ciliated,viper,2.2299220869732164,3.0,0.16823335807208914,False,True,3,False,633
KIN,basal_to_ciliated,viper,2.2225902072178805,3.0,0.0046834099500391154,False,True,3,False,634
ZNF75A,basal_to_ciliated,viper,2.208615161800468,3.0,0.18975036597074507,False,True,3,False,635
NPAS2,basal_to_ciliated,viper,2.2074787570683925,3.0,0.2155849629110422,False,True,3,False,636
CC2D1A,basal_to_ciliated,viper,2.199782142278041,2.0,0.1305480706726559,False,True,2,False,637
ZBTB45,basal_to_ciliated,viper,2.168790723439353,3.0,0.22271862740464574,False,True,3,False,638
ZNF112,basal_to_ciliated,viper,2.147669103158254,2.0,0.15718186941623333,False,True,2,False,639
MYT1L,basal_to_ciliated,viper,2.1375659032889547,3.0,0.18746978047265397,False,True,3,False,640
RBAK,basal_to_ciliated,viper,2.1345533700139225,3.0,0.22266038194004986,False,True,3,False,641
ATF6,basal_to_ciliated,viper,2.126714398803638,3.0,0.18073828209497997,False,True,3,False,642
MEF2D,basal_to_ciliated,viper,2.1160318914740026,3.0,0.18598039964657645,False,True,3,False,643
ZNF790,basal_to_ciliated,viper,2.1072512402260735,3.0,0.194557331057229,False,True,3,False,644
RXRB,basal_to_ciliated,viper,2.086695607767413,3.0,0.21444059634276802,False,True,3,False,645
FOXJ3,basal_to_ciliated,viper,2.085050715320637,3.0,0.1553193204268358,False,True,3,False,646
SCX,basal_to_ciliated,viper,2.077856788107914,1.0,0.06641599984140929,False,True,1,False,647
SIX5,basal_to_ciliated,viper,2.0771583431074903,5.0,0.09374254201791399,True,False,5,False,648
ZNF852,basal_to_ciliated,viper,2.0671826769228367,2.0,0.12767185289824054,False,True,2,False,649
ZFP69,basal_to_ciliated,viper,2.0653098627388236,2.0,0.1388041480774839,False,True,2,False,650
MSANTD4,basal_to_ciliated,viper,2.0432657377703762,2.0,0.15534348245808796,False,True,2,False,651
ZNF534,basal_to_ciliated,viper,2.025365565274434,2.0,0.14488672931429059,False,True,2,False,652
POU6F2,basal_to_ciliated,viper,1.9986483054857491,3.0,0.2104023484742079,False,True,3,False,653
ZNF680,basal_to_ciliated,viper,1.9968591282295303,3.0,0.22602584055812167,False,True,3,False,654
IRF1,basal_to_ciliated,viper,1.9956988919312135,6.0,0.3555728216273061,True,True,6,True,655
ZNF12,basal_to_ciliated,viper,1.9875224913054772,3.0,0.3015210568502639,False,True,3,False,656
ZNF212,basal_to_ciliated,viper,1.950750045476087,3.0,0.1869006153175886,False,True,3,False,657
ZNF43,basal_to_ciliated,viper,1.9357964775114318,3.0,0.22546113753921646,False,True,3,False,658
PRDM4,basal_to_ciliated,viper,1.8942673013039188,3.0,0.1629268471489039,False,True,3,False,659
MTERF2,basal_to_ciliated,viper,1.8742200675038665,2.0,0.17538967346125078,False,True,2,False,660
ZSCAN21,basal_to_ciliated,viper,1.8502969513790921,3.0,0.20564664038353891,False,True,3,False,661
SON,basal_to_ciliated,viper,1.8443090528097903,2.0,0.2133429628930964,False,True,2,False,662
CTCFL,basal_to_ciliated,viper,1.8386182846052919,5.0,0.10818001258650796,True,True,5,True,663
HIC2,basal_to_ciliated,viper,1.8337124113393377,3.0,0.010316624189974428,False,True,3,False,664
ZNF395,basal_to_ciliated,viper,1.816080898089114,3.0,0.3479866491495311,False,True,3,False,665
IKZF1,basal_to_ciliated,viper,1.809867258673561,6.0,0.3599954402723177,True,True,6,True,666
ZBTB17,basal_to_ciliated,viper,1.8076827629279886,3.0,0.2665405521173638,False,True,3,False,667
RFX7,basal_to_ciliated,viper,1.8022435979761047,3.0,0.2800251346263856,False,True,3,False,668
ZNF419,basal_to_ciliated,viper,1.7989426028561493,3.0,0.30342331838110254,False,True,3,False,669
TFCP2,basal_to_ciliated,viper,1.7830044912185494,3.0,0.275007637477065,False,True,3,False,670
ZNF701,basal_to_ciliated,viper,1.7719308482666178,3.0,0.3370580484424092,False,True,3,False,671
ZNF335,basal_to_ciliated,viper,1.763028216478154,3.0,0.2575835595979301,False,True,3,False,672
ZNF267,basal_to_ciliated,viper,1.6981526880859248,3.0,0.312182641427923,False,True,3,False,673
EOMES,basal_to_ciliated,viper,1.6785141227902043,5.0,0.3376637917268961,True,True,5,True,674
FBXL19,basal_to_ciliated,viper,1.6774914714499034,2.0,0.28717832616483335,False,True,2,False,675
RREB1,basal_to_ciliated,viper,1.6544361361979238,3.0,0.09535633188687827,False,True,3,False,676
SAFB,basal_to_ciliated,viper,1.6348942747104767,2.0,0.3076524861304413,False,True,2,False,677
SP140L,basal_to_ciliated,viper,1.6147270672166592,2.0,0.2915774589867912,False,True,2,False,678
FOXC1,basal_to_ciliated,viper,1.5937882942330752,3.0,0.3026995557979715,False,True,3,False,679
ZNF253,basal_to_ciliated,viper,1.5766872885532064,3.0,0.2921570356626042,False,True,3,False,680
ZNF286A,basal_to_ciliated,viper,1.5766500523076497,3.0,0.3786330313409271,False,True,3,False,681
CDC5L,basal_to_ciliated,viper,1.5743611609313601,3.0,0.3788908689373414,False,True,3,False,682
ZNF841,basal_to_ciliated,viper,1.5556869310903931,3.0,0.3391885605455899,False,True,3,False,683
FOXN2,basal_to_ciliated,viper,1.5551005196565666,3.0,0.3739859833645688,False,True,3,False,684
SPEN,basal_to_ciliated,viper,1.5485770981545406,2.0,0.2669986649812475,False,True,2,False,685
NFATC3,basal_to_ciliated,viper,1.5094283510420972,3.0,0.4242420040294149,False,True,3,False,686
IRX2,basal_to_ciliated,viper,1.5041970127302957,3.0,0.3121476274528118,False,True,3,False,687
ZBTB11,basal_to_ciliated,viper,1.4787777554921038,4.0,0.2824655415762031,True,True,4,True,688
ZNF678,basal_to_ciliated,viper,1.4712007735487445,3.0,0.4132696258465369,False,True,3,False,689
ZBED4,basal_to_ciliated,viper,1.4689030155231255,3.0,0.19998574994591303,False,True,3,False,690
ZNF2,basal_to_ciliated,viper,1.452617667572194,2.0,0.255305058498056,False,True,2,False,691
ZNF140,basal_to_ciliated,viper,1.4430392208177167,3.0,0.2807085210213835,False,True,3,False,692
ZNF410,basal_to_ciliated,viper,1.4281654069067007,3.0,0.3873173156260566,False,True,3,False,693
ZNF7,basal_to_ciliated,viper,1.4084930136469531,3.0,0.12847644533054942,False,True,3,False,694
ERF,basal_to_ciliated,viper,1.3906749158016054,3.0,0.36518444163178543,False,True,3,False,695
ZNF136,basal_to_ciliated,viper,1.3686562633032948,3.0,0.39585576174579706,False,True,3,False,696
ZNF304,basal_to_ciliated,viper,1.3570521851494364,3.0,0.4283646884662659,False,True,3,False,697
THRB,basal_to_ciliated,viper,1.353039314750283,3.0,0.371228212386527,False,True,3,False,698
ZNF773,basal_to_ciliated,viper,1.3519331353723545,3.0,0.04254792726719992,False,True,3,False,699
NAIF1,basal_to_ciliated,viper,1.344587786236334,2.0,0.4139014103438963,False,True,2,False,700
KMT2B,basal_to_ciliated,viper,1.3377666292849821,2.0,0.406715656883304,True,True,2,True,701
BAZ2A,basal_to_ciliated,viper,1.336303121051184,3.0,0.4430765137168209,False,True,3,False,702
ZNF708,basal_to_ciliated,viper,1.3096691473713433,3.0,0.47820482544036835,False,True,3,False,703
OLIG1,basal_to_ciliated,viper,1.3096244908999348,3.0,0.40459299762333056,False,True,3,False,704
TCF12,basal_to_ciliated,viper,1.2809608612097352,5.0,0.20385603093832808,True,True,5,True,705
TSHZ1,basal_to_ciliated,viper,1.2502080550956676,3.0,0.2192020938684124,False,True,3,False,706
FLI1,basal_to_ciliated,viper,1.2380218247195134,6.0,0.5668883090277944,True,True,6,True,707
DPRX,basal_to_ciliated,viper,1.2028800188126212,3.0,0.47050476351224835,False,True,3,False,708
MYSM1,basal_to_ciliated,viper,1.2024355956809554,3.0,0.5032457687909295,False,True,3,False,709
ZNF613,basal_to_ciliated,viper,1.183869047842303,3.0,0.42224603423255613,False,True,3,False,710
ZNF865,basal_to_ciliated,viper,1.130380886211096,2.0,0.41568486382898623,False,True,2,False,711
EBF4,basal_to_ciliated,viper,1.1240558941889083,3.0,0.5203464761212763,False,True,3,False,712
ZFY,basal_to_ciliated,viper,1.1061312742474552,3.0,0.4793054083515536,False,True,3,False,713
ZNF347,basal_to_ciliated,viper,1.0854383177309528,3.0,0.37427890628317995,False,True,3,False,714
NFIX,basal_to_ciliated,viper,1.0742644552906122,3.0,0.4251029636343053,False,True,3,False,715
ZNF311,basal_to_ciliated,viper,1.0534948369785149,3.0,0.33394208647950135,False,True,3,False,716
ZNF189,basal_to_ciliated,viper,1.0406598329781584,3.0,0.22393149867642076,False,True,3,False,717
INSM1,basal_to_ciliated,viper,1.036738028839196,3.0,0.09793903949060868,False,True,3,False,718
SGSM2,basal_to_ciliated,viper,1.013222309845489,2.0,0.5252856745921491,False,True,2,False,719
ZNF148,basal_to_ciliated,viper,0.9781321718132525,3.0,0.5586433990793568,False,True,3,False,720
BATF2,basal_to_ciliated,viper,0.9749176536730959,3.0,0.6335736093679554,False,True,3,False,721
GATAD2A,basal_to_ciliated,viper,0.9571176116151547,3.0,0.6117120674369507,False,True,3,False,722
SPIB,basal_to_ciliated,viper,0.9520877213145956,4.0,0.28858029729707896,True,True,4,True,723
HELT,basal_to_ciliated,viper,0.9451996393969935,3.0,0.5903987464647249,False,True,3,False,724
FOXD2,basal_to_ciliated,viper,0.940691179001308,3.0,0.06958022749718282,False,True,3,False,725
ZNF260,basal_to_ciliated,viper,0.9378350980948504,3.0,0.5407278854200664,False,True,3,False,726
ZNF718,basal_to_ciliated,viper,0.9302889468996943,3.0,0.4909063675116454,False,True,3,False,727
ZNF800,basal_to_ciliated,viper,0.9179333229852301,3.0,0.5911207010686667,False,True,3,False,728
TTF1,basal_to_ciliated,viper,0.8764794906860852,2.0,0.592149884331428,False,True,2,False,729
ZNF625,basal_to_ciliated,viper,0.843792308911941,3.0,0.38468603245857025,False,True,3,False,730
ZNF682,basal_to_ciliated,viper,0.814176791882415,3.0,0.689680456753054,False,True,3,False,731
ASH1L,basal_to_ciliated,viper,0.7957823325854162,3.0,0.4247792566316113,False,True,3,False,732
PLAGL2,basal_to_ciliated,viper,0.7878655658502783,3.0,0.3412993725252513,False,True,3,False,733
ZNF672,basal_to_ciliated,viper,0.7273910868245455,3.0,0.5267123394972903,False,True,3,False,734
GATA6,basal_to_ciliated,viper,0.7024663129163932,5.0,0.26493344309968714,True,True,5,True,735
ZNF540,basal_to_ciliated,viper,0.6892332178197104,3.0,0.7276997786105307,False,True,3,False,736
ZXDB,basal_to_ciliated,viper,0.6890083465240574,3.0,0.6880580199334041,False,True,3,False,737
RBCK1,basal_to_ciliated,viper,0.6867528141189858,2.0,0.5273894917278038,False,True,2,False,738
HOXC8,basal_to_ciliated,viper,0.6767104803912374,3.0,0.7230235715038346,False,True,3,False,739
DNMT1,basal_to_ciliated,viper,0.6727068777927033,2.0,0.30342331838110254,False,True,2,False,740
ZNF785,basal_to_ciliated,viper,0.6461616960477164,2.0,0.6995245276629574,False,True,2,False,741
ZNF761,basal_to_ciliated,viper,0.6139970463012527,3.0,0.7380647947233201,False,True,3,False,742
LIN54,basal_to_ciliated,viper,0.5868234140172198,2.0,0.642708076684328,False,True,2,False,743
ZNF174,basal_to_ciliated,viper,0.5820938713902656,3.0,0.4564533721917751,False,True,3,False,744
SOX18,basal_to_ciliated,viper,0.5636252034535265,3.0,0.769182771587656,False,True,3,False,745
SMAD1,basal_to_ciliated,viper,0.5523737543242575,5.0,0.27757336097286184,True,True,5,True,746
ZNF283,basal_to_ciliated,viper,0.5425176385451884,3.0,0.34722597290521007,False,True,3,False,747
TRAFD1,basal_to_ciliated,viper,0.5169806068629043,3.0,0.397165196595177,False,True,3,False,748
IRF8,basal_to_ciliated,viper,0.5104473755318717,4.0,0.6338561471856078,False,True,4,False,749
IKZF5,basal_to_ciliated,viper,0.49964908465928515,3.0,0.8035126317407633,False,True,3,False,750
PURB,basal_to_ciliated,viper,0.43117469744773274,2.0,0.7879556298483372,False,True,2,False,751
ZNF813,basal_to_ciliated,viper,0.3946781014269443,2.0,0.04760061431898043,False,True,2,False,752
ZNF787,basal_to_ciliated,viper,0.3859697253337254,3.0,0.8471473880478733,False,True,3,False,753
ZNF566,basal_to_ciliated,viper,0.35923007014016695,3.0,0.520715741200395,False,True,3,False,754
ZNF730,basal_to_ciliated,viper,0.31630009556526667,2.0,0.8072958648886552,False,True,2,False,755
ZNF207,basal_to_ciliated,viper,0.31626335611476586,4.0,0.04063385000907646,True,False,4,False,756
SP2,basal_to_ciliated,viper,0.3098709626107262,5.0,0.5643762721792162,True,True,5,True,757
ATOH7,basal_to_ciliated,viper,0.30762431474519286,3.0,0.6943523621935115,False,True,3,False,758
ZNF181,basal_to_ciliated,viper,0.2916002622210592,3.0,0.6631779668645416,False,True,3,False,759
MXD3,basal_to_ciliated,viper,0.28586558169699,3.0,0.09732123594695166,False,True,3,False,760
ZNF45,basal_to_ciliated,viper,0.236482747263575,3.0,0.4422850478018812,False,True,3,False,761
ZNF784,basal_to_ciliated,viper,0.23094603809613307,3.0,0.3418978585097936,False,True,3,False,762
SMAD5,basal_to_ciliated,viper,0.18837369398109216,4.0,0.35615904632687956,True,True,4,True,763
ZNF134,basal_to_ciliated,viper,0.1669564784737334,3.0,0.6314735756202732,False,True,3,False,764
SP3,basal_to_ciliated,viper,0.16457160176029584,3.0,0.37743778580051807,False,True,3,False,765
DOT1L,basal_to_ciliated,viper,0.16333796470493558,3.0,0.4179922773722766,False,True,3,False,766
ZNF557,basal_to_ciliated,viper,0.16223366436839481,3.0,0.3919745825410538,False,True,3,False,767
SP4,basal_to_ciliated,viper,0.1589220081513128,5.0,0.5680250794626048,True,True,5,True,768
ZNF707,basal_to_ciliated,viper,0.14535714533878824,3.0,0.14098093122163394,False,True,3,False,769
ZNF317,basal_to_ciliated,viper,0.11976133557694311,3.0,0.6826385040627782,False,True,3,False,770
ZNF644,basal_to_ciliated,viper,0.09674412007655564,4.0,0.5631532915838193,True,True,4,True,771
TET2,basal_to_ciliated,viper,0.07828901653869033,2.0,0.5691552817891453,False,True,2,False,772
TBX4,basal_to_ciliated,viper,0.05118088267488634,3.0,0.07191058878296869,False,True,3,False,773
ZBTB21,basal_to_ciliated,viper,0.02148343114003089,2.0,0.35391635128418425,False,True,2,False,774
ZBTB9,basal_to_ciliated,viper,0.014292734528019727,3.0,0.06666522122015434,False,True,3,False,775
KLF17,basal_to_ciliated,viper,0.014158408033435757,3.0,0.6947387221793385,False,True,3,False,776
ZKSCAN4,basal_to_ciliated,viper,0.009666984911344614,3.0,0.33433421879301567,False,True,3,False,777
ZBTB1,basal_to_ciliated,viper,0.008609412813806252,3.0,0.47820482544036835,False,True,3,False,778
ZNF107,basal_to_ciliated,viper,0.001936381654630994,3.0,0.8090555206998776,False,True,3,False,779
ZNF217,basal_to_ciliated,viper,-0.011135393616957211,6.0,0.191532935918218,True,True,6,True,780
JUND,basal_to_ciliated,viper,-0.018342685644428442,6.0,0.5739184219861314,True,True,6,True,781
ZNF365,basal_to_ciliated,viper,-0.07794885554367316,3.0,0.10691250729449518,False,True,3,False,782
ARHGAP35,basal_to_ciliated,viper,-0.1735622331889151,2.0,0.758149946621902,False,True,2,False,783
ZNF845,basal_to_ciliated,viper,-0.17516943169094915,3.0,0.3849725454277795,False,True,3,False,784
CTCF,basal_to_ciliated,viper,-0.19612254733537457,6.0,0.09578613337112045,True,False,6,False,785
ZNF354A,basal_to_ciliated,viper,-0.1967740719495022,3.0,0.22746060384060773,False,True,3,False,786
ZNF524,basal_to_ciliated,viper,-0.21571788969425665,3.0,0.6762822537641453,False,True,3,False,787
ZNF879,basal_to_ciliated,viper,-0.23933293225892655,2.0,0.8967542317713528,False,True,2,False,788
ZNF777,basal_to_ciliated,viper,-0.2580722587938437,3.0,0.5578633673068222,False,True,3,False,789
MAFG,basal_to_ciliated,viper,-0.2590992458829685,4.0,0.19241428003245778,True,True,4,True,790
HOXA11,basal_to_ciliated,viper,-0.3278824102273183,3.0,0.7836034826971852,False,True,3,False,791
ZNF547,basal_to_ciliated,viper,-0.33414202694420503,3.0,0.5860425619338792,False,True,3,False,792
ZNF468,basal_to_ciliated,viper,-0.33986710927426467,3.0,0.6239919674681003,False,True,3,False,793
FLYWCH1,basal_to_ciliated,viper,-0.3590679791484925,2.0,0.8417292861279412,False,False,2,False,794
ZNF354B,basal_to_ciliated,viper,-0.38468787577773,3.0,0.40438811259648716,False,True,3,False,795
ELF4,basal_to_ciliated,viper,-0.38605020333237106,3.0,0.39925532255115037,False,True,3,False,796
ZBTB39,basal_to_ciliated,viper,-0.3961978618416288,3.0,0.3222209037001073,False,True,3,False,797
E2F7,basal_to_ciliated,viper,-0.40198700297549655,5.0,0.001232997263637635,True,False,5,False,798
ZNF14,basal_to_ciliated,viper,-0.4566058440310447,3.0,0.7831956179569954,False,False,3,False,799
EBF2,basal_to_ciliated,viper,-0.522642394524116,2.0,0.3971366962221131,False,True,2,False,800
ZNF133,basal_to_ciliated,viper,-0.5563131779608378,3.0,0.6025620319736777,False,True,3,False,801
ZBED6,basal_to_ciliated,viper,-0.5625408098846247,1.0,0.6459410143944683,False,False,1,False,802
MLXIPL,basal_to_ciliated,viper,-0.565849216482393,3.0,0.6826385040627782,False,True,3,False,803
NHLH2,basal_to_ciliated,viper,-0.5968075395525535,3.0,0.369924434963303,False,True,3,False,804
LMX1B,basal_to_ciliated,viper,-0.6128662611172913,3.0,0.255906225794357,False,True,3,False,805
ZNF805,basal_to_ciliated,viper,-0.6441749378548283,3.0,0.11051122294291742,False,True,3,False,806
ZNF18,basal_to_ciliated,viper,-0.661464661413153,3.0,0.349804244263302,False,True,3,False,807
ZNF615,basal_to_ciliated,viper,-0.6646042925453546,3.0,0.7372626791799555,False,False,3,False,808
ZNF346,basal_to_ciliated,viper,-0.680024414813742,3.0,0.13648639654353187,False,True,3,False,809
KCMF1,basal_to_ciliated,viper,-0.8018003607684597,3.0,0.4967072180854768,False,True,3,False,810
ZNF628,basal_to_ciliated,viper,-0.8380503239530812,3.0,0.2898446271841334,False,True,3,False,811
TIGD3,basal_to_ciliated,viper,-0.8620958372665888,3.0,0.10249396799861703,False,True,3,False,812
BBX,basal_to_ciliated,viper,-0.9054417635946034,3.0,0.18274282359481417,False,True,3,False,813
ZNF227,basal_to_ciliated,viper,-0.9100930112829849,3.0,0.5594846096426804,False,True,3,False,814
LEF1,basal_to_ciliated,viper,-0.9233222468836106,4.0,0.14582985918290603,False,True,4,False,815
ZNF322,basal_to_ciliated,viper,-0.9293959431291196,2.0,0.589242622501077,False,False,2,False,816
ZNF654,basal_to_ciliated,viper,-0.9410604541344534,3.0,0.3983995812734523,False,True,3,False,817
HOMEZ,basal_to_ciliated,viper,-0.9919856415148808,3.0,0.020965452556686828,False,True,3,False,818
ZNF250,basal_to_ciliated,viper,-0.9927698041990497,3.0,0.1890992248842596,False,True,3,False,819
AHDC1,basal_to_ciliated,viper,-1.0031255002628563,3.0,0.09958871768115368,False,True,3,False,820
ZNF350,basal_to_ciliated,viper,-1.0043922468323987,3.0,0.6101085078723769,False,True,3,False,821
ZNF573,basal_to_ciliated,viper,-1.0180583575826556,3.0,0.5655259556177794,False,False,3,False,822
ZNF326,basal_to_ciliated,viper,-1.0235692325005996,3.0,0.28988915097132756,False,True,3,False,823
CHAMP1,basal_to_ciliated,viper,-1.0276885434077927,2.0,0.503043149586564,False,False,2,False,824
ASCL5,basal_to_ciliated,viper,-1.0308588335158488,2.0,0.48833452787564985,False,False,2,False,825
ZHX3,basal_to_ciliated,viper,-1.0447362122928026,3.0,0.44710893527293877,False,True,3,False,826
ZNF823,basal_to_ciliated,viper,-1.057152071292943,3.0,0.37688764966884597,False,True,3,False,827
TFEC,basal_to_ciliated,viper,-1.0655946054930936,3.0,0.504386435565915,False,False,3,False,828
RBPJ,basal_to_ciliated,viper,-1.078978515601875,5.0,0.39239195145398936,True,True,5,True,829
CHCHD3,basal_to_ciliated,viper,-1.083155582269657,2.0,0.4503281864387587,False,False,2,False,830
CGGBP1,basal_to_ciliated,viper,-1.089645605225225,2.0,0.4648180483002038,False,False,2,False,831
ZNF577,basal_to_ciliated,viper,-1.1140897806311003,3.0,0.5230819784436228,False,False,3,False,832
AKAP8,basal_to_ciliated,viper,-1.115603211270287,3.0,0.11281267926481242,False,True,3,False,833
ZNF280C,basal_to_ciliated,viper,-1.1194744853832483,3.0,0.5509753823074773,False,False,3,False,834
ZNF79,basal_to_ciliated,viper,-1.1271388674217466,3.0,0.47050476351224835,False,False,3,False,835
ZNF696,basal_to_ciliated,viper,-1.192613308994438,3.0,0.4253081509752844,False,True,3,False,836
ZNF525,basal_to_ciliated,viper,-1.2182512673575332,2.0,0.3604515515461086,False,True,2,False,837
GLI4,basal_to_ciliated,viper,-1.263298586767063,2.0,0.3757401122757617,False,False,2,False,838
ZBTB12,basal_to_ciliated,viper,-1.2759577792393026,3.0,0.4283184144271665,False,False,3,False,839
ZNF284,basal_to_ciliated,viper,-1.2941106200882873,3.0,0.322835657273192,False,True,3,False,840
ALX1,basal_to_ciliated,viper,-1.3333828822107567,3.0,0.35842443811867075,False,True,3,False,841
ZBTB49,basal_to_ciliated,viper,-1.3760065643484383,2.0,0.31853955422993857,False,False,2,False,842
THAP12,basal_to_ciliated,viper,-1.4149229147662652,2.0,0.30342331838110254,False,False,2,False,843
ATF5,basal_to_ciliated,viper,-1.4194219948754938,3.0,0.10548106441017498,False,True,3,False,844
GLMP,basal_to_ciliated,viper,-1.4355420613591174,2.0,0.312182641427923,False,False,2,False,845
GFI1B,basal_to_ciliated,viper,-1.4470049947615407,5.0,0.41839950556120686,False,False,5,False,846
L3MBTL4,basal_to_ciliated,viper,-1.454364339092232,2.0,0.30245574579843215,False,False,2,False,847
TFDP1,basal_to_ciliated,viper,-1.4588680323462369,4.0,0.009347354098623153,True,False,4,False,848
HSFX1,basal_to_ciliated,viper,-1.469237626366734,2.0,0.30245574579843215,False,True,2,False,849
TERB1,basal_to_ciliated,viper,-1.4718301373303089,2.0,0.28795048153943337,False,False,2,False,850
ZHX1,basal_to_ciliated,viper,-1.4818090918064406,4.0,0.30959028701976815,False,True,4,False,851
HMGA2,basal_to_ciliated,viper,-1.4835363249347473,3.0,0.36015406129578303,False,True,3,False,852
SPI1,basal_to_ciliated,viper,-1.5046931907674865,6.0,0.482064120100627,False,True,6,False,853
CENPB,basal_to_ciliated,viper,-1.506327157578332,3.0,0.1671344744497052,False,True,3,False,854
NFAT5,basal_to_ciliated,viper,-1.5089944062155907,3.0,0.34965594592007193,False,True,3,False,855
HOXA6,basal_to_ciliated,viper,-1.5109455572712893,3.0,0.4040065531656917,False,False,3,False,856
ZNF426,basal_to_ciliated,viper,-1.5365451368657923,3.0,0.2097801768703742,False,True,3,False,857
SKIL,basal_to_ciliated,viper,-1.5611909379252575,3.0,0.3216313612110109,False,True,3,False,858
NEUROD1,basal_to_ciliated,viper,-1.5984462923735268,4.0,0.4181465519322065,False,False,4,False,859
ZXDA,basal_to_ciliated,viper,-1.612823585140784,3.0,0.2347051573776913,False,True,3,False,860
NFE4,basal_to_ciliated,viper,-1.6181795182195762,1.0,0.16681522357280826,False,False,1,False,861
ZNF565,basal_to_ciliated,viper,-1.6259432178872093,3.0,0.3216197549270363,False,False,3,False,862
EN2,basal_to_ciliated,viper,-1.6301328549159535,3.0,0.11660568022764604,False,True,3,False,863
CIC,basal_to_ciliated,viper,-1.6387870619118736,3.0,0.08845994141896138,False,True,3,False,864
IRF4,basal_to_ciliated,viper,-1.6419556009040417,5.0,0.396676019126647,False,False,5,False,865
NR4A3,basal_to_ciliated,viper,-1.6708814469869115,3.0,0.26853316873727,False,False,3,False,866
ZNF366,basal_to_ciliated,viper,-1.6739137794576677,3.0,0.27228514551941124,False,False,3,False,867
MEIS1,basal_to_ciliated,viper,-1.6792234950059697,5.0,0.0963268211248946,True,True,5,True,868
BHLHA15,basal_to_ciliated,viper,-1.6909878753542202,2.0,0.2759264478046015,False,False,2,False,869
CREB3L2,basal_to_ciliated,viper,-1.6969693605603673,3.0,0.30342331838110254,False,False,3,False,870
NANOGNB,basal_to_ciliated,viper,-1.7046531047759756,2.0,0.3001200961436231,False,False,2,False,871
ZBTB7C,basal_to_ciliated,viper,-1.7153555493715178,3.0,0.0045858488892659525,False,True,3,False,872
ZNF728,basal_to_ciliated,viper,-1.7255377378545496,2.0,0.19853229197924996,False,True,2,False,873
ZNF589,basal_to_ciliated,viper,-1.7611023261281138,4.0,0.06856443804178657,True,True,4,True,874
ZNF888,basal_to_ciliated,viper,-1.8021166247101843,1.0,0.120916692399035,False,False,1,False,875
ZNF582,basal_to_ciliated,viper,-1.805372203660306,3.0,0.26555171905382585,False,True,3,False,876
ZNF526,basal_to_ciliated,viper,-1.825727966691801,3.0,0.14158995448188688,False,True,3,False,877
ZNF598,basal_to_ciliated,viper,-1.8463590399642624,3.0,0.2530216357682404,False,False,3,False,878
ZNF567,basal_to_ciliated,viper,-1.849990260228219,3.0,0.3310603565595381,False,True,3,False,879
ZNF221,basal_to_ciliated,viper,-1.8696363639584441,3.0,0.21902843896205432,False,False,3,False,880
SKI,basal_to_ciliated,viper,-1.9325644530585675,2.0,0.22860693237027194,False,False,2,False,881
AEBP2,basal_to_ciliated,viper,-1.9580103096339068,3.0,0.1998530011632989,False,False,3,False,882
ZNF683,basal_to_ciliated,viper,-1.9839718421651684,3.0,0.2460166907253969,False,True,3,False,883
ZNF223,basal_to_ciliated,viper,-1.984565671883613,3.0,0.194557331057229,False,False,3,False,884
ZNF835,basal_to_ciliated,viper,-1.9989575592786832,3.0,0.27448414655636694,False,False,3,False,885
ZNF480,basal_to_ciliated,viper,-2.0029073037434455,3.0,0.04726574211003634,False,True,3,False,886
ZNF501,basal_to_ciliated,viper,-2.0042067193236828,3.0,0.27899390100561494,False,False,3,False,887
ZNF831,basal_to_ciliated,viper,-2.0259498631749127,3.0,0.26872286708268955,False,False,3,False,888
WIZ,basal_to_ciliated,viper,-2.049686133959489,3.0,0.255305058498056,False,False,3,False,889
PRDM16,basal_to_ciliated,viper,-2.06208292303217,4.0,0.3092370083866327,True,True,4,True,890
TBX21,basal_to_ciliated,viper,-2.0970317883739105,4.0,0.1580635441298184,False,False,4,False,891
IKZF3,basal_to_ciliated,viper,-2.1213043365337483,3.0,0.2511735228600849,False,False,3,False,892
INSM2,basal_to_ciliated,viper,-2.1363916073461615,3.0,0.18751393856921614,False,False,3,False,893
ZNF460,basal_to_ciliated,viper,-2.144417283285549,3.0,0.05014280710873207,False,True,3,False,894
TGIF1,basal_to_ciliated,viper,-2.146083553419548,3.0,0.049201254445282304,False,True,3,False,895
MLX,basal_to_ciliated,viper,-2.148220760524352,3.0,0.14254295576694362,False,False,3,False,896
ZNF74,basal_to_ciliated,viper,-2.1915982478275726,3.0,0.17958495445763895,False,False,3,False,897
ZNF17,basal_to_ciliated,viper,-2.1995581207171444,3.0,0.18729846927035598,False,False,3,False,898
ZNF41,basal_to_ciliated,viper,-2.2022616482795994,3.0,0.14211650291408245,False,False,3,False,899
ZNF587B,basal_to_ciliated,viper,-2.207993022524465,2.0,0.10126540146363754,False,True,2,False,900
HSF4,basal_to_ciliated,viper,-2.255479851059933,3.0,0.09413109126086817,False,True,3,False,901
KLF15,basal_to_ciliated,viper,-2.2673994086370026,3.0,0.1758508952786494,False,False,3,False,902
ZNF655,basal_to_ciliated,viper,-2.267561566791539,3.0,0.14994758237602426,False,False,3,False,903
FOXP4,basal_to_ciliated,viper,-2.2684635638167725,3.0,0.0930667766616815,False,True,3,False,904
ZNF202,basal_to_ciliated,viper,-2.2844813636197716,3.0,0.2027296332560413,False,False,3,False,905
ZNF639,basal_to_ciliated,viper,-2.293373438641076,4.0,0.005865079697891425,False,True,4,False,906
PLAG1,basal_to_ciliated,viper,-2.3694756463116446,3.0,0.14784155601189725,False,False,3,False,907
ZNF331,basal_to_ciliated,viper,-2.3707074688341487,3.0,0.1699798944152831,False,True,3,False,908
RAX2,basal_to_ciliated,viper,-2.385572600718457,3.0,0.161485467389226,False,True,3,False,909
RAG1,basal_to_ciliated,viper,-2.3919783103671914,3.0,0.12181427661287958,False,True,3,False,910
RFX8,basal_to_ciliated,viper,-2.4038435888783694,2.0,0.08840422346146186,False,False,2,False,911
FOXA3,basal_to_ciliated,viper,-2.407091922497059,3.0,0.16732621541794254,False,False,3,False,912
ZBTB16,basal_to_ciliated,viper,-2.414962053224529,4.0,0.14940892608189352,False,False,4,False,913
VENTX,basal_to_ciliated,viper,-2.4242901718147705,3.0,0.11660568022764604,False,False,3,False,914
CRX,basal_to_ciliated,viper,-2.436094283175613,4.0,0.08068398602310407,False,True,4,False,915
MESP1,basal_to_ciliated,viper,-2.4510438184005303,3.0,0.1758508952786494,False,False,3,False,916
SCML4,basal_to_ciliated,viper,-2.4660200468505895,3.0,0.10920935655087426,False,False,3,False,917
HLX,basal_to_ciliated,viper,-2.4856321687189293,3.0,0.13604818437141863,False,False,3,False,918
ZBTB43,basal_to_ciliated,viper,-2.5195341544918297,3.0,0.08032837197754569,False,False,3,False,919
SATB2,basal_to_ciliated,viper,-2.522741562433496,3.0,0.07967104071533512,False,True,3,False,920
REL,basal_to_ciliated,viper,-2.5443576395106455,3.0,0.10971969122178507,False,False,3,False,921
ZNF880,basal_to_ciliated,viper,-2.5580614354190754,2.0,0.06574547606331435,False,False,2,False,922
ZNF766,basal_to_ciliated,viper,-2.564907333372676,4.0,0.08742510766944557,False,True,4,False,923
ESR1,basal_to_ciliated,viper,-2.5740898174551186,6.0,0.23852644297859607,True,False,6,False,924
TLX2,basal_to_ciliated,viper,-2.579051173935496,3.0,0.12342033954277554,False,True,3,False,925
SRF,basal_to_ciliated,viper,-2.6437225805649103,6.0,0.12565419653879262,True,False,6,False,926
MTERF4,basal_to_ciliated,viper,-2.6447855272042253,2.0,0.051172232963404396,False,False,2,False,927
ZNF770,basal_to_ciliated,viper,-2.7500998507240535,3.0,0.08357907780453666,False,True,3,False,928
BACH1,basal_to_ciliated,viper,-2.7598182839414487,6.0,0.07755965462202327,False,True,6,False,929
HOXD1,basal_to_ciliated,viper,-2.770623610818343,3.0,0.08184385639739546,False,True,3,False,930
NFIL3,basal_to_ciliated,viper,-2.7717159198604606,3.0,0.05402296407853003,False,False,3,False,931
POU3F2,basal_to_ciliated,viper,-2.8192699624659463,4.0,0.10132255867435992,False,False,4,False,932
REXO4,basal_to_ciliated,viper,-2.848481412977181,2.0,0.03715867232233029,False,False,2,False,933
ADNP2,basal_to_ciliated,viper,-2.8707090371763315,3.0,0.05089696246330983,False,False,3,False,934
TCF7,basal_to_ciliated,viper,-2.8714271705895404,5.0,0.11660568022764604,False,True,5,False,935
HOXB3,basal_to_ciliated,viper,-2.8807487395447415,3.0,0.04976468871298162,False,False,3,False,936
ARNT2,basal_to_ciliated,viper,-2.890522804123714,3.0,0.06690393863025043,False,False,3,False,937
ZNF155,basal_to_ciliated,viper,-2.8909817567619904,3.0,0.04768646884810263,False,False,3,False,938
ZNF57,basal_to_ciliated,viper,-2.91396733042496,3.0,0.057010878452034404,False,True,3,False,939
NR2F2,basal_to_ciliated,viper,-2.928415351875578,5.0,0.09784969031934593,True,False,5,False,940
ZNF71,basal_to_ciliated,viper,-2.9488323255348763,3.0,0.1125706238977367,False,False,3,False,941
TFE3,basal_to_ciliated,viper,-2.9542772190895676,3.0,0.04666281558120737,False,False,3,False,942
ZNF705G,basal_to_ciliated,viper,-2.971052738384101,2.0,0.026670618985845482,False,False,2,False,943
DDIT3,basal_to_ciliated,viper,-2.9965065723277036,3.0,0.040520931472101035,False,False,3,False,944
ZNF543,basal_to_ciliated,viper,-3.002849924885051,3.0,0.03346479146356502,False,True,3,False,945
HMG20A,basal_to_ciliated,viper,-3.0071000387610027,3.0,0.044538503884786945,False,False,3,False,946
HOXC5,basal_to_ciliated,viper,-3.015367927074092,3.0,0.08184385639739546,False,False,3,False,947
MTERF1,basal_to_ciliated,viper,-3.040568982732925,2.0,0.035326732324423564,False,False,2,False,948
ZBTB5,basal_to_ciliated,viper,-3.0416015983637665,3.0,0.042843284250309435,False,True,3,False,949
ZNF648,basal_to_ciliated,viper,-3.051334005699448,3.0,0.03307055603862236,False,True,3,False,950
AHRR,basal_to_ciliated,viper,-3.0835986615149964,2.0,0.042867159363510314,False,True,2,False,951
JDP2,basal_to_ciliated,viper,-3.093863825099487,3.0,0.0322869308658463,False,False,3,False,952
MAFK,basal_to_ciliated,viper,-3.119291066896249,5.0,0.058593392996128014,False,False,5,False,953
FOXI2,basal_to_ciliated,viper,-3.126067125556233,3.0,0.011034740566388541,False,True,3,False,954
PCGF6,basal_to_ciliated,viper,-3.1365529720853425,3.0,0.03205001081838967,False,False,3,False,955
ALX4,basal_to_ciliated,viper,-3.1576845395098756,3.0,0.0330419958044568,False,False,3,False,956
ZNF837,basal_to_ciliated,viper,-3.1588883430221064,3.0,0.03540793801570858,False,False,3,False,957
MEF2C,basal_to_ciliated,viper,-3.175544833746964,5.0,0.18279998561098593,False,False,5,False,958
ZNF576,basal_to_ciliated,viper,-3.185404923356541,3.0,0.04003869097434266,False,True,3,False,959
ZNF580,basal_to_ciliated,viper,-3.189730939008571,3.0,0.07967104071533512,False,True,3,False,960
ZBTB8B,basal_to_ciliated,viper,-3.194253919190987,2.0,0.017302399005717655,False,False,2,False,961
ZNF697,basal_to_ciliated,viper,-3.195969773202829,3.0,0.060862760967035495,False,False,3,False,962
PRRX2,basal_to_ciliated,viper,-3.219841504997758,3.0,0.0828063449903034,False,False,3,False,963
TCF7L2,basal_to_ciliated,viper,-3.2266367878248934,6.0,0.09286686597611038,True,False,6,False,964
ZNF286B,basal_to_ciliated,viper,-3.236452671907311,2.0,0.02921846657472794,False,False,2,False,965
ZNF280B,basal_to_ciliated,viper,-3.2381497400845616,2.0,0.019904967358808638,False,False,2,False,966
YY2,basal_to_ciliated,viper,-3.2492282335084264,3.0,0.036521280230757396,False,False,3,False,967
ZFP69B,basal_to_ciliated,viper,-3.2675360017907296,2.0,0.01535562827075664,False,False,2,False,968
ZSCAN5B,basal_to_ciliated,viper,-3.2945226894636486,3.0,0.037536900882605806,False,True,3,False,969
ZBTB24,basal_to_ciliated,viper,-3.2984233948938457,3.0,0.0350749268345325,False,False,3,False,970
XBP1,basal_to_ciliated,viper,-3.311946809246921,4.0,0.024071114756238316,False,True,4,False,971
NR1I3,basal_to_ciliated,viper,-3.315526815127145,3.0,0.024339191406297703,False,False,3,False,972
ZNF114,basal_to_ciliated,viper,-3.318511473036977,3.0,0.02255419675126717,False,False,3,False,973
ZNF394,basal_to_ciliated,viper,-3.330161124065878,3.0,0.017855529561752893,False,False,3,False,974
ZNF385B,basal_to_ciliated,viper,-3.3326455786334104,3.0,0.030204840331224874,False,False,3,False,975
POGK,basal_to_ciliated,viper,-3.3482031669112438,3.0,0.01882872758045407,False,False,3,False,976
EEA1,basal_to_ciliated,viper,-3.361429513267102,3.0,0.03372340724706748,False,False,3,False,977
HOXB6,basal_to_ciliated,viper,-3.364342972237758,3.0,0.023682774004191245,False,False,3,False,978
ZBTB32,basal_to_ciliated,viper,-3.3689913228348067,3.0,0.03054492278791943,False,False,3,False,979
KLF6,basal_to_ciliated,viper,-3.3728839093654983,4.0,0.0591459820839661,False,False,4,False,980
MESP2,basal_to_ciliated,viper,-3.385119082933527,3.0,0.04043956118197586,False,False,3,False,981
NR1H2,basal_to_ciliated,viper,-3.4023143040397263,4.0,0.05134463298111258,False,False,4,False,982
MYPOP,basal_to_ciliated,viper,-3.403032468307516,2.0,0.03231116632005745,False,False,2,False,983
PBX2,basal_to_ciliated,viper,-3.419822219088996,4.0,0.0560623114136999,False,True,4,False,984
ZFP28,basal_to_ciliated,viper,-3.4210008908319995,3.0,0.00391392273155789,False,True,3,False,985
GCM1,basal_to_ciliated,viper,-3.4320780994777604,3.0,0.023983260126077422,False,False,3,False,986
KLF13,basal_to_ciliated,viper,-3.4392294384022115,4.0,0.07180454775203036,False,False,4,False,987
ZNF138,basal_to_ciliated,viper,-3.442691827088568,3.0,0.02497708452984389,False,False,3,False,988
E2F8,basal_to_ciliated,viper,-3.461837362482991,3.0,0.0435042669645356,False,True,3,False,989
ZZZ3,basal_to_ciliated,viper,-3.4634973756091996,5.0,0.052428101418485945,False,False,5,False,990
ZNF714,basal_to_ciliated,viper,-3.4775010122883883,3.0,0.03575375498814277,False,False,3,False,991
ZNF883,basal_to_ciliated,viper,-3.479437091104824,2.0,0.008174819056168495,False,False,2,False,992
CUX2,basal_to_ciliated,viper,-3.5303144354302374,3.0,0.011911962860588614,False,False,3,False,993
EMX2,basal_to_ciliated,viper,-3.531021845673754,3.0,0.04225409703264147,False,False,3,False,994
HOXD8,basal_to_ciliated,viper,-3.5382735316124676,3.0,0.025415548855767658,False,False,3,False,995
ZSCAN12,basal_to_ciliated,viper,-3.583117872205201,3.0,0.012826038967414556,False,False,3,False,996
ZNF502,basal_to_ciliated,viper,-3.5968056839599103,3.0,0.016878417826973476,False,False,3,False,997
ZIK1,basal_to_ciliated,viper,-3.6102232797899507,3.0,0.03586171919893607,False,True,3,False,998
ZFP1,basal_to_ciliated,viper,-3.6193366796561763,3.0,0.015270567206068097,False,True,3,False,999
ZNF583,basal_to_ciliated,viper,-3.62053119584898,3.0,0.0333038998682171,False,False,3,False,1000
GRHL1,basal_to_ciliated,viper,-3.631056566387326,3.0,0.043069148395215515,False,False,3,False,1001
ZNF385D,basal_to_ciliated,viper,-3.631802077528618,3.0,0.021463578749327916,False,True,3,False,1002
ZNF80,basal_to_ciliated,viper,-3.6409274101212894,3.0,0.031781691926327904,False,False,3,False,1003
ZNF669,basal_to_ciliated,viper,-3.655167643732116,3.0,0.02790578731770956,False,False,3,False,1004
THAP3,basal_to_ciliated,viper,-3.6590463498785346,3.0,0.04204734254605294,False,False,3,False,1005
ZNF706,basal_to_ciliated,viper,-3.670678053592853,3.0,0.025159285651365597,False,False,3,False,1006
FOXI1,basal_to_ciliated,viper,-3.6950526671877255,3.0,0.01929188793127654,False,False,3,False,1007
ZNF792,basal_to_ciliated,viper,-3.6952339500349027,3.0,0.00843827804937427,False,False,3,False,1008
SCMH1,basal_to_ciliated,viper,-3.699789517410228,2.0,0.006083403325902037,False,False,2,False,1009
ZNF530,basal_to_ciliated,viper,-3.702499050130921,3.0,0.01231118155368766,False,True,3,False,1010
ZNF423,basal_to_ciliated,viper,-3.715673434530823,3.0,0.012179627305999753,False,False,3,False,1011
DMBX1,basal_to_ciliated,viper,-3.71907380113777,3.0,0.0014555585728916105,False,True,3,False,1012
NANOG,basal_to_ciliated,viper,-3.729123805521189,6.0,0.03235466939061795,False,True,6,False,1013
EN1,basal_to_ciliated,viper,-3.7425990196553993,3.0,0.013229667911524726,False,False,3,False,1014
CSRNP1,basal_to_ciliated,viper,-3.7480382610958705,2.0,0.017952374774753525,False,False,2,False,1015
PPARA,basal_to_ciliated,viper,-3.7537976192554945,3.0,0.019166887954325328,False,True,3,False,1016
GCM2,basal_to_ciliated,viper,-3.762411136149472,3.0,0.043069148395215515,False,False,3,False,1017
CAMTA2,basal_to_ciliated,viper,-3.772508819322692,3.0,0.013925611223442226,False,False,3,False,1018
KLF7,basal_to_ciliated,viper,-3.773610234911351,3.0,0.012072920289981427,False,False,3,False,1019
ZNF556,basal_to_ciliated,viper,-3.7801520589790436,3.0,0.010555315974140694,False,False,3,False,1020
TIGD5,basal_to_ciliated,viper,-3.7983650042802437,3.0,0.01425815016402248,False,False,3,False,1021
ZBTB38,basal_to_ciliated,viper,-3.8100124931454245,3.0,0.021548960669868666,False,False,3,False,1022
NFIB,basal_to_ciliated,viper,-3.8362463535105493,4.0,0.025922427942393675,False,False,4,False,1023
ZNF578,basal_to_ciliated,viper,-3.851664348251696,3.0,0.021900073974011936,False,False,3,False,1024
RFX4,basal_to_ciliated,viper,-3.8790579929452598,3.0,0.004632734704019155,False,True,3,False,1025
PROX2,basal_to_ciliated,viper,-3.8926925773065455,3.0,0.014196004022076748,False,False,3,False,1026
MXD1,basal_to_ciliated,viper,-3.908719103573038,3.0,0.026400115279149053,False,False,3,False,1027
MAFA,basal_to_ciliated,viper,-3.9089640645057466,3.0,0.005663570811866686,False,False,3,False,1028
RELA,basal_to_ciliated,viper,-3.9146589530581104,6.0,0.03518403543961005,False,True,6,False,1029
TOPORS,basal_to_ciliated,viper,-3.924651569710273,2.0,0.003914733693208054,False,False,2,False,1030
KLF11,basal_to_ciliated,viper,-3.948328797889214,3.0,0.006214972004249353,False,False,3,False,1031
OVOL3,basal_to_ciliated,viper,-3.959809198180857,2.0,0.0028227741922276293,False,False,2,False,1032
ZNF532,basal_to_ciliated,viper,-3.9613399944887813,3.0,0.011845850033805077,False,True,3,False,1033
ZNF662,basal_to_ciliated,viper,-3.9946519423375926,3.0,0.004270374390892028,False,False,3,False,1034
ZNF562,basal_to_ciliated,viper,-4.044316793184238,3.0,0.008434931216403404,False,False,3,False,1035
MNT,basal_to_ciliated,viper,-4.073086431284292,4.0,0.011769711216039815,False,False,4,False,1036
ZNF414,basal_to_ciliated,viper,-4.078554061792013,3.0,0.005983113942698167,False,False,3,False,1037
RORA,basal_to_ciliated,viper,-4.081658007742418,3.0,0.005255955913623156,False,True,3,False,1038
LTF,basal_to_ciliated,viper,-4.0897050959460355,2.0,0.0043180033840031756,False,False,2,False,1039
BCL6B,basal_to_ciliated,viper,-4.090173716785398,3.0,0.015242268282958807,False,False,3,False,1040
CENPT,basal_to_ciliated,viper,-4.122759262974014,3.0,0.012096728149217993,False,True,3,False,1041
ZFP57,basal_to_ciliated,viper,-4.123089027007131,3.0,0.016878417826973476,False,False,3,False,1042
HOXA1,basal_to_ciliated,viper,-4.124883483179995,3.0,0.00628861535166958,False,False,3,False,1043
ZNF222,basal_to_ciliated,viper,-4.143526580464183,3.0,0.004279568240399779,False,False,3,False,1044
YY1,basal_to_ciliated,viper,-4.167649598493599,6.0,0.019009533446159778,False,False,6,False,1045
CAMTA1,basal_to_ciliated,viper,-4.171370223157848,3.0,0.003091611568690908,False,False,3,False,1046
IRX1,basal_to_ciliated,viper,-4.181399203753865,3.0,0.013392599817584092,False,False,3,False,1047
ZNF281,basal_to_ciliated,viper,-4.191206504563014,3.0,0.012596466560433244,False,False,3,False,1048
TBX15,basal_to_ciliated,viper,-4.214999772566935,3.0,0.0027925958416873285,False,False,3,False,1049
CBLL2,basal_to_ciliated,viper,-4.218961654723335,3.0,0.002753309271182074,False,True,3,False,1050
ZNF431,basal_to_ciliated,viper,-4.220817140651799,3.0,0.005313083261822745,False,False,3,False,1051
ATOH8,basal_to_ciliated,viper,-4.240107643402446,3.0,0.023087715441023855,False,False,3,False,1052
MSANTD3,basal_to_ciliated,viper,-4.260717351453761,2.0,0.0011055053190324002,False,False,2,False,1053
ZNF705A,basal_to_ciliated,viper,-4.261029978879064,3.0,0.0029424162865979934,False,False,3,False,1054
DRGX,basal_to_ciliated,viper,-4.261523825930534,3.0,0.01846181107416363,False,False,3,False,1055
ZNF479,basal_to_ciliated,viper,-4.264858482301374,3.0,0.0035493916506588066,False,False,3,False,1056
ZNF257,basal_to_ciliated,viper,-4.282123148638866,3.0,0.008797479072555158,False,True,3,False,1057
FOXK1,basal_to_ciliated,viper,-4.285857818761985,4.0,0.0003605362848887986,False,True,4,False,1058
ZNF518B,basal_to_ciliated,viper,-4.287548306975909,3.0,0.002245025455793266,False,False,3,False,1059
ZNF551,basal_to_ciliated,viper,-4.287626104977893,3.0,0.0033918842697114597,False,False,3,False,1060
ZNF689,basal_to_ciliated,viper,-4.322019431243645,3.0,0.0006664059599598871,False,True,3,False,1061
ZNF830,basal_to_ciliated,viper,-4.337515177241464,3.0,0.006675135441518581,False,False,3,False,1062
MBD3,basal_to_ciliated,viper,-4.355089487075616,4.0,0.006943337283680233,False,False,4,False,1063
ZNF600,basal_to_ciliated,viper,-4.359082192713313,3.0,0.01567127665361745,False,False,3,False,1064
KLF10,basal_to_ciliated,viper,-4.376309139844981,3.0,0.0038663538296991973,False,False,3,False,1065
MYRF,basal_to_ciliated,viper,-4.383498903024165,2.0,0.0055055942577376124,False,False,2,False,1066
ZNF699,basal_to_ciliated,viper,-4.397150448133095,3.0,0.0055794502870481835,False,False,3,False,1067
FOXF1,basal_to_ciliated,viper,-4.398114941434629,3.0,0.008133411519745642,False,False,3,False,1068
ARID5A,basal_to_ciliated,viper,-4.406810416860604,2.0,0.0045752563971016265,False,False,2,False,1069
BNC2,basal_to_ciliated,viper,-4.418153766159551,3.0,0.003618426476202829,False,False,3,False,1070
ZNF724,basal_to_ciliated,viper,-4.435846889843913,2.0,0.0013546156270112044,False,False,2,False,1071
SCRT1,basal_to_ciliated,viper,-4.461691370098467,2.0,0.004282627097840806,False,False,2,False,1072
FOXD1,basal_to_ciliated,viper,-4.4636391800867425,2.0,0.001665198870362025,False,False,2,False,1073
THAP11,basal_to_ciliated,viper,-4.482111414235322,5.0,0.007104130228466397,True,False,5,False,1074
KCNIP3,basal_to_ciliated,viper,-4.491842409208737,2.0,0.0025321153722726794,False,False,2,False,1075
CREB5,basal_to_ciliated,viper,-4.493138048545566,3.0,0.0014130473939175246,False,False,3,False,1076
TRPS1,basal_to_ciliated,viper,-4.5210401831531755,3.0,0.004469963835176167,False,True,3,False,1077
ZNF691,basal_to_ciliated,viper,-4.521289116095727,3.0,0.0018700538642470552,False,False,3,False,1078
EGR4,basal_to_ciliated,viper,-4.528170094871242,3.0,0.00391392273155789,False,False,3,False,1079
EGR2,basal_to_ciliated,viper,-4.546421726423292,3.0,0.010745607285842628,False,False,3,False,1080
BRF2,basal_to_ciliated,viper,-4.55185512749677,3.0,0.004588643262915608,False,False,3,False,1081
FOXE3,basal_to_ciliated,viper,-4.562262964349191,3.0,0.0035546844818635298,False,False,3,False,1082
TBPL2,basal_to_ciliated,viper,-4.617299371569099,2.0,0.0008929756081580141,False,False,2,False,1083
LHX4,basal_to_ciliated,viper,-4.666445805168718,3.0,0.0022076380753759096,False,False,3,False,1084
ZNF860,basal_to_ciliated,viper,-4.684017730682389,2.0,0.00032056129105469437,False,False,2,False,1085
ZNF177,basal_to_ciliated,viper,-4.686403989565614,3.0,0.0011544967188649477,False,False,3,False,1086
THAP4,basal_to_ciliated,viper,-4.697375050399961,3.0,0.002403407961650174,False,False,3,False,1087
DR1,basal_to_ciliated,viper,-4.714839415193429,3.0,0.00443447548325031,False,False,3,False,1088
SPDEF,basal_to_ciliated,viper,-4.716338995464662,3.0,0.004401074610354109,False,False,3,False,1089
PAX7,basal_to_ciliated,viper,-4.7331717320925755,3.0,0.004644205638307101,False,False,3,False,1090
HOXB2,basal_to_ciliated,viper,-4.735014717570974,3.0,0.009435431457494713,False,False,3,False,1091
NME2,basal_to_ciliated,viper,-4.747887711695423,3.0,0.008742563639065785,False,False,3,False,1092
MEOX2,basal_to_ciliated,viper,-4.756294533804321,3.0,0.008607570277476648,False,False,3,False,1093
ZNF77,basal_to_ciliated,viper,-4.757789414319245,3.0,0.0011181592428756014,False,False,3,False,1094
MTERF3,basal_to_ciliated,viper,-4.759763251088643,2.0,0.0008070057298660841,False,False,2,False,1095
ZNF343,basal_to_ciliated,viper,-4.770446399119946,3.0,0.004281884938808411,False,False,3,False,1096
ZFHX4,basal_to_ciliated,viper,-4.775815571536476,3.0,0.0034133423458952874,False,False,3,False,1097
MYBL1,basal_to_ciliated,viper,-4.780375631966009,4.0,0.0022076380753759096,False,False,4,False,1098
HOXA3,basal_to_ciliated,viper,-4.813149695631269,3.0,0.00391392273155789,False,False,3,False,1099
ZNF511,basal_to_ciliated,viper,-4.848281088039118,3.0,0.004304083082950963,False,False,3,False,1100
ZNF408,basal_to_ciliated,viper,-4.904871467825081,3.0,0.0007486236344346658,False,False,3,False,1101
ZIM3,basal_to_ciliated,viper,-4.906568747102116,3.0,0.004060420080572479,False,False,3,False,1102
FEV,basal_to_ciliated,viper,-4.907886269371267,3.0,0.006724688619271307,False,False,3,False,1103
DMRT2,basal_to_ciliated,viper,-4.9257797718896175,3.0,0.0004144633650299114,False,False,3,False,1104
GTF3A,basal_to_ciliated,viper,-4.941199622913119,3.0,0.0007970022665510644,False,False,3,False,1105
FOXP3,basal_to_ciliated,viper,-4.9418072938766056,4.0,0.0005622615828983251,False,False,4,False,1106
ZNF354C,basal_to_ciliated,viper,-4.944819522859303,3.0,0.002403407961650174,False,False,3,False,1107
POU5F1,basal_to_ciliated,viper,-4.950922140845416,5.0,0.011291679622510068,False,True,5,False,1108
ZNF711,basal_to_ciliated,viper,-4.961386743335569,3.0,0.0007717251780395942,False,True,3,False,1109
SOX17,basal_to_ciliated,viper,-4.963487384838445,4.0,0.0013736186939925673,False,False,4,False,1110
MIXL1,basal_to_ciliated,viper,-4.96906422997162,3.0,0.0024204986628750995,False,False,3,False,1111
DMRTA2,basal_to_ciliated,viper,-4.98152431137988,3.0,0.0013516706519876385,False,False,3,False,1112
FOXD4,basal_to_ciliated,viper,-4.992531462126487,3.0,0.0008514023767145516,False,False,3,False,1113
ZNF85,basal_to_ciliated,viper,-5.009977335418975,3.0,0.0006906599740672113,False,False,3,False,1114
HOXB1,basal_to_ciliated,viper,-5.0170346056964705,3.0,0.0003820883060821416,False,False,3,False,1115
NFIC,basal_to_ciliated,viper,-5.073474993623482,5.0,0.006879537809048446,False,False,5,False,1116
SNAI1,basal_to_ciliated,viper,-5.090499443013941,3.0,0.0021021403726663446,False,False,3,False,1117
ASCL4,basal_to_ciliated,viper,-5.09355149686728,3.0,0.001110732253566138,False,False,3,False,1118
ALX3,basal_to_ciliated,viper,-5.102548591127507,3.0,0.001568599430382611,False,False,3,False,1119
ATMIN,basal_to_ciliated,viper,-5.119546843232181,3.0,0.0023474101084397857,False,False,3,False,1120
SREBF1,basal_to_ciliated,viper,-5.129679126252912,6.0,0.011334816126857262,False,False,6,False,1121
SKOR1,basal_to_ciliated,viper,-5.162945024764255,2.0,0.0007664724681807643,False,False,2,False,1122
MYT1,basal_to_ciliated,viper,-5.180640109422489,3.0,0.001189944350950554,False,False,3,False,1123
ZEB1,basal_to_ciliated,viper,-5.196457092655277,5.0,0.003252568767979371,False,False,5,False,1124
MYCL,basal_to_ciliated,viper,-5.201786509856993,2.0,0.0004075553498529405,False,True,2,False,1125
FOXD4L6,basal_to_ciliated,viper,-5.203963448999452,2.0,5.01755878421381e-05,False,False,2,False,1126
UBP1,basal_to_ciliated,viper,-5.207875907871397,3.0,0.0010516567874340815,False,False,3,False,1127
ZUP1,basal_to_ciliated,viper,-5.219324306993446,3.0,0.001958433858567715,False,False,3,False,1128
AIRE,basal_to_ciliated,viper,-5.229504759056452,3.0,0.0013892124931185494,False,False,3,False,1129
TCF23,basal_to_ciliated,viper,-5.239517628628629,3.0,0.0019872657296520035,False,False,3,False,1130
ZNF512B,basal_to_ciliated,viper,-5.239648924471758,3.0,0.00029196102340824564,False,False,3,False,1131
ZNF614,basal_to_ciliated,viper,-5.276706951009625,2.0,0.0001133682505320022,False,False,2,False,1132
ZNF586,basal_to_ciliated,viper,-5.302128069125044,3.0,0.0014344823735442688,False,False,3,False,1133
ZNF358,basal_to_ciliated,viper,-5.307506794866549,3.0,0.001578842895276178,False,False,3,False,1134
MSX1,basal_to_ciliated,viper,-5.347390691998127,3.0,0.00044316915563920507,False,False,3,False,1135
SOX21,basal_to_ciliated,viper,-5.382227826646895,3.0,0.0008724575553808268,False,False,3,False,1136
TAL2,basal_to_ciliated,viper,-5.383146176662631,3.0,0.00011181875880229901,False,False,3,False,1137
ZNF641,basal_to_ciliated,viper,-5.384166172127116,3.0,0.00011889463578448885,False,False,3,False,1138
NHLH1,basal_to_ciliated,viper,-5.412280312258149,3.0,0.002866351064111198,False,False,3,False,1139
XPA,basal_to_ciliated,viper,-5.420905950099493,3.0,0.00038274137769631235,False,False,3,False,1140
ZNF385A,basal_to_ciliated,viper,-5.430922365114071,3.0,0.00027073346244233285,False,False,3,False,1141
ETV3,basal_to_ciliated,viper,-5.436529787776061,3.0,0.00014706483228193486,False,False,3,False,1142
ZNF35,basal_to_ciliated,viper,-5.4496129411418694,3.0,0.0007019337088291903,False,False,3,False,1143
PITX3,basal_to_ciliated,viper,-5.461564552532672,3.0,0.0003272236295614262,False,False,3,False,1144
NR4A1,basal_to_ciliated,viper,-5.471824731485119,4.0,0.0011375598703075903,False,False,4,False,1145
HSF5,basal_to_ciliated,viper,-5.473917920357078,3.0,0.00024667464053511226,False,False,3,False,1146
ZNF620,basal_to_ciliated,viper,-5.482551048099646,3.0,0.0001816936405774367,False,False,3,False,1147
ZNF804A,basal_to_ciliated,viper,-5.490266980086392,3.0,0.0018214365259359624,False,False,3,False,1148
NPAS4,basal_to_ciliated,viper,-5.499138406671418,3.0,0.000277452166114805,False,False,3,False,1149
ZNF131,basal_to_ciliated,viper,-5.511752788850128,3.0,0.000257537840618201,False,False,3,False,1150
NR5A1,basal_to_ciliated,viper,-5.538069295887671,3.0,0.0004881489309982737,False,False,3,False,1151
ZNF675,basal_to_ciliated,viper,-5.550012616673256,3.0,0.0003089278294397746,False,False,3,False,1152
ZNF208,basal_to_ciliated,viper,-5.591810601390421,3.0,0.0009656096402121777,False,False,3,False,1153
PPARD,basal_to_ciliated,viper,-5.593269444692719,4.0,0.0009420827448401829,False,False,4,False,1154
ZNF121,basal_to_ciliated,viper,-5.598814656141884,3.0,0.0001917416767703983,False,False,3,False,1155
ZNF275,basal_to_ciliated,viper,-5.609583441981905,3.0,0.000814396490909851,False,False,3,False,1156
EBF3,basal_to_ciliated,viper,-5.679431610361602,3.0,8.653217691711523e-05,False,False,3,False,1157
TBX2,basal_to_ciliated,viper,-5.684513666502987,3.0,9.590528407647797e-05,False,False,3,False,1158
TFAP2E,basal_to_ciliated,viper,-5.696112454034592,3.0,0.00026454055329796713,False,False,3,False,1159
SOX4,basal_to_ciliated,viper,-5.701774838680399,3.0,0.00022525195799229713,False,False,3,False,1160
TBR1,basal_to_ciliated,viper,-5.713057103176429,3.0,0.0008280515950720907,False,False,3,False,1161
LBX1,basal_to_ciliated,viper,-5.7226874192935915,3.0,0.0013662303103299835,False,False,3,False,1162
ZNF716,basal_to_ciliated,viper,-5.729331160832021,3.0,9.973018690901592e-05,False,False,3,False,1163
CEBPA,basal_to_ciliated,viper,-5.73427192358636,5.0,0.0016534321341893476,False,False,5,False,1164
FOXD4L3,basal_to_ciliated,viper,-5.7391694548817815,3.0,7.18524267374649e-05,False,False,3,False,1165
HOXB4,basal_to_ciliated,viper,-5.751624851159846,4.0,0.0001974267203673334,False,False,4,False,1166
DLX2,basal_to_ciliated,viper,-5.780578791370873,3.0,0.00020189248882388568,False,False,3,False,1167
HIC1,basal_to_ciliated,viper,-5.802825224539664,3.0,0.00027193466532487054,False,False,3,False,1168
TBX10,basal_to_ciliated,viper,-5.806811718612062,3.0,0.0003973001802089308,False,False,3,False,1169
FOSB,basal_to_ciliated,viper,-5.828929368851522,3.0,0.001067476841976849,False,False,3,False,1170
IRF6,basal_to_ciliated,viper,-5.832512143801072,3.0,0.0007014963045345686,False,False,3,False,1171
ZNF670,basal_to_ciliated,viper,-5.836804630168882,2.0,2.9919959802143077e-05,False,False,2,False,1172
LHX1,basal_to_ciliated,viper,-5.8386439838505115,2.0,1.468012542205877e-05,False,False,2,False,1173
OTX1,basal_to_ciliated,viper,-5.844105574794427,3.0,0.00016177158973605064,False,False,3,False,1174
ZNF296,basal_to_ciliated,viper,-5.854562742289563,3.0,0.0017615188592698594,False,False,3,False,1175
ZNF22,basal_to_ciliated,viper,-5.8723975915944395,3.0,9.293330679209628e-05,False,False,3,False,1176
ZBED3,basal_to_ciliated,viper,-5.887552630476851,3.0,8.007983795737556e-05,False,False,3,False,1177
MNX1,basal_to_ciliated,viper,-5.890905096701181,4.0,0.00015042330457821088,False,False,4,False,1178
TFDP3,basal_to_ciliated,viper,-5.902016988992325,3.0,4.462769535900492e-05,False,False,3,False,1179
NR1H3,basal_to_ciliated,viper,-5.9122547704699215,5.0,0.0015967387500672424,False,False,5,False,1180
ZNF492,basal_to_ciliated,viper,-5.928681184498463,2.0,7.43883774721037e-06,False,True,2,False,1181
HOXC10,basal_to_ciliated,viper,-5.943441510484779,3.0,0.000184606473862248,False,False,3,False,1182
TSHZ2,basal_to_ciliated,viper,-5.95957543946021,3.0,0.0002289599314340762,False,False,3,False,1183
CSRNP3,basal_to_ciliated,viper,-5.972487214766939,2.0,3.697110067085502e-05,False,False,2,False,1184
ZNF786,basal_to_ciliated,viper,-5.973207321530201,3.0,0.00011538986463535905,False,True,3,False,1185
NFE2L3,basal_to_ciliated,viper,-6.0032487258855785,3.0,0.0007754856593049096,False,False,3,False,1186
ZNF878,basal_to_ciliated,viper,-6.022008276303562,2.0,5.131610080899248e-05,False,False,2,False,1187
ZNF195,basal_to_ciliated,viper,-6.028661415027354,3.0,0.0009835800219000993,False,False,3,False,1188
ZBTB2,basal_to_ciliated,viper,-6.029718097674987,3.0,0.0003257581633170817,False,False,3,False,1189
SIM2,basal_to_ciliated,viper,-6.037081340636391,3.0,0.00016302149848836466,False,False,3,False,1190
FEZF2,basal_to_ciliated,viper,-6.054991572092429,3.0,0.00018180961555645803,False,False,3,False,1191
ONECUT3,basal_to_ciliated,viper,-6.055141936609282,3.0,0.00012989631710722617,False,True,3,False,1192
ZNF676,basal_to_ciliated,viper,-6.061006242193929,3.0,0.0006726704049303631,False,False,3,False,1193
ZFP92,basal_to_ciliated,viper,-6.068864210832532,3.0,4.8236684546191505e-05,False,False,3,False,1194
VAX2,basal_to_ciliated,viper,-6.1140538734059,3.0,0.0002326618716843482,False,False,3,False,1195
NOTO,basal_to_ciliated,viper,-6.134954220110079,3.0,9.935858616503577e-05,False,False,3,False,1196
NEUROD4,basal_to_ciliated,viper,-6.17334332797817,3.0,9.303123824083624e-05,False,False,3,False,1197
PITX1,basal_to_ciliated,viper,-6.21156174931861,3.0,0.0004844870725543019,False,False,3,False,1198
HMX1,basal_to_ciliated,viper,-6.221807247086248,3.0,0.00039787185174814814,False,False,3,False,1199
PKNOX2,basal_to_ciliated,viper,-6.23977249998946,3.0,1.4982555009965724e-05,False,False,3,False,1200
ELF5,basal_to_ciliated,viper,-6.266439320568992,5.0,0.0018301151753000945,False,False,5,False,1201
ZNF438,basal_to_ciliated,viper,-6.274199437504842,3.0,1.4978943418508521e-05,False,False,3,False,1202
HOXA7,basal_to_ciliated,viper,-6.293057360780079,3.0,5.395145102013047e-05,False,False,3,False,1203
ONECUT1,basal_to_ciliated,viper,-6.293632072653977,4.0,6.616603053667642e-05,False,False,4,False,1204
GLI2,basal_to_ciliated,viper,-6.304730412822685,3.0,0.00014333923522830009,False,False,3,False,1205
VSX1,basal_to_ciliated,viper,-6.328280015973527,3.0,0.00017680151026905818,False,False,3,False,1206
ZNF430,basal_to_ciliated,viper,-6.330344143739002,3.0,1.502945580045101e-05,False,False,3,False,1207
ZNF32,basal_to_ciliated,viper,-6.347533089389253,3.0,1.047253200417671e-05,False,False,3,False,1208
PRDM12,basal_to_ciliated,viper,-6.366527129140549,3.0,0.0003339005095484555,False,False,3,False,1209
BATF,basal_to_ciliated,viper,-6.3674727560874755,5.0,0.00016545681395309256,False,False,5,False,1210
SOX14,basal_to_ciliated,viper,-6.371527044688711,3.0,0.0004147820218089744,False,False,3,False,1211
SHOX2,basal_to_ciliated,viper,-6.39727168690926,3.0,0.0003876079545439951,False,False,3,False,1212
MYF6,basal_to_ciliated,viper,-6.411955416101476,3.0,0.00027688353375735365,False,False,3,False,1213
HOXD10,basal_to_ciliated,viper,-6.416765502305161,3.0,0.0003468436828355759,False,False,3,False,1214
FOXN3,basal_to_ciliated,viper,-6.4189650204273505,3.0,0.00012980387096615096,False,False,3,False,1215
HOXA5,basal_to_ciliated,viper,-6.425702451760272,3.0,4.136101268170143e-05,False,False,3,False,1216
DMRT3,basal_to_ciliated,viper,-6.432914127917806,3.0,0.00024879654338274957,False,False,3,False,1217
ZNF703,basal_to_ciliated,viper,-6.436231565347702,3.0,1.4982555009965724e-05,False,False,3,False,1218
PROP1,basal_to_ciliated,viper,-6.440244180753472,3.0,0.00035966734853767754,False,False,3,False,1219
HES7,basal_to_ciliated,viper,-6.453477359746691,3.0,1.5481869731373258e-05,False,False,3,False,1220
KLF14,basal_to_ciliated,viper,-6.453521851164108,2.0,6.900523878017466e-06,False,False,2,False,1221
HBP1,basal_to_ciliated,viper,-6.462742822073048,4.0,2.4202269805345078e-05,False,False,4,False,1222
TLX3,basal_to_ciliated,viper,-6.463572412772545,3.0,0.0005098223365290567,False,False,3,False,1223
ZNF93,basal_to_ciliated,viper,-6.4802764154354,3.0,8.908772376843537e-05,False,False,3,False,1224
HOXA4,basal_to_ciliated,viper,-6.491620233631586,3.0,0.00028076212137126037,False,False,3,False,1225
EGR3,basal_to_ciliated,viper,-6.496091278350824,3.0,4.296420136938718e-05,False,False,3,False,1226
NR1D1,basal_to_ciliated,viper,-6.497564253763162,3.0,3.147260205327598e-05,False,False,3,False,1227
TEAD2,basal_to_ciliated,viper,-6.526355749065663,4.0,0.0011413719678810125,False,False,4,False,1228
MYNN,basal_to_ciliated,viper,-6.529034407504016,4.0,1.0387499459059688e-05,False,False,4,False,1229
HOXB7,basal_to_ciliated,viper,-6.5471769795941155,5.0,1.9438323223792647e-05,False,False,5,False,1230
ATF1,basal_to_ciliated,viper,-6.54837464186382,5.0,0.0005528711764897939,False,False,5,False,1231
HEYL,basal_to_ciliated,viper,-6.548732812352018,3.0,0.0006093920710879113,False,False,3,False,1232
HES4,basal_to_ciliated,viper,-6.571439728479547,3.0,0.000245682997979476,False,False,3,False,1233
ZNF300,basal_to_ciliated,viper,-6.600018076226936,3.0,5.17722748928071e-05,False,False,3,False,1234
CEBPE,basal_to_ciliated,viper,-6.6186421795002,3.0,2.312640963321283e-05,False,False,3,False,1235
HOXA9,basal_to_ciliated,viper,-6.6352951644168225,4.0,0.0007463932312167054,False,False,4,False,1236
HEY1,basal_to_ciliated,viper,-6.6585720896550304,3.0,0.00012631539563075838,False,False,3,False,1237
HOXC6,basal_to_ciliated,viper,-6.679634681963082,3.0,4.900638644909384e-05,False,False,3,False,1238
SP6,basal_to_ciliated,viper,-6.733714921536695,3.0,1.7775722545696687e-05,False,False,3,False,1239
FOXH1,basal_to_ciliated,viper,-6.755187118608189,3.0,1.4982555009965724e-05,False,False,3,False,1240
JUNB,basal_to_ciliated,viper,-6.757420697970243,4.0,6.39794420818231e-05,False,False,4,False,1241
NKRF,basal_to_ciliated,viper,-6.784918944460986,3.0,1.9567764970939824e-05,False,False,3,False,1242
BHLHE22,basal_to_ciliated,viper,-6.79868209655327,3.0,8.872696030755014e-07,False,False,3,False,1243
EBF1,basal_to_ciliated,viper,-6.8157227501757305,5.0,0.00015297666588692956,False,False,5,False,1244
HOXA10,basal_to_ciliated,viper,-6.818245268269483,3.0,6.329837387554564e-05,False,False,3,False,1245
ZMAT4,basal_to_ciliated,viper,-6.827926306246475,3.0,4.1943412008192545e-05,False,False,3,False,1246
SIX6,basal_to_ciliated,viper,-6.842395520069321,3.0,4.412240285343553e-05,False,False,3,False,1247
NFYC,basal_to_ciliated,viper,-6.84266175292812,3.0,2.80984235484806e-05,False,False,3,False,1248
PAX9,basal_to_ciliated,viper,-6.846030012442132,3.0,7.099039729117787e-05,False,False,3,False,1249
BARX1,basal_to_ciliated,viper,-6.860376861512949,3.0,7.62517128529967e-05,False,False,3,False,1250
ZNF467,basal_to_ciliated,viper,-6.86196831795951,3.0,1.458250618002585e-05,False,False,3,False,1251
NFKB2,basal_to_ciliated,viper,-6.874582041823453,4.0,1.906097826264245e-05,False,False,4,False,1252
NEUROG1,basal_to_ciliated,viper,-6.903687703852809,3.0,8.797630670044443e-06,False,False,3,False,1253
EMX1,basal_to_ciliated,viper,-6.913865316356834,3.0,2.4709941836385896e-05,False,False,3,False,1254
ZSCAN2,basal_to_ciliated,viper,-6.9345240582215055,3.0,0.0001909082783148646,False,False,3,False,1255
KLF9,basal_to_ciliated,viper,-6.935697242522491,4.0,1.0547158443419205e-05,False,False,4,False,1256
NFKB1,basal_to_ciliated,viper,-6.939887177526101,4.0,3.684333816425713e-05,False,False,4,False,1257
ZIC1,basal_to_ciliated,viper,-6.976937460591969,3.0,6.0111949898994465e-05,False,False,3,False,1258
HES5,basal_to_ciliated,viper,-7.000388391149532,3.0,8.640936496305749e-05,False,False,3,False,1259
HLF,basal_to_ciliated,viper,-7.009171977602818,3.0,1.7960314628380987e-05,False,False,3,False,1260
ZNF521,basal_to_ciliated,viper,-7.027083458076281,3.0,6.408552708605684e-06,False,False,3,False,1261
PHOX2A,basal_to_ciliated,viper,-7.032361878332581,3.0,9.663744918793118e-05,False,False,3,False,1262
TERF1,basal_to_ciliated,viper,-7.044334290046652,4.0,0.00020945698063517843,False,False,4,False,1263
AHR,basal_to_ciliated,viper,-7.0462175395576905,5.0,0.0004231739358388851,False,False,5,False,1264
PTF1A,basal_to_ciliated,viper,-7.053399836884693,3.0,0.00018944334567621218,False,False,3,False,1265
ZNF90,basal_to_ciliated,viper,-7.07761484819152,3.0,1.5033515866945535e-06,False,False,3,False,1266
ZNF732,basal_to_ciliated,viper,-7.099397200640196,2.0,3.303359146967746e-08,False,False,2,False,1267
SMAD9,basal_to_ciliated,viper,-7.111562464642662,3.0,1.9991576938005273e-05,False,False,3,False,1268
RXRG,basal_to_ciliated,viper,-7.12232564301326,3.0,1.9751415163225e-06,False,False,3,False,1269
NR2E1,basal_to_ciliated,viper,-7.124871138486845,3.0,8.533692284307167e-05,False,False,3,False,1270
OSR2,basal_to_ciliated,viper,-7.125759190076311,3.0,1.9905047054101606e-05,False,False,3,False,1271
FOXD4L5,basal_to_ciliated,viper,-7.130279423421707,3.0,5.498951381620864e-06,False,False,3,False,1272
NANOGP8,basal_to_ciliated,viper,-7.130506870554107,2.0,2.6846103193561657e-08,False,False,2,False,1273
EHF,basal_to_ciliated,viper,-7.143631494374647,4.0,0.00014706483228193486,False,False,4,False,1274
OTP,basal_to_ciliated,viper,-7.147333138526045,3.0,3.880375216804398e-05,False,False,3,False,1275
SPIC,basal_to_ciliated,viper,-7.154351197860301,3.0,6.296326041058947e-06,False,False,3,False,1276
ZNF668,basal_to_ciliated,viper,-7.156535763918208,3.0,1.399676894238426e-05,False,False,3,False,1277
ZNF771,basal_to_ciliated,viper,-7.173660935953852,3.0,9.429630450773717e-06,False,False,3,False,1278
ZFP64,basal_to_ciliated,viper,-7.182039267592523,3.0,1.1568396440980622e-09,False,True,3,False,1279
ISL1,basal_to_ciliated,viper,-7.185346859094986,3.0,6.394585185869828e-06,False,False,3,False,1280
PRDM1,basal_to_ciliated,viper,-7.2017454201934985,5.0,0.00023592228327841828,False,False,5,False,1281
ATF7,basal_to_ciliated,viper,-7.206189108617746,4.0,8.443305880448681e-07,False,False,4,False,1282
ETS2,basal_to_ciliated,viper,-7.222114943784938,4.0,2.999024543047582e-05,False,False,4,False,1283
HOXD4,basal_to_ciliated,viper,-7.247800188657372,3.0,4.267725473950542e-05,False,False,3,False,1284
ZNF16,basal_to_ciliated,viper,-7.292460944454609,3.0,1.150396475500834e-05,False,False,3,False,1285
LHX3,basal_to_ciliated,viper,-7.2955526933917465,3.0,6.1676441297775884e-06,False,False,3,False,1286
GLI3,basal_to_ciliated,viper,-7.322431417040443,3.0,1.7057369675090218e-05,False,False,3,False,1287
DEAF1,basal_to_ciliated,viper,-7.342811671670859,4.0,1.1721383930771427e-06,False,True,4,False,1288
POU4F1,basal_to_ciliated,viper,-7.348765188046128,3.0,1.7356064975975268e-05,False,False,3,False,1289
ZNF263,basal_to_ciliated,viper,-7.372364880815587,6.0,9.342526227144273e-05,False,False,6,False,1290
TWIST2,basal_to_ciliated,viper,-7.375234398491175,2.0,5.564115825114989e-08,False,False,2,False,1291
NFATC4,basal_to_ciliated,viper,-7.411382446556155,3.0,8.30886427303487e-06,False,False,3,False,1292
PAX1,basal_to_ciliated,viper,-7.428653390295636,3.0,2.3018699955712674e-06,False,False,3,False,1293
FOXF2,basal_to_ciliated,viper,-7.430684705360687,3.0,3.333478713528262e-05,False,False,3,False,1294
FOS,basal_to_ciliated,viper,-7.434844864183982,5.0,3.219021818458756e-05,False,False,5,False,1295
ZIC2,basal_to_ciliated,viper,-7.445176676375803,3.0,1.468012542205877e-05,False,False,3,False,1296
ZIM2,basal_to_ciliated,viper,-7.446677463884468,3.0,1.2545060140878271e-05,False,True,3,False,1297
ZNF215,basal_to_ciliated,viper,-7.450192117878558,3.0,6.213500404288215e-06,False,False,3,False,1298
FOXL2,basal_to_ciliated,viper,-7.459257526920506,3.0,2.062934384921224e-05,False,False,3,False,1299
ZFPM2,basal_to_ciliated,viper,-7.501322808789207,3.0,1.8469391111834048e-07,False,False,3,False,1300
ZNF416,basal_to_ciliated,viper,-7.516289682278611,3.0,8.681594179803445e-06,False,False,3,False,1301
GBX2,basal_to_ciliated,viper,-7.523323282785726,4.0,3.1280706616013564e-05,False,False,4,False,1302
TCF3,basal_to_ciliated,viper,-7.525306275613521,6.0,3.308718203773946e-05,False,False,6,False,1303
DRAP1,basal_to_ciliated,viper,-7.5367250310669265,3.0,7.147190509875298e-06,False,False,3,False,1304
ZNF280A,basal_to_ciliated,viper,-7.564361644345421,3.0,1.150396475500834e-05,False,False,3,False,1305
DPF3,basal_to_ciliated,viper,-7.58561975429108,3.0,5.571017314659392e-07,False,False,3,False,1306
TCF15,basal_to_ciliated,viper,-7.5905829765488635,3.0,1.018387560898959e-05,False,False,3,False,1307
MSC,basal_to_ciliated,viper,-7.6006471407451635,3.0,5.908459731449601e-06,False,False,3,False,1308
CEBPB,basal_to_ciliated,viper,-7.616114713931643,6.0,0.00017321178742584932,False,False,6,False,1309
AEBP1,basal_to_ciliated,viper,-7.630221491429051,2.0,2.3861882090212234e-07,False,False,2,False,1310
DACH2,basal_to_ciliated,viper,-7.659436298888387,3.0,6.021086860543947e-06,False,False,3,False,1311
PAX3,basal_to_ciliated,viper,-7.663884563954163,3.0,1.9404294078677418e-05,False,False,3,False,1312
SIX2,basal_to_ciliated,viper,-7.676652928461074,4.0,8.227516926826662e-06,False,False,4,False,1313
TLX1,basal_to_ciliated,viper,-7.718052246266569,3.0,7.1468003615050305e-06,False,False,3,False,1314
ZFP37,basal_to_ciliated,viper,-7.739096445501005,3.0,9.726266307397427e-08,False,False,3,False,1315
CENPX,basal_to_ciliated,viper,-7.746914550655605,1.0,3.4744483211393764e-13,False,False,1,False,1316
TSC22D1,basal_to_ciliated,viper,-7.762417708448881,3.0,7.359574688932591e-07,False,False,3,False,1317
GSC,basal_to_ciliated,viper,-7.817651388223487,3.0,1.2818275236670796e-05,False,False,3,False,1318
FOXC2,basal_to_ciliated,viper,-7.82712866192784,3.0,1.465714209062894e-06,False,False,3,False,1319
HOXB5,basal_to_ciliated,viper,-7.829094322277474,3.0,3.483324135857218e-06,False,False,3,False,1320
TBX3,basal_to_ciliated,viper,-7.848395040370466,4.0,1.173110730443523e-05,False,False,4,False,1321
ZNF34,basal_to_ciliated,viper,-7.868960432274354,3.0,6.883012133595252e-07,False,False,3,False,1322
PURG,basal_to_ciliated,viper,-7.872027392100828,2.0,7.824445432871273e-09,False,False,2,False,1323
FOXD3,basal_to_ciliated,viper,-7.90119746265896,3.0,4.902503815510602e-06,False,False,3,False,1324
SNAPC2,basal_to_ciliated,viper,-7.902360542283617,2.0,8.070714963544643e-08,False,False,2,False,1325
POU3F4,basal_to_ciliated,viper,-7.919355235146684,3.0,3.091082341859301e-06,False,False,3,False,1326
FOSL2,basal_to_ciliated,viper,-7.930499754143007,5.0,1.654349962540107e-05,False,False,5,False,1327
RBPJL,basal_to_ciliated,viper,-7.963325143458975,3.0,9.280304882405587e-08,False,False,3,False,1328
ONECUT2,basal_to_ciliated,viper,-7.980922663114308,3.0,2.611919934342948e-07,False,False,3,False,1329
ATF3,basal_to_ciliated,viper,-7.99586518892794,6.0,8.34541528479568e-05,False,False,6,False,1330
PRRX1,basal_to_ciliated,viper,-8.01351314770341,3.0,2.9193257753606266e-06,False,False,3,False,1331
FOXG1,basal_to_ciliated,viper,-8.017163549274846,3.0,2.791342672139147e-06,False,False,3,False,1332
PAX2,basal_to_ciliated,viper,-8.038269853896757,3.0,5.571017314659392e-07,False,False,3,False,1333
NFE2L2,basal_to_ciliated,viper,-8.041004216393043,5.0,8.681594179803445e-06,False,False,5,False,1334
FOXO6,basal_to_ciliated,viper,-8.0419934269629,3.0,1.5402125713852476e-08,False,False,3,False,1335
MAFF,basal_to_ciliated,viper,-8.064707758145486,5.0,1.6411862915180553e-05,False,False,5,False,1336
ZNF649,basal_to_ciliated,viper,-8.068682970260316,3.0,2.326964509634281e-06,False,False,3,False,1337
E2F3,basal_to_ciliated,viper,-8.07042171158057,3.0,2.432828974660223e-07,False,False,3,False,1338
ZNF595,basal_to_ciliated,viper,-8.093797166801467,2.0,3.889278618871064e-09,False,False,2,False,1339
HOXD9,basal_to_ciliated,viper,-8.107277879527297,3.0,1.1830690451097045e-05,False,False,3,False,1340
ZNF124,basal_to_ciliated,viper,-8.130973934973174,3.0,7.359574688932591e-07,False,False,3,False,1341
LHX5,basal_to_ciliated,viper,-8.14593924267294,3.0,3.0461573125737576e-06,False,False,3,False,1342
HOXD11,basal_to_ciliated,viper,-8.15563694945285,3.0,2.4139271782223334e-06,False,False,3,False,1343
ZNF695,basal_to_ciliated,viper,-8.171661487240716,3.0,1.6185699944251276e-06,False,False,3,False,1344
ZBED2,basal_to_ciliated,viper,-8.180692451564013,3.0,1.2646041128131093e-05,False,False,3,False,1345
PRMT3,basal_to_ciliated,viper,-8.189720251357855,3.0,1.465714209062894e-06,False,False,3,False,1346
ZNF362,basal_to_ciliated,viper,-8.200781854877828,3.0,1.6403187944620503e-06,False,False,3,False,1347
FOXD4L1,basal_to_ciliated,viper,-8.201437957642712,3.0,1.6120698216996106e-06,False,False,3,False,1348
TIGD2,basal_to_ciliated,viper,-8.207302552412393,3.0,3.2392066289246256e-06,False,False,3,False,1349
DLX1,basal_to_ciliated,viper,-8.208248378392351,3.0,1.2308570313661104e-07,False,False,3,False,1350
MSGN1,basal_to_ciliated,viper,-8.220871360230568,3.0,7.81355435240193e-09,False,False,3,False,1351
MEOX1,basal_to_ciliated,viper,-8.229236594211688,3.0,8.643680459230156e-06,False,False,3,False,1352
TBX20,basal_to_ciliated,viper,-8.245664863909349,3.0,8.55212197870763e-06,False,False,3,False,1353
ESRRA,basal_to_ciliated,viper,-8.272094135083382,5.0,4.580981881111179e-06,False,False,5,False,1354
ZNF219,basal_to_ciliated,viper,-8.277040279341309,3.0,1.0283491246646825e-06,False,False,3,False,1355
FOXS1,basal_to_ciliated,viper,-8.281477704092861,3.0,2.3796154765543634e-06,False,False,3,False,1356
RELB,basal_to_ciliated,viper,-8.293765870884691,4.0,1.8100770744245833e-07,False,False,4,False,1357
ZNF485,basal_to_ciliated,viper,-8.305306235211603,3.0,2.176824345057624e-06,False,False,3,False,1358
CREB1,basal_to_ciliated,viper,-8.33964725669111,6.0,2.4782104554173883e-05,False,False,6,False,1359
MEIS3,basal_to_ciliated,viper,-8.409165721964778,3.0,2.4900633991975145e-07,False,False,3,False,1360
ZNF541,basal_to_ciliated,viper,-8.423001261589478,3.0,1.9756488659865252e-07,False,False,3,False,1361
HOXB9,basal_to_ciliated,viper,-8.432055738324687,3.0,9.356328376062374e-08,False,False,3,False,1362
PRDM13,basal_to_ciliated,viper,-8.434132735114023,3.0,2.646537659715845e-08,False,False,3,False,1363
ZNF575,basal_to_ciliated,viper,-8.442809264809354,3.0,1.1497330031949766e-06,False,False,3,False,1364
LHX2,basal_to_ciliated,viper,-8.506026557499808,4.0,7.708624638165409e-08,False,False,4,False,1365
ZNF256,basal_to_ciliated,viper,-8.507108473103573,3.0,9.694958958830533e-07,False,False,3,False,1366
SALL3,basal_to_ciliated,viper,-8.515467977649639,3.0,7.595978368302548e-07,False,False,3,False,1367
HOXD3,basal_to_ciliated,viper,-8.558656313068573,3.0,5.089612737998708e-08,False,False,3,False,1368
CENPA,basal_to_ciliated,viper,-8.56478141878573,2.0,2.1234238728525312e-08,False,False,2,False,1369
OSR1,basal_to_ciliated,viper,-8.589716215938141,2.0,1.9330013499560523e-08,False,False,2,False,1370
POU3F3,basal_to_ciliated,viper,-8.60034247764433,3.0,7.636163246107004e-08,False,False,3,False,1371
ZNF679,basal_to_ciliated,viper,-8.60077599779211,3.0,2.0420107380642946e-08,False,False,3,False,1372
SOX8,basal_to_ciliated,viper,-8.60776295412693,3.0,2.635492128576102e-07,False,False,3,False,1373
ZNF519,basal_to_ciliated,viper,-8.643397676707632,3.0,8.402004200145504e-09,False,False,3,False,1374
ARID5B,basal_to_ciliated,viper,-8.654011851005437,3.0,5.049429140263677e-07,False,False,3,False,1375
PITX2,basal_to_ciliated,viper,-8.678990998526054,3.0,1.8809805954720398e-07,False,False,3,False,1376
ZBTB47,basal_to_ciliated,viper,-8.692924664679477,3.0,3.947615672334179e-08,False,False,3,False,1377
ATF4,basal_to_ciliated,viper,-8.734377824938951,4.0,3.77810189507335e-06,False,False,4,False,1378
PREB,basal_to_ciliated,viper,-8.747879119988108,3.0,5.828788161850575e-07,False,False,3,False,1379
HOXB13,basal_to_ciliated,viper,-8.794446202798042,4.0,2.495587803245375e-08,False,False,4,False,1380
FOXE1,basal_to_ciliated,viper,-8.813583526410351,3.0,1.8559223780502214e-08,False,False,3,False,1381
E2F2,basal_to_ciliated,viper,-8.85562029595193,3.0,9.649317471489551e-08,False,False,3,False,1382
NEUROG2,basal_to_ciliated,viper,-8.871468322376877,3.0,1.41835786577578e-07,False,False,3,False,1383
ZNF436,basal_to_ciliated,viper,-8.879625065278516,3.0,7.642869086318258e-11,False,False,3,False,1384
ZNF277,basal_to_ciliated,viper,-8.89524526899924,3.0,2.5530923737436662e-08,False,False,3,False,1385
SMAD3,basal_to_ciliated,viper,-8.901898405135562,5.0,1.915267010643154e-07,False,False,5,False,1386
PLAGL1,basal_to_ciliated,viper,-8.904699002996836,3.0,2.166268818015259e-08,False,False,3,False,1387
ASCL2,basal_to_ciliated,viper,-8.910525717124923,3.0,6.7747440042644665e-09,False,False,3,False,1388
HOXB8,basal_to_ciliated,viper,-8.913480348862269,3.0,5.571017314659392e-07,False,False,3,False,1389
DLX6,basal_to_ciliated,viper,-8.914625432148851,3.0,1.511119371788831e-08,False,False,3,False,1390
LHX6,basal_to_ciliated,viper,-8.930437518824046,3.0,3.154431537999665e-08,False,False,3,False,1391
HOXA2,basal_to_ciliated,viper,-8.932682423236402,3.0,5.849091565130333e-07,False,False,3,False,1392
CEBPD,basal_to_ciliated,viper,-8.95981702071699,5.0,2.1151399156471275e-07,False,False,5,False,1393
L3MBTL3,basal_to_ciliated,viper,-8.987163092565378,2.0,4.407741014842735e-10,False,False,2,False,1394
CDX1,basal_to_ciliated,viper,-9.016165106166131,3.0,1.4687989685341984e-06,False,False,3,False,1395
FOXL1,basal_to_ciliated,viper,-9.02059349417245,3.0,4.930657123309601e-08,False,False,3,False,1396
SP7,basal_to_ciliated,viper,-9.025745485164503,3.0,4.971371897783561e-07,False,False,3,False,1397
SOHLH2,basal_to_ciliated,viper,-9.066899165497762,3.0,6.957046574009815e-08,False,False,3,False,1398
PAX6,basal_to_ciliated,viper,-9.098795263831732,5.0,9.865062035998318e-08,False,False,5,False,1399
ISL2,basal_to_ciliated,viper,-9.120547977069076,3.0,1.4915849045195997e-09,False,False,3,False,1400
BCL11B,basal_to_ciliated,viper,-9.14505975082492,3.0,2.5490184376346747e-10,False,False,3,False,1401
DUXA,basal_to_ciliated,viper,-9.146408226967601,3.0,3.378177037098316e-08,False,False,3,False,1402
IRX6,basal_to_ciliated,viper,-9.152861178252127,3.0,3.3356403645322934e-08,False,False,3,False,1403
KLF3,basal_to_ciliated,viper,-9.184417165195832,4.0,1.28128325715207e-07,False,False,4,False,1404
HIF3A,basal_to_ciliated,viper,-9.215454254976315,3.0,3.737649095937554e-07,False,False,3,False,1405
ZNF560,basal_to_ciliated,viper,-9.217904826524984,3.0,1.4601348276852265e-08,False,False,3,False,1406
SP8,basal_to_ciliated,viper,-9.22296773344716,3.0,1.5689946560296347e-09,False,False,3,False,1407
CEBPZ,basal_to_ciliated,viper,-9.269892389895034,5.0,7.238286700482834e-06,True,False,5,False,1408
SALL2,basal_to_ciliated,viper,-9.33401400501478,3.0,5.349434665102621e-08,False,False,3,False,1409
ZNF503,basal_to_ciliated,viper,-9.354428755288216,3.0,7.940291036634289e-08,False,False,3,False,1410
ZNF488,basal_to_ciliated,viper,-9.357315751876145,2.0,2.2626360444072205e-12,False,False,2,False,1411
SLC2A4RG,basal_to_ciliated,viper,-9.434792650073016,3.0,9.844984948837326e-10,False,False,3,False,1412
ESRRB,basal_to_ciliated,viper,-9.44455564917196,4.0,9.170261272844215e-10,False,False,4,False,1413
ZNF367,basal_to_ciliated,viper,-9.47039070787011,3.0,9.649317471489551e-08,False,False,3,False,1414
POU2F3,basal_to_ciliated,viper,-9.497716441238065,3.0,3.7882634337121533e-10,False,False,3,False,1415
SOX1,basal_to_ciliated,viper,-9.517226293441839,3.0,2.08567988751671e-08,False,False,3,False,1416
ZNF821,basal_to_ciliated,viper,-9.545661832827628,3.0,9.824789005611429e-09,False,False,3,False,1417
ETV5,basal_to_ciliated,viper,-9.548346461190592,3.0,1.0368112555269345e-08,False,False,3,False,1418
ETV7,basal_to_ciliated,viper,-9.559758103314692,3.0,1.610125368248136e-12,False,False,3,False,1419
TEAD3,basal_to_ciliated,viper,-9.628855546105774,3.0,4.716007192503109e-08,False,False,3,False,1420
DBX2,basal_to_ciliated,viper,-9.638368862116364,3.0,1.8559223780502214e-08,False,False,3,False,1421
ZSCAN10,basal_to_ciliated,viper,-9.656615211146745,3.0,4.3603658027135225e-10,False,False,3,False,1422
SALL4,basal_to_ciliated,viper,-9.66320105875474,4.0,2.8741574529633303e-11,False,False,4,False,1423
ZBTB8A,basal_to_ciliated,viper,-9.748424588612476,2.0,2.267266293706551e-11,False,False,2,False,1424
ZBTB7B,basal_to_ciliated,viper,-9.793874980840737,3.0,7.271723616399626e-11,False,False,3,False,1425
ZNF146,basal_to_ciliated,viper,-9.794538370551594,3.0,1.1762359122258636e-08,False,False,3,False,1426
ASCL1,basal_to_ciliated,viper,-9.804366860773928,4.0,1.2779281175348394e-10,False,False,4,False,1427
TBX18,basal_to_ciliated,viper,-9.815675804718142,3.0,2.688856162975515e-08,False,False,3,False,1428
SOX7,basal_to_ciliated,viper,-9.850005001590299,3.0,1.9180073521853807e-11,False,False,3,False,1429
VAX1,basal_to_ciliated,viper,-9.861334627451454,3.0,5.28467502912959e-10,False,False,3,False,1430
NR0B1,basal_to_ciliated,viper,-9.868864464466608,4.0,4.262971835045737e-12,False,False,4,False,1431
MAF,basal_to_ciliated,viper,-9.870781551909037,4.0,4.8265890497511394e-08,False,False,4,False,1432
TCF7L1,basal_to_ciliated,viper,-9.899422428114466,3.0,2.113592909294227e-09,False,False,3,False,1433
ZIC5,basal_to_ciliated,viper,-9.922418675164568,3.0,1.2659524059632134e-09,False,False,3,False,1434
DMRT1,basal_to_ciliated,viper,-9.96228110589445,4.0,7.5642976380888e-12,False,False,4,False,1435
HES1,basal_to_ciliated,viper,-9.974674312465442,4.0,2.639121862443003e-10,False,False,4,False,1436
TFAP4,basal_to_ciliated,viper,-9.994517673458946,4.0,3.3370457109573966e-08,False,False,4,False,1437
TSHZ3,basal_to_ciliated,viper,-10.00941375402924,3.0,3.22577320885167e-09,False,False,3,False,1438
ZNF92,basal_to_ciliated,viper,-10.031729962036838,4.0,5.78480432027777e-12,False,False,4,False,1439
GLI1,basal_to_ciliated,viper,-10.07736061058978,4.0,1.5151677296541657e-08,False,False,4,False,1440
FOXJ2,basal_to_ciliated,viper,-10.109104338725892,4.0,1.7585985716990439e-12,False,False,4,False,1441
SOX15,basal_to_ciliated,viper,-10.123217880375483,3.0,1.9069397072925988e-09,False,False,3,False,1442
SOX10,basal_to_ciliated,viper,-10.188896094134524,4.0,9.091101363742527e-09,False,False,4,False,1443
POU1F1,basal_to_ciliated,viper,-10.213938071556589,3.0,2.4964324034969897e-10,False,False,3,False,1444
BHLHE40,basal_to_ciliated,viper,-10.214846112135909,4.0,1.2198332685547556e-10,False,False,4,False,1445
HDX,basal_to_ciliated,viper,-10.218847870285492,3.0,1.0959190729812817e-08,False,False,3,False,1446
FOSL1,basal_to_ciliated,viper,-10.283424519599052,5.0,2.7296402252824083e-07,False,False,5,False,1447
EGR1,basal_to_ciliated,viper,-10.296635547745582,6.0,6.279626943082541e-08,False,False,6,False,1448
TFAP2B,basal_to_ciliated,viper,-10.313996855869375,3.0,1.7962755882366302e-12,False,False,3,False,1449
BACH2,basal_to_ciliated,viper,-10.314425338108716,4.0,1.0868939978105253e-10,False,False,4,False,1450
OTX2,basal_to_ciliated,viper,-10.32620423594756,4.0,1.1619946166395289e-09,False,False,4,False,1451
HIVEP3,basal_to_ciliated,viper,-10.341815188879304,3.0,2.3551612110053725e-10,False,False,3,False,1452
PRDM14,basal_to_ciliated,viper,-10.357183122023665,5.0,2.175209467826146e-09,False,True,5,False,1453
GLIS2,basal_to_ciliated,viper,-10.37112501986986,3.0,5.58996517213943e-09,False,False,3,False,1454
ZNF677,basal_to_ciliated,viper,-10.374206742790149,3.0,3.630581118685153e-14,False,False,3,False,1455
TWIST1,basal_to_ciliated,viper,-10.430113437839275,4.0,1.9752387227350567e-11,False,False,4,False,1456
OVOL1,basal_to_ciliated,viper,-10.478909990979506,3.0,1.4530803986041668e-10,False,False,3,False,1457
TBX6,basal_to_ciliated,viper,-10.504864487868572,3.0,2.49975111154841e-12,False,False,3,False,1458
HAND1,basal_to_ciliated,viper,-10.54294412033222,3.0,1.6057477513553385e-11,False,False,3,False,1459
PA2G4,basal_to_ciliated,viper,-10.557687623931855,2.0,1.2073529677158214e-13,False,False,2,False,1460
DLX3,basal_to_ciliated,viper,-10.584968629664502,3.0,7.191192128197234e-11,False,False,3,False,1461
TFCP2L1,basal_to_ciliated,viper,-10.793551139717719,3.0,5.017541195435166e-11,False,False,3,False,1462
JUN,basal_to_ciliated,viper,-11.03213085958583,6.0,2.0014278532270815e-08,False,False,6,False,1463
ZNF239,basal_to_ciliated,viper,-11.056184454910934,3.0,4.921736358065697e-13,False,False,3,False,1464
DBP,basal_to_ciliated,viper,-11.056745068296133,3.0,1.0457679629550951e-10,False,False,3,False,1465
HIF1A,basal_to_ciliated,viper,-11.102369599596244,5.0,7.0287308973119e-10,False,False,5,False,1466
ZFP42,basal_to_ciliated,viper,-11.193040110353401,4.0,5.533113835062242e-13,False,False,4,False,1467
BCL11A,basal_to_ciliated,viper,-11.331337674718004,5.0,3.337951197717795e-09,False,False,5,False,1468
DLX5,basal_to_ciliated,viper,-11.448390720540573,3.0,1.5317338427835747e-14,False,False,3,False,1469
ZHX2,basal_to_ciliated,viper,-11.459486678088863,4.0,2.5428444852947986e-13,False,False,4,False,1470
MAX,basal_to_ciliated,viper,-11.495889752651884,5.0,9.61892359520833e-14,False,False,5,False,1471
FOXQ1,basal_to_ciliated,viper,-11.507356942387638,3.0,5.660888704621253e-12,False,False,3,False,1472
RFX5,basal_to_ciliated,viper,-11.52532746798718,5.0,1.8383887453656228e-13,False,False,5,False,1473
PGR,basal_to_ciliated,viper,-11.530501111618072,4.0,7.473884110544735e-14,False,False,4,False,1474
SALL1,basal_to_ciliated,viper,-11.581010766144818,4.0,1.7324732451227283e-10,False,False,4,False,1475
FOXI3,basal_to_ciliated,viper,-11.651653220753719,2.0,4.880543024735441e-21,False,False,2,False,1476
MTF2,basal_to_ciliated,viper,-11.659033257098358,3.0,4.609681005696751e-18,False,False,3,False,1477
PAX5,basal_to_ciliated,viper,-11.670503427651257,5.0,5.928360649462654e-13,False,False,5,False,1478
ETV4,basal_to_ciliated,viper,-11.681286744555106,4.0,9.210583670142354e-12,False,False,4,False,1479
ELK1,basal_to_ciliated,viper,-11.722751136071956,5.0,2.3267521589605868e-10,False,False,5,False,1480
YBX1,basal_to_ciliated,viper,-11.725052822936538,3.0,1.8898777428956988e-13,False,False,3,False,1481
TCF4,basal_to_ciliated,viper,-11.754536679006275,5.0,3.4007927631763426e-12,False,False,5,False,1482
CREB3L1,basal_to_ciliated,viper,-11.94147784475798,4.0,1.970725414541655e-16,False,False,4,False,1483
RUNX3,basal_to_ciliated,viper,-11.962989725231603,5.0,9.064301611869137e-13,False,False,5,False,1484
HHEX,basal_to_ciliated,viper,-11.984601764984557,4.0,5.154058935214269e-15,False,False,4,False,1485
ZNF618,basal_to_ciliated,viper,-11.994364440263245,3.0,3.6063703177023515e-11,False,False,3,False,1486
RARG,basal_to_ciliated,viper,-12.058317675119923,4.0,2.4964324034969897e-10,False,False,4,False,1487
PCGF2,basal_to_ciliated,viper,-12.134457251973432,2.0,3.746389308481804e-20,False,False,2,False,1488
ETV1,basal_to_ciliated,viper,-12.163145479295181,4.0,3.3349255540138964e-16,False,False,4,False,1489
BNC1,basal_to_ciliated,viper,-12.225165995255212,3.0,2.052165855654588e-15,False,False,3,False,1490
CBX2,basal_to_ciliated,viper,-12.31729747088631,5.0,1.7112200541870173e-11,False,False,5,False,1491
ZNF750,basal_to_ciliated,viper,-12.325082743636177,4.0,1.748468369423619e-10,False,False,4,False,1492
GATA3,basal_to_ciliated,viper,-12.352816898842622,6.0,4.359438821287809e-09,False,False,6,False,1493
MAFB,basal_to_ciliated,viper,-12.52175755958503,4.0,2.9773562411592603e-13,False,False,4,False,1494
SOX11,basal_to_ciliated,viper,-12.572093365399278,5.0,1.812399542257712e-12,False,False,5,False,1495
HOXC9,basal_to_ciliated,viper,-12.613896232045711,4.0,2.346113884869069e-19,False,False,4,False,1496
HMGA1,basal_to_ciliated,viper,-12.901245182977725,3.0,2.5348481513584673e-16,False,False,3,False,1497
KLF4,basal_to_ciliated,viper,-13.103592646428881,5.0,4.184616887331089e-14,False,False,5,False,1498
IRX4,basal_to_ciliated,viper,-13.194967465553054,3.0,6.2814310039186845e-16,False,False,3,False,1499
TGIF2,basal_to_ciliated,viper,-13.307751663115479,4.0,4.761338080876108e-14,False,False,4,False,1500
RUNX2,basal_to_ciliated,viper,-13.361071884379289,5.0,2.2538994477677545e-16,False,False,5,False,1501
KLF8,basal_to_ciliated,viper,-13.49825632682484,3.0,8.840670810536802e-20,False,False,3,False,1502
TFAP2C,basal_to_ciliated,viper,-13.622765994453372,6.0,1.8319130789029288e-09,False,False,6,False,1503
FOXN1,basal_to_ciliated,viper,-13.73700926709883,3.0,1.018181480035717e-16,False,False,3,False,1504
ETV2,basal_to_ciliated,viper,-13.745759296038928,4.0,7.372093036341147e-16,False,False,4,False,1505
FOXM1,basal_to_ciliated,viper,-13.797168046497406,6.0,2.911540330005054e-10,False,False,6,False,1506
WT1,basal_to_ciliated,viper,-13.838220409338803,4.0,1.5750117634538373e-23,False,False,4,False,1507
ZNF581,basal_to_ciliated,viper,-13.92265996412509,3.0,6.817622576620996e-19,False,False,3,False,1508
POU3F1,basal_to_ciliated,viper,-13.946233884411761,4.0,1.69131423016606e-17,False,False,4,False,1509
ERG,basal_to_ciliated,viper,-14.151786522876002,5.0,8.561028240139107e-20,False,False,5,False,1510
GRHL3,basal_to_ciliated,viper,-14.373942617160594,3.0,1.018181480035717e-16,False,False,3,False,1511
SNAI2,basal_to_ciliated,viper,-14.631504037101447,4.0,2.51661644129105e-20,False,False,4,False,1512
ELK4,basal_to_ciliated,viper,-14.72242890352289,5.0,2.031875032861994e-18,False,False,5,False,1513
NEUROD2,basal_to_ciliated,viper,-14.943383737526023,4.0,1.9572942477253685e-27,False,False,4,False,1514
EPAS1,basal_to_ciliated,viper,-15.054858063423481,4.0,3.892093156297249e-24,False,False,4,False,1515
MYBL2,basal_to_ciliated,viper,-15.091090086074995,6.0,4.6384357160662326e-14,False,False,6,False,1516
TFAP2A,basal_to_ciliated,viper,-15.447317458537091,6.0,8.55339393143503e-15,False,False,6,False,1517
SRY,basal_to_ciliated,viper,-16.036925842621038,4.0,1.6802114712187457e-26,False,False,4,False,1518
ETS1,basal_to_ciliated,viper,-16.696880464189604,6.0,2.1112765021746364e-21,False,False,6,False,1519
GATA4,basal_to_ciliated,viper,-16.834683334530183,5.0,1.5510167314821682e-25,False,False,5,False,1520
KLF5,basal_to_ciliated,viper,-17.47006359661612,5.0,1.3082397586750202e-22,False,False,5,False,1521
ARID3A,basal_to_ciliated,viper,-17.71014470158648,5.0,2.5917239838401005e-28,False,False,5,False,1522
E2F4,basal_to_ciliated,viper,-17.730061230019214,6.0,1.8714174044435047e-22,False,False,6,False,1523
AR,basal_to_ciliated,viper,-17.768312469473038,5.0,3.630459715230913e-31,False,False,5,False,1524
E2F6,basal_to_ciliated,viper,-18.151150234241367,5.0,1.1613087358818064e-31,False,False,5,False,1525
PPARG,basal_to_ciliated,viper,-18.93742811349657,5.0,5.3128299890560764e-34,False,False,5,False,1526
TET1,basal_to_ciliated,viper,-19.22640257449314,3.0,2.5879775185570272e-49,False,False,3,False,1527
KLF1,basal_to_ciliated,viper,-19.303845049488988,5.0,1.2191151087282882e-31,False,False,5,False,1528
MYCN,basal_to_ciliated,viper,-19.41543513201677,5.0,3.063317664386714e-31,False,False,5,False,1529
E2F1,basal_to_ciliated,viper,-19.460963948801286,6.0,2.6644279045217854e-25,False,False,6,False,1530
TP63,basal_to_ciliated,viper,-21.54549587085839,5.0,4.745274782358458e-35,False,False,5,False,1531
TEAD4,basal_to_ciliated,viper,-22.053180549156842,6.0,5.1185532910062254e-36,False,False,6,False,1532
TP53,basal_to_ciliated,viper,-24.082322845249905,5.0,5.7288567724758524e-46,False,False,5,False,1533
MYC,basal_to_ciliated,viper,-30.872266184768286,6.0,4.016170858955907e-61,False,False,6,False,1534
CREB3L4,basal_to_club,viper,12.310519822095712,3.0,9.283617722475088e-13,False,True,3,False,1
MITF,basal_to_club,viper,10.780837644839448,5.0,4.4534225672185624e-13,True,True,5,True,2
XBP1,basal_to_club,viper,9.074351637571546,4.0,1.3468845070351472e-05,True,True,4,True,3
FOXA1,basal_to_club,viper,8.212703003147459,6.0,0.00024381105197646553,True,True,6,True,4
ELF3,basal_to_club,viper,7.595179660888958,4.0,9.740723014225916e-05,True,True,4,True,5
MECOM,basal_to_club,viper,7.026795359493282,3.0,2.4334151505946976e-06,True,True,3,True,6
CREB3L2,basal_to_club,viper,6.9664864780451445,3.0,4.905722520234988e-05,False,True,3,False,7
FOXA2,basal_to_club,viper,6.503143327767707,6.0,0.0014547622427425989,True,True,6,True,8
FOXP4,basal_to_club,viper,6.45791986208681,3.0,0.00011011195692668498,False,True,3,False,9
STAT1,basal_to_club,viper,6.021203912131644,6.0,0.004595461520414129,True,True,6,True,10
MESP1,basal_to_club,viper,5.8906346908510505,3.0,3.45178922514355e-05,False,True,3,False,11
HNF4G,basal_to_club,viper,5.876813896548017,5.0,0.004900393281106931,True,True,5,True,12
ZNF189,basal_to_club,viper,5.866668133166875,3.0,0.0024455008816783607,False,True,3,False,13
ZNF587,basal_to_club,viper,5.59174697970896,3.0,0.00025160176154968036,False,True,3,False,14
DMRTA1,basal_to_club,viper,5.482355198514075,3.0,0.0004401438472062737,False,True,3,False,15
NFE2,basal_to_club,viper,5.433036210417961,5.0,0.008600852507682397,True,True,5,True,16
ZNF69,basal_to_club,viper,5.390217711831843,3.0,0.0004719812320118957,False,True,3,False,17
NCOA2,basal_to_club,viper,5.23027307125656,4.0,0.004450727617989448,True,True,4,True,18
SMAD4,basal_to_club,viper,5.1205178383541865,5.0,0.003897035206209936,True,True,5,True,19
ZKSCAN1,basal_to_club,viper,4.866540463783923,5.0,0.016782044725330226,True,True,5,True,20
SREBF2,basal_to_club,viper,4.8599154750513165,6.0,0.03524700290453436,True,True,6,True,21
NR2F6,basal_to_club,viper,4.738343904088085,4.0,0.016476192258760094,True,True,4,True,22
NR3C2,basal_to_club,viper,4.721446930492321,3.0,0.0056198657115979446,False,True,3,False,23
ETV6,basal_to_club,viper,4.705507213925641,4.0,0.012570177784801,True,True,4,True,24
ZNF704,basal_to_club,viper,4.5183216814683895,3.0,0.010149990799175139,False,True,3,False,25
ZNF552,basal_to_club,viper,4.4504410206279506,3.0,0.0025425346920357294,False,True,3,False,26
ZNF710,basal_to_club,viper,4.435846986097336,3.0,0.0204169805393157,False,True,3,False,27
STAT3,basal_to_club,viper,4.382563736267535,6.0,0.04937163513174205,True,True,6,True,28
NCOA3,basal_to_club,viper,4.381143025667056,4.0,0.03185880142221031,True,True,4,True,29
ELF5,basal_to_club,viper,4.366462425794333,5.0,0.061329240061844176,True,True,5,True,30
NCOA1,basal_to_club,viper,4.3363463238200985,4.0,0.01500628583861859,True,True,4,True,31
NR2C2,basal_to_club,viper,4.319042256956573,5.0,0.045502288601517824,True,True,5,True,32
ZSCAN16,basal_to_club,viper,4.318027991856819,3.0,0.010990524701664343,False,True,3,False,33
ZNF875,basal_to_club,viper,4.312358751419646,3.0,0.012081863822705392,False,True,3,False,34
ZNF236,basal_to_club,viper,4.3042497692093304,3.0,0.0336573470893857,False,True,3,False,35
FOXA3,basal_to_club,viper,4.288552210341869,3.0,0.009354357741623433,False,True,3,False,36
OVOL2,basal_to_club,viper,4.244292937791427,3.0,0.034272584953804114,False,True,3,False,37
FOXO3,basal_to_club,viper,4.167565496518609,4.0,0.032307598568308615,True,True,4,True,38
PRDM8,basal_to_club,viper,4.132992485710445,3.0,0.005071590863922645,False,True,3,False,39
BHLHA15,basal_to_club,viper,4.117234489175165,2.0,0.018274463648664023,False,True,2,False,40
CREB3L1,basal_to_club,viper,4.058685193679911,4.0,0.029137789978894567,True,True,4,True,41
ZBTB42,basal_to_club,viper,3.9619149423839235,2.0,0.01290566325406245,False,True,2,False,42
ZNF407,basal_to_club,viper,3.9101980133122773,3.0,0.012133613416612675,False,True,3,False,43
ZNF117,basal_to_club,viper,3.9096953406991597,3.0,0.0307061506843223,False,True,3,False,44
CASZ1,basal_to_club,viper,3.8919234149482183,3.0,0.02314297688204358,False,True,3,False,45
HIVEP1,basal_to_club,viper,3.886664743419753,3.0,0.02889789756420763,False,True,3,False,46
THRB,basal_to_club,viper,3.7526091814140363,3.0,0.08272080870118266,False,True,3,False,47
FOXO4,basal_to_club,viper,3.6922385832184217,3.0,0.052318501750081174,False,True,3,False,48
ZNF609,basal_to_club,viper,3.6607469146962432,3.0,0.07514635227759948,False,True,3,False,49
CREB3,basal_to_club,viper,3.6031412318190617,4.0,0.05187741412298624,True,True,4,True,50
CLOCK,basal_to_club,viper,3.5764004003143928,5.0,0.07756923375967156,False,True,5,False,51
STAT2,basal_to_club,viper,3.569892491292521,5.0,0.11532411117473268,True,True,5,True,52
ZBTB41,basal_to_club,viper,3.5652030078063737,3.0,0.039029517893399944,False,True,3,False,53
MYB,basal_to_club,viper,3.517572813485928,6.0,0.1030019775764388,True,True,6,True,54
ZBTB46,basal_to_club,viper,3.5156377088528448,3.0,0.054678546101184916,False,True,3,False,55
ZFHX3,basal_to_club,viper,3.4628354559395964,3.0,0.06100418088362003,False,True,3,False,56
ZNF81,basal_to_club,viper,3.4535861945608923,3.0,0.08158294798941497,False,True,3,False,57
ZFAT,basal_to_club,viper,3.4526590860620083,3.0,0.07667136721095347,False,True,3,False,58
LBX2,basal_to_club,viper,3.4297468665185624,3.0,0.08142371691563415,False,True,3,False,59
USF1,basal_to_club,viper,3.4194041616867015,5.0,0.044295713336187426,True,True,5,True,60
CXXC4,basal_to_club,viper,3.3499842092934524,3.0,0.02584541655413876,True,True,3,True,61
ZNF664,basal_to_club,viper,3.300428846595658,3.0,0.0760464899531283,False,True,3,False,62
ESRRG,basal_to_club,viper,3.300369192876871,3.0,0.08217337564567481,False,True,3,False,63
SPDEF,basal_to_club,viper,3.294146957550773,3.0,0.06417025148400243,False,True,3,False,64
NFATC2,basal_to_club,viper,3.2705991670545775,3.0,0.11105467508982507,False,True,3,False,65
GLMP,basal_to_club,viper,3.2472394880759383,2.0,0.08172483697987329,False,True,2,False,66
ZNF592,basal_to_club,viper,3.2379845311002824,4.0,0.14457822138534646,True,True,4,True,67
ZNF341,basal_to_club,viper,3.2054375290935226,3.0,0.05687543668630619,False,True,3,False,68
ZNF75D,basal_to_club,viper,3.165227718356941,3.0,0.055836421274598105,False,True,3,False,69
ZNF316,basal_to_club,viper,3.1571069551185094,3.0,0.05804803683419669,False,True,3,False,70
MESP2,basal_to_club,viper,3.0797695703752477,3.0,0.03516956015784294,False,True,3,False,71
CUX1,basal_to_club,viper,3.075716981299851,6.0,0.14345599227951342,True,True,6,True,72
STAT5A,basal_to_club,viper,3.0528616180351906,6.0,0.1030019775764388,True,True,6,True,73
MBNL2,basal_to_club,viper,3.051115545467678,3.0,0.09747991836020879,False,True,3,False,74
MLXIP,basal_to_club,viper,3.0352703231418405,3.0,0.08721414325587162,False,True,3,False,75
CXXC5,basal_to_club,viper,3.0280058761316226,2.0,0.05455360196349038,False,True,2,False,76
ZNF396,basal_to_club,viper,3.018348222636677,3.0,0.02228496274964199,False,True,3,False,77
ZNF510,basal_to_club,viper,2.9864139691367924,3.0,0.07876874837534098,False,True,3,False,78
LCOR,basal_to_club,viper,2.9581125372075734,3.0,0.10312699743881211,False,True,3,False,79
TET2,basal_to_club,viper,2.9557371827039893,2.0,0.05804803683419669,False,True,2,False,80
PATZ1,basal_to_club,viper,2.953070060739208,3.0,0.14634456186859476,False,True,3,False,81
ZNF776,basal_to_club,viper,2.9342225605331422,3.0,0.07739121651531014,False,True,3,False,82
SP1,basal_to_club,viper,2.9056144196795337,5.0,0.09309231015692439,True,True,5,True,83
RORC,basal_to_club,viper,2.8930642910248436,3.0,0.14996140252813753,False,True,3,False,84
ZNF780A,basal_to_club,viper,2.8408845184385125,3.0,0.08317349457601046,False,True,3,False,85
ZBTB40,basal_to_club,viper,2.8282056148957495,3.0,0.11335168383766382,False,True,3,False,86
ZNF646,basal_to_club,viper,2.8023827330279056,3.0,0.16665079613546388,False,True,3,False,87
SGSM2,basal_to_club,viper,2.7976555636451472,2.0,0.07033364312051756,False,True,2,False,88
MXD4,basal_to_club,viper,2.7909108782175465,3.0,0.10430076875574959,False,True,3,False,89
ZNF780B,basal_to_club,viper,2.7764446416636397,3.0,0.10196894947063177,False,True,3,False,90
SOX5,basal_to_club,viper,2.763434611787639,3.0,0.09076554243943954,False,True,3,False,91
HIVEP2,basal_to_club,viper,2.7595942043747357,3.0,0.14839356042673416,False,True,3,False,92
ZNF687,basal_to_club,viper,2.7371212603777235,3.0,0.20969315553100132,False,True,3,False,93
GZF1,basal_to_club,viper,2.729502942147206,3.0,0.17083818342470727,False,True,3,False,94
KDM2A,basal_to_club,viper,2.694948064357451,2.0,0.17304031164958664,False,True,2,False,95
IRF1,basal_to_club,viper,2.6659577720266188,6.0,0.3704722953764701,True,True,6,True,96
E2F5,basal_to_club,viper,2.6386107225263995,4.0,0.15529313732673283,True,True,4,True,97
NFAT5,basal_to_club,viper,2.6284427601684683,3.0,0.21994099836564918,False,True,3,False,98
ZNF778,basal_to_club,viper,2.622580894772543,3.0,0.10122926650666518,False,True,3,False,99
KDM5B,basal_to_club,viper,2.6190577422045305,5.0,0.1804307078590843,True,True,5,True,100
ZNF736,basal_to_club,viper,2.618775222013803,2.0,0.18559628520291205,False,True,2,False,101
SP140L,basal_to_club,viper,2.6077406468208357,2.0,0.10186205000340796,False,True,2,False,102
SRCAP,basal_to_club,viper,2.605115002757389,3.0,0.17304031164958664,False,True,3,False,103
GLIS3,basal_to_club,viper,2.604539251572318,3.0,0.21185385031206813,False,True,3,False,104
FOXJ3,basal_to_club,viper,2.5924791643928273,3.0,0.17195676657962716,False,True,3,False,105
BARHL1,basal_to_club,viper,2.573061407755237,3.0,0.2576832636336662,False,True,3,False,106
IRX5,basal_to_club,viper,2.5688786502708103,3.0,0.17963063383836184,False,True,3,False,107
ZNF20,basal_to_club,viper,2.5587631277725786,3.0,0.1347540513808274,False,True,3,False,108
NACC2,basal_to_club,viper,2.5477806333555164,2.0,0.12704687903305795,False,True,2,False,109
ZBTB37,basal_to_club,viper,2.5420084447199143,3.0,0.1963216195207677,False,True,3,False,110
ZBTB34,basal_to_club,viper,2.5195394109794194,3.0,0.24344487684263955,False,True,3,False,111
ARHGAP35,basal_to_club,viper,2.4928921753393145,2.0,0.09199882138947044,False,True,2,False,112
ZBTB10,basal_to_club,viper,2.46904871979517,3.0,0.169947838108155,False,True,3,False,113
CREBL2,basal_to_club,viper,2.462478820888414,3.0,0.17727757035513636,False,True,3,False,114
ZFHX2,basal_to_club,viper,2.4430860556219742,3.0,0.17752812362317782,False,True,3,False,115
ZNF808,basal_to_club,viper,2.4401398736756015,3.0,0.156008373620859,False,True,3,False,116
TET3,basal_to_club,viper,2.429169248785283,2.0,0.11361494056895481,False,True,2,False,117
ZNF555,basal_to_club,viper,2.4233126868936874,3.0,0.20284168644688788,False,True,3,False,118
ATF6,basal_to_club,viper,2.407668257091946,3.0,0.180399486721047,False,True,3,False,119
ZNF444,basal_to_club,viper,2.4031002468024774,3.0,0.27499821682947484,False,True,3,False,120
ZNF564,basal_to_club,viper,2.4027376467608237,3.0,0.13759846278208676,False,True,3,False,121
GATAD2B,basal_to_club,viper,2.388581817971253,3.0,0.2522582701536516,False,True,3,False,122
ZNF417,basal_to_club,viper,2.3557695531374923,3.0,0.16789370830609188,False,True,3,False,123
IRX3,basal_to_club,viper,2.355138722216499,3.0,0.19302729645866112,False,True,3,False,124
OLIG1,basal_to_club,viper,2.3508350295679277,3.0,0.27932757406891934,False,True,3,False,125
MEF2D,basal_to_club,viper,2.350308113621353,3.0,0.27040747102955504,False,True,3,False,126
BACH1,basal_to_club,viper,2.34280959175718,6.0,0.11764851864031227,True,True,6,True,127
ZNF621,basal_to_club,viper,2.3300526621727515,3.0,0.16687055392695063,False,True,3,False,128
JAZF1,basal_to_club,viper,2.3233069785248315,3.0,0.2522582701536516,False,True,3,False,129
ZSCAN5A,basal_to_club,viper,2.323163102567008,2.0,0.11048393487913205,False,True,2,False,130
GPBP1L1,basal_to_club,viper,2.3032497132696066,2.0,0.2044804870914874,False,True,2,False,131
USF3,basal_to_club,viper,2.2922939859047937,2.0,0.1760289548444669,False,True,2,False,132
ZBTB18,basal_to_club,viper,2.286453143423744,2.0,0.2327908158683653,False,True,2,False,133
MZF1,basal_to_club,viper,2.2732865362619856,3.0,0.2522582701536516,False,True,3,False,134
ZNF782,basal_to_club,viper,2.270267128724585,3.0,0.31871827465223773,False,True,3,False,135
SP110,basal_to_club,viper,2.25511492795401,3.0,0.3218171950992957,False,True,3,False,136
IKZF2,basal_to_club,viper,2.2548093380749776,3.0,0.2276529201434507,False,True,3,False,137
ZBTB4,basal_to_club,viper,2.241760303853524,3.0,0.2396425022516939,False,True,3,False,138
ZNF585B,basal_to_club,viper,2.2397348061792814,3.0,0.2779268231570487,False,True,3,False,139
ZNF384,basal_to_club,viper,2.2391851650327044,5.0,0.3326506926605504,True,True,5,True,140
HES6,basal_to_club,viper,2.236908191875208,3.0,0.23107703828638929,False,True,3,False,141
AHR,basal_to_club,viper,2.235222201178686,5.0,0.2522896969807227,True,True,5,True,142
IRF9,basal_to_club,viper,2.2331692757896056,4.0,0.31883922442556684,False,True,4,False,143
GLYR1,basal_to_club,viper,2.220698772252706,3.0,0.3233004230447612,True,True,3,True,144
ZKSCAN8,basal_to_club,viper,2.2203220304589335,2.0,0.1786841974852532,False,True,2,False,145
FOXJ1,basal_to_club,viper,2.2139524747887194,3.0,0.30725619303986823,False,True,3,False,146
ZNF432,basal_to_club,viper,2.196382336357112,3.0,0.2631400850170019,False,True,3,False,147
ZNF282,basal_to_club,viper,2.192318934269949,3.0,0.3098237844518332,False,True,3,False,148
PRR12,basal_to_club,viper,2.173866046322763,3.0,0.3001076179956908,False,True,3,False,149
ASH1L,basal_to_club,viper,2.1623485352169944,3.0,0.26509389656946264,False,True,3,False,150
REPIN1,basal_to_club,viper,2.129684450955093,3.0,0.2414423479461045,False,True,3,False,151
ZNF429,basal_to_club,viper,2.127954495387862,3.0,0.16551123576405774,False,True,3,False,152
CCDC17,basal_to_club,viper,2.1221836506947596,2.0,0.2613493657672374,False,True,2,False,153
ZNF24,basal_to_club,viper,2.112467730516328,4.0,0.37576907807578175,True,True,4,True,154
PRDM2,basal_to_club,viper,2.10549863818591,3.0,0.3824815026160486,False,True,3,False,155
LTF,basal_to_club,viper,2.1045338942372442,2.0,0.2908470759411301,False,True,2,False,156
MYSM1,basal_to_club,viper,2.097447324023439,3.0,0.2849403602849808,False,True,3,False,157
ZNF585A,basal_to_club,viper,2.0971154319345544,3.0,0.2536164087121039,False,True,3,False,158
TEAD1,basal_to_club,viper,2.095232808280943,4.0,0.28093923576176577,True,True,4,True,159
SATB2,basal_to_club,viper,2.0827813277336698,3.0,0.005260716785921095,False,True,3,False,160
LHX8,basal_to_club,viper,2.0793560749643945,3.0,0.38892241204966466,False,True,3,False,161
SP100,basal_to_club,viper,2.069686119265097,3.0,0.30824737226663834,False,True,3,False,162
RLF,basal_to_club,viper,2.0609311264417873,3.0,0.35266938574915274,False,True,3,False,163
HNF1B,basal_to_club,viper,2.055357635821194,3.0,0.39026720515905894,True,True,3,True,164
BATF2,basal_to_club,viper,2.051119356201634,3.0,0.39026720515905894,False,True,3,False,165
ZNF37A,basal_to_club,viper,2.0462581462227654,3.0,0.2843195909085444,False,True,3,False,166
ZNF70,basal_to_club,viper,2.042942199122106,3.0,0.17368300399038894,False,True,3,False,167
ZNF493,basal_to_club,viper,2.026585365086411,3.0,0.22305437261846836,False,True,3,False,168
ARNT,basal_to_club,viper,2.0212984128349105,5.0,0.46777290855899606,True,True,5,True,169
KMT2A,basal_to_club,viper,2.020273272704166,3.0,0.3001076179956908,True,True,3,True,170
BAZ2A,basal_to_club,viper,2.0115886530038143,3.0,0.305369761880335,False,True,3,False,171
RFX3,basal_to_club,viper,2.008245991194611,3.0,0.38862269540327504,False,True,3,False,172
ZNF254,basal_to_club,viper,2.0033506910739454,3.0,0.24609467660709908,False,True,3,False,173
GRHL2,basal_to_club,viper,1.9882212238631307,5.0,0.14345599227951342,True,True,5,True,174
ZNF217,basal_to_club,viper,1.9853990960184182,6.0,0.13950088872198274,True,True,6,True,175
ZNF746,basal_to_club,viper,1.980165435584295,3.0,0.3797625598222659,False,True,3,False,176
ZNF484,basal_to_club,viper,1.974965763706007,3.0,0.3153119876483691,False,True,3,False,177
ZFPM1,basal_to_club,viper,1.9736041160529212,3.0,0.4233559130946166,False,True,3,False,178
ZNF652,basal_to_club,viper,1.9603980349011174,4.0,0.44387334085865465,True,True,4,True,179
ZXDC,basal_to_club,viper,1.9595281609860329,3.0,0.3303498371640092,False,True,3,False,180
RBAK,basal_to_club,viper,1.94460133178132,3.0,0.3884046791482636,False,True,3,False,181
TBXT,basal_to_club,viper,1.9246952237181363,4.0,0.40402776636461973,True,True,4,True,182
ZMAT1,basal_to_club,viper,1.9232091919930372,3.0,0.2614233558217225,False,True,3,False,183
ZNF737,basal_to_club,viper,1.9215233083477763,2.0,0.3123757930815031,False,True,2,False,184
ZNF76,basal_to_club,viper,1.9123257449831446,3.0,0.4337235254160493,False,True,3,False,185
ZNF449,basal_to_club,viper,1.9003700054144332,3.0,0.4023015857781293,False,True,3,False,186
ZNF33A,basal_to_club,viper,1.8890559048484068,3.0,0.42426171036268023,False,True,3,False,187
E4F1,basal_to_club,viper,1.8720883243351858,3.0,0.3903148300838326,False,True,3,False,188
AKNA,basal_to_club,viper,1.8678442420229817,3.0,0.37345862224341736,False,True,3,False,189
KMT2B,basal_to_club,viper,1.8677010824763078,2.0,0.2229105134711406,False,True,2,False,190
RUNX1,basal_to_club,viper,1.856442622344704,5.0,0.11350467523436081,True,True,5,True,191
ZNF507,basal_to_club,viper,1.841142382810801,3.0,0.38862269540327504,False,True,3,False,192
ZNF142,basal_to_club,viper,1.8335375790453252,3.0,0.48009430524150537,False,True,3,False,193
GTF2I,basal_to_club,viper,1.8130245651594892,1.0,0.2021472773274272,False,True,1,False,194
ZBTB22,basal_to_club,viper,1.8129928912723252,3.0,0.18942340645142192,False,True,3,False,195
ZNF529,basal_to_club,viper,1.8068859116592206,3.0,0.2839405821723957,False,True,3,False,196
MBD6,basal_to_club,viper,1.7975488568046962,2.0,0.3797625598222659,False,True,2,False,197
ZNF841,basal_to_club,viper,1.7834270636115102,3.0,0.3952529266141265,False,True,3,False,198
DOT1L,basal_to_club,viper,1.7817566173177841,3.0,0.40867579158184403,False,True,3,False,199
ZNF799,basal_to_club,viper,1.7810795234592165,3.0,0.4714395542636551,False,True,3,False,200
PLSCR1,basal_to_club,viper,1.779044663712163,2.0,0.3342072736159365,False,True,2,False,201
JRK,basal_to_club,viper,1.7721591612226835,2.0,0.3383438473743313,False,True,2,False,202
TMF1,basal_to_club,viper,1.764829074438978,2.0,0.38078081302397787,False,True,2,False,203
NPAS3,basal_to_club,viper,1.7621224563070157,3.0,0.5052498421464775,False,True,3,False,204
ZNF787,basal_to_club,viper,1.7490602771165926,3.0,0.4392642071994267,False,True,3,False,205
ZNF653,basal_to_club,viper,1.747715578617151,3.0,0.42341797016738236,False,True,3,False,206
ZNF445,basal_to_club,viper,1.7444577484572985,3.0,0.4091611415420292,False,True,3,False,207
GMEB2,basal_to_club,viper,1.7426857238354765,3.0,0.4168960986114489,False,True,3,False,208
GRHL1,basal_to_club,viper,1.7298664513837974,3.0,0.427217133222149,False,True,3,False,209
ZNF740,basal_to_club,viper,1.705351685823133,4.0,0.47323082378690684,True,True,4,True,210
ZNF264,basal_to_club,viper,1.7017403925212644,3.0,0.20521902381684648,False,True,3,False,211
ZNF800,basal_to_club,viper,1.6918545216522962,3.0,0.49091474005274555,False,True,3,False,212
ARID2,basal_to_club,viper,1.6851685426554848,4.0,0.4553736635894488,True,True,4,True,213
PURA,basal_to_club,viper,1.6831383181727602,2.0,0.1261747448699632,False,True,2,False,214
SP140,basal_to_club,viper,1.6805547538066237,3.0,0.4462110417946838,False,True,3,False,215
NRL,basal_to_club,viper,1.677520997483365,3.0,0.44467013284435253,False,True,3,False,216
CSRNP2,basal_to_club,viper,1.6708555567600218,2.0,0.4684656301578841,False,True,2,False,217
ZNF44,basal_to_club,viper,1.6689254770063604,3.0,0.3324590977616553,False,True,3,False,218
ZNF418,basal_to_club,viper,1.6632778711990797,3.0,0.4122983531690094,False,True,3,False,219
FIZ1,basal_to_club,viper,1.6625576583417507,3.0,0.4427758642840109,False,True,3,False,220
ZNF274,basal_to_club,viper,1.6424077613148862,6.0,0.5425553332812688,True,True,6,True,221
RBSN,basal_to_club,viper,1.6420962158609316,2.0,0.3808726171163752,False,True,2,False,222
ZBED6,basal_to_club,viper,1.6412175628910728,1.0,0.26821197566991206,False,True,1,False,223
MECP2,basal_to_club,viper,1.6215888976076032,3.0,0.47644004269834306,False,True,3,False,224
PURB,basal_to_club,viper,1.5945628807736936,2.0,0.4248912932507956,False,True,2,False,225
MBD1,basal_to_club,viper,1.5904769517878254,3.0,0.48132220834023315,False,True,3,False,226
PRDM4,basal_to_club,viper,1.5882539766266144,3.0,0.1408769185030234,False,True,3,False,227
STAT5B,basal_to_club,viper,1.571191854951993,4.0,0.5361094954402832,True,True,4,True,228
NPAS2,basal_to_club,viper,1.5669671969078978,3.0,0.5321496072877605,False,True,3,False,229
ZNF440,basal_to_club,viper,1.561509401124817,3.0,0.3595864914500579,False,True,3,False,230
SNAPC4,basal_to_club,viper,1.5478041837724184,4.0,0.5262049130374542,True,True,4,True,231
ZNF605,basal_to_club,viper,1.5438920590717775,3.0,0.46035530017046383,False,True,3,False,232
ZNF3,basal_to_club,viper,1.527645097854073,3.0,0.5260996449896698,False,True,3,False,233
SPEN,basal_to_club,viper,1.5171858406619811,2.0,0.4392642071994267,False,True,2,False,234
ZSCAN1,basal_to_club,viper,1.5161721962430734,3.0,0.501360004676956,False,True,3,False,235
ZNF165,basal_to_club,viper,1.5135483246716626,3.0,0.48141320028692625,True,True,3,True,236
MEF2A,basal_to_club,viper,1.5099896732085494,6.0,0.5394399848693349,True,True,6,True,237
FBXL19,basal_to_club,viper,1.5051647320831494,2.0,0.5072546065170852,False,True,2,False,238
KLF12,basal_to_club,viper,1.50288779758913,3.0,0.5072546065170852,False,True,3,False,239
ZNF524,basal_to_club,viper,1.5028189633208693,3.0,0.4956080835551924,False,True,3,False,240
ZNF91,basal_to_club,viper,1.5027958918273305,3.0,0.5898947072669705,False,True,3,False,241
IRF7,basal_to_club,viper,1.5010996430728256,3.0,0.49055371944919923,False,True,3,False,242
ZNF398,basal_to_club,viper,1.4820675827072802,3.0,0.3405449661064435,False,True,3,False,243
THRA,basal_to_club,viper,1.4722981305785097,4.0,0.4392642071994267,False,True,4,False,244
RREB1,basal_to_club,viper,1.4637555153784416,3.0,0.12332386361998693,False,True,3,False,245
ZNF491,basal_to_club,viper,1.4505857138680174,3.0,0.5663495879048306,False,True,3,False,246
DMTF1,basal_to_club,viper,1.4475824619359732,3.0,0.6422517977695108,False,True,3,False,247
MYRFL,basal_to_club,viper,1.4433899654267626,2.0,0.459139733037815,False,True,2,False,248
ZNF148,basal_to_club,viper,1.4245245734868832,3.0,0.5343454638650725,False,True,3,False,249
RUNX2,basal_to_club,viper,1.4232226930007559,5.0,0.25227101062749585,True,True,5,True,250
ZNF497,basal_to_club,viper,1.416617341009426,3.0,0.4773550220552664,False,True,3,False,251
ZNF594,basal_to_club,viper,1.4141219095346962,3.0,0.4760610411117504,False,True,3,False,252
ZNF763,basal_to_club,viper,1.4132733214950222,3.0,0.4806795717380247,False,True,3,False,253
NR2F1,basal_to_club,viper,1.4072559024950198,4.0,0.5756303469443067,True,True,4,True,254
ZNF135,basal_to_club,viper,1.395168803345883,3.0,0.4778623347774596,False,True,3,False,255
BCL6,basal_to_club,viper,1.3934795232425303,5.0,0.4177269415630221,True,True,5,True,256
ZNF23,basal_to_club,viper,1.390410155976875,3.0,0.5579948341651554,False,True,3,False,257
BAZ2B,basal_to_club,viper,1.3884515078944828,3.0,0.5691694517422167,False,True,3,False,258
ZFP14,basal_to_club,viper,1.3870188551366804,3.0,0.4868194285494129,False,True,3,False,259
POU2AF1,basal_to_club,viper,1.3821112143301586,2.0,0.5453182878092683,False,True,2,False,260
ZNF827,basal_to_club,viper,1.3815722398097472,3.0,0.5910381673205118,False,True,3,False,261
ZNF682,basal_to_club,viper,1.338775965573604,3.0,0.5729210266707357,False,True,3,False,262
ZNF708,basal_to_club,viper,1.3352913848556072,3.0,0.506603101205078,False,True,3,False,263
ZNF446,basal_to_club,viper,1.3198893485647976,3.0,0.5582270181183893,False,True,3,False,264
PRDM10,basal_to_club,viper,1.3136589604898703,3.0,0.4814737734986556,False,True,3,False,265
ZNF334,basal_to_club,viper,1.3116804128086204,3.0,0.6359853536436271,False,True,3,False,266
ZNF611,basal_to_club,viper,1.307960790613353,3.0,0.5214861561770032,False,True,3,False,267
WIZ,basal_to_club,viper,1.306318587776552,3.0,0.5445405700224827,False,True,3,False,268
ZGPAT,basal_to_club,viper,1.2987979735247717,3.0,0.5946635735124172,False,True,3,False,269
ZSCAN18,basal_to_club,viper,1.29823693757455,3.0,0.6138758882317779,False,True,3,False,270
CREM,basal_to_club,viper,1.2965758163726653,4.0,0.6506906072801782,True,True,4,True,271
ZBTB26,basal_to_club,viper,1.2962608143401897,3.0,0.505324569312534,False,True,3,False,272
ZNF433,basal_to_club,viper,1.2947097385312247,2.0,0.4868194285494129,False,True,2,False,273
ZNF182,basal_to_club,viper,1.2942689048978933,3.0,0.6173140376145465,False,True,3,False,274
PEG3,basal_to_club,viper,1.294123883470196,2.0,0.5346992754081002,False,True,2,False,275
ZNF33B,basal_to_club,viper,1.2934139327394305,3.0,0.5845009964640365,False,True,3,False,276
ZSCAN29,basal_to_club,viper,1.2930693227171859,3.0,0.5788602029109892,False,True,3,False,277
LYL1,basal_to_club,viper,1.287811060452717,5.0,0.5817840742308724,True,True,5,True,278
SOX30,basal_to_club,viper,1.28604548235191,1.0,0.34595573689320847,False,True,1,False,279
KLF2,basal_to_club,viper,1.2833933740864287,4.0,0.65240774927737,True,True,4,True,280
ZNF606,basal_to_club,viper,1.2810371051027176,3.0,0.5414639393127433,False,True,3,False,281
ZNF280D,basal_to_club,viper,1.276390384418545,3.0,0.6181175826677145,False,True,3,False,282
ZNF28,basal_to_club,viper,1.2749300126978733,3.0,0.40178851079447137,False,True,3,False,283
ZNF329,basal_to_club,viper,1.2647077719066915,3.0,0.45256476433495596,False,True,3,False,284
ZNF391,basal_to_club,viper,1.248109121809673,3.0,0.5651575707866036,False,True,3,False,285
CC2D1A,basal_to_club,viper,1.2452135103070971,2.0,0.5439985283871456,False,True,2,False,286
ZNF672,basal_to_club,viper,1.239249058189584,3.0,0.41209179190634576,False,True,3,False,287
MEF2C,basal_to_club,viper,1.2382482382003699,5.0,0.6931095191591924,True,True,5,True,288
ZNF486,basal_to_club,viper,1.229438793321245,3.0,0.555932635069574,False,True,3,False,289
ZBTB7A,basal_to_club,viper,1.2237016973623231,5.0,0.269758855201537,True,True,5,True,290
ZNF10,basal_to_club,viper,1.2074754529314573,3.0,0.6721785091228103,False,True,3,False,291
ZNF599,basal_to_club,viper,1.2070831220683107,3.0,0.3159125079475764,False,True,3,False,292
ZNF335,basal_to_club,viper,1.206595496793536,3.0,0.6291433244997785,False,True,3,False,293
IRF5,basal_to_club,viper,1.203337225236968,3.0,0.65505620863044,False,True,3,False,294
MGA,basal_to_club,viper,1.2006703499793283,3.0,0.5041528601297385,False,True,3,False,295
ZBTB38,basal_to_club,viper,1.1906361024775756,3.0,0.3267643401723438,False,True,3,False,296
ZNF169,basal_to_club,viper,1.184967487062032,3.0,0.6544489392913466,False,True,3,False,297
ARX,basal_to_club,viper,1.1753598707724953,3.0,0.5477959363582589,False,True,3,False,298
ZXDB,basal_to_club,viper,1.1640409767074775,3.0,0.4843304293726387,False,True,3,False,299
ZNF627,basal_to_club,viper,1.1608857212115262,3.0,0.6499266862698083,False,True,3,False,300
ZNF268,basal_to_club,viper,1.1470473656057372,3.0,0.5663495879048306,False,True,3,False,301
ZNF467,basal_to_club,viper,1.143526952795639,3.0,0.45713422019036115,False,True,3,False,302
RFX1,basal_to_club,viper,1.1357948552765498,4.0,0.6105428920358058,False,True,4,False,303
ZNF441,basal_to_club,viper,1.1317958988504198,3.0,0.5617559331168644,False,True,3,False,304
ZHX3,basal_to_club,viper,1.130634746370639,3.0,0.6502058892561573,False,True,3,False,305
GTF2IRD2B,basal_to_club,viper,1.127050853213012,3.0,0.48431386992923087,False,True,3,False,306
ZNF337,basal_to_club,viper,1.1245639437737507,3.0,0.6746820986248235,False,True,3,False,307
ZNF548,basal_to_club,viper,1.1217575796876622,3.0,0.5501960647527117,False,True,3,False,308
ZNF506,basal_to_club,viper,1.1215205315788066,3.0,0.5536878921700772,False,True,3,False,309
HMBOX1,basal_to_club,viper,1.1175959887365103,4.0,0.5965551849202996,True,True,4,True,310
ZNF382,basal_to_club,viper,1.101830234847216,3.0,0.6795107981980121,False,True,3,False,311
HES4,basal_to_club,viper,1.0724914635961353,3.0,0.6842103498358064,False,True,3,False,312
SATB1,basal_to_club,viper,1.067311331542528,4.0,0.6813395876536703,True,True,4,True,313
TBX10,basal_to_club,viper,1.064413885416158,3.0,0.6745665557059216,False,True,3,False,314
PRDM5,basal_to_club,viper,1.047658127454478,4.0,0.6436327186456555,True,True,4,True,315
IKZF4,basal_to_club,viper,1.0434680198050816,3.0,0.6403029976726082,False,True,3,False,316
ZNF528,basal_to_club,viper,1.0406919159873351,3.0,0.6285544367253202,False,True,3,False,317
L3MBTL1,basal_to_club,viper,1.0400350704477874,2.0,0.65240774927737,False,True,2,False,318
PPARD,basal_to_club,viper,1.0369267652516532,4.0,0.3656609565660943,True,True,4,True,319
ANKZF1,basal_to_club,viper,1.034246877827398,3.0,0.7105398225096834,False,True,3,False,320
SMAD9,basal_to_club,viper,1.0172628944773165,3.0,0.6884455621397648,False,True,3,False,321
ZBTB11,basal_to_club,viper,1.013008503618835,4.0,0.41375002230831137,False,True,4,False,322
NFX1,basal_to_club,viper,1.0118410479775288,3.0,0.7368563765836142,False,True,3,False,323
TIGD6,basal_to_club,viper,1.0069475094530125,3.0,0.5121709240922225,False,True,3,False,324
ZBTB21,basal_to_club,viper,1.0038591742309366,2.0,0.3884046791482636,False,True,2,False,325
ZNF626,basal_to_club,viper,1.001385281412085,3.0,0.609238131724001,False,True,3,False,326
NR2C1,basal_to_club,viper,0.9797208504300942,3.0,0.7120209085871452,False,True,3,False,327
PLAGL2,basal_to_club,viper,0.9766924709849545,3.0,0.6968544351652348,False,True,3,False,328
ZNF709,basal_to_club,viper,0.9710224975316649,3.0,0.5325559714118357,False,True,3,False,329
DZIP1,basal_to_club,viper,0.9662678293129895,3.0,0.78333711392266,False,True,3,False,330
ZBTB6,basal_to_club,viper,0.9548303954965058,3.0,0.444310304760182,False,True,3,False,331
BATF3,basal_to_club,viper,0.9543128915679552,3.0,0.7074750360585796,False,True,3,False,332
THAP12,basal_to_club,viper,0.9232473500327635,2.0,0.5056176490318597,False,True,2,False,333
TIGD4,basal_to_club,viper,0.919542940368245,2.0,0.6127790951061848,False,True,2,False,334
ZNF681,basal_to_club,viper,0.9135318504910069,3.0,0.4778623347774596,False,True,3,False,335
ZNF514,basal_to_club,viper,0.9057618439747228,3.0,0.6772884717918799,False,True,3,False,336
ZNF783,basal_to_club,viper,0.8681501300935519,3.0,0.682362096064949,False,True,3,False,337
CPXCR1,basal_to_club,viper,0.8610966478365703,1.0,0.5585406941823833,False,True,1,False,338
ZNF324,basal_to_club,viper,0.8596874178611845,3.0,0.7764832703998211,False,True,3,False,339
ZSCAN30,basal_to_club,viper,0.8569715973586198,2.0,0.7291797453921967,False,True,2,False,340
ZNF319,basal_to_club,viper,0.8538532279723576,3.0,0.7764196894941181,False,True,3,False,341
RFX6,basal_to_club,viper,0.8536459442640616,3.0,0.7588191989160102,False,True,3,False,342
ZNF700,basal_to_club,viper,0.8534118143778119,3.0,0.8033240963106617,False,True,3,False,343
PHF21A,basal_to_club,viper,0.847185338908972,3.0,0.7103849367151083,False,True,3,False,344
ZNF451,basal_to_club,viper,0.841543237740156,3.0,0.6899434950066181,False,True,3,False,345
CREBZF,basal_to_club,viper,0.8243755769205057,3.0,0.5539658619120971,False,True,3,False,346
ZNF549,basal_to_club,viper,0.8236940944603202,3.0,0.8244208729394452,False,True,3,False,347
ZNF853,basal_to_club,viper,0.818783078199359,2.0,0.741215771898447,False,True,2,False,348
ZNF101,basal_to_club,viper,0.817821313257221,3.0,0.6993470792137506,False,True,3,False,349
ZNF141,basal_to_club,viper,0.817780099152914,3.0,0.6105012250776198,False,True,3,False,350
MTF1,basal_to_club,viper,0.8092903854554568,2.0,0.7588191989160102,False,True,2,False,351
PRDM15,basal_to_club,viper,0.8087240042777432,3.0,0.4192821501445498,False,True,3,False,352
ZNF844,basal_to_club,viper,0.7956905911159123,2.0,0.7721863374910777,False,True,2,False,353
ZNF793,basal_to_club,viper,0.7919667163767247,3.0,0.7339575370316385,False,True,3,False,354
ZNF160,basal_to_club,viper,0.7916916657925135,3.0,0.7103849367151083,False,True,3,False,355
PBX4,basal_to_club,viper,0.786468435302538,3.0,0.7902155896310347,False,True,3,False,356
ZNF596,basal_to_club,viper,0.7836548904317481,3.0,0.7506622380159098,False,True,3,False,357
ELF2,basal_to_club,viper,0.7809817126427934,3.0,0.801692586733689,False,True,3,False,358
RBCK1,basal_to_club,viper,0.7706143641617509,2.0,0.8109873150374203,False,True,2,False,359
ZNF98,basal_to_club,viper,0.7705841708586596,3.0,0.6487425169076694,False,True,3,False,360
OLIG2,basal_to_club,viper,0.7704725670998602,4.0,0.6480453902723368,True,True,4,True,361
ZNF470,basal_to_club,viper,0.7683938432467038,3.0,0.6899434950066181,False,True,3,False,362
FOXN2,basal_to_club,viper,0.7681459643856078,3.0,0.6044348324443063,False,True,3,False,363
JUND,basal_to_club,viper,0.7646279098881196,6.0,0.3326506926605504,True,True,6,True,364
POU5F2,basal_to_club,viper,0.7575895197497441,2.0,0.8100347199994594,False,True,2,False,365
RARA,basal_to_club,viper,0.7572698022933966,5.0,0.7892229670664856,True,True,5,True,366
ZNF226,basal_to_club,viper,0.7440497184006666,3.0,0.8069445381833796,False,True,3,False,367
ZFY,basal_to_club,viper,0.7412488657818392,3.0,0.8087115425607164,False,True,3,False,368
ZNF474,basal_to_club,viper,0.7364789025150091,2.0,0.8066308046737206,False,True,2,False,369
ZNF12,basal_to_club,viper,0.7230674601105394,3.0,0.7102087306511117,False,True,3,False,370
ZNF865,basal_to_club,viper,0.7108390095138833,2.0,0.3138311648894031,False,True,2,False,371
ZKSCAN7,basal_to_club,viper,0.7003653533877641,2.0,0.7902610214829684,False,True,2,False,372
ZNF439,basal_to_club,viper,0.6872095893154088,3.0,0.7368563765836142,False,True,3,False,373
SCX,basal_to_club,viper,0.6810188905236113,1.0,0.7456702950951014,False,True,1,False,374
ZNF333,basal_to_club,viper,0.6800826897234599,3.0,0.6410881954896204,False,True,3,False,375
USF2,basal_to_club,viper,0.6742031168571382,5.0,0.3952858259047392,True,True,5,True,376
ZNF579,basal_to_club,viper,0.6688418808019901,3.0,0.7441140897054883,False,True,3,False,377
ZNF764,basal_to_club,viper,0.6654190040545725,3.0,0.8248953854976899,False,True,3,False,378
ZNF132,basal_to_club,viper,0.6541903766670708,3.0,0.7068486757726781,False,True,3,False,379
ZFP90,basal_to_club,viper,0.653555423834073,3.0,0.7417440956018488,False,True,3,False,380
ZBTB33,basal_to_club,viper,0.6439217013331724,5.0,0.712964255113223,True,True,5,True,381
ZNF487,basal_to_club,viper,0.6432897747844784,2.0,0.8100347199994594,False,True,2,False,382
ZNF8,basal_to_club,viper,0.63963342009221,2.0,0.7381159656878462,False,True,2,False,383
ZNF66,basal_to_club,viper,0.6277439877498606,2.0,0.81665914477303,False,True,2,False,384
MYRF,basal_to_club,viper,0.6252717439960586,2.0,0.8173029056256775,False,True,2,False,385
ZNF320,basal_to_club,viper,0.6148552809825552,3.0,0.6355909745520468,False,True,3,False,386
REL,basal_to_club,viper,0.6107104142571101,3.0,0.8686479746995908,False,True,3,False,387
HOXD1,basal_to_club,viper,0.5997672846321186,3.0,0.49032294117095293,False,True,3,False,388
ZFP91,basal_to_club,viper,0.5961121341906486,3.0,0.5705647640988837,False,True,3,False,389
ATF5,basal_to_club,viper,0.5939020078627714,3.0,0.3570748125191699,False,True,3,False,390
MBD2,basal_to_club,viper,0.5905422966785149,4.0,0.4884213149470851,False,True,4,False,391
FAM200B,basal_to_club,viper,0.584245754377638,2.0,0.7749777427755634,False,True,2,False,392
ZNF214,basal_to_club,viper,0.583020586362209,3.0,0.6595794845625558,False,True,3,False,393
ZNF83,basal_to_club,viper,0.5696032304746517,4.0,0.8227777918543212,True,True,4,True,394
ZNF234,basal_to_club,viper,0.5692916734386168,3.0,0.46035530017046383,False,True,3,False,395
PROX1,basal_to_club,viper,0.5671514472169488,4.0,0.4764371480213625,False,True,4,False,396
KLF15,basal_to_club,viper,0.5567508548344394,3.0,0.8840389747436729,False,True,3,False,397
ZNF613,basal_to_club,viper,0.5544478425138132,3.0,0.7840225450441494,False,True,3,False,398
ZNF513,basal_to_club,viper,0.5538812418016841,3.0,0.6108211092510508,False,True,3,False,399
ZNF175,basal_to_club,viper,0.5534930612462367,4.0,0.878296120313874,False,True,4,False,400
ZNF688,basal_to_club,viper,0.5310070088242053,3.0,0.8613563435338165,False,True,3,False,401
LIN54,basal_to_club,viper,0.5238779781741594,2.0,0.8442112227258982,False,True,2,False,402
EBF4,basal_to_club,viper,0.5232381195319281,3.0,0.8685531805219833,False,True,3,False,403
ZNF266,basal_to_club,viper,0.5217952619605669,3.0,0.7994933183061478,False,True,3,False,404
ZNF608,basal_to_club,viper,0.5158941608772383,3.0,0.8233707003382794,False,True,3,False,405
ESR1,basal_to_club,viper,0.5113191303489434,6.0,0.4582804985636685,True,True,6,True,406
ZNF397,basal_to_club,viper,0.5104417682264284,2.0,0.8638044553640478,False,True,2,False,407
ZNF19,basal_to_club,viper,0.5104303514309303,3.0,0.5293265961077899,False,True,3,False,408
ZNF518A,basal_to_club,viper,0.4950810393165522,3.0,0.82678728784651,False,True,3,False,409
ZFP3,basal_to_club,viper,0.48163103258449647,3.0,0.8432455013840432,False,True,3,False,410
ZNF527,basal_to_club,viper,0.47003280946910614,3.0,0.5049950602143276,False,True,3,False,411
ZNF490,basal_to_club,viper,0.4624166585405089,3.0,0.5551516815703881,False,True,3,False,412
ZNF546,basal_to_club,viper,0.46088779553732484,3.0,0.6116940006981962,False,True,3,False,413
ZNF230,basal_to_club,viper,0.4576115294873977,3.0,0.7160087426843142,False,True,3,False,414
ZNF772,basal_to_club,viper,0.42296481837394484,3.0,0.36251469046866674,False,True,3,False,415
KLF16,basal_to_club,viper,0.3954379103794522,3.0,0.4738324753452581,False,True,3,False,416
ZNF516,basal_to_club,viper,0.3918228418689386,3.0,0.8985256666420397,False,True,3,False,417
RXRA,basal_to_club,viper,0.38728103050457474,6.0,0.4864548517534045,True,True,6,True,418
BPTF,basal_to_club,viper,0.38183143821286214,2.0,0.8741985163659818,False,True,2,False,419
BHLHE41,basal_to_club,viper,0.3797536722319018,2.0,0.7785244268318176,False,True,2,False,420
ZNF785,basal_to_club,viper,0.372026803057607,2.0,0.8985256666420397,False,True,2,False,421
ZEB2,basal_to_club,viper,0.3543582456987612,4.0,0.6882307637981457,True,True,4,True,422
MXD1,basal_to_club,viper,0.34139996409391,3.0,0.9447480631287483,False,True,3,False,423
ZNF517,basal_to_club,viper,0.34104115132962093,3.0,0.8777272408371962,False,True,3,False,424
ZNF318,basal_to_club,viper,0.3363967959385298,4.0,0.29532759902573813,True,True,4,True,425
ZNF500,basal_to_club,viper,0.33352489391489853,3.0,0.5965551849202996,False,True,3,False,426
ZBTB20,basal_to_club,viper,0.33020817271464703,2.0,0.9139117873850192,False,True,2,False,427
RXRB,basal_to_club,viper,0.32634163997666576,3.0,0.7068486757726781,False,True,3,False,428
HOXB2,basal_to_club,viper,0.3207505795500708,3.0,0.8498861028153748,False,True,3,False,429
ZNF211,basal_to_club,viper,0.32013790195707675,3.0,0.7975980922343407,False,True,3,False,430
ZNF727,basal_to_club,viper,0.3190915147058573,2.0,0.8713105550197685,False,True,2,False,431
ZNF628,basal_to_club,viper,0.31684319759328866,3.0,0.7339318785890374,False,True,3,False,432
HMG20B,basal_to_club,viper,0.29794802620322774,3.0,0.8407759520769351,False,True,3,False,433
CENPB,basal_to_club,viper,0.29429962506795837,3.0,0.18347407852317685,False,True,3,False,434
POU6F1,basal_to_club,viper,0.286513705479978,3.0,0.8003286915754508,False,True,3,False,435
STAT6,basal_to_club,viper,0.28481797886462595,4.0,0.672448023538836,True,True,4,True,436
GTF2IRD2,basal_to_club,viper,0.2774919058431837,3.0,0.8890727485204147,False,True,3,False,437
TRAFD1,basal_to_club,viper,0.27614284996101657,3.0,0.7590516865785764,False,True,3,False,438
SON,basal_to_club,viper,0.261745875209577,2.0,0.8985256666420397,False,True,2,False,439
ZNF292,basal_to_club,viper,0.25231169871049625,3.0,0.69292902112992,False,True,3,False,440
ZNF768,basal_to_club,viper,0.2521423527975249,3.0,0.5909460001132372,False,True,3,False,441
BATF,basal_to_club,viper,0.23267910060519917,5.0,0.5853038278714617,False,True,5,False,442
ZNF791,basal_to_club,viper,0.23070400223792975,3.0,0.8069445381833796,False,True,3,False,443
IKZF5,basal_to_club,viper,0.22219797433307342,3.0,0.9646704441516389,False,True,3,False,444
ZNF302,basal_to_club,viper,0.21483910222778527,3.0,0.885881948726945,False,True,3,False,445
ZNF713,basal_to_club,viper,0.2142923607625786,3.0,0.8874565816813567,False,True,3,False,446
GATA1,basal_to_club,viper,0.2126959368249044,6.0,0.6115879841162307,True,True,6,True,447
ZNF260,basal_to_club,viper,0.2084533898777682,3.0,0.8440645032498111,False,True,3,False,448
ZBED5,basal_to_club,viper,0.19293486143007324,2.0,0.9702730206554009,False,True,2,False,449
ZNF229,basal_to_club,viper,0.1841967982652668,2.0,0.7859528068325744,False,True,2,False,450
TCF20,basal_to_club,viper,0.1823908285735774,3.0,0.22353470962946873,False,True,3,False,451
SIX4,basal_to_club,viper,0.18053740977477756,3.0,0.8407759520769351,False,True,3,False,452
CIC,basal_to_club,viper,0.1736903698406894,3.0,0.5909460001132372,False,True,3,False,453
ZNF471,basal_to_club,viper,0.16779927208286274,3.0,0.9246481908968689,False,True,3,False,454
ZNF607,basal_to_club,viper,0.1532829272070112,3.0,0.4687207077889361,False,True,3,False,455
ZNF580,basal_to_club,viper,0.15161766722994757,3.0,0.801692586733689,False,True,3,False,456
MAFK,basal_to_club,viper,0.1490237387373722,5.0,0.49352028945911663,True,True,5,True,457
ZNF157,basal_to_club,viper,0.122113034529425,3.0,0.7035735365604429,False,True,3,False,458
ZNF267,basal_to_club,viper,0.12155043325337321,3.0,0.8105359971999817,False,True,3,False,459
ZFP30,basal_to_club,viper,0.11587076901640332,3.0,0.8664566111731976,False,True,3,False,460
LHX9,basal_to_club,viper,0.09619127610418945,3.0,0.9520036836167566,False,True,3,False,461
RFX2,basal_to_club,viper,0.09486683434263123,3.0,0.8504271137995453,False,True,3,False,462
POU2F1,basal_to_club,viper,0.09350784055811542,4.0,0.8500471322669578,True,True,4,True,463
ZNF154,basal_to_club,viper,0.08691616917619173,3.0,0.7973904334484042,False,True,3,False,464
ZNF197,basal_to_club,viper,0.07800893430561306,4.0,0.427217133222149,False,True,4,False,465
CARF,basal_to_club,viper,0.0761274687126012,2.0,0.965998943363227,False,True,2,False,466
ZNF248,basal_to_club,viper,0.07605533606072634,3.0,0.9447480631287483,False,True,3,False,467
ZNF619,basal_to_club,viper,0.07281190439269959,3.0,0.4529449802294306,False,True,3,False,468
ZNF654,basal_to_club,viper,0.06331240939515093,3.0,0.7994081629877835,False,True,3,False,469
ZSCAN25,basal_to_club,viper,0.045606779555956586,2.0,0.974882257114833,False,True,2,False,470
ZNF461,basal_to_club,viper,0.04112459505334361,3.0,0.8339196300801222,False,True,3,False,471
ZNF717,basal_to_club,viper,0.03974979894008688,3.0,0.5691694517422167,False,True,3,False,472
ZBTB25,basal_to_club,viper,0.034157278011871246,3.0,0.9396206371885574,False,True,3,False,473
ZFP41,basal_to_club,viper,0.023189799167258673,3.0,0.6947497256852192,False,True,3,False,474
ZNF692,basal_to_club,viper,0.016584931192519865,3.0,0.7381159656878462,False,True,3,False,475
ZNF563,basal_to_club,viper,0.0029206522030370864,2.0,0.9463143797880507,False,True,2,False,476
PHF1,basal_to_club,viper,-0.005372136271285338,2.0,0.9731044701735991,False,True,2,False,477
PIN1,basal_to_club,viper,-0.018886586587095553,2.0,0.8474627597308372,False,True,2,False,478
ZKSCAN3,basal_to_club,viper,-0.034386585073645635,3.0,0.932028660546641,False,True,3,False,479
DUX4,basal_to_club,viper,-0.034399283140700086,2.0,0.8286634468533911,False,True,2,False,480
ZNF253,basal_to_club,viper,-0.0412942982237658,3.0,0.8332739283661819,False,True,3,False,481
RFX7,basal_to_club,viper,-0.04132494989791665,3.0,0.6056766376984782,False,True,3,False,482
MXI1,basal_to_club,viper,-0.05111511226642136,5.0,0.14507224189066262,False,True,5,False,483
ZNF671,basal_to_club,viper,-0.05543237225615367,3.0,0.7832360379932362,False,True,3,False,484
NFE2L1,basal_to_club,viper,-0.05615769443893341,4.0,0.6128619520780552,True,True,4,True,485
ZNF718,basal_to_club,viper,-0.06370270048656937,3.0,0.8487950059483981,False,True,3,False,486
ZBTB3,basal_to_club,viper,-0.07264108061484718,3.0,0.9330398868199916,False,True,3,False,487
ZBTB14,basal_to_club,viper,-0.084067904897782,2.0,0.7832360379932362,False,True,2,False,488
ZNF678,basal_to_club,viper,-0.08716540693810793,3.0,0.65240774927737,False,True,3,False,489
THAP5,basal_to_club,viper,-0.11633980477637942,3.0,0.6410881954896204,False,True,3,False,490
ZNF765,basal_to_club,viper,-0.12247910064079578,3.0,0.32721676780362957,False,True,3,False,491
SETDB1,basal_to_club,viper,-0.13089600325799444,6.0,0.4144310434547772,True,True,6,True,492
ZNF136,basal_to_club,viper,-0.14911370142067606,3.0,0.8980047232074513,False,True,3,False,493
GTF2IRD1,basal_to_club,viper,-0.16288046823492236,2.0,0.9005768080321597,False,True,2,False,494
ZNF777,basal_to_club,viper,-0.17930429260758535,3.0,0.4017958277306576,False,True,3,False,495
ZNF544,basal_to_club,viper,-0.1860869232283627,3.0,0.7160087426843142,False,True,3,False,496
VEZF1,basal_to_club,viper,-0.18626454294392608,3.0,0.853042363834389,False,True,3,False,497
MAZ,basal_to_club,viper,-0.18710967017137622,5.0,0.4757821801045794,True,True,5,True,498
ZNF213,basal_to_club,viper,-0.19959224340088,3.0,0.7707617465054231,False,True,3,False,499
NRF1,basal_to_club,viper,-0.21461513840957494,5.0,0.799095547344899,True,False,5,False,500
ZNF610,basal_to_club,viper,-0.23757643060869874,3.0,0.5064832497934252,False,True,3,False,501
GATA6,basal_to_club,viper,-0.2793354535267869,5.0,0.5119228215604952,True,True,5,True,502
ZNF251,basal_to_club,viper,-0.3234209609349362,3.0,0.902514166392284,False,True,3,False,503
ZNF483,basal_to_club,viper,-0.3275187508577844,3.0,0.7278567139369138,False,True,3,False,504
ELK3,basal_to_club,viper,-0.336596056195844,4.0,0.8062568606822987,True,False,4,False,505
NR1D2,basal_to_club,viper,-0.3393394470529878,3.0,0.4058538350350751,False,True,3,False,506
ZNF655,basal_to_club,viper,-0.34485278597415703,3.0,0.5910381673205118,False,True,3,False,507
CPEB1,basal_to_club,viper,-0.35510359832997856,2.0,0.922138943566337,False,False,2,False,508
ZNF860,basal_to_club,viper,-0.3714637744194495,2.0,0.7129528495513074,False,True,2,False,509
IKZF1,basal_to_club,viper,-0.3878894860899458,6.0,0.6417545255210088,True,True,6,True,510
ZNF674,basal_to_club,viper,-0.3943152323545915,3.0,0.8406221489051658,False,True,3,False,511
SIX3,basal_to_club,viper,-0.42660606931976053,3.0,0.8407759520769351,False,True,3,False,512
ZNF345,basal_to_club,viper,-0.4454365684172063,3.0,0.8515612874014614,False,True,3,False,513
SOX13,basal_to_club,viper,-0.4463073662524242,4.0,0.3900298770496443,False,True,4,False,514
ZNF431,basal_to_club,viper,-0.4554228815896152,3.0,0.40583783160143083,False,True,3,False,515
ZNF454,basal_to_club,viper,-0.46146165382134996,3.0,0.7502833258809933,False,True,3,False,516
ZNF629,basal_to_club,viper,-0.4631699938571446,3.0,0.2894021997072056,False,True,3,False,517
CSRNP1,basal_to_club,viper,-0.46613967813615065,2.0,0.8797104302627282,False,True,2,False,518
ZNF630,basal_to_club,viper,-0.4674887491705299,2.0,0.88207795781299,False,False,2,False,519
ATOH8,basal_to_club,viper,-0.46892903052253965,3.0,0.8589918096101551,False,True,3,False,520
ZNF276,basal_to_club,viper,-0.4752358850049599,3.0,0.8900743625763449,False,False,3,False,521
SNAI3,basal_to_club,viper,-0.48969108730009514,3.0,0.801692586733689,False,True,3,False,522
MAFG,basal_to_club,viper,-0.5110254064822811,4.0,0.30512601326663685,False,True,4,False,523
THAP6,basal_to_club,viper,-0.5196658744424395,3.0,0.7051693919946874,False,True,3,False,524
ZNF415,basal_to_club,viper,-0.5240482115653601,3.0,0.8243644166603219,False,True,3,False,525
ZNF347,basal_to_club,viper,-0.533873632576789,3.0,0.8757761169261593,False,False,3,False,526
MTERF2,basal_to_club,viper,-0.535245086620096,2.0,0.8432455636914444,False,True,2,False,527
HINFP,basal_to_club,viper,-0.5390751215378575,3.0,0.8286634468533911,False,False,3,False,528
ZNF789,basal_to_club,viper,-0.5531854608251157,3.0,0.8171368597208963,False,True,3,False,529
ATF6B,basal_to_club,viper,-0.5565433402782057,2.0,0.8665020217007968,False,False,2,False,530
NR4A2,basal_to_club,viper,-0.5785963658039054,4.0,0.6592929947348404,True,True,4,True,531
ZNF814,basal_to_club,viper,-0.5794956072674834,2.0,0.7996477270794793,False,True,2,False,532
MKX,basal_to_club,viper,-0.5818572015693293,3.0,0.8565263064613697,False,True,3,False,533
ZNF200,basal_to_club,viper,-0.6077108589420379,3.0,0.8697783155634387,False,False,3,False,534
NR4A3,basal_to_club,viper,-0.6496682218191139,3.0,0.783389409956166,False,False,3,False,535
ZSCAN23,basal_to_club,viper,-0.657179762970044,3.0,0.8528283411997815,False,False,3,False,536
ZBTB44,basal_to_club,viper,-0.6615781447304538,3.0,0.830780944898175,False,True,3,False,537
GABPA,basal_to_club,viper,-0.6621740267029134,6.0,0.5272814316744432,True,False,6,False,538
DACH1,basal_to_club,viper,-0.6733215122469257,3.0,0.7983501566636078,False,False,3,False,539
ATMIN,basal_to_club,viper,-0.6748459081976147,3.0,0.2829160248479092,False,True,3,False,540
ZBTB48,basal_to_club,viper,-0.6810302493424333,3.0,0.7103849367151083,False,True,3,False,541
KLF6,basal_to_club,viper,-0.6897085532777697,4.0,0.6592929947348404,True,True,4,True,542
NFKB2,basal_to_club,viper,-0.7062484829239497,4.0,0.6685920241420892,False,True,4,False,543
ZNF597,basal_to_club,viper,-0.71661997671228,3.0,0.7644741625049105,False,True,3,False,544
ZBTB45,basal_to_club,viper,-0.7240435190494352,3.0,0.663777874046268,False,True,3,False,545
ZNF721,basal_to_club,viper,-0.7251194858110263,3.0,0.7163458255123616,False,False,3,False,546
ZNF658,basal_to_club,viper,-0.7334917625092298,2.0,0.6984125913785345,False,False,2,False,547
ZNF496,basal_to_club,viper,-0.737366396002277,3.0,0.7561729237474094,False,False,3,False,548
L3MBTL4,basal_to_club,viper,-0.7410791951726415,2.0,0.7909301881372067,False,False,2,False,549
GMEB1,basal_to_club,viper,-0.7421280109309238,3.0,0.7694556997043185,False,True,3,False,550
ZNF852,basal_to_club,viper,-0.746975277666281,2.0,0.8150301544204142,False,True,2,False,551
TRERF1,basal_to_club,viper,-0.7548939476559381,3.0,0.6400811548833029,False,True,3,False,552
ZNF235,basal_to_club,viper,-0.7575483694305252,3.0,0.7977952287397324,False,False,3,False,553
GATAD2A,basal_to_club,viper,-0.7612305771058824,3.0,0.4192821501445498,False,True,3,False,554
ZFX,basal_to_club,viper,-0.7694918192762349,5.0,0.6712943506659519,False,True,5,False,555
KAT7,basal_to_club,viper,-0.7735339877338193,2.0,0.8033240963106617,False,False,2,False,556
ZNF568,basal_to_club,viper,-0.7803975390526146,3.0,0.695437961426074,False,True,3,False,557
ZNF460,basal_to_club,viper,-0.7891797342569113,3.0,0.23349245284407458,False,True,3,False,558
HOXA11,basal_to_club,viper,-0.7904879268137627,3.0,0.7899521921357578,False,False,3,False,559
ZNF354B,basal_to_club,viper,-0.7935267706761113,3.0,0.3314824304590297,False,True,3,False,560
TBX22,basal_to_club,viper,-0.813910250068816,3.0,0.6318376452368532,False,True,3,False,561
ZNF536,basal_to_club,viper,-0.8234426843807964,3.0,0.76787445138164,False,True,3,False,562
FOXR1,basal_to_club,viper,-0.8242092291749922,3.0,0.7723990132305886,False,False,3,False,563
ZNF598,basal_to_club,viper,-0.8266689425705226,3.0,0.4764371480213625,False,True,3,False,564
ZBTB43,basal_to_club,viper,-0.8452782742733146,3.0,0.6286251977819134,False,True,3,False,565
ZNF404,basal_to_club,viper,-0.8555898364136585,3.0,0.7220198613552831,False,True,3,False,566
ZNF468,basal_to_club,viper,-0.8600047913305976,3.0,0.5137541542857541,False,True,3,False,567
TCF7L2,basal_to_club,viper,-0.8610063443654477,6.0,0.4287061974522518,True,False,6,False,568
RBPJ,basal_to_club,viper,-0.871247277397072,5.0,0.5946635735124172,True,True,5,True,569
ZNF419,basal_to_club,viper,-0.8802505565124522,3.0,0.7318465610532792,False,True,3,False,570
ZNF571,basal_to_club,viper,-0.8811725693806817,3.0,0.7498351262024677,False,False,3,False,571
ARID5A,basal_to_club,viper,-0.8930562435410586,2.0,0.7171484116771606,False,False,2,False,572
ZFP2,basal_to_club,viper,-0.9055547241615266,3.0,0.7315817922883898,False,False,3,False,573
ZNF559,basal_to_club,viper,-0.9081729747470654,3.0,0.7473171396166174,False,False,3,False,574
DPF1,basal_to_club,viper,-0.9196141261877359,3.0,0.6286251977819134,False,True,3,False,575
GPBP1,basal_to_club,viper,-0.9255425540751634,2.0,0.7035735365604429,False,False,2,False,576
SAFB2,basal_to_club,viper,-0.9320944183777602,2.0,0.684400650704865,False,False,2,False,577
SOX9,basal_to_club,viper,-0.958355784846135,5.0,0.21159363744297124,True,True,5,True,578
MSANTD4,basal_to_club,viper,-0.9712201439629197,2.0,0.6783804672987991,False,False,2,False,579
ZNF479,basal_to_club,viper,-0.9827715099958414,1.0,0.4967414066498094,False,False,1,False,580
CAMTA2,basal_to_club,viper,-1.0043878732457219,3.0,0.563722773066819,False,True,3,False,581
AHCTF1,basal_to_club,viper,-1.015026608790108,3.0,0.38982005634014244,False,True,3,False,582
ZNF48,basal_to_club,viper,-1.018725051578924,3.0,0.6298273609826911,False,False,3,False,583
NME2,basal_to_club,viper,-1.0228937804814153,3.0,0.5689187765176921,False,True,3,False,584
TERB1,basal_to_club,viper,-1.0237407501083968,2.0,0.6461422969927779,False,False,2,False,585
ZNF829,basal_to_club,viper,-1.0267076787137777,2.0,0.5541356562789739,False,False,2,False,586
PREB,basal_to_club,viper,-1.0301005539459387,3.0,0.6285544367253202,False,False,3,False,587
ZNF410,basal_to_club,viper,-1.0374375232720316,3.0,0.6410035428889096,False,True,3,False,588
SP3,basal_to_club,viper,-1.0472536191941013,3.0,0.2753414498425376,False,True,3,False,589
ZNF805,basal_to_club,viper,-1.059226627471433,3.0,0.05065327781487503,False,True,3,False,590
ZNF577,basal_to_club,viper,-1.0645266091294685,3.0,0.7105398225096834,False,False,3,False,591
ZNF43,basal_to_club,viper,-1.0702619961156778,3.0,0.5321496072877605,False,True,3,False,592
KLF13,basal_to_club,viper,-1.071986328450667,4.0,0.427217133222149,False,True,4,False,593
SETDB2,basal_to_club,viper,-1.0734696507232593,3.0,0.6504238133460094,False,False,3,False,594
NR4A1,basal_to_club,viper,-1.0897367163086051,4.0,0.58931891886404,False,False,4,False,595
ZNF644,basal_to_club,viper,-1.0954998216670462,4.0,0.7056188436427002,False,False,4,False,596
ZNF224,basal_to_club,viper,-1.104164107825268,3.0,0.609268054370767,False,True,3,False,597
ZNF358,basal_to_club,viper,-1.1167900509958761,3.0,0.5435285640615755,False,True,3,False,598
ZNF616,basal_to_club,viper,-1.1178578964338537,3.0,0.6285544367253202,False,False,3,False,599
ZSCAN31,basal_to_club,viper,-1.1351518077147082,2.0,0.6634204047611125,False,False,2,False,600
NFIA,basal_to_club,viper,-1.1452141684239956,3.0,0.648435866730505,False,False,3,False,601
ZNF425,basal_to_club,viper,-1.1500722614755041,3.0,0.6787622158915336,False,False,3,False,602
ZNF225,basal_to_club,viper,-1.1589291934741461,2.0,0.5845009964640365,False,False,2,False,603
SETBP1,basal_to_club,viper,-1.1633085138198858,3.0,0.6034914940916571,False,False,3,False,604
NFYA,basal_to_club,viper,-1.168785452243223,5.0,0.32094365985243434,True,True,5,True,605
NFIL3,basal_to_club,viper,-1.1739489864447867,3.0,0.438786724902174,False,True,3,False,606
ZNF701,basal_to_club,viper,-1.190527570406905,3.0,0.5854904482621839,False,True,3,False,607
TCF24,basal_to_club,viper,-1.1987464441417501,3.0,0.49779211331717954,False,True,3,False,608
ZNF747,basal_to_club,viper,-1.2099969801888153,3.0,0.5293265961077899,False,True,3,False,609
ZNF790,basal_to_club,viper,-1.2237355958285232,3.0,0.6599830471271537,False,True,3,False,610
ZNF25,basal_to_club,viper,-1.2305422217581299,3.0,0.24074080021651445,False,True,3,False,611
ZNF140,basal_to_club,viper,-1.233041505078118,3.0,0.6116317242955397,False,False,3,False,612
ZSCAN2,basal_to_club,viper,-1.2386983304315344,3.0,0.38180810195209847,False,True,3,False,613
ZNF233,basal_to_club,viper,-1.2402795904659083,3.0,0.5519751201480021,False,False,3,False,614
HAND2,basal_to_club,viper,-1.2415260317000025,3.0,0.527708084090951,False,False,3,False,615
TBP,basal_to_club,viper,-1.2466791895872795,5.0,0.46775695694938263,True,True,5,True,616
GLI4,basal_to_club,viper,-1.2483234435098938,2.0,0.5435628072469841,False,False,2,False,617
HSF4,basal_to_club,viper,-1.2558345146802004,3.0,0.2974903229308804,False,True,3,False,618
THAP8,basal_to_club,viper,-1.2905505638572794,3.0,0.3764164080879729,False,True,3,False,619
SOX12,basal_to_club,viper,-1.2971295971054775,3.0,0.520805471169713,False,False,3,False,620
RELA,basal_to_club,viper,-1.3121871573095165,6.0,0.31091571421340114,False,True,6,False,621
SKIL,basal_to_club,viper,-1.3135793538409841,3.0,0.6116520164971886,False,False,3,False,622
ZNF99,basal_to_club,viper,-1.3186343834224938,3.0,0.6443441713165073,False,False,3,False,623
MSANTD1,basal_to_club,viper,-1.3198767190721246,2.0,0.527414498132344,False,False,2,False,624
RHOXF2B,basal_to_club,viper,-1.3240996403222332,3.0,0.6100776901670256,False,False,3,False,625
ZNF572,basal_to_club,viper,-1.329015554105623,3.0,0.6139848828067065,False,False,3,False,626
NAIF1,basal_to_club,viper,-1.3439852953932234,2.0,0.531188483954085,False,False,2,False,627
RELB,basal_to_club,viper,-1.3456205276930588,4.0,0.5747406917022421,False,False,4,False,628
AKAP8L,basal_to_club,viper,-1.3468252009064474,3.0,0.12646425217878413,False,True,3,False,629
ZNF534,basal_to_club,viper,-1.3564279677507012,2.0,0.5503184205099768,False,False,2,False,630
ZNF512,basal_to_club,viper,-1.3585679277088967,3.0,0.45608281156480035,False,False,3,False,631
MYPOP,basal_to_club,viper,-1.3763595189809255,2.0,0.5077138295759368,False,False,2,False,632
ZNF566,basal_to_club,viper,-1.3783497558368885,3.0,0.4949356048455825,False,False,3,False,633
CXXC1,basal_to_club,viper,-1.3992371489613922,3.0,0.44165114143989564,False,True,3,False,634
ZBED1,basal_to_club,viper,-1.405865800675977,4.0,0.39957834314426466,False,True,4,False,635
PRDM16,basal_to_club,viper,-1.42301503161095,4.0,0.6127966131792864,False,False,4,False,636
ZNF304,basal_to_club,viper,-1.4277517108386955,3.0,0.5214861561770032,False,False,3,False,637
IRF3,basal_to_club,viper,-1.4295629327272523,5.0,0.46301563819366254,False,True,5,False,638
ZGLP1,basal_to_club,viper,-1.4312770212017412,2.0,0.5361641413651275,False,True,2,False,639
ZSCAN22,basal_to_club,viper,-1.4416996674221054,3.0,0.569206010467741,False,False,3,False,640
ZNF554,basal_to_club,viper,-1.445150528072657,3.0,0.5799894392167114,False,False,3,False,641
NR3C1,basal_to_club,viper,-1.4485569084288377,6.0,0.5391777571322536,False,True,6,False,642
FOXK2,basal_to_club,viper,-1.4496288955403436,4.0,0.4197016224582836,False,True,4,False,643
ZNF317,basal_to_club,viper,-1.460712623917604,3.0,0.5422288303936169,False,False,3,False,644
ZBTB17,basal_to_club,viper,-1.4610355017943744,3.0,0.3556927020746945,False,True,3,False,645
ZNF623,basal_to_club,viper,-1.4613505127125308,3.0,0.3917769504802821,False,True,3,False,646
CGGBP1,basal_to_club,viper,-1.466560706838915,2.0,0.4515167697628144,False,False,2,False,647
MTERF4,basal_to_club,viper,-1.4786540966231614,2.0,0.459139733037815,False,False,2,False,648
ZNF570,basal_to_club,viper,-1.4787234950756944,3.0,0.21463874625688656,False,True,3,False,649
ZNF749,basal_to_club,viper,-1.4858782701182112,3.0,0.5233392002571451,False,True,3,False,650
ZFP82,basal_to_club,viper,-1.4865676071553036,3.0,0.531478315919555,False,False,3,False,651
MBD3,basal_to_club,viper,-1.4889015889726276,4.0,0.18990534137334245,True,True,4,True,652
HOXC4,basal_to_club,viper,-1.4916502672487029,3.0,0.4011245457602802,False,True,3,False,653
ZNF816,basal_to_club,viper,-1.4927181153183064,2.0,0.44309384130217894,False,False,2,False,654
ZKSCAN5,basal_to_club,viper,-1.494151904311458,3.0,0.5098015929760161,False,False,3,False,655
ZBTB1,basal_to_club,viper,-1.4977267425726053,3.0,0.4017958277306576,False,True,3,False,656
ZNF761,basal_to_club,viper,-1.5068885155461071,3.0,0.49055371944919923,False,False,3,False,657
SNAPC5,basal_to_club,viper,-1.5110322642374787,2.0,0.5212028761105938,False,False,2,False,658
ZNF420,basal_to_club,viper,-1.5224816991778916,3.0,0.5638757314310641,False,False,3,False,659
KDM2B,basal_to_club,viper,-1.5298120581865537,2.0,0.2802272904842184,False,True,2,False,660
FOXC1,basal_to_club,viper,-1.5373896989784899,3.0,0.39103818627375275,False,False,3,False,661
ZNF726,basal_to_club,viper,-1.5376127333375988,2.0,0.4263190729414374,False,False,2,False,662
ZKSCAN2,basal_to_club,viper,-1.5408148021735883,3.0,0.46339711931878164,False,True,3,False,663
ZNF615,basal_to_club,viper,-1.543414039668805,3.0,0.5519751201480021,False,False,3,False,664
ZNF557,basal_to_club,viper,-1.5456766690646806,3.0,0.5212028761105938,False,False,3,False,665
YBX3,basal_to_club,viper,-1.5467696868831293,2.0,0.43980097747829805,False,True,2,False,666
ZNF112,basal_to_club,viper,-1.5529555810098887,2.0,0.42574335590790896,False,False,2,False,667
ZNF879,basal_to_club,viper,-1.5556158219326757,2.0,0.4133151681138644,False,False,2,False,668
SIX5,basal_to_club,viper,-1.5575395486624533,5.0,0.36362392353023215,True,True,5,True,669
ZNF283,basal_to_club,viper,-1.560279261175236,3.0,0.5845009964640365,False,True,3,False,670
ZNF285,basal_to_club,viper,-1.5684181658484264,2.0,0.4764371480213625,False,False,2,False,671
IRX2,basal_to_club,viper,-1.5833511780143454,3.0,0.4675314006676298,False,False,3,False,672
ZNF540,basal_to_club,viper,-1.585181998371873,3.0,0.5624657242821872,False,False,3,False,673
ZBED3,basal_to_club,viper,-1.5930990850556404,3.0,0.17207857590370146,False,True,3,False,674
ZNF75A,basal_to_club,viper,-1.5937828774540233,3.0,0.4884213149470851,False,True,3,False,675
MEIS2,basal_to_club,viper,-1.6030756036716716,4.0,0.415377226448954,False,True,4,False,676
ATF2,basal_to_club,viper,-1.6203029378618967,5.0,0.23335210883290916,False,True,5,False,677
ZNF660,basal_to_club,viper,-1.6395447517147455,3.0,0.36251469046866674,False,False,3,False,678
FOXB1,basal_to_club,viper,-1.64035903232946,3.0,0.38862269540327504,False,False,3,False,679
HSF2,basal_to_club,viper,-1.661143402390198,3.0,0.45496350893660614,False,False,3,False,680
BARX2,basal_to_club,viper,-1.674718962986041,3.0,0.4507243748532326,False,False,3,False,681
SKI,basal_to_club,viper,-1.675235421015335,2.0,0.3798419626045272,False,False,2,False,682
ZNF205,basal_to_club,viper,-1.676233864675926,3.0,0.24760221378245695,False,True,3,False,683
NFXL1,basal_to_club,viper,-1.6939296790319611,3.0,0.36273202655858444,False,False,3,False,684
MAFF,basal_to_club,viper,-1.694897135466242,5.0,0.5696377987024217,False,False,5,False,685
ZNF620,basal_to_club,viper,-1.6964296273603392,3.0,0.4063860119656817,False,False,3,False,686
PHF20,basal_to_club,viper,-1.7051226792617205,3.0,0.4180420096312446,False,False,3,False,687
NPAS1,basal_to_club,viper,-1.7116281275834304,3.0,0.4798835573565659,False,False,3,False,688
ZSCAN26,basal_to_club,viper,-1.7136768535627227,2.0,0.4437727782306729,False,False,2,False,689
ZNF180,basal_to_club,viper,-1.7149809288208209,3.0,0.4702343045637608,False,False,3,False,690
ZNF221,basal_to_club,viper,-1.7182908389841731,3.0,0.4419212973911754,False,True,3,False,691
BBX,basal_to_club,viper,-1.7573371805440956,3.0,0.47366279995106225,False,False,3,False,692
SAFB,basal_to_club,viper,-1.764253984829857,2.0,0.41646984918081403,False,False,2,False,693
ZNF680,basal_to_club,viper,-1.7727064588843067,3.0,0.3140937297224717,False,False,3,False,694
POGK,basal_to_club,viper,-1.7779367399962356,3.0,0.18426105137977616,False,True,3,False,695
NFATC3,basal_to_club,viper,-1.7789004261752626,3.0,0.4798835573565659,False,False,3,False,696
ZHX1,basal_to_club,viper,-1.7852282802985875,4.0,0.13405883274001337,False,True,4,False,697
ZNF648,basal_to_club,viper,-1.7913964809033363,3.0,0.06791180803267169,False,True,3,False,698
SP2,basal_to_club,viper,-1.7950168994207802,5.0,0.24559338167214534,False,True,5,False,699
ZNF569,basal_to_club,viper,-1.798477205482068,3.0,0.4054059169502741,False,True,3,False,700
MNT,basal_to_club,viper,-1.7993862369370381,4.0,0.5260533717727333,False,False,4,False,701
ZNF469,basal_to_club,viper,-1.8019835411645488,2.0,0.4017958277306576,False,False,2,False,702
FOXP1,basal_to_club,viper,-1.8210761734786385,5.0,0.4611017776017664,False,True,5,False,703
FLYWCH1,basal_to_club,viper,-1.8269612981485401,2.0,0.3416414716593958,False,False,2,False,704
PLAG1,basal_to_club,viper,-1.8343043776306112,3.0,0.3302015611078831,False,False,3,False,705
ESR2,basal_to_club,viper,-1.8487650223353884,5.0,0.443958613615838,False,False,5,False,706
ZFP62,basal_to_club,viper,-1.851778261302235,3.0,0.38457154389505094,False,False,3,False,707
ZNF662,basal_to_club,viper,-1.8524444447624833,3.0,0.2963957889327603,False,False,3,False,708
TIGD7,basal_to_club,viper,-1.8639450169151184,3.0,0.37295221298785286,False,False,3,False,709
ZNF134,basal_to_club,viper,-1.8719067004372512,3.0,0.3761677580317482,False,False,3,False,710
ZNF473,basal_to_club,viper,-1.8738937832828926,3.0,0.20408826601652755,False,True,3,False,711
ZNF284,basal_to_club,viper,-1.8754328620409504,3.0,0.36291306456037803,False,False,3,False,712
TIGD1,basal_to_club,viper,-1.8910077197052644,2.0,0.3685822795106742,False,False,2,False,713
MSX2,basal_to_club,viper,-1.8922745052040577,3.0,0.3988219596433794,False,False,3,False,714
ZNF426,basal_to_club,viper,-1.8932258861577635,3.0,0.4207210035821912,False,False,3,False,715
JRKL,basal_to_club,viper,-1.8932502819048966,2.0,0.36402397866097674,False,True,2,False,716
SPI1,basal_to_club,viper,-1.8941015047961542,6.0,0.443958613615838,False,False,6,False,717
ZNF428,basal_to_club,viper,-1.8943947186799777,3.0,0.25521648937868063,False,False,3,False,718
ZNF181,basal_to_club,viper,-1.897820774850384,3.0,0.44467013284435253,False,False,3,False,719
TFEC,basal_to_club,viper,-1.9051030725407159,3.0,0.36119302198527464,False,False,3,False,720
SMYD3,basal_to_club,viper,-1.907656660013201,2.0,0.31871827465223773,False,False,2,False,721
ARID3B,basal_to_club,viper,-1.908651539445908,2.0,0.3149714426582605,False,False,2,False,722
ERF,basal_to_club,viper,-1.9345208117028574,3.0,0.26987670688564025,False,True,3,False,723
ZNF774,basal_to_club,viper,-1.93983129209744,3.0,0.38862269540327504,False,False,3,False,724
KCMF1,basal_to_club,viper,-1.943727809194235,3.0,0.16596778072846088,False,True,3,False,725
PRRX2,basal_to_club,viper,-1.9442881528721838,3.0,0.4609156228850578,False,False,3,False,726
SIX1,basal_to_club,viper,-1.9608276488745193,3.0,0.3570748125191699,False,False,3,False,727
HIC2,basal_to_club,viper,-1.971091815284488,3.0,0.38972177076356757,False,True,3,False,728
ZNF550,basal_to_club,viper,-1.9721903146617512,3.0,0.4657159526438671,False,False,3,False,729
TRPS1,basal_to_club,viper,-1.9732578851475335,3.0,0.015648573261094787,False,True,3,False,730
ZNF395,basal_to_club,viper,-1.977254954415514,3.0,0.25252330820300695,False,False,3,False,731
TCFL5,basal_to_club,viper,-1.9792561420455776,3.0,0.3087612589111438,False,True,3,False,732
CENPX,basal_to_club,viper,-1.98120138848487,1.0,0.15470257147486,False,False,1,False,733
IRF2,basal_to_club,viper,-2.008441032121757,4.0,0.40402776636461973,False,False,4,False,734
DDIT3,basal_to_club,viper,-2.0094508695385174,3.0,0.230526957604225,False,False,3,False,735
ZNF583,basal_to_club,viper,-2.0111049653799244,3.0,0.30844952322944086,False,False,3,False,736
HMGN3,basal_to_club,viper,-2.0175180780785276,4.0,0.3398241392058378,False,False,4,False,737
FOXN3,basal_to_club,viper,-2.0199467653538683,3.0,0.38862269540327504,False,False,3,False,738
TCF12,basal_to_club,viper,-2.0203895218766292,5.0,0.3406433558340086,True,False,5,False,739
ZNF850,basal_to_club,viper,-2.022674009644251,2.0,0.24019643740854651,False,False,2,False,740
ZNF558,basal_to_club,viper,-2.0352599740222863,3.0,0.30627810149137863,False,True,3,False,741
GATA5,basal_to_club,viper,-2.041792532889561,3.0,0.33313216662293194,False,False,3,False,742
ZNF573,basal_to_club,viper,-2.0436435115503158,3.0,0.3401160307927002,False,False,3,False,743
ZNF14,basal_to_club,viper,-2.0505263838484815,3.0,0.3332063967200779,False,False,3,False,744
KCNIP3,basal_to_club,viper,-2.071083977859661,2.0,0.33302280058880745,False,False,2,False,745
ZNF133,basal_to_club,viper,-2.0818390065112293,3.0,0.22334892480706842,False,False,3,False,746
ZBTB49,basal_to_club,viper,-2.0890617546065635,2.0,0.25659376110953197,False,False,2,False,747
TEF,basal_to_club,viper,-2.0983233318012746,3.0,0.22305437261846836,False,False,3,False,748
ZNF331,basal_to_club,viper,-2.1023311441274695,3.0,0.2134999112505558,False,False,3,False,749
FOXP2,basal_to_club,viper,-2.133367913337082,6.0,0.4543606141310768,False,False,6,False,750
TBPL1,basal_to_club,viper,-2.1333682295553245,2.0,0.24710964854262157,False,False,2,False,751
DLX4,basal_to_club,viper,-2.142671529151914,3.0,0.26821197566991206,False,False,3,False,752
TIGD2,basal_to_club,viper,-2.1428059526497205,3.0,0.39009951894061673,False,False,3,False,753
ZNF30,basal_to_club,viper,-2.143618562577939,3.0,0.31883922442556684,False,True,3,False,754
LCORL,basal_to_club,viper,-2.1452601474619897,3.0,0.11980076034068964,False,True,3,False,755
TP73,basal_to_club,viper,-2.158047983690851,3.0,0.40018415356965903,False,False,3,False,756
TERF2,basal_to_club,viper,-2.1584501848489515,4.0,0.27932757406891934,True,True,4,True,757
ZNF705D,basal_to_club,viper,-2.1676495060349916,1.0,0.07540709408816251,False,False,1,False,758
ZNF775,basal_to_club,viper,-2.1769092812127964,3.0,0.20782735297583652,False,False,3,False,759
THAP7,basal_to_club,viper,-2.191144662578967,3.0,0.3098237844518332,False,False,3,False,760
ZNF788P,basal_to_club,viper,-2.195059937795182,3.0,0.23503217934651577,False,False,3,False,761
ZNF322,basal_to_club,viper,-2.1987237923632077,2.0,0.18559628520291205,False,False,2,False,762
FOXO1,basal_to_club,viper,-2.2037160136867184,5.0,0.11048393487913205,False,True,5,False,763
EEA1,basal_to_club,viper,-2.2120950663557912,3.0,0.24093978400902777,False,False,3,False,764
LMX1A,basal_to_club,viper,-2.21603251151886,3.0,0.3087612589111438,False,False,3,False,765
TFDP2,basal_to_club,viper,-2.2245001139592984,3.0,0.2724199904481275,False,False,3,False,766
ZSCAN9,basal_to_club,viper,-2.233835359266843,2.0,0.1754728856929999,False,False,2,False,767
ZNF614,basal_to_club,viper,-2.253261653678487,2.0,0.17497692625853786,False,False,2,False,768
KLF7,basal_to_club,viper,-2.256144987713845,3.0,0.18105673036319278,False,False,3,False,769
ZNF107,basal_to_club,viper,-2.266659934104444,3.0,0.3219383060596194,False,False,3,False,770
HNF4A,basal_to_club,viper,-2.2820151063253538,6.0,0.4383081674037576,False,False,6,False,771
TFEB,basal_to_club,viper,-2.283674193278884,4.0,0.21802979616006035,False,False,4,False,772
IKZF3,basal_to_club,viper,-2.2840751431792454,3.0,0.23009831904258807,False,False,3,False,773
SREBF1,basal_to_club,viper,-2.285288143027372,6.0,0.17174693331419189,False,True,6,False,774
AEBP2,basal_to_club,viper,-2.300593078526726,3.0,0.20713022313684878,False,False,3,False,775
NANOGNB,basal_to_club,viper,-2.3048707297479507,2.0,0.1760289548444669,False,False,2,False,776
ZNF625,basal_to_club,viper,-2.3124386612264582,3.0,0.27242568536152634,False,True,3,False,777
HEY1,basal_to_club,viper,-2.314872284671422,3.0,0.16995670044809602,False,False,3,False,778
PBX2,basal_to_club,viper,-2.3357884813822674,4.0,0.1567366233450252,False,True,4,False,779
ST18,basal_to_club,viper,-2.3674917353378686,3.0,0.16551123576405774,False,False,3,False,780
ZNF773,basal_to_club,viper,-2.3753071694491465,3.0,0.2518392498252042,False,False,3,False,781
TFE3,basal_to_club,viper,-2.388724764624208,3.0,0.18337037284358704,False,True,3,False,782
NFE4,basal_to_club,viper,-2.390937650088547,1.0,0.07060175043391367,False,False,1,False,783
ZNF501,basal_to_club,viper,-2.3930147075018735,3.0,0.30512601326663685,False,False,3,False,784
ZNF350,basal_to_club,viper,-2.401830555770333,3.0,0.1596079682979312,False,False,3,False,785
FOXD4L6,basal_to_club,viper,-2.4096271059616363,1.0,0.04363727913020963,False,False,1,False,786
HOXB6,basal_to_club,viper,-2.4184370341875625,3.0,0.06907728313495091,False,True,3,False,787
ZNF707,basal_to_club,viper,-2.4226797506775175,3.0,0.14996602768713052,False,False,3,False,788
SNAPC2,basal_to_club,viper,-2.430486375877657,2.0,0.16438705132613818,False,False,2,False,789
ZNF84,basal_to_club,viper,-2.4307390333799908,3.0,0.09733028511482793,False,True,3,False,790
ZNF561,basal_to_club,viper,-2.4405895597958187,3.0,0.18397072868077502,False,False,3,False,791
FOXN4,basal_to_club,viper,-2.442280702361468,2.0,0.15028791486325152,False,False,2,False,792
POU6F2,basal_to_club,viper,-2.449893362793377,3.0,0.1434579471283895,False,False,3,False,793
ZNF462,basal_to_club,viper,-2.458449450957327,3.0,0.18883738778212403,False,False,3,False,794
ZSCAN32,basal_to_club,viper,-2.4610560340164396,2.0,0.17304031164958664,False,True,2,False,795
ZNF696,basal_to_club,viper,-2.467433918452323,3.0,0.27932757406891934,False,False,3,False,796
PBX1,basal_to_club,viper,-2.472772816220881,4.0,0.3087612589111438,False,False,4,False,797
NFATC1,basal_to_club,viper,-2.4741744579118543,5.0,0.24351931613124364,False,False,5,False,798
KLF9,basal_to_club,viper,-2.4746376151827225,4.0,0.2536164087121039,False,False,4,False,799
ZBED4,basal_to_club,viper,-2.4794952765027602,3.0,0.20716620544143596,False,True,3,False,800
MYT1L,basal_to_club,viper,-2.482178584801281,3.0,0.3012417487967638,False,False,3,False,801
EGR2,basal_to_club,viper,-2.4895260904077325,3.0,0.25151450627188954,False,False,3,False,802
ZBTB8B,basal_to_club,viper,-2.495527959411748,2.0,0.11815119774069616,False,False,2,False,803
MLXIPL,basal_to_club,viper,-2.5106326097974634,3.0,0.17752812362317782,False,False,3,False,804
ZNF562,basal_to_club,viper,-2.510810255740512,3.0,0.2560689670715921,False,False,3,False,805
ZNF586,basal_to_club,viper,-2.511432596424319,3.0,0.13234548694075593,False,False,3,False,806
FOSB,basal_to_club,viper,-2.525421578816298,3.0,0.24036578059418776,False,False,3,False,807
ZNF587B,basal_to_club,viper,-2.5280163765048425,2.0,0.13035193383762006,False,True,2,False,808
THYN1,basal_to_club,viper,-2.528698620289465,2.0,0.13177387035733668,False,False,2,False,809
THAP2,basal_to_club,viper,-2.532991919188262,3.0,0.230526957604225,False,False,3,False,810
HSFX1,basal_to_club,viper,-2.5352889776629612,2.0,0.11208045583022051,False,False,2,False,811
ZFP69,basal_to_club,viper,-2.541179826766932,2.0,0.1302356231120816,False,False,2,False,812
PRDM1,basal_to_club,viper,-2.5417303477525595,5.0,0.1885762490599487,False,True,5,False,813
SOX4,basal_to_club,viper,-2.5706578509513913,3.0,0.15756034660791138,False,False,3,False,814
ZNF784,basal_to_club,viper,-2.6326970787826975,3.0,0.20716620544143596,False,True,3,False,815
SMAD5,basal_to_club,viper,-2.63376727115121,4.0,0.21495239552890372,False,True,4,False,816
HOXB3,basal_to_club,viper,-2.637557653273358,3.0,0.12638885558220636,False,True,3,False,817
HOXC5,basal_to_club,viper,-2.6381510583621526,3.0,0.09792911376898332,False,False,3,False,818
ADNP,basal_to_club,viper,-2.6406286839580173,4.0,0.17812440132410431,False,False,4,False,819
ZNF880,basal_to_club,viper,-2.6439027250738065,2.0,0.15032018315176307,False,False,2,False,820
ZNF714,basal_to_club,viper,-2.675793607326324,3.0,0.16624940512155753,False,False,3,False,821
NR1I2,basal_to_club,viper,-2.682774935586697,4.0,0.15931958573186564,False,False,4,False,822
TCF3,basal_to_club,viper,-2.7020571333531183,6.0,0.27821607225140454,False,False,6,False,823
JDP2,basal_to_club,viper,-2.703470763843838,3.0,0.15722072730658287,False,False,3,False,824
ZNF383,basal_to_club,viper,-2.7068921409606115,3.0,0.17640612463146763,False,False,3,False,825
ZNF17,basal_to_club,viper,-2.711258940581621,3.0,0.1714046387280138,False,False,3,False,826
ZNF843,basal_to_club,viper,-2.71171924061332,3.0,0.1333181076028509,False,False,3,False,827
FOXD1,basal_to_club,viper,-2.718367377623345,2.0,0.14457822138534646,False,False,2,False,828
ZZZ3,basal_to_club,viper,-2.728513311529344,5.0,0.20716620544143596,False,False,5,False,829
ZNF7,basal_to_club,viper,-2.7302066156349785,3.0,0.07766160617676592,False,False,3,False,830
ZNF212,basal_to_club,viper,-2.737775535128456,3.0,0.171972673242071,False,False,3,False,831
FEZF1,basal_to_club,viper,-2.741353119837854,3.0,0.12438537477749126,False,False,3,False,832
ZNF891,basal_to_club,viper,-2.743873494207776,2.0,0.12495178920291994,False,False,2,False,833
ZNF74,basal_to_club,viper,-2.7506079381943502,3.0,0.16144586653299642,False,False,3,False,834
ARNT2,basal_to_club,viper,-2.7512808485673217,3.0,0.1455696727745555,False,False,3,False,835
SPIC,basal_to_club,viper,-2.758642650223744,3.0,0.18559628520291205,False,False,3,False,836
ZNF846,basal_to_club,viper,-2.7640688476481237,3.0,0.10243038699559508,False,False,3,False,837
ZNF835,basal_to_club,viper,-2.7652486139294976,3.0,0.1270392912871917,False,False,3,False,838
SALL4,basal_to_club,viper,-2.766766814446541,4.0,0.16690014605510084,False,False,4,False,839
ZNF275,basal_to_club,viper,-2.7669979354556666,3.0,0.07000157518088897,False,True,3,False,840
DPRX,basal_to_club,viper,-2.7702053613881046,3.0,0.24093978400902777,False,False,3,False,841
ZNF845,basal_to_club,viper,-2.771077529970603,3.0,0.18209330555845318,False,True,3,False,842
DNTTIP1,basal_to_club,viper,-2.7979832462544967,2.0,0.10486212849765722,False,False,2,False,843
RAX2,basal_to_club,viper,-2.79999274337175,3.0,0.15972077283560246,False,False,3,False,844
SOX6,basal_to_club,viper,-2.8122723744661906,4.0,0.21878329816545525,False,True,4,False,845
ZNF677,basal_to_club,viper,-2.813735189566249,2.0,0.04502139616902601,False,False,2,False,846
ZNF728,basal_to_club,viper,-2.8142141535816827,2.0,0.07778562233450263,False,False,2,False,847
KLF17,basal_to_club,viper,-2.8217815504853783,2.0,0.05139237663751196,False,False,2,False,848
ZNF354C,basal_to_club,viper,-2.8512278790202554,3.0,0.08492993534703704,False,False,3,False,849
ZBTB12,basal_to_club,viper,-2.8567256812394786,3.0,0.08977921347081033,False,False,3,False,850
SP9,basal_to_club,viper,-2.858071375058819,2.0,0.08214526599062084,False,False,2,False,851
GLI2,basal_to_club,viper,-2.8726788996467034,3.0,0.10710078486963123,False,False,3,False,852
ZNF232,basal_to_club,viper,-2.8755774090945727,3.0,0.19509047867600937,False,False,3,False,853
ZNF324B,basal_to_club,viper,-2.879864628067591,2.0,0.08078908672444093,False,True,2,False,854
ZNF582,basal_to_club,viper,-2.88154637733445,3.0,0.14789206897703847,False,False,3,False,855
TBX19,basal_to_club,viper,-2.88827368049417,3.0,0.09105024319317055,False,False,3,False,856
ELF4,basal_to_club,viper,-2.8906225826504297,3.0,0.08669461863226056,False,False,3,False,857
CSRNP3,basal_to_club,viper,-2.8986456709505415,2.0,0.10817480692897274,False,False,2,False,858
ZNF781,basal_to_club,viper,-2.9094655802141043,3.0,0.07871059618948484,False,False,3,False,859
ZNF624,basal_to_club,viper,-2.913950045751662,3.0,0.07120004176264574,False,True,3,False,860
ZNF683,basal_to_club,viper,-2.9221378127443756,2.0,0.10817480692897274,False,False,2,False,861
ZNF888,basal_to_club,viper,-2.9344346771604135,1.0,0.01935754578529373,False,False,1,False,862
ZNF526,basal_to_club,viper,-2.9387763545881667,3.0,0.1333181076028509,False,False,3,False,863
ATF7,basal_to_club,viper,-2.9502058789124166,4.0,0.055576026303879145,False,True,4,False,864
ZNF641,basal_to_club,viper,-2.9558156588363524,3.0,0.10050318174718502,False,False,3,False,865
ZNF518B,basal_to_club,viper,-2.9635584895769993,3.0,0.052951670797175485,False,False,3,False,866
NFIX,basal_to_club,viper,-2.9662147846576667,3.0,0.08688801236020903,False,True,3,False,867
NR1H2,basal_to_club,viper,-2.9694948817198608,4.0,0.18685965240823127,False,False,4,False,868
ZNF665,basal_to_club,viper,-2.9720385692296163,3.0,0.10382400799427968,False,False,3,False,869
RHOXF1,basal_to_club,viper,-2.9801068421350068,3.0,0.08404611242796682,False,False,3,False,870
L3MBTL3,basal_to_club,viper,-2.9898871277872376,2.0,0.050734646688263677,False,False,2,False,871
ZNF346,basal_to_club,viper,-2.9929245617410674,3.0,0.05933016352006274,False,False,3,False,872
ZNF227,basal_to_club,viper,-3.0041956783776254,3.0,0.08735052353201236,False,False,3,False,873
KLF11,basal_to_club,viper,-3.014699598303366,3.0,0.053039248694947076,False,False,3,False,874
ZNF766,basal_to_club,viper,-3.0159232922171846,4.0,0.08794818070085307,False,False,4,False,875
MLX,basal_to_club,viper,-3.0423581664546417,3.0,0.055760987982611934,False,False,3,False,876
TTF1,basal_to_club,viper,-3.0454089971096936,2.0,0.06690669701030907,False,False,2,False,877
ZNF618,basal_to_club,viper,-3.048972579013358,3.0,0.10609752094297381,False,False,3,False,878
ZNF414,basal_to_club,viper,-3.0532918121709147,3.0,0.13177387035733668,False,False,3,False,879
ZNF385B,basal_to_club,viper,-3.056132615364735,3.0,0.09076554243943954,False,False,3,False,880
PKNOX1,basal_to_club,viper,-3.0589860889988163,4.0,0.16596778072846088,False,True,4,False,881
TOPORS,basal_to_club,viper,-3.0692346538355593,2.0,0.044457992094594126,False,False,2,False,882
ZNF2,basal_to_club,viper,-3.0754091098952423,2.0,0.06732646776383404,False,True,2,False,883
SNAI1,basal_to_club,viper,-3.0816136578754496,3.0,0.055394889331379926,False,False,3,False,884
ATF3,basal_to_club,viper,-3.081942439953168,6.0,0.12118222353817222,False,False,6,False,885
ZSCAN21,basal_to_club,viper,-3.085647231968366,3.0,0.11365475974947777,False,False,3,False,886
ZNF831,basal_to_club,viper,-3.0867276101208194,3.0,0.14148725447930743,False,False,3,False,887
NFATC4,basal_to_club,viper,-3.0888537384548664,3.0,0.15267758653409383,False,False,3,False,888
FOXJ2,basal_to_club,viper,-3.0906001076121417,4.0,0.07537146352340303,False,False,4,False,889
ZNF138,basal_to_club,viper,-3.1128921054989025,3.0,0.07427446272927406,False,False,3,False,890
ZNF250,basal_to_club,viper,-3.122399954421507,3.0,0.03982296120795325,False,False,3,False,891
CUX2,basal_to_club,viper,-3.1295702722126486,3.0,0.08317349457601046,False,False,3,False,892
SCML4,basal_to_club,viper,-3.141579985340875,3.0,0.06149170410783097,False,False,3,False,893
ZNF567,basal_to_club,viper,-3.1470519651442324,3.0,0.07186454581458679,False,False,3,False,894
ZNF100,basal_to_club,viper,-3.1667530195317997,3.0,0.12422222473213983,False,True,3,False,895
ZNF525,basal_to_club,viper,-3.1679812777322898,2.0,0.03908473311090275,False,False,2,False,896
IRF8,basal_to_club,viper,-3.1724656932016093,4.0,0.06934563198384483,False,True,4,False,897
HNF1A,basal_to_club,viper,-3.1746594667491057,3.0,0.09581966491462826,False,False,3,False,898
PPARA,basal_to_club,viper,-3.1870046576753652,3.0,0.12915980015047418,False,False,3,False,899
ZNF502,basal_to_club,viper,-3.1874985819868717,3.0,0.0466507998520913,False,False,3,False,900
ZNF442,basal_to_club,viper,-3.2145240964500092,3.0,0.07095970700529916,False,False,3,False,901
TSHZ1,basal_to_club,viper,-3.2146494684833913,3.0,0.07766160617676592,False,False,3,False,902
NR1H3,basal_to_club,viper,-3.220834080457473,5.0,0.08050404978012744,False,False,5,False,903
ZNF697,basal_to_club,viper,-3.221919269106491,3.0,0.04971614309822026,False,False,3,False,904
PLAGL1,basal_to_club,viper,-3.221976824354765,3.0,0.12646425217878413,False,True,3,False,905
ZNF565,basal_to_club,viper,-3.2233528762080716,3.0,0.09649824815788388,False,False,3,False,906
GCM2,basal_to_club,viper,-3.2358794848381325,3.0,0.10381913707387122,False,False,3,False,907
ZNF273,basal_to_club,viper,-3.2397255185951326,3.0,0.06732646776383404,False,False,3,False,908
ZBTB39,basal_to_club,viper,-3.2421724057039807,3.0,0.06353983672134395,False,False,3,False,909
ZBTB24,basal_to_club,viper,-3.250709990749993,3.0,0.06997310808277749,False,False,3,False,910
HELT,basal_to_club,viper,-3.2610046740138587,3.0,0.05954941879871394,False,False,3,False,911
ZBTB8A,basal_to_club,viper,-3.271693529943186,2.0,0.03288001211512942,False,False,2,False,912
FOS,basal_to_club,viper,-3.273757843847188,5.0,0.15748613708738374,False,False,5,False,913
POU3F3,basal_to_club,viper,-3.274921012761565,3.0,0.09540194402514508,False,False,3,False,914
ZNF669,basal_to_club,viper,-3.277865794524155,3.0,0.08239252487513844,False,False,3,False,915
ZNF676,basal_to_club,viper,-3.278064678853431,3.0,0.09694153574534965,False,False,3,False,916
ZXDA,basal_to_club,viper,-3.2807647901117902,3.0,0.07882185898715573,False,False,3,False,917
ASCL3,basal_to_club,viper,-3.283798450116639,3.0,0.041261597055533096,False,False,3,False,918
FAM170A,basal_to_club,viper,-3.2904105109611557,2.0,0.034118636218182785,False,True,2,False,919
EHF,basal_to_club,viper,-3.2912649787682255,4.0,0.12589360411817513,False,False,4,False,920
REST,basal_to_club,viper,-3.3117051045893846,6.0,0.1478554738857882,False,True,6,False,921
TIGD5,basal_to_club,viper,-3.3216989205080343,3.0,0.08979391498506613,False,False,3,False,922
ETV2,basal_to_club,viper,-3.3295882135834476,2.0,0.019545490600789712,False,False,2,False,923
ZSCAN20,basal_to_club,viper,-3.332786797425082,3.0,0.0662139170773892,False,False,3,False,924
ZNF45,basal_to_club,viper,-3.3437937323442406,3.0,0.05290050793431116,False,False,3,False,925
EGR1,basal_to_club,viper,-3.3451802805830786,6.0,0.14729517864005842,False,False,6,False,926
EN2,basal_to_club,viper,-3.348524508151988,3.0,0.030753859151332504,False,False,3,False,927
ZNF286B,basal_to_club,viper,-3.357578026848481,2.0,0.03722122102620849,False,False,2,False,928
BHLHE40,basal_to_club,viper,-3.369063719485994,4.0,0.07385501120315155,False,False,4,False,929
STAT4,basal_to_club,viper,-3.373088173314944,4.0,0.05091463412524504,False,False,4,False,930
RARB,basal_to_club,viper,-3.383212763255738,4.0,0.131141275465022,False,False,4,False,931
CHAMP1,basal_to_club,viper,-3.3881986214256004,2.0,0.04505791184462863,False,False,2,False,932
ZNF836,basal_to_club,viper,-3.4005790639607847,3.0,0.06997310808277749,False,False,3,False,933
ZNF287,basal_to_club,viper,-3.4071022099782167,3.0,0.08439484656996962,False,True,3,False,934
VDR,basal_to_club,viper,-3.4127866267613487,5.0,0.10079380505067877,False,False,5,False,935
SCRT1,basal_to_club,viper,-3.4360808860425065,2.0,0.018032799654138443,False,False,2,False,936
ZSCAN12,basal_to_club,viper,-3.439678241273595,3.0,0.021892941689804612,False,False,3,False,937
FOXD4L3,basal_to_club,viper,-3.4432197388027888,3.0,0.03141852470621984,False,False,3,False,938
SOX21,basal_to_club,viper,-3.451972687916534,3.0,0.05146010673341077,False,False,3,False,939
ZNF286A,basal_to_club,viper,-3.4558934512661024,3.0,0.0842503146671508,False,False,3,False,940
SHOX,basal_to_club,viper,-3.4808668229057673,3.0,0.03521289059364539,False,False,3,False,941
ZNF837,basal_to_club,viper,-3.5273080916359922,3.0,0.045392783785920404,False,False,3,False,942
ZNF551,basal_to_club,viper,-3.528118582626134,3.0,0.02017691732939939,False,False,3,False,943
TBX1,basal_to_club,viper,-3.5341625267199595,3.0,0.01759996789688637,False,False,3,False,944
ZNF576,basal_to_club,viper,-3.542555634941584,3.0,0.017562607963389258,False,False,3,False,945
PROX2,basal_to_club,viper,-3.5453428242075073,3.0,0.028022027025749557,False,False,3,False,946
ZBTB16,basal_to_club,viper,-3.553808106081769,4.0,0.02584541655413876,False,False,4,False,947
ELF1,basal_to_club,viper,-3.55472210344263,5.0,0.07588930047084806,False,True,5,False,948
ZNF394,basal_to_club,viper,-3.572091619115553,3.0,0.016689747953073392,False,False,3,False,949
DMRT3,basal_to_club,viper,-3.5728005288661513,3.0,0.025235963677452747,False,False,3,False,950
ZNF26,basal_to_club,viper,-3.5839264529901373,3.0,0.03588767607161193,False,True,3,False,951
ZNF155,basal_to_club,viper,-3.5877405817828794,3.0,0.03368983316726125,False,False,3,False,952
ADNP2,basal_to_club,viper,-3.590564419229884,3.0,0.034188674532936766,False,False,3,False,953
ZBTB32,basal_to_club,viper,-3.594297184096004,3.0,0.07206921381367767,False,False,3,False,954
HOXB1,basal_to_club,viper,-3.5963599495578262,3.0,0.0304154343571671,False,False,3,False,955
ZNF595,basal_to_club,viper,-3.601324154581456,2.0,0.010406255641110492,False,False,2,False,956
JUNB,basal_to_club,viper,-3.6118953508984823,4.0,0.056070329427088714,False,False,4,False,957
HES5,basal_to_club,viper,-3.630138511572411,3.0,0.026080753968864747,False,False,3,False,958
LMX1B,basal_to_club,viper,-3.640544400629497,3.0,0.03168503484237962,False,False,3,False,959
ZNF366,basal_to_club,viper,-3.68614314950524,3.0,0.04669352890560401,False,False,3,False,960
PBX3,basal_to_club,viper,-3.692934675755337,5.0,0.07588930047084806,False,False,5,False,961
ZNF443,basal_to_club,viper,-3.708991343027345,3.0,0.05804803683419669,False,False,3,False,962
ZNF512B,basal_to_club,viper,-3.713740291968058,3.0,0.017584581994532812,False,False,3,False,963
CEBPD,basal_to_club,viper,-3.7306720632152977,5.0,0.05790721527890549,False,True,5,False,964
REXO4,basal_to_club,viper,-3.7314835478314823,2.0,0.01625642490401481,False,False,2,False,965
RORB,basal_to_club,viper,-3.7348090269462633,3.0,0.05337396282205184,False,False,3,False,966
NHLH2,basal_to_club,viper,-3.7404451852110756,3.0,0.01967635703720286,False,False,3,False,967
ZNF438,basal_to_club,viper,-3.742025198499856,3.0,0.01115885921398636,False,False,3,False,968
ZNF408,basal_to_club,viper,-3.7489079886726806,3.0,0.025886786531392588,False,False,3,False,969
THAP3,basal_to_club,viper,-3.7576303298127183,3.0,0.04419891539635172,False,False,3,False,970
CEBPB,basal_to_club,viper,-3.7579339194670918,6.0,0.11466518269656582,False,True,6,False,971
ZNF222,basal_to_club,viper,-3.7613847832326464,3.0,0.028205945555792217,False,False,3,False,972
GFI1,basal_to_club,viper,-3.7670590726168895,3.0,0.014160247201524355,False,False,3,False,973
CREB5,basal_to_club,viper,-3.7770147027347667,3.0,0.013282579702273494,False,False,3,False,974
NHLH1,basal_to_club,viper,-3.794613061881724,3.0,0.014557519841094099,False,False,3,False,975
ZNF684,basal_to_club,viper,-3.804607166585339,3.0,0.03022428336665957,False,True,3,False,976
UBP1,basal_to_club,viper,-3.8273122366604526,3.0,0.03520730705553292,False,True,3,False,977
RHOXF2,basal_to_club,viper,-3.828828775949519,3.0,0.020880239587600574,False,False,3,False,978
ZBTB5,basal_to_club,viper,-3.8337732296292955,3.0,0.02905759718584104,False,True,3,False,979
NR2E3,basal_to_club,viper,-3.8577259516281486,2.0,0.0071321075412073215,False,False,2,False,980
SMAD1,basal_to_club,viper,-3.859720414791243,5.0,0.07206921381367767,False,True,5,False,981
OVOL3,basal_to_club,viper,-3.8703338123530173,2.0,0.007193074372851192,False,False,2,False,982
ZNF184,basal_to_club,viper,-3.8738898718011217,3.0,0.02500419782100077,False,False,3,False,983
ZNF716,basal_to_club,viper,-3.8812657452865955,3.0,0.012828200846948745,False,False,3,False,984
ATF4,basal_to_club,viper,-3.882057523108673,4.0,0.02832358396560318,False,False,4,False,985
THAP10,basal_to_club,viper,-3.8919801244199883,3.0,0.03407244707247529,False,False,3,False,986
ZNF18,basal_to_club,viper,-3.9000508180557025,3.0,0.008971032956948951,False,False,3,False,987
TBR1,basal_to_club,viper,-3.905077701394638,3.0,0.03520730705553292,False,False,3,False,988
TFCP2,basal_to_club,viper,-3.907154229709856,3.0,0.0307061506843223,False,False,3,False,989
NR5A2,basal_to_club,viper,-3.916605552057547,4.0,0.0557085605952044,False,False,4,False,990
ZNF143,basal_to_club,viper,-3.9301105909350005,5.0,0.022382879694009247,False,False,5,False,991
ZNF174,basal_to_club,viper,-3.931045948878929,3.0,0.015359823762391036,False,False,3,False,992
ZNF532,basal_to_club,viper,-3.9344851380450923,3.0,0.012424340528817352,False,False,3,False,993
ZNF71,basal_to_club,viper,-3.956558803787912,3.0,0.03870311943728956,False,False,3,False,994
ZNF699,basal_to_club,viper,-3.956949681063295,3.0,0.03579949031378489,False,False,3,False,995
ZNF223,basal_to_club,viper,-3.9637069518213366,3.0,0.015262235987748764,False,False,3,False,996
SOX3,basal_to_club,viper,-3.965375935712587,3.0,0.02743325762113421,False,False,3,False,997
ZNF547,basal_to_club,viper,-3.965933256376585,3.0,0.012800247979416797,False,False,3,False,998
INSM1,basal_to_club,viper,-3.9662932941230977,3.0,0.007046794045820824,False,False,3,False,999
KLF10,basal_to_club,viper,-3.973024849720017,3.0,0.012425779982589018,False,False,3,False,1000
ZNF480,basal_to_club,viper,-3.979241008273772,3.0,0.03908473311090275,False,False,3,False,1001
ZKSCAN4,basal_to_club,viper,-3.9816532974450505,3.0,0.017736362077591585,False,False,3,False,1002
SCMH1,basal_to_club,viper,-3.9915205514734757,2.0,0.022940152573046754,False,True,2,False,1003
GCM1,basal_to_club,viper,-4.014754375006494,3.0,0.006749997605974787,False,False,3,False,1004
OSR1,basal_to_club,viper,-4.018841579683989,2.0,0.019374622680158736,False,False,2,False,1005
ZNF343,basal_to_club,viper,-4.024179720555955,3.0,0.013272906565109502,False,False,3,False,1006
TFCP2L1,basal_to_club,viper,-4.035221710152658,3.0,0.0183315726637504,False,False,3,False,1007
ZNF556,basal_to_club,viper,-4.067959202260087,3.0,0.03965498348129954,False,False,3,False,1008
TSHZ2,basal_to_club,viper,-4.078072097999032,3.0,0.022499256867284045,False,False,3,False,1009
ZNF667,basal_to_club,viper,-4.082975476170907,3.0,0.014577470018034269,False,True,3,False,1010
NFIB,basal_to_club,viper,-4.084236527055681,4.0,0.01169673364277851,False,False,4,False,1011
ZNF280C,basal_to_club,viper,-4.088500297034602,3.0,0.016619371547234474,False,False,3,False,1012
PAX8,basal_to_club,viper,-4.103326371837758,4.0,0.015665266904709485,False,False,4,False,1013
NFYC,basal_to_club,viper,-4.125220815786046,3.0,0.0060028945461193675,False,False,3,False,1014
HSF1,basal_to_club,viper,-4.13027113302528,5.0,0.05945909080611011,False,True,5,False,1015
ZNF281,basal_to_club,viper,-4.14221449179002,3.0,0.01058380512799698,False,True,3,False,1016
ZNF668,basal_to_club,viper,-4.142641387374328,3.0,0.011705995386138526,False,False,3,False,1017
TFDP3,basal_to_club,viper,-4.153822334506072,3.0,0.005471138794191063,False,False,3,False,1018
ZNF79,basal_to_club,viper,-4.156428229784999,3.0,0.03216739361503973,False,False,3,False,1019
EN1,basal_to_club,viper,-4.156513265178802,3.0,0.018274463648664023,False,False,3,False,1020
ZSCAN4,basal_to_club,viper,-4.169496628871084,3.0,0.03149443857345044,False,False,3,False,1021
HBP1,basal_to_club,viper,-4.17429234674709,4.0,0.013032742281532058,False,False,4,False,1022
POU5F1B,basal_to_club,viper,-4.179321444705568,2.0,0.004333138119826371,False,False,2,False,1023
INSM2,basal_to_club,viper,-4.195051946161765,3.0,0.02600754086658394,False,False,3,False,1024
ZNF326,basal_to_club,viper,-4.197172503200322,3.0,0.002600059699022143,False,True,3,False,1025
THAP1,basal_to_club,viper,-4.205910804685866,5.0,0.11964144524654148,False,False,5,False,1026
NFE2L3,basal_to_club,viper,-4.208016500093474,3.0,0.009087950016190281,False,False,3,False,1027
TFAP2E,basal_to_club,viper,-4.2080623068757745,3.0,0.041642893138907476,False,False,3,False,1028
SRF,basal_to_club,viper,-4.2082007773187415,6.0,0.04781613502501877,False,True,6,False,1029
VENTX,basal_to_club,viper,-4.20985350543761,3.0,0.005965756801651052,False,False,3,False,1030
EGR4,basal_to_club,viper,-4.212976849203246,3.0,0.022453573914791043,False,False,3,False,1031
CAMTA1,basal_to_club,viper,-4.21433864435144,3.0,0.003794266367460088,False,False,3,False,1032
EMX2,basal_to_club,viper,-4.217748549659491,3.0,0.010609571127800959,False,False,3,False,1033
ZNF813,basal_to_club,viper,-4.220734416850259,2.0,0.007860749217638999,False,False,2,False,1034
ZIM3,basal_to_club,viper,-4.231619831706943,3.0,0.006555029790965885,False,False,3,False,1035
NR1I3,basal_to_club,viper,-4.282518896818993,3.0,0.005351021627432283,False,False,3,False,1036
HDX,basal_to_club,viper,-4.290170606163991,3.0,0.011531000343766478,False,False,3,False,1037
ZBTB2,basal_to_club,viper,-4.294907622508094,3.0,0.009354357741623433,False,False,3,False,1038
HIC1,basal_to_club,viper,-4.299668163993563,3.0,0.016689747953073392,False,False,3,False,1039
ZNF584,basal_to_club,viper,-4.323688564298482,4.0,0.014977870024040172,True,False,4,False,1040
ZNF385C,basal_to_club,viper,-4.327441216291208,3.0,0.003070160954204048,False,False,3,False,1041
HOMEZ,basal_to_club,viper,-4.343927035353058,3.0,0.00296197564403536,False,False,3,False,1042
JUN,basal_to_club,viper,-4.353565838964185,6.0,0.0780072524905397,False,False,6,False,1043
ZNF823,basal_to_club,viper,-4.355242623394256,3.0,0.015248088084428532,False,False,3,False,1044
DRGX,basal_to_club,viper,-4.360284629229103,3.0,0.016689747953073392,False,False,3,False,1045
GTF2B,basal_to_club,viper,-4.36032560612983,4.0,0.01380867826226055,False,False,4,False,1046
HOXA6,basal_to_club,viper,-4.362702807828086,3.0,0.007943929404684153,False,False,3,False,1047
ZNF208,basal_to_club,viper,-4.365433691899435,3.0,0.018032799654138443,False,True,3,False,1048
ZNF80,basal_to_club,viper,-4.380925803266416,3.0,0.01682592651666132,False,False,3,False,1049
TLX3,basal_to_club,viper,-4.387459639632175,3.0,0.006348523085966032,False,False,3,False,1050
ZNF41,basal_to_club,viper,-4.389312157603165,3.0,0.014454331751413653,False,False,3,False,1051
HOXA3,basal_to_club,viper,-4.406459032385567,3.0,0.00879323327028269,False,False,3,False,1052
ZNF578,basal_to_club,viper,-4.412272543401292,3.0,0.011850324094793864,False,False,3,False,1053
MEF2B,basal_to_club,viper,-4.4224903900105685,4.0,0.01064271885355108,False,False,4,False,1054
ZNF600,basal_to_club,viper,-4.429830638209641,3.0,0.00894701364596989,False,False,3,False,1055
ZNF277,basal_to_club,viper,-4.43233998327953,3.0,0.00921273960877782,False,False,3,False,1056
ETS2,basal_to_club,viper,-4.433879757268795,4.0,0.022348444453141398,False,False,4,False,1057
HOXC8,basal_to_club,viper,-4.452601057447113,3.0,0.025810547101592116,False,False,3,False,1058
HES2,basal_to_club,viper,-4.457204885078986,3.0,0.01703053093499634,False,False,3,False,1059
RAG1,basal_to_club,viper,-4.462358865461124,3.0,0.008560263403452627,False,False,3,False,1060
MEIS1,basal_to_club,viper,-4.4827781402407245,5.0,0.018892849969088417,False,False,5,False,1061
IRX1,basal_to_club,viper,-4.490297667623448,3.0,0.007382514039767058,False,False,3,False,1062
GLIS1,basal_to_club,viper,-4.491082647018894,3.0,0.013369814442013626,False,False,3,False,1063
HMG20A,basal_to_club,viper,-4.496985645111479,3.0,0.005160548340634415,False,False,3,False,1064
SOX18,basal_to_club,viper,-4.498368732727346,3.0,0.028091649340916427,False,False,3,False,1065
NPAS4,basal_to_club,viper,-4.511717228266307,3.0,0.0034967815693177024,False,False,3,False,1066
ZNF821,basal_to_club,viper,-4.5208146831570675,3.0,0.009233217646787528,False,False,3,False,1067
HEY2,basal_to_club,viper,-4.538061451591681,3.0,0.009679876232716171,False,False,3,False,1068
ASCL5,basal_to_club,viper,-4.550110159049765,2.0,0.004241750022729267,False,False,2,False,1069
ZNF770,basal_to_club,viper,-4.564061845822469,3.0,0.024902686279186115,False,True,3,False,1070
ZBTB7C,basal_to_club,viper,-4.564576351986945,3.0,0.009986055511117165,False,True,3,False,1071
GSC,basal_to_club,viper,-4.570700438710616,3.0,0.01804619923285691,False,False,3,False,1072
ATOH7,basal_to_club,viper,-4.606158714833235,3.0,0.002600059699022143,False,False,3,False,1073
MAFA,basal_to_club,viper,-4.607019490937869,3.0,0.0021655096901345822,False,False,3,False,1074
PRDM6,basal_to_club,viper,-4.624656771590222,3.0,0.009830944090351781,False,False,3,False,1075
NFKB1,basal_to_club,viper,-4.629550373725483,4.0,0.015936396938094323,False,False,4,False,1076
CRX,basal_to_club,viper,-4.635647603355803,4.0,0.01549542363376395,False,False,4,False,1077
ARID5B,basal_to_club,viper,-4.637279363370915,3.0,0.012000221367056724,False,False,3,False,1078
YY2,basal_to_club,viper,-4.646610143359676,3.0,0.02164390557266433,False,False,3,False,1079
CEBPG,basal_to_club,viper,-4.659100191546629,4.0,0.014836749749372725,False,False,4,False,1080
SOX2,basal_to_club,viper,-4.664566090246177,5.0,0.02797621351145096,False,False,5,False,1081
ZUP1,basal_to_club,viper,-4.670368279801001,3.0,0.009986055511117165,False,False,3,False,1082
ZNF649,basal_to_club,viper,-4.674205284130107,3.0,0.01420127732875836,False,False,3,False,1083
EOMES,basal_to_club,viper,-4.692494106875938,5.0,0.003802764239571597,False,False,5,False,1084
TGIF1,basal_to_club,viper,-4.704726818730602,3.0,0.009220196960449827,False,False,3,False,1085
HESX1,basal_to_club,viper,-4.70776008070802,3.0,0.007553066996206816,False,False,3,False,1086
ZNF730,basal_to_club,viper,-4.751249083788269,2.0,0.00414923799285718,False,False,2,False,1087
ZNF195,basal_to_club,viper,-4.757458626799709,3.0,0.0019044938128806395,False,False,3,False,1088
AKAP8,basal_to_club,viper,-4.763430133876086,3.0,0.00286073987176083,False,False,3,False,1089
ZNF121,basal_to_club,viper,-4.780672091285091,3.0,0.007860749217638999,False,False,3,False,1090
HIF3A,basal_to_club,viper,-4.789942569446487,3.0,0.0060028945461193675,False,False,3,False,1091
ZNF430,basal_to_club,viper,-4.796221664315286,3.0,0.006325588031329396,False,False,3,False,1092
TEAD2,basal_to_club,viper,-4.796489118217947,4.0,0.006162272552286272,False,False,4,False,1093
KLF3,basal_to_club,viper,-4.800327802320151,4.0,0.008746746171416768,False,False,4,False,1094
ESRRA,basal_to_club,viper,-4.814897864049691,5.0,0.02966852957499488,False,True,5,False,1095
ZBTB47,basal_to_club,viper,-4.816684149857703,3.0,0.0008023258804622326,False,False,3,False,1096
TBX5,basal_to_club,viper,-4.818443856669555,4.0,0.006584115447546329,False,False,4,False,1097
ZBTB7B,basal_to_club,viper,-4.848320712674829,3.0,0.009986055511117165,False,False,3,False,1098
DMRTA2,basal_to_club,viper,-4.850753934127063,3.0,0.006368733424566756,False,False,3,False,1099
ZNF85,basal_to_club,viper,-4.855120078898867,3.0,0.0009326860428729225,False,False,3,False,1100
CDC5L,basal_to_club,viper,-4.8839499047877375,3.0,0.0014691478555246805,False,False,3,False,1101
EGR3,basal_to_club,viper,-4.886283606323692,3.0,0.0024609612300915463,False,False,3,False,1102
ZNF691,basal_to_club,viper,-4.9047867936853775,3.0,0.0022678611532407776,False,False,3,False,1103
HLX,basal_to_club,viper,-4.90624589765016,3.0,0.0007734374397961403,False,False,3,False,1104
MSX1,basal_to_club,viper,-4.9153977315346475,3.0,0.006335498677492234,False,False,3,False,1105
MTERF1,basal_to_club,viper,-4.9323001094450225,2.0,0.0010712108551226133,False,False,2,False,1106
ZNF574,basal_to_club,viper,-4.933627372928769,3.0,0.007133910276119814,False,False,3,False,1107
ZNF34,basal_to_club,viper,-4.936452638936199,3.0,0.006406899898114312,False,False,3,False,1108
CHCHD3,basal_to_club,viper,-4.945146907308517,2.0,0.0024823746141620136,False,False,2,False,1109
MSANTD3,basal_to_club,viper,-4.949052935686083,2.0,0.001111000385155886,False,False,2,False,1110
SP4,basal_to_club,viper,-4.951035104560517,5.0,0.010486610531864995,False,False,5,False,1111
FOSL2,basal_to_club,viper,-4.959356710064275,5.0,0.016782044725330226,False,False,5,False,1112
HOXC10,basal_to_club,viper,-4.959636229377445,3.0,0.0017158064845350547,False,False,3,False,1113
ZNF639,basal_to_club,viper,-4.9901170619906425,4.0,0.0021479861158663475,False,False,4,False,1114
MBD4,basal_to_club,viper,-4.994638297657543,5.0,0.018804402372755363,False,True,5,False,1115
TBX15,basal_to_club,viper,-5.000479730185436,3.0,0.0012143889444551817,False,False,3,False,1116
FOXQ1,basal_to_club,viper,-5.005441333355582,3.0,0.007476873657114426,False,False,3,False,1117
SP5,basal_to_club,viper,-5.006193887088595,3.0,0.00414923799285718,False,False,3,False,1118
NR5A1,basal_to_club,viper,-5.041242037747161,3.0,0.0009345450734326949,False,False,3,False,1119
ZNF675,basal_to_club,viper,-5.059646588732242,3.0,0.000516523769467304,False,True,3,False,1120
IRF4,basal_to_club,viper,-5.064806897498139,5.0,0.016782044725330226,False,False,5,False,1121
ZMAT4,basal_to_club,viper,-5.064911933491634,3.0,0.0009337951235847231,False,False,3,False,1122
ZNF804A,basal_to_club,viper,-5.072431100919057,3.0,0.013131132185772689,False,False,3,False,1123
THAP9,basal_to_club,viper,-5.084586505531916,3.0,0.00042580840406611646,False,False,3,False,1124
ZNF202,basal_to_club,viper,-5.086617842401251,3.0,0.004739224533657856,False,False,3,False,1125
ZIM2,basal_to_club,viper,-5.0876385150230705,1.0,5.711222128424167e-06,False,False,1,False,1126
DR1,basal_to_club,viper,-5.099751335324964,3.0,0.004529003686480731,False,False,3,False,1127
ZNF792,basal_to_club,viper,-5.101932927625361,3.0,0.0006645686226350162,False,False,3,False,1128
RFX8,basal_to_club,viper,-5.103337273309077,2.0,0.0018403304986101784,False,False,2,False,1129
ZNF32,basal_to_club,viper,-5.107379055836464,3.0,0.0014933890025059394,False,False,3,False,1130
ZNF706,basal_to_club,viper,-5.111556872906386,3.0,0.007638532364725715,False,False,3,False,1131
TBX3,basal_to_club,viper,-5.143470113448467,4.0,0.0028761812210339873,False,False,4,False,1132
SOX14,basal_to_club,viper,-5.143834692824469,3.0,0.0031033261580056815,False,False,3,False,1133
ZNF16,basal_to_club,viper,-5.165113355872687,3.0,0.003057066981960463,False,False,3,False,1134
NR1D1,basal_to_club,viper,-5.172395431966239,3.0,0.0014278017371928894,False,False,3,False,1135
MNX1,basal_to_club,viper,-5.185709196346056,4.0,0.0024661658158708936,False,False,4,False,1136
POU2F2,basal_to_club,viper,-5.206475296479869,5.0,0.003682841797347834,False,False,5,False,1137
GFI1B,basal_to_club,viper,-5.223755536072573,5.0,0.0030616549946532157,False,False,5,False,1138
MYF6,basal_to_club,viper,-5.225566232082901,3.0,0.007188780469742663,False,False,3,False,1139
CENPT,basal_to_club,viper,-5.236289808673367,3.0,0.00045001395602402647,False,False,3,False,1140
HOXB4,basal_to_club,viper,-5.237179999727496,4.0,0.0030616549946532157,False,False,4,False,1141
ZFP1,basal_to_club,viper,-5.255439126814685,3.0,0.0003606574495910182,False,False,3,False,1142
YY1,basal_to_club,viper,-5.26030433711446,6.0,0.0029063379622624786,False,False,6,False,1143
ZFHX4,basal_to_club,viper,-5.266392393883153,3.0,0.0018833985165928678,False,False,3,False,1144
TBX21,basal_to_club,viper,-5.272311265491052,4.0,0.0022261340396230044,False,False,4,False,1145
ZIC1,basal_to_club,viper,-5.290301413692233,3.0,0.003158211788522662,False,False,3,False,1146
ZNF131,basal_to_club,viper,-5.296678866048019,3.0,0.00044224435384573006,False,False,3,False,1147
PITX1,basal_to_club,viper,-5.296722774070426,3.0,0.005366668523709654,False,False,3,False,1148
CBLL2,basal_to_club,viper,-5.29673659469427,2.0,4.792603693122119e-05,False,False,2,False,1149
PRDM12,basal_to_club,viper,-5.30757677221146,3.0,0.0008023258804622326,False,False,3,False,1150
FOXD2,basal_to_club,viper,-5.315014611171393,3.0,0.0007000366441719071,False,False,3,False,1151
HOXA1,basal_to_club,viper,-5.317778660928131,3.0,0.004450727617989448,False,False,3,False,1152
ZHX2,basal_to_club,viper,-5.320309916110382,4.0,0.0031332151784263344,False,False,4,False,1153
HOXD8,basal_to_club,viper,-5.333630794481357,3.0,0.0018791111245075212,False,False,3,False,1154
ZNF771,basal_to_club,viper,-5.334385913748157,3.0,0.0010524787646434598,False,False,3,False,1155
ZNF354A,basal_to_club,viper,-5.335179886101896,3.0,0.0002111591383770223,False,False,3,False,1156
AHDC1,basal_to_club,viper,-5.342562987525886,3.0,0.0004719812320118957,False,False,3,False,1157
BARX1,basal_to_club,viper,-5.358546588277537,3.0,0.0022246707619276627,False,False,3,False,1158
FOXD4L5,basal_to_club,viper,-5.375705744171935,3.0,0.0020280020060479778,False,False,3,False,1159
ZNF207,basal_to_club,viper,-5.3836592915095975,4.0,0.0006432449305731847,False,False,4,False,1160
PURG,basal_to_club,viper,-5.385382958570571,2.0,0.00037873840640730813,False,False,2,False,1161
DLX2,basal_to_club,viper,-5.396422070635532,3.0,0.001765464360313328,False,False,3,False,1162
ZBTB9,basal_to_club,viper,-5.4080425992980015,3.0,0.0004976477913735543,False,False,3,False,1163
LIN28A,basal_to_club,viper,-5.415993766715213,1.0,2.316070524923627e-06,False,False,1,False,1164
TSC22D1,basal_to_club,viper,-5.431334354065261,3.0,0.0004300561079975256,False,False,3,False,1165
E2F3,basal_to_club,viper,-5.434496966269265,3.0,0.0010964061295262388,False,True,3,False,1166
NEUROD4,basal_to_club,viper,-5.4407131671654705,3.0,0.0062939117085110885,False,False,3,False,1167
HHEX,basal_to_club,viper,-5.44300699010683,4.0,0.004416261024677432,False,False,4,False,1168
ZNF385D,basal_to_club,viper,-5.445647622935045,3.0,0.0020534957144525074,False,False,3,False,1169
SKOR1,basal_to_club,viper,-5.457300652609919,2.0,0.00035844257664381293,False,False,2,False,1170
GBX2,basal_to_club,viper,-5.472708774158739,4.0,0.001018262560567998,False,False,4,False,1171
CEBPE,basal_to_club,viper,-5.478322758181613,3.0,0.0002729648478978872,False,False,3,False,1172
YBX2,basal_to_club,viper,-5.481600379996024,2.0,5.1649106149114495e-05,False,True,2,False,1173
FOXI2,basal_to_club,viper,-5.48937185563825,3.0,0.0015366361724545956,False,False,3,False,1174
ISL1,basal_to_club,viper,-5.492705352088529,3.0,0.00017782414441833505,False,False,3,False,1175
VAX1,basal_to_club,viper,-5.496118845227782,3.0,0.0008096264266633842,False,False,3,False,1176
CENPS,basal_to_club,viper,-5.502102436411452,2.0,0.00021997263840400262,False,False,2,False,1177
BRF2,basal_to_club,viper,-5.510391897577839,3.0,0.0023944232669394255,False,False,3,False,1178
DNMT1,basal_to_club,viper,-5.528110396623235,2.0,6.572540207477419e-05,False,False,2,False,1179
TCF21,basal_to_club,viper,-5.533037742599903,4.0,0.004971205277178196,False,False,4,False,1180
LHX1,basal_to_club,viper,-5.554360033520874,2.0,3.367183258049164e-05,False,False,2,False,1181
ZNF830,basal_to_club,viper,-5.558916859841894,3.0,0.0007067068973147171,False,False,3,False,1182
OTX1,basal_to_club,viper,-5.5648395940731765,3.0,0.0028246380653911512,False,False,3,False,1183
SHOX2,basal_to_club,viper,-5.579715577038547,3.0,0.001146592826798271,False,False,3,False,1184
ZNF543,basal_to_club,viper,-5.593198722873099,3.0,0.0020306758557605167,False,True,3,False,1185
EPAS1,basal_to_club,viper,-5.602294578359008,4.0,0.001207348167088903,False,False,4,False,1186
ZNF670,basal_to_club,viper,-5.612220367591596,2.0,0.00016123450424441704,False,False,2,False,1187
LBX1,basal_to_club,viper,-5.615996513368124,3.0,0.003364662578576573,False,False,3,False,1188
ETV3,basal_to_club,viper,-5.629268731889137,3.0,0.0006140436859110514,False,True,3,False,1189
NR2E1,basal_to_club,viper,-5.635614357845857,3.0,0.002395146083051917,False,False,3,False,1190
ZNF35,basal_to_club,viper,-5.661880726196638,3.0,0.0008871974168913137,False,False,3,False,1191
ZNF93,basal_to_club,viper,-5.707421489588204,3.0,0.0006203386360786607,False,False,3,False,1192
TBX4,basal_to_club,viper,-5.713388168913017,3.0,0.00026451430833218686,False,False,3,False,1193
NR6A1,basal_to_club,viper,-5.721559034189563,3.0,0.000436269956567568,False,True,3,False,1194
HSF5,basal_to_club,viper,-5.723228329279992,2.0,1.4266761499644261e-05,False,False,2,False,1195
MYT1,basal_to_club,viper,-5.724507053519972,3.0,0.00018826394112492174,False,False,3,False,1196
KLF14,basal_to_club,viper,-5.734846407691665,2.0,1.4641200586286556e-05,False,False,2,False,1197
EBF3,basal_to_club,viper,-5.7648967637908415,3.0,0.0001421821226115979,False,False,3,False,1198
SIX6,basal_to_club,viper,-5.786322485958615,3.0,0.00035844257664381293,False,False,3,False,1199
GTF3A,basal_to_club,viper,-5.8120568104696195,3.0,6.770631302816394e-05,False,False,3,False,1200
FOXD4,basal_to_club,viper,-5.817412992872613,3.0,0.00014360331759896963,False,False,3,False,1201
MEIS3,basal_to_club,viper,-5.819083571553297,3.0,3.758061724246634e-05,False,False,3,False,1202
ZNF219,basal_to_club,viper,-5.824986465000556,3.0,0.00016912203016172545,False,False,3,False,1203
FOSL1,basal_to_club,viper,-5.829786952351992,5.0,0.008742791066864932,False,False,5,False,1204
ZFP69B,basal_to_club,viper,-5.857010507603759,2.0,4.34368286303583e-05,False,False,2,False,1205
ZNF786,basal_to_club,viper,-5.869429060396905,3.0,0.00018668384260472808,False,False,3,False,1206
ZNF90,basal_to_club,viper,-5.870615024649915,3.0,0.0010844648302213555,False,False,3,False,1207
RORA,basal_to_club,viper,-5.877038363478331,3.0,0.0005061029439580142,False,False,3,False,1208
ZNF114,basal_to_club,viper,-5.878323384301491,3.0,9.485318033420062e-05,False,False,3,False,1209
ZNF300,basal_to_club,viper,-5.881322528928802,3.0,0.000289828651293452,False,False,3,False,1210
ZNF77,basal_to_club,viper,-5.911853218440435,3.0,0.0007802564232720102,False,False,3,False,1211
CTCF,basal_to_club,viper,-5.934754515014699,6.0,0.004333138119826371,False,False,6,False,1212
HMGA2,basal_to_club,viper,-5.937990558127155,3.0,0.0004976477913735543,False,False,3,False,1213
RFX4,basal_to_club,viper,-5.941222699996586,3.0,0.0003943142663237097,False,False,3,False,1214
ZNF724,basal_to_club,viper,-5.9421911799729275,2.0,8.328168478155216e-05,False,True,2,False,1215
DBP,basal_to_club,viper,-5.9661344876161655,3.0,0.000465532877456924,False,False,3,False,1216
TBPL2,basal_to_club,viper,-5.97337554252956,2.0,1.7995053530612383e-05,False,False,2,False,1217
KIN,basal_to_club,viper,-5.979719325381264,3.0,0.0006529529944465496,False,True,3,False,1218
TLX2,basal_to_club,viper,-5.991444788104576,3.0,0.0009174464149724027,False,False,3,False,1219
ZNF177,basal_to_club,viper,-5.995739877179294,3.0,4.712165735413527e-05,False,False,3,False,1220
DACH2,basal_to_club,viper,-6.011538193519278,3.0,0.001750746375557036,False,False,3,False,1221
AIRE,basal_to_club,viper,-6.016847668670198,3.0,3.182317315056385e-05,False,False,3,False,1222
ZNF703,basal_to_club,viper,-6.0183658083124145,3.0,0.00021460081548742914,False,False,3,False,1223
ZNF280A,basal_to_club,viper,-6.021560347963956,3.0,8.962246826334214e-05,False,False,3,False,1224
ETV7,basal_to_club,viper,-6.024852734049202,3.0,8.882188784453277e-06,False,True,3,False,1225
ASCL4,basal_to_club,viper,-6.043767148193101,3.0,0.0001782169026100059,False,False,3,False,1226
HOXA5,basal_to_club,viper,-6.045299286443164,3.0,0.00010020822960735159,False,False,3,False,1227
OTP,basal_to_club,viper,-6.081050094721371,3.0,8.612747197156678e-05,False,False,3,False,1228
HOXA4,basal_to_club,viper,-6.090204811144749,3.0,0.00023746702495313824,False,False,3,False,1229
HLF,basal_to_club,viper,-6.09715904689771,3.0,0.00014370818826735888,False,False,3,False,1230
TCF7,basal_to_club,viper,-6.123515588178648,5.0,0.002031389904336302,False,False,5,False,1231
NFIC,basal_to_club,viper,-6.129608546719547,5.0,0.003812444396827145,False,False,5,False,1232
HOXD10,basal_to_club,viper,-6.130167816688403,3.0,0.0008304169119218366,False,False,3,False,1233
SIX2,basal_to_club,viper,-6.137147652629002,4.0,0.0006133848380557316,False,False,4,False,1234
ZNF362,basal_to_club,viper,-6.1444637432407765,3.0,0.00014360331759896963,False,False,3,False,1235
HEYL,basal_to_club,viper,-6.14496450808694,3.0,0.002158740393372376,False,False,3,False,1236
FOXD4L1,basal_to_club,viper,-6.151776642183054,3.0,3.367183258049164e-05,False,False,3,False,1237
NR2F2,basal_to_club,viper,-6.158329860594958,5.0,0.006231300514198508,False,False,5,False,1238
PAX7,basal_to_club,viper,-6.163807743047388,3.0,0.00018826394112492174,False,False,3,False,1239
LHX4,basal_to_club,viper,-6.167479479867472,3.0,0.0002536387400402292,False,False,3,False,1240
ZIK1,basal_to_club,viper,-6.183163927836369,3.0,3.7090828166156074e-05,False,False,3,False,1241
ZNF423,basal_to_club,viper,-6.191474863573562,3.0,6.48256689411272e-05,False,False,3,False,1242
MXD3,basal_to_club,viper,-6.193083066749271,3.0,3.5354528490209474e-05,False,False,3,False,1243
ZNF239,basal_to_club,viper,-6.196542480460439,3.0,0.00045001395602402647,False,False,3,False,1244
SPIB,basal_to_club,viper,-6.1970205961630676,4.0,8.323637009338298e-05,False,False,4,False,1245
ZFPM2,basal_to_club,viper,-6.2010001126369785,3.0,1.2850393415892199e-05,False,False,3,False,1246
PROP1,basal_to_club,viper,-6.201590379553234,3.0,4.1140591801893897e-05,False,False,3,False,1247
ZNF581,basal_to_club,viper,-6.205386069209586,3.0,0.0005794259354296755,False,False,3,False,1248
ZNF22,basal_to_club,viper,-6.231313226137547,3.0,9.477661808944324e-05,False,False,3,False,1249
HOXC6,basal_to_club,viper,-6.233886295375822,3.0,0.00014337733136566815,False,False,3,False,1250
THAP11,basal_to_club,viper,-6.243210513062497,5.0,0.0017402814834391687,False,False,5,False,1251
SOHLH2,basal_to_club,viper,-6.244270841060278,2.0,1.0543622342034261e-05,False,False,2,False,1252
FOXC2,basal_to_club,viper,-6.2786119973955055,3.0,0.0004976477913735543,False,False,3,False,1253
BCL6B,basal_to_club,viper,-6.279868469703305,3.0,0.00021511136497666587,False,False,3,False,1254
ZNF883,basal_to_club,viper,-6.283063715588432,2.0,4.962880320856668e-06,False,False,2,False,1255
YBX1,basal_to_club,viper,-6.2855965144283275,3.0,1.4390478209163208e-05,False,False,3,False,1256
MYCL,basal_to_club,viper,-6.292561593785325,2.0,4.199251668478186e-06,False,False,2,False,1257
ZNF124,basal_to_club,viper,-6.298188151899769,3.0,0.00011614973974608548,False,False,3,False,1258
MEOX2,basal_to_club,viper,-6.306385743481411,3.0,0.0009174961870854351,False,False,3,False,1259
HIVEP3,basal_to_club,viper,-6.336140553408873,3.0,6.220469829994357e-05,False,False,3,False,1260
ZEB1,basal_to_club,viper,-6.339049616421141,5.0,0.0013865670441464053,False,False,5,False,1261
KLF4,basal_to_club,viper,-6.3445942470357926,5.0,0.0018332668763512612,False,False,5,False,1262
PTF1A,basal_to_club,viper,-6.351796881550826,3.0,0.0010214039229004762,False,False,3,False,1263
ZC3H8,basal_to_club,viper,-6.353548896657391,4.0,0.00010985421024598143,False,True,4,False,1264
PITX3,basal_to_club,viper,-6.353697155673147,3.0,0.00045001395602402647,False,False,3,False,1265
SLC2A4RG,basal_to_club,viper,-6.366005410465535,3.0,8.336274125323762e-06,False,False,3,False,1266
MAFB,basal_to_club,viper,-6.375305124367307,4.0,0.0001346618122688838,False,False,4,False,1267
VSX1,basal_to_club,viper,-6.402105516246193,3.0,0.0005000374830604194,False,False,3,False,1268
ALX3,basal_to_club,viper,-6.410253543081353,3.0,1.1769137639320204e-05,False,False,3,False,1269
ZFP28,basal_to_club,viper,-6.426836919989539,3.0,7.3664979719363145e-06,False,False,3,False,1270
IRX6,basal_to_club,viper,-6.42895786085118,3.0,0.0002835764436792609,False,False,3,False,1271
ZNF530,basal_to_club,viper,-6.4391144029562914,3.0,2.3812273700634448e-05,False,False,3,False,1272
HES1,basal_to_club,viper,-6.457227271288569,4.0,9.151867489423975e-05,False,False,4,False,1273
FEV,basal_to_club,viper,-6.4600566448247925,3.0,0.0004719812320118957,False,False,3,False,1274
TIGD3,basal_to_club,viper,-6.473520726589455,3.0,1.9235289755411008e-05,False,False,3,False,1275
ZSCAN5B,basal_to_club,viper,-6.474940321265064,3.0,1.3946955193062821e-05,False,False,3,False,1276
FEZF2,basal_to_club,viper,-6.478773079547788,3.0,0.00010962962277672944,False,False,3,False,1277
PAX9,basal_to_club,viper,-6.480136689847204,3.0,0.0005677429696914771,False,False,3,False,1278
FOXI1,basal_to_club,viper,-6.497433199890494,3.0,0.00013462533787005288,False,False,3,False,1279
ONECUT3,basal_to_club,viper,-6.512761466901588,3.0,7.462135696294701e-06,False,False,3,False,1280
LHX3,basal_to_club,viper,-6.552968768889759,3.0,0.0001221598514554858,False,False,3,False,1281
ZNF589,basal_to_club,viper,-6.561013664618688,4.0,0.001296659498283722,False,False,4,False,1282
ZNF485,basal_to_club,viper,-6.608193917322717,3.0,0.0006691484521965404,False,False,3,False,1283
TCF7L1,basal_to_club,viper,-6.610674451598598,3.0,9.739694029888033e-06,False,False,3,False,1284
PAX1,basal_to_club,viper,-6.613506492796268,3.0,1.7935984910149586e-05,False,False,3,False,1285
ZNF503,basal_to_club,viper,-6.6147397187778045,3.0,6.46465228577871e-05,False,False,3,False,1286
THAP4,basal_to_club,viper,-6.623363747358583,3.0,3.80921102473332e-05,False,False,3,False,1287
OVOL1,basal_to_club,viper,-6.624954746834707,3.0,9.448981549880261e-05,False,False,3,False,1288
HOXD3,basal_to_club,viper,-6.6276950718701695,3.0,0.00024488127252118424,False,False,3,False,1289
ZNF296,basal_to_club,viper,-6.628946860567035,3.0,0.0002729648478978872,False,False,3,False,1290
FOXL2,basal_to_club,viper,-6.641775076471778,3.0,5.526063471861207e-05,False,False,3,False,1291
SP6,basal_to_club,viper,-6.6512777487435955,3.0,4.34368286303583e-05,False,False,3,False,1292
POU4F1,basal_to_club,viper,-6.6522956319178075,3.0,2.8283168159255235e-05,False,False,3,False,1293
FOXF1,basal_to_club,viper,-6.665828276941526,3.0,8.489909422497083e-05,False,False,3,False,1294
MIXL1,basal_to_club,viper,-6.672111094920035,3.0,0.00010985421024598143,False,False,3,False,1295
ZNF711,basal_to_club,viper,-6.680466021774742,3.0,1.3538625078353557e-05,False,False,3,False,1296
ZNF311,basal_to_club,viper,-6.69284101203398,3.0,2.737094860597885e-05,False,False,3,False,1297
HOXB9,basal_to_club,viper,-6.710913203412041,3.0,6.8923018973799125e-06,False,False,3,False,1298
TFAP4,basal_to_club,viper,-6.721923920327631,4.0,0.00021363972948252046,False,False,4,False,1299
HES7,basal_to_club,viper,-6.723561889728416,3.0,7.462135696294701e-06,False,False,3,False,1300
TEAD3,basal_to_club,viper,-6.784333281447307,3.0,2.3875806428246068e-05,False,False,3,False,1301
ZNF280B,basal_to_club,viper,-6.787516845796399,2.0,2.1669717512617818e-07,False,False,2,False,1302
ETV5,basal_to_club,viper,-6.7950310853658795,3.0,2.0987071793925477e-05,False,False,3,False,1303
ZNF511,basal_to_club,viper,-6.812004700202778,3.0,2.4460525455699913e-05,False,False,3,False,1304
EMX1,basal_to_club,viper,-6.814397481298068,3.0,1.665804038372217e-05,False,False,3,False,1305
TFAP2C,basal_to_club,viper,-6.82028328767447,6.0,0.0012788391300920686,False,False,6,False,1306
TWIST2,basal_to_club,viper,-6.831664900509528,2.0,1.008204489292559e-06,False,False,2,False,1307
CEBPA,basal_to_club,viper,-6.847069397904906,5.0,0.0003257783599208595,False,False,5,False,1308
NANOGP8,basal_to_club,viper,-6.847761108368241,2.0,3.3616691763719463e-07,False,False,2,False,1309
FOXH1,basal_to_club,viper,-6.849534861405599,3.0,1.647214250189494e-05,False,False,3,False,1310
GLIS2,basal_to_club,viper,-6.85448517947766,3.0,5.741958768961492e-05,False,False,3,False,1311
NEUROD1,basal_to_club,viper,-6.860212153645059,4.0,0.00043580231550579597,False,False,4,False,1312
POU3F4,basal_to_club,viper,-6.862888024159926,3.0,0.00010985421024598143,False,False,3,False,1313
DLX6,basal_to_club,viper,-6.871655522940652,3.0,8.136976311639182e-06,False,False,3,False,1314
XPA,basal_to_club,viper,-6.893079995622558,3.0,1.1769137639320204e-05,False,False,3,False,1315
DRAP1,basal_to_club,viper,-6.893321938923365,3.0,3.293963785471982e-05,False,False,3,False,1316
FOXK1,basal_to_club,viper,-6.896524542899919,4.0,1.889672043075662e-05,False,False,4,False,1317
CREB1,basal_to_club,viper,-6.915976455122364,6.0,0.00036750312084028085,False,False,6,False,1318
ZNF575,basal_to_club,viper,-6.919458954890776,3.0,5.526063471861207e-05,False,False,3,False,1319
ZNF257,basal_to_club,viper,-6.925106946629168,3.0,5.1837898030984555e-05,False,True,3,False,1320
HMX1,basal_to_club,viper,-6.941790047290208,3.0,1.1769137639320204e-05,False,False,3,False,1321
TAL2,basal_to_club,viper,-6.952059438591701,3.0,1.0095467491577344e-06,False,False,3,False,1322
FOXO6,basal_to_club,viper,-6.9586017227125785,3.0,1.8054323439141264e-06,False,False,3,False,1323
DEAF1,basal_to_club,viper,-6.9646897786555435,4.0,6.141424516488034e-06,False,False,4,False,1324
AEBP1,basal_to_club,viper,-6.987374740462651,2.0,3.7090184984595848e-06,False,False,2,False,1325
ONECUT2,basal_to_club,viper,-7.013963126724199,3.0,3.4768539024076943e-06,False,False,3,False,1326
LHX5,basal_to_club,viper,-7.018163815766873,3.0,1.0062402566646447e-05,False,False,3,False,1327
TCF4,basal_to_club,viper,-7.036813803451693,5.0,0.0001430055097243186,False,False,5,False,1328
ZNF705A,basal_to_club,viper,-7.061331053440727,2.0,1.348043692200838e-07,False,False,2,False,1329
DMRT2,basal_to_club,viper,-7.0640419001615005,3.0,1.0606106831622015e-06,False,False,3,False,1330
FOXG1,basal_to_club,viper,-7.06481329738451,3.0,9.929127996345964e-06,False,False,3,False,1331
PAX2,basal_to_club,viper,-7.065385327279064,3.0,8.699580012703018e-06,False,False,3,False,1332
AHRR,basal_to_club,viper,-7.065823964732301,2.0,3.492143988255175e-07,False,False,2,False,1333
NEUROG1,basal_to_club,viper,-7.097310968300557,3.0,7.193369643372795e-05,False,False,3,False,1334
FOXL1,basal_to_club,viper,-7.100496869636338,3.0,0.00011636947863159337,False,False,3,False,1335
BACH2,basal_to_club,viper,-7.111775820538659,4.0,2.1559129815613278e-05,False,False,4,False,1336
POU1F1,basal_to_club,viper,-7.113650170861182,3.0,1.7954352763221393e-05,False,False,3,False,1337
HOXD11,basal_to_club,viper,-7.116121038717479,3.0,2.9661517084085215e-05,False,False,3,False,1338
OSR2,basal_to_club,viper,-7.119047078650119,3.0,8.871625147444647e-05,False,False,3,False,1339
HOXB8,basal_to_club,viper,-7.178565138009408,3.0,1.0681817852515273e-05,False,False,3,False,1340
ZBED2,basal_to_club,viper,-7.184607915088292,3.0,2.4847588211549436e-05,False,False,3,False,1341
HIF1A,basal_to_club,viper,-7.195015265559395,5.0,0.00016068024949356067,False,False,5,False,1342
EBF2,basal_to_club,viper,-7.197711175679892,2.0,1.3439589276429886e-07,False,False,2,False,1343
VAX2,basal_to_club,viper,-7.214327964898156,3.0,1.1769137639320204e-05,False,False,3,False,1344
GLI3,basal_to_club,viper,-7.219334669772839,3.0,3.5861475244031765e-05,False,False,3,False,1345
ZNF679,basal_to_club,viper,-7.224792928196786,2.0,6.286223896344675e-08,False,False,2,False,1346
SP7,basal_to_club,viper,-7.226153554922965,3.0,3.93613197485616e-05,False,False,3,False,1347
TCF15,basal_to_club,viper,-7.2390283091266525,3.0,1.3573197268733704e-05,False,False,3,False,1348
ONECUT1,basal_to_club,viper,-7.243151804655178,4.0,0.0001254345652795037,False,False,4,False,1349
GATA2,basal_to_club,viper,-7.296572265225634,6.0,0.00039858412453234196,False,False,6,False,1350
ZNF878,basal_to_club,viper,-7.303007236456038,2.0,1.5792596216689432e-06,False,False,2,False,1351
ZIC2,basal_to_club,viper,-7.322727375257843,3.0,2.2222456866363034e-05,False,False,3,False,1352
HOXA7,basal_to_club,viper,-7.325411599171992,3.0,2.1865360835846076e-06,False,False,3,False,1353
RUNX3,basal_to_club,viper,-7.3327453932582785,5.0,8.718362800301737e-06,False,False,5,False,1354
PITX2,basal_to_club,viper,-7.34521851923656,3.0,1.553113903647895e-05,False,False,3,False,1355
DPF3,basal_to_club,viper,-7.3579282922324944,3.0,1.5976995289611424e-06,False,False,3,False,1356
FOXD3,basal_to_club,viper,-7.393237038005608,3.0,3.280263122459123e-05,False,False,3,False,1357
ZNF416,basal_to_club,viper,-7.394308571017234,3.0,5.4973884915137475e-05,False,False,3,False,1358
ZNF365,basal_to_club,viper,-7.410254540152834,3.0,3.242147054232703e-07,False,False,3,False,1359
PCGF6,basal_to_club,viper,-7.411603618250805,3.0,6.787110390869654e-07,False,False,3,False,1360
ZNF732,basal_to_club,viper,-7.428628099824676,2.0,4.660307406043451e-08,False,False,2,False,1361
SOX8,basal_to_club,viper,-7.439818950423063,3.0,1.6394583945504386e-06,False,False,3,False,1362
ZNF689,basal_to_club,viper,-7.446623778178068,3.0,3.640165003152237e-06,False,False,3,False,1363
TBX2,basal_to_club,viper,-7.460331539675585,3.0,7.924082239769746e-07,False,False,3,False,1364
PHOX2A,basal_to_club,viper,-7.497582157231675,3.0,4.840807378197319e-06,False,False,3,False,1365
HOXB5,basal_to_club,viper,-7.552503250584199,3.0,3.9680598782833254e-06,False,False,3,False,1366
SALL2,basal_to_club,viper,-7.603871289010419,3.0,6.346478966250311e-06,False,False,3,False,1367
DBX2,basal_to_club,viper,-7.606193005150395,3.0,2.3649056781735726e-05,False,False,3,False,1368
PRRX1,basal_to_club,viper,-7.6338652343553255,3.0,1.3538625078353557e-05,False,False,3,False,1369
E2F8,basal_to_club,viper,-7.643322003666215,3.0,5.689264016078645e-06,False,False,3,False,1370
MTERF3,basal_to_club,viper,-7.645871281605102,2.0,9.067819377084732e-08,False,False,2,False,1371
ZNF57,basal_to_club,viper,-7.69868069380959,3.0,2.251054132355098e-06,False,False,3,False,1372
POU2F3,basal_to_club,viper,-7.728476988687639,3.0,5.7978142489357484e-06,False,False,3,False,1373
SOX1,basal_to_club,viper,-7.7450874872180275,3.0,2.580778490372063e-06,False,False,3,False,1374
PAX6,basal_to_club,viper,-7.794704689601662,5.0,3.2802889580155966e-05,False,False,5,False,1375
ZNF541,basal_to_club,viper,-7.816026305098647,2.0,7.888317473001491e-09,False,False,2,False,1376
FOXE3,basal_to_club,viper,-7.825935951153254,3.0,1.879308711630972e-05,False,False,3,False,1377
RXRG,basal_to_club,viper,-7.831235803569082,3.0,2.0414403280350616e-07,False,False,3,False,1378
CTCFL,basal_to_club,viper,-7.831601723341212,5.0,9.924871319165978e-05,False,False,5,False,1379
PAX3,basal_to_club,viper,-7.8552652400670375,3.0,2.2222456866363034e-05,False,False,3,False,1380
HOXA9,basal_to_club,viper,-7.86791255424163,4.0,6.492202879595581e-06,False,False,4,False,1381
ALX1,basal_to_club,viper,-7.894314306180378,3.0,4.778841359923154e-08,False,False,3,False,1382
ASCL2,basal_to_club,viper,-7.9356427990068585,3.0,4.199251668478186e-06,False,False,3,False,1383
E2F2,basal_to_club,viper,-7.943709857605815,3.0,1.9441879664082057e-07,False,False,3,False,1384
ZNF521,basal_to_club,viper,-7.946608982023595,3.0,1.8628626032303194e-07,False,False,3,False,1385
MAF,basal_to_club,viper,-7.96381714979487,4.0,9.12805417624969e-06,False,False,4,False,1386
NEUROG2,basal_to_club,viper,-7.97076901365711,3.0,4.4211377554774887e-05,False,False,3,False,1387
TLX1,basal_to_club,viper,-7.999929029762651,3.0,6.835626881412898e-07,False,False,3,False,1388
FOXF2,basal_to_club,viper,-8.0003847384224,3.0,5.120074996221573e-07,False,False,3,False,1389
ZNF256,basal_to_club,viper,-8.01167429467995,3.0,2.5948215317652305e-05,False,False,3,False,1390
MEOX1,basal_to_club,viper,-8.020292625388688,3.0,6.339712202195958e-06,False,False,3,False,1391
FOXE1,basal_to_club,viper,-8.032683938651045,3.0,6.699736420396098e-07,False,False,3,False,1392
FLI1,basal_to_club,viper,-8.037626082760779,6.0,4.322606409827578e-05,False,False,6,False,1393
SMAD3,basal_to_club,viper,-8.042587124961369,5.0,1.0277383642766282e-06,False,False,5,False,1394
MTF2,basal_to_club,viper,-8.055455877064778,3.0,2.253705984782881e-09,False,False,3,False,1395
TSHZ3,basal_to_club,viper,-8.06985532406376,3.0,2.974482911301089e-06,False,False,3,False,1396
ZFP37,basal_to_club,viper,-8.095582177840246,3.0,2.64190648811892e-08,False,False,3,False,1397
HOXD9,basal_to_club,viper,-8.112938003438646,3.0,3.8491105396399404e-07,False,False,3,False,1398
HAND1,basal_to_club,viper,-8.149280114821698,3.0,1.5833578300073297e-06,False,False,3,False,1399
RARG,basal_to_club,viper,-8.186521821714098,4.0,1.9569952875049883e-05,False,False,4,False,1400
LEF1,basal_to_club,viper,-8.222863804295418,4.0,6.079711924852135e-06,False,False,4,False,1401
MYBL1,basal_to_club,viper,-8.258572576228916,4.0,6.36484908600632e-08,False,False,4,False,1402
SALL3,basal_to_club,viper,-8.259137218666108,3.0,2.974482911301089e-06,False,False,3,False,1403
ZNF146,basal_to_club,viper,-8.28161531031301,3.0,3.353252935845586e-06,False,False,3,False,1404
SOX10,basal_to_club,viper,-8.315691418442459,4.0,2.4803382513606435e-05,False,False,4,False,1405
SOX17,basal_to_club,viper,-8.337596499211074,4.0,2.0622876445459102e-07,False,False,4,False,1406
ZNF215,basal_to_club,viper,-8.36453800483325,3.0,1.9197447752187004e-06,False,False,3,False,1407
POU3F2,basal_to_club,viper,-8.367739361435078,4.0,6.974972574909345e-09,False,False,4,False,1408
ALX4,basal_to_club,viper,-8.3808159575546,3.0,1.2545417375640307e-07,False,False,3,False,1409
HOXA2,basal_to_club,viper,-8.390684242776326,3.0,8.882188784453277e-06,False,False,3,False,1410
LHX6,basal_to_club,viper,-8.411999134284809,3.0,5.3880787345939445e-08,False,False,3,False,1411
TBX6,basal_to_club,viper,-8.412613423319756,3.0,1.5017342841734165e-07,False,True,3,False,1412
SIM2,basal_to_club,viper,-8.422970605228786,3.0,1.2500450876051876e-07,False,False,3,False,1413
MSGN1,basal_to_club,viper,-8.423502353266834,3.0,5.166946715730123e-08,False,False,3,False,1414
MSC,basal_to_club,viper,-8.429267166232739,3.0,6.373100760328493e-07,False,False,3,False,1415
SP8,basal_to_club,viper,-8.455593361032518,3.0,8.976414541887041e-08,False,False,3,False,1416
ZNF263,basal_to_club,viper,-8.462603561094758,6.0,2.7329907134259208e-05,False,False,6,False,1417
DUXA,basal_to_club,viper,-8.468221321510832,3.0,1.8176066263639202e-06,False,False,3,False,1418
ZNF92,basal_to_club,viper,-8.479371348332378,4.0,3.550488247275032e-08,False,False,4,False,1419
ZNF436,basal_to_club,viper,-8.50553138450122,3.0,2.441129199954626e-09,False,False,3,False,1420
ELK1,basal_to_club,viper,-8.505685452121623,5.0,5.669251446139693e-06,False,False,5,False,1421
ZFP57,basal_to_club,viper,-8.589306578643352,3.0,7.912793514479791e-09,False,False,3,False,1422
FOXS1,basal_to_club,viper,-8.594062222488583,3.0,2.112511743883395e-06,False,False,3,False,1423
ELK4,basal_to_club,viper,-8.61000168758538,5.0,1.0606402999340302e-06,False,True,5,False,1424
GLI1,basal_to_club,viper,-8.69536135590629,3.0,2.64190648811892e-08,False,False,3,False,1425
TCF23,basal_to_club,viper,-8.700949021572539,3.0,2.64190648811892e-08,False,False,3,False,1426
TFAP2B,basal_to_club,viper,-8.710225949873047,3.0,7.118236378568245e-09,False,False,3,False,1427
PKNOX2,basal_to_club,viper,-8.720038171185704,3.0,2.173901023275903e-09,False,False,3,False,1428
HOXC9,basal_to_club,viper,-8.724130852412454,4.0,9.085023247571568e-09,False,False,4,False,1429
OTX2,basal_to_club,viper,-8.732679400886228,4.0,2.2142152792272098e-06,False,False,4,False,1430
PCGF2,basal_to_club,viper,-8.749243096756542,2.0,4.259852982325702e-12,False,False,2,False,1431
DMBX1,basal_to_club,viper,-8.7662651870589,3.0,2.173901023275903e-09,False,False,3,False,1432
HOXD4,basal_to_club,viper,-8.793506703265766,3.0,1.5792596216689432e-06,False,False,3,False,1433
DLX3,basal_to_club,viper,-8.83197967203095,3.0,1.2891344726994428e-07,False,False,3,False,1434
TAL1,basal_to_club,viper,-8.858852492924036,6.0,1.071842868221282e-05,False,False,6,False,1435
HMGA1,basal_to_club,viper,-8.871547175957074,3.0,1.200660452999728e-07,False,False,3,False,1436
BNC2,basal_to_club,viper,-8.87229007084319,3.0,1.1841909014907407e-07,False,False,3,False,1437
ZIC5,basal_to_club,viper,-8.879154044379767,3.0,1.0174762240082658e-07,False,False,3,False,1438
ZSCAN10,basal_to_club,viper,-8.93401738074675,3.0,1.847901612793992e-07,False,False,3,False,1439
MYNN,basal_to_club,viper,-8.97238853550603,4.0,5.90346810086158e-10,False,False,4,False,1440
TBX18,basal_to_club,viper,-9.028065695101487,3.0,5.520888880039494e-07,False,False,3,False,1441
HOXB7,basal_to_club,viper,-9.03647958213361,5.0,2.1630897725417786e-09,False,False,5,False,1442
RBPJL,basal_to_club,viper,-9.085334975927383,3.0,2.64190648811892e-08,False,False,3,False,1443
NKRF,basal_to_club,viper,-9.096511436170589,3.0,4.211004652698157e-09,False,False,3,False,1444
ISL2,basal_to_club,viper,-9.09766729031886,3.0,1.8034068533417748e-08,False,False,3,False,1445
DMRT1,basal_to_club,viper,-9.125537640398532,4.0,2.774439528965331e-09,False,False,4,False,1446
SOX7,basal_to_club,viper,-9.151993223249063,3.0,8.683062969623083e-09,False,False,3,False,1447
LHX2,basal_to_club,viper,-9.178476410004073,4.0,1.9384937380018424e-08,False,False,4,False,1448
NFYB,basal_to_club,viper,-9.240600801853326,5.0,7.773868717610082e-07,False,False,5,False,1449
NOTO,basal_to_club,viper,-9.29963352646084,3.0,1.0459026278484057e-07,False,False,3,False,1450
ZFP92,basal_to_club,viper,-9.325035539337021,3.0,9.781245661870066e-10,False,False,3,False,1451
ZNF488,basal_to_club,viper,-9.347797519560498,2.0,6.93296678160726e-13,False,False,2,False,1452
HOXA10,basal_to_club,viper,-9.465109821421626,3.0,1.2187091042327464e-10,False,False,3,False,1453
TBX20,basal_to_club,viper,-9.525668889505468,3.0,1.4234438585242525e-07,False,False,3,False,1454
NANOG,basal_to_club,viper,-9.531495912981484,6.0,2.774439528965331e-09,False,False,6,False,1455
AR,basal_to_club,viper,-9.540254030139128,5.0,1.3641912285922118e-08,False,False,5,False,1456
HOXB13,basal_to_club,viper,-9.614728266937465,4.0,9.269255128255837e-09,False,False,4,False,1457
RFX5,basal_to_club,viper,-9.727845241601065,5.0,6.988637617359e-10,False,False,5,False,1458
CDX1,basal_to_club,viper,-9.755399836669586,3.0,1.9075745625187176e-07,False,False,3,False,1459
PRDM13,basal_to_club,viper,-9.809320816473768,3.0,8.395175775027247e-09,False,False,3,False,1460
IRF6,basal_to_club,viper,-9.84409777791306,3.0,7.748606657079602e-08,False,False,3,False,1461
TFDP1,basal_to_club,viper,-9.84874864524637,4.0,5.3880787345939445e-08,False,False,4,False,1462
TERF1,basal_to_club,viper,-9.85054295744322,4.0,2.636068241067378e-07,False,False,4,False,1463
DLX5,basal_to_club,viper,-9.921576561981212,3.0,3.738807967401199e-10,False,False,3,False,1464
ZNF492,basal_to_club,viper,-9.940583193759206,2.0,3.1647750555535606e-11,False,False,2,False,1465
E2F7,basal_to_club,viper,-9.946857085464883,5.0,2.464154082401774e-06,False,False,5,False,1466
KLF8,basal_to_club,viper,-9.955133629448705,3.0,2.92071188205735e-11,False,False,3,False,1467
POU5F1,basal_to_club,viper,-9.96435327792289,5.0,4.053063649783575e-09,False,False,5,False,1468
SOX11,basal_to_club,viper,-9.969160755165397,5.0,9.065294328918903e-08,False,False,5,False,1469
ASCL1,basal_to_club,viper,-9.975740494740412,4.0,2.840184214202271e-10,False,False,4,False,1470
ZNF750,basal_to_club,viper,-10.030167321247292,4.0,9.067819377084732e-08,False,False,4,False,1471
TWIST1,basal_to_club,viper,-10.105620561099796,4.0,1.5486817481780745e-09,False,False,4,False,1472
ZNF367,basal_to_club,viper,-10.158896719749743,3.0,3.544114864650097e-09,False,False,3,False,1473
ZNF385A,basal_to_club,viper,-10.15999807795898,3.0,2.6898367928965086e-11,False,False,3,False,1474
TGIF2,basal_to_club,viper,-10.161053587710121,4.0,5.0479731411678415e-09,False,False,4,False,1475
DLX1,basal_to_club,viper,-10.187222286586277,3.0,1.2765592858033914e-10,False,False,3,False,1476
ETV4,basal_to_club,viper,-10.23578773335554,4.0,2.527818501682036e-06,False,False,4,False,1477
NFE2L2,basal_to_club,viper,-10.29744278407349,5.0,8.274173054062775e-08,False,False,5,False,1478
ZNF560,basal_to_club,viper,-10.449494935254364,3.0,4.221597181038197e-10,False,False,3,False,1479
PRDM14,basal_to_club,viper,-10.496330979212976,5.0,8.829186542645691e-09,False,False,5,False,1480
ETV1,basal_to_club,viper,-10.657306111229197,4.0,2.8246062392199515e-12,False,False,4,False,1481
PAX5,basal_to_club,viper,-10.789515450562238,5.0,1.4150472481680497e-10,False,False,5,False,1482
BCL11A,basal_to_club,viper,-10.799498995251552,5.0,1.4649592568040831e-07,False,False,5,False,1483
FOXP3,basal_to_club,viper,-10.80516244026073,4.0,8.527409284357958e-15,False,False,4,False,1484
SALL1,basal_to_club,viper,-10.82150443465862,4.0,4.163315085846229e-10,False,False,4,False,1485
ATF1,basal_to_club,viper,-10.908497128893234,5.0,4.682261634510203e-10,False,False,5,False,1486
ZNF519,basal_to_club,viper,-10.913191611951387,3.0,6.93296678160726e-13,False,False,3,False,1487
BCL11B,basal_to_club,viper,-10.943894964325592,3.0,1.0304329067011994e-13,False,False,3,False,1488
ZNF695,basal_to_club,viper,-10.949948722935083,3.0,1.484091750345646e-10,False,False,3,False,1489
CENPA,basal_to_club,viper,-11.073454110244906,2.0,2.665920426576765e-13,False,False,2,False,1490
TET1,basal_to_club,viper,-11.083045675364527,3.0,2.3737069057754043e-16,False,False,3,False,1491
ETS1,basal_to_club,viper,-11.233332258160182,6.0,5.132699932390162e-09,False,False,6,False,1492
ZFP64,basal_to_club,viper,-11.286558221252145,3.0,7.759047011623288e-14,False,False,3,False,1493
IRX4,basal_to_club,viper,-11.295716548160883,3.0,3.791799646844133e-11,False,False,3,False,1494
ZFP42,basal_to_club,viper,-11.309650425816368,3.0,1.2129122430641106e-13,False,False,3,False,1495
FOXI3,basal_to_club,viper,-11.343511407929308,2.0,1.2702941679388523e-16,False,False,2,False,1496
BHLHE22,basal_to_club,viper,-11.424517338154072,3.0,5.1723637385191523e-17,False,False,3,False,1497
NR0B1,basal_to_club,viper,-11.46726723004874,4.0,4.491737793977965e-16,False,False,4,False,1498
POU3F1,basal_to_club,viper,-11.494922380505258,4.0,4.956945352011536e-10,False,False,4,False,1499
EBF1,basal_to_club,viper,-11.580658196660991,5.0,7.312807529159646e-10,False,False,5,False,1500
PA2G4,basal_to_club,viper,-11.625876215537211,2.0,1.533218916668224e-14,False,False,2,False,1501
CEBPZ,basal_to_club,viper,-11.916328402859026,5.0,8.525051084194045e-10,False,False,5,False,1502
ESRRB,basal_to_club,viper,-11.97777747440708,4.0,2.147627171711781e-14,False,False,4,False,1503
CBX2,basal_to_club,viper,-12.066277598979461,5.0,3.617472583734688e-10,False,False,5,False,1504
PRMT3,basal_to_club,viper,-12.073790558534128,3.0,9.128227798284495e-13,False,False,3,False,1505
PGR,basal_to_club,viper,-12.081061918281083,4.0,8.469270470915965e-14,False,False,4,False,1506
SNAI2,basal_to_club,viper,-12.177597422890525,4.0,4.259852982325702e-12,False,False,4,False,1507
SOX15,basal_to_club,viper,-12.352459142513311,3.0,2.8846264563578916e-13,False,False,3,False,1508
KLF5,basal_to_club,viper,-12.547803487410258,5.0,2.0204360378572156e-12,False,False,5,False,1509
GRHL3,basal_to_club,viper,-12.603180561311241,3.0,3.2472016136088625e-12,False,False,3,False,1510
TFAP2A,basal_to_club,viper,-12.999362534620788,6.0,3.617472583734688e-10,False,False,6,False,1511
GATA4,basal_to_club,viper,-13.035185155214416,5.0,9.853043836219868e-15,False,False,5,False,1512
MAX,basal_to_club,viper,-13.145097955962244,5.0,5.3966124286698306e-17,False,False,5,False,1513
E2F4,basal_to_club,viper,-13.35266122431854,6.0,8.230513725559041e-13,False,False,6,False,1514
TP53,basal_to_club,viper,-13.396844413045152,5.0,3.599033875506415e-16,False,False,5,False,1515
MYBL2,basal_to_club,viper,-13.403092011730326,6.0,8.749397984402273e-09,False,False,6,False,1516
BNC1,basal_to_club,viper,-13.627464354585738,3.0,1.991055926858618e-18,False,False,3,False,1517
NEUROD2,basal_to_club,viper,-13.701841510803934,4.0,9.792593139582586e-23,False,False,4,False,1518
FOXN1,basal_to_club,viper,-13.719977877611898,3.0,3.043563025377226e-16,False,False,3,False,1519
E2F6,basal_to_club,viper,-14.444282348825231,5.0,9.841392712336416e-21,False,False,5,False,1520
MYCN,basal_to_club,viper,-14.468876815170356,5.0,4.569577523817021e-18,False,False,5,False,1521
TEAD4,basal_to_club,viper,-14.66234630893256,6.0,1.3243698171431647e-16,False,False,6,False,1522
ERG,basal_to_club,viper,-14.707629984396775,5.0,3.994338478230968e-17,False,False,5,False,1523
PPARG,basal_to_club,viper,-14.790268280717774,5.0,6.001225118592847e-21,False,False,5,False,1524
E2F1,basal_to_club,viper,-15.11743729241804,6.0,4.6782501730906496e-15,False,False,6,False,1525
KLF1,basal_to_club,viper,-15.889108324565223,5.0,1.5468340265379338e-22,False,False,5,False,1526
ARID3A,basal_to_club,viper,-16.257574325745342,5.0,1.0548898820752391e-25,False,False,5,False,1527
FOXM1,basal_to_club,viper,-16.5494373598137,6.0,3.7384766015645934e-14,False,False,6,False,1528
SRY,basal_to_club,viper,-17.321451425117246,4.0,4.9328726802316664e-33,False,False,4,False,1529
MYC,basal_to_club,viper,-18.36753076563806,6.0,3.4153622727025677e-22,False,False,6,False,1530
GATA3,basal_to_club,viper,-18.79782724981943,6.0,9.841392712336416e-21,False,False,6,False,1531
WT1,basal_to_club,viper,-20.62940302761529,4.0,1.345126220883214e-48,False,False,4,False,1532
TP63,basal_to_club,viper,-21.396147901489982,5.0,7.1765089549321925e-34,False,False,5,False,1533
MITF,basal_to_goblet,viper,12.725306008500773,5.0,4.144463220801138e-17,True,True,5,True,1
CREB3L4,basal_to_goblet,viper,11.57907319122498,3.0,9.71112040243735e-12,False,True,3,False,2
FOXA1,basal_to_goblet,viper,10.555920233658826,6.0,5.247553224190163e-06,True,True,6,True,3
XBP1,basal_to_goblet,viper,9.437555850487286,4.0,9.142117550059913e-06,True,True,4,True,4
STAT1,basal_to_goblet,viper,9.063849574363067,6.0,1.6203366792930085e-06,True,True,6,True,5
HNF4G,basal_to_goblet,viper,8.864317224017269,5.0,1.3478834927756343e-05,True,True,5,True,6
ELF3,basal_to_goblet,viper,8.850441951203782,4.0,1.825688751410904e-06,True,True,4,True,7
CCDC17,basal_to_goblet,viper,8.450712852585456,2.0,8.91361377236063e-09,False,True,2,False,8
FOXJ1,basal_to_goblet,viper,8.28353346647976,3.0,2.5246883012094886e-06,False,True,3,False,9
ZNF474,basal_to_goblet,viper,7.598479165371281,3.0,1.4931138147388482e-05,False,True,3,False,10
MECOM,basal_to_goblet,viper,7.516303619483649,3.0,4.2171199476289776e-07,True,True,3,True,11
ZKSCAN1,basal_to_goblet,viper,6.731741070665107,5.0,5.012353664255642e-05,True,True,5,True,12
NR2F6,basal_to_goblet,viper,6.6988112551577315,4.0,0.0002473524987922996,True,True,4,True,13
ZNF189,basal_to_goblet,viper,6.653700938924387,3.0,0.00018354997519561924,False,True,3,False,14
CREB3L2,basal_to_goblet,viper,6.526770495103908,3.0,0.00012618921991883653,False,True,3,False,15
CREB3,basal_to_goblet,viper,6.523714909381436,4.0,0.00045051094186425265,True,True,4,True,16
ZNF587,basal_to_goblet,viper,6.515468738023386,3.0,1.0782547545084401e-05,False,True,3,False,17
SATB2,basal_to_goblet,viper,6.319793915128343,3.0,6.069577506373511e-06,False,True,3,False,18
FOXA3,basal_to_goblet,viper,6.1937323358787255,3.0,0.00117887862216418,False,True,3,False,19
FOXP4,basal_to_goblet,viper,6.077238118061994,3.0,7.983778555932535e-05,False,True,3,False,20
RFX3,basal_to_goblet,viper,6.007384373526722,3.0,0.00021341745936071977,False,True,3,False,21
RFX2,basal_to_goblet,viper,5.975047601708221,4.0,0.000405129403428881,True,True,4,True,22
ZNF440,basal_to_goblet,viper,5.693853325488437,3.0,0.0010709716438605105,False,True,3,False,23
DMRTA1,basal_to_goblet,viper,5.5553923414969955,3.0,0.0002775723558545475,False,True,3,False,24
ZNF396,basal_to_goblet,viper,5.395673297370524,3.0,0.0006544578279133931,False,True,3,False,25
CREB3L1,basal_to_goblet,viper,5.332766932463509,4.0,0.0014964585323491953,True,True,4,True,26
SREBF2,basal_to_goblet,viper,5.3274431109526015,6.0,0.024778438698205316,True,True,6,True,27
ZNF69,basal_to_goblet,viper,5.320602581662443,3.0,0.0005336729386933361,False,True,3,False,28
ZNF710,basal_to_goblet,viper,5.236065098659834,3.0,0.002844360031214623,False,True,3,False,29
THRB,basal_to_goblet,viper,5.214805709676999,3.0,0.006268668010882696,False,True,3,False,30
SMAD4,basal_to_goblet,viper,5.208034642529306,5.0,0.0017053656171266845,True,True,5,True,31
ZSCAN16,basal_to_goblet,viper,5.199045748470721,3.0,0.00242526111987591,False,True,3,False,32
STAT5A,basal_to_goblet,viper,5.17652118534201,6.0,0.0037153396254524054,True,True,6,True,33
GLMP,basal_to_goblet,viper,5.160886253429986,2.0,0.0014324473247841968,False,True,2,False,34
BHLHA15,basal_to_goblet,viper,5.084736087105386,2.0,0.002697929700942944,False,True,2,False,35
NFE2,basal_to_goblet,viper,4.931886050490215,5.0,0.007928888870068257,True,True,5,True,36
MESP1,basal_to_goblet,viper,4.892862694552498,3.0,0.0008336492780381555,False,True,3,False,37
ZBTB42,basal_to_goblet,viper,4.7994207730573875,2.0,0.003117144284665844,False,True,2,False,38
LBX2,basal_to_goblet,viper,4.772486206376849,3.0,0.020873967191684262,False,True,3,False,39
STAT2,basal_to_goblet,viper,4.738953735012602,5.0,0.043098825659236575,True,True,5,True,40
ETV6,basal_to_goblet,viper,4.66081782825518,4.0,0.0060154981554828455,True,True,4,True,41
OVOL2,basal_to_goblet,viper,4.614411421637439,3.0,0.01819421409648708,False,True,3,False,42
NCOA2,basal_to_goblet,viper,4.539806871202679,4.0,0.0256291935669874,True,True,4,True,43
ELF5,basal_to_goblet,viper,4.412256846777942,5.0,0.021846048633751648,True,True,5,True,44
ZNF552,basal_to_goblet,viper,4.350398541438454,3.0,0.004589566519735293,False,True,3,False,45
NCOA3,basal_to_goblet,viper,4.291053897504301,4.0,0.0256291935669874,True,True,4,True,46
TBX10,basal_to_goblet,viper,4.256857619605476,3.0,0.011328529317461988,False,True,3,False,47
CASZ1,basal_to_goblet,viper,4.2060987779064565,3.0,0.013590439972066866,False,True,3,False,48
MYB,basal_to_goblet,viper,4.148255690768094,6.0,0.05477253339284159,True,True,6,True,49
FOXO3,basal_to_goblet,viper,4.139190830665569,4.0,0.05618209194995946,True,True,4,True,50
SPDEF,basal_to_goblet,viper,4.120635915034875,3.0,0.019194022914890398,False,True,3,False,51
NR3C2,basal_to_goblet,viper,4.093691334373119,3.0,0.024132204967347606,False,True,3,False,52
ZBTB46,basal_to_goblet,viper,4.086802642980956,3.0,0.019932458200395506,False,True,3,False,53
IRF9,basal_to_goblet,viper,4.079934884343637,4.0,0.04426784476213075,True,True,4,True,54
ZBTB41,basal_to_goblet,viper,3.991265797017393,3.0,0.01703885716856248,False,True,3,False,55
BATF2,basal_to_goblet,viper,3.8539962246083097,3.0,0.07634849629432579,False,True,3,False,56
CXXC4,basal_to_goblet,viper,3.7987745496330434,3.0,0.012612474580806278,True,True,3,True,57
ESRRG,basal_to_goblet,viper,3.765409153226643,3.0,0.06946940697929511,False,True,3,False,58
ZNF664,basal_to_goblet,viper,3.7299198992995137,3.0,0.03453910341259566,False,True,3,False,59
NCOA1,basal_to_goblet,viper,3.7135812807232607,4.0,0.0466694640765892,True,True,4,True,60
FOXO4,basal_to_goblet,viper,3.7076753432983116,3.0,0.048299491137158396,False,True,3,False,61
LCOR,basal_to_goblet,viper,3.6857422835677394,3.0,0.036627323465317344,False,True,3,False,62
IRF1,basal_to_goblet,viper,3.6728287824430192,6.0,0.18328533163734992,True,True,6,True,63
CREM,basal_to_goblet,viper,3.667487354464084,5.0,0.12193086921281374,True,True,5,True,64
CLOCK,basal_to_goblet,viper,3.6285913918056534,5.0,0.05863819037678045,True,True,5,True,65
SP140L,basal_to_goblet,viper,3.561967582487404,2.0,0.021080291736953,False,True,2,False,66
STAT3,basal_to_goblet,viper,3.516376859138842,6.0,0.14163305062601067,True,True,6,True,67
ZNF704,basal_to_goblet,viper,3.5065109469557507,3.0,0.04528145966413408,False,True,3,False,68
SP140,basal_to_goblet,viper,3.4244548388032228,3.0,0.03467715739003339,False,True,3,False,69
ZNF875,basal_to_goblet,viper,3.4193311834232967,3.0,0.02293905351223715,False,True,3,False,70
ZFAT,basal_to_goblet,viper,3.3509377503242517,3.0,0.02655734443934678,False,True,3,False,71
CXXC5,basal_to_goblet,viper,3.330787707091206,2.0,0.02955990974606096,False,True,2,False,72
SP100,basal_to_goblet,viper,3.2833159469852395,3.0,0.04770138714416554,False,True,3,False,73
NR2C2,basal_to_goblet,viper,3.2757230212297634,5.0,0.15303383878170213,True,True,5,True,74
HES6,basal_to_goblet,viper,3.2327882246340645,3.0,0.07698400969427863,False,True,3,False,75
GATA1,basal_to_goblet,viper,3.1998150523514313,6.0,0.16360571110612743,True,True,6,True,76
E2F5,basal_to_goblet,viper,3.188550873783428,4.0,0.107059611568506,True,True,4,True,77
SP110,basal_to_goblet,viper,3.1766778573203016,3.0,0.07171798663968773,False,True,3,False,78
ZNF117,basal_to_goblet,viper,3.1480788853761004,3.0,0.08279894655553287,False,True,3,False,79
ZBTB34,basal_to_goblet,viper,3.1320476732903018,3.0,0.11756209106461322,False,True,3,False,80
ZNF165,basal_to_goblet,viper,3.119844349887758,4.0,0.12272659997164417,True,True,4,True,81
USF1,basal_to_goblet,viper,3.1025727844996402,5.0,0.09976503734756315,True,True,5,True,82
ATF5,basal_to_goblet,viper,3.093110123820918,3.0,0.1598007288372313,False,True,3,False,83
ZNF780A,basal_to_goblet,viper,3.050607655930153,3.0,0.12980893039523722,False,True,3,False,84
ZNF217,basal_to_goblet,viper,3.0498385363030995,6.0,0.037177182494777763,True,True,6,True,85
ZNF473,basal_to_goblet,viper,3.0437881927101493,3.0,0.008704421672652467,False,True,3,False,86
ZNF20,basal_to_goblet,viper,3.0107789006541945,3.0,0.07796627772598028,False,True,3,False,87
TIGD4,basal_to_goblet,viper,3.00611160307617,3.0,0.11042552937335415,False,True,3,False,88
NFATC2,basal_to_goblet,viper,2.964737246698842,3.0,0.18974226162110427,False,True,3,False,89
ZNF341,basal_to_goblet,viper,2.936787691035369,3.0,0.08029113718327699,False,True,3,False,90
ZNF75D,basal_to_goblet,viper,2.8923378644702535,3.0,0.10299910243388485,False,True,3,False,91
ZNF672,basal_to_goblet,viper,2.8715041356981317,3.0,0.14258821140391773,False,True,3,False,92
JAZF1,basal_to_goblet,viper,2.86318056972911,3.0,0.11027813241884928,False,True,3,False,93
ZNF432,basal_to_goblet,viper,2.853797152089815,3.0,0.09807857698234751,False,True,3,False,94
FOXA2,basal_to_goblet,viper,2.8168100134561422,6.0,0.21327045686982507,True,True,6,True,95
MXD4,basal_to_goblet,viper,2.8148809741571768,3.0,0.1313492338429423,False,True,3,False,96
ZBTB7A,basal_to_goblet,viper,2.8148266635328776,5.0,0.1212627992512228,True,True,5,True,97
PRDM8,basal_to_goblet,viper,2.8126928808713036,3.0,0.08961983363659064,False,True,3,False,98
ATF6,basal_to_goblet,viper,2.788257939813855,3.0,0.15976120173695962,False,True,3,False,99
MLXIP,basal_to_goblet,viper,2.69499201950244,3.0,0.141192396540206,False,True,3,False,100
IRX3,basal_to_goblet,viper,2.672812531955304,3.0,0.13880807472349133,False,True,3,False,101
GZF1,basal_to_goblet,viper,2.66795494227125,3.0,0.17393069139901904,False,True,3,False,102
ZNF316,basal_to_goblet,viper,2.6447918648597835,3.0,0.1351725320328254,False,True,3,False,103
ZBTB22,basal_to_goblet,viper,2.638529514318549,3.0,0.17040251475568494,False,True,3,False,104
NFE2L1,basal_to_goblet,viper,2.6336199704017798,4.0,0.3047576644023993,True,True,4,True,105
ZNF24,basal_to_goblet,viper,2.6123869533076522,4.0,0.16216598561832052,True,True,4,True,106
RXRA,basal_to_goblet,viper,2.5953862259685194,6.0,0.2782654165275721,True,True,6,True,107
MBNL2,basal_to_goblet,viper,2.5707614101469742,3.0,0.14715334042553438,False,True,3,False,108
TBXT,basal_to_goblet,viper,2.5567551480379986,4.0,0.1607376061639075,True,True,4,True,109
PLSCR1,basal_to_goblet,viper,2.5377142053833275,2.0,0.1337488950858578,False,True,2,False,110
MAFG,basal_to_goblet,viper,2.520758527545773,4.0,0.1673237421893175,True,True,4,True,111
HIVEP1,basal_to_goblet,viper,2.475757337894956,3.0,0.17858490149093806,False,True,3,False,112
CREBL2,basal_to_goblet,viper,2.4697724626915374,3.0,0.23019721042014984,False,True,3,False,113
KDM5B,basal_to_goblet,viper,2.4642963257741464,5.0,0.26768356307281505,True,True,5,True,114
NACC2,basal_to_goblet,viper,2.45885471814578,2.0,0.16287527404843172,False,True,2,False,115
GPBP1L1,basal_to_goblet,viper,2.423782656797673,2.0,0.21101095599193015,False,True,2,False,116
ZNF778,basal_to_goblet,viper,2.4117416949418082,3.0,0.15228086005432606,False,True,3,False,117
ZNF787,basal_to_goblet,viper,2.4048752874578705,3.0,0.20709783014407102,False,True,3,False,118
ZSCAN5A,basal_to_goblet,viper,2.3986373769305978,3.0,0.22677803703343283,False,True,3,False,119
BARHL1,basal_to_goblet,viper,2.3952138376517444,3.0,0.25710552764928624,False,True,3,False,120
ZBTB18,basal_to_goblet,viper,2.3605324782601858,2.0,0.21449405768015614,False,True,2,False,121
IRX5,basal_to_goblet,viper,2.3568170247305544,3.0,0.22705555670514097,False,True,3,False,122
ZNF592,basal_to_goblet,viper,2.3509959463759245,4.0,0.2841020228516098,True,True,4,True,123
LYL1,basal_to_goblet,viper,2.3449746793395305,5.0,0.3625212462430873,True,True,5,True,124
ZFHX2,basal_to_goblet,viper,2.3428736847853657,3.0,0.2214645310194521,False,True,3,False,125
GRHL2,basal_to_goblet,viper,2.3359751793183747,5.0,0.14954007911266112,True,True,5,True,126
GLIS3,basal_to_goblet,viper,2.3353437476889165,3.0,0.28858906142559204,False,True,3,False,127
ZNF646,basal_to_goblet,viper,2.3259165265888893,3.0,0.2660882291580159,False,True,3,False,128
ZFPM1,basal_to_goblet,viper,2.3191437524948175,3.0,0.23680794849464834,False,True,3,False,129
ZNF563,basal_to_goblet,viper,2.3025835527494993,3.0,0.2782654165275721,False,True,3,False,130
MBD2,basal_to_goblet,viper,2.2961754777693555,4.0,0.23105698757978663,True,True,4,True,131
CPXCR1,basal_to_goblet,viper,2.2800309818935114,3.0,0.15228086005432606,False,True,3,False,132
TET2,basal_to_goblet,viper,2.2686334657939464,2.0,0.1703307832471823,False,True,2,False,133
SOX5,basal_to_goblet,viper,2.226828062476459,3.0,0.25982482808953966,False,True,3,False,134
TMF1,basal_to_goblet,viper,2.212947727230624,2.0,0.22234170840723125,False,True,2,False,135
USF2,basal_to_goblet,viper,2.212613907902655,5.0,0.08902301937408892,True,True,5,True,136
AKNA,basal_to_goblet,viper,2.204237036505539,3.0,0.23649275904849992,False,True,3,False,137
IRF7,basal_to_goblet,viper,2.192004035119107,3.0,0.29599827880319046,False,True,3,False,138
ZNF467,basal_to_goblet,viper,2.1835480986973286,3.0,0.22925303348355053,False,True,3,False,139
BCL6,basal_to_goblet,viper,2.171651040476585,5.0,0.2694384323849968,True,True,5,True,140
ZNF81,basal_to_goblet,viper,2.164563748450696,3.0,0.399971022476959,False,True,3,False,141
NRL,basal_to_goblet,viper,2.163554494150756,3.0,0.24915168898960294,False,True,3,False,142
SOX30,basal_to_goblet,viper,2.1481636962553563,3.0,0.2669403902400808,False,True,3,False,143
ZNF487,basal_to_goblet,viper,2.1434445340077604,3.0,0.27180658193174134,False,True,3,False,144
IKZF2,basal_to_goblet,viper,2.135085489127548,3.0,0.2680393465477307,False,True,3,False,145
REPIN1,basal_to_goblet,viper,2.1276771194138933,3.0,0.2837737182225158,False,True,3,False,146
IRF5,basal_to_goblet,viper,2.1201219807498584,3.0,0.29241862325342666,False,True,3,False,147
JUND,basal_to_goblet,viper,2.10371850639643,6.0,0.1884632892579511,True,True,6,True,148
LHX8,basal_to_goblet,viper,2.0897444669550866,3.0,0.3870042213059275,False,True,3,False,149
GLYR1,basal_to_goblet,viper,2.088268516868356,3.0,0.3449728320247015,True,True,3,True,150
HIVEP2,basal_to_goblet,viper,2.0679539622571617,3.0,0.36263319874329375,False,True,3,False,151
ZNF513,basal_to_goblet,viper,2.064486050841651,3.0,0.33510202926467647,False,True,3,False,152
ZNF799,basal_to_goblet,viper,2.0597913863061375,3.0,0.3781323048179342,False,True,3,False,153
NR2F1,basal_to_goblet,viper,2.055689867518373,4.0,0.2745793333505664,True,True,4,True,154
ZNF3,basal_to_goblet,viper,2.053783426395871,3.0,0.28086091409303454,False,True,3,False,155
ZFP3,basal_to_goblet,viper,2.0525298473296227,3.0,0.4710515412533674,False,True,3,False,156
HOXB2,basal_to_goblet,viper,2.0410247364652445,3.0,0.2737430053005471,False,True,3,False,157
RUNX1,basal_to_goblet,viper,2.0336911045202215,5.0,0.05015597194479057,True,True,5,True,158
RORC,basal_to_goblet,viper,2.025281535576704,3.0,0.3279354146202326,False,True,3,False,159
TIGD6,basal_to_goblet,viper,2.0217221595411194,3.0,0.24913694197447916,False,True,3,False,160
ZNF564,basal_to_goblet,viper,1.9999167045554873,3.0,0.3769628273553325,False,True,3,False,161
ZNF510,basal_to_goblet,viper,1.9934979211452992,3.0,0.42616378475273237,False,True,3,False,162
ZNF555,basal_to_goblet,viper,1.9872945111751792,3.0,0.34100159652790524,False,True,3,False,163
ZNF70,basal_to_goblet,viper,1.979323789443026,3.0,0.1650009843427863,False,True,3,False,164
SGSM2,basal_to_goblet,viper,1.9754654848186484,2.0,0.28391932948891707,False,True,2,False,165
ZNF282,basal_to_goblet,viper,1.966673539980866,3.0,0.311579058523454,False,True,3,False,166
ZNF524,basal_to_goblet,viper,1.9567878926193336,3.0,0.34664236116908315,False,True,3,False,167
BACH1,basal_to_goblet,viper,1.9389207495747356,6.0,0.11756209106461322,True,True,6,True,168
ZNF746,basal_to_goblet,viper,1.9307061258910763,3.0,0.39355305890663067,False,True,3,False,169
SIX4,basal_to_goblet,viper,1.9010967160279584,3.0,0.32671255054863113,False,True,3,False,170
TET3,basal_to_goblet,viper,1.8990154862609654,2.0,0.399971022476959,False,True,2,False,171
MEF2D,basal_to_goblet,viper,1.8924214945028566,3.0,0.3928364988017141,False,True,3,False,172
CENPB,basal_to_goblet,viper,1.8857215959352884,3.0,0.1388157020657945,False,True,3,False,173
ESR1,basal_to_goblet,viper,1.8689231335929082,6.0,0.15303383878170213,True,True,6,True,174
KLF16,basal_to_goblet,viper,1.8623280713500505,3.0,0.28328442958393796,False,True,3,False,175
MTF1,basal_to_goblet,viper,1.8098817862582557,2.0,0.3275214382360551,False,True,2,False,176
ZNF407,basal_to_goblet,viper,1.8037071910171438,3.0,0.23860071127270174,False,True,3,False,177
ZFHX3,basal_to_goblet,viper,1.7933414243944445,3.0,0.399971022476959,False,True,3,False,178
PURA,basal_to_goblet,viper,1.7887998116645365,2.0,0.19222582110314795,False,True,2,False,179
ZSCAN1,basal_to_goblet,viper,1.7861847687683006,3.0,0.440913522513537,False,True,3,False,180
ZNF808,basal_to_goblet,viper,1.7666125358156457,3.0,0.3302236577298677,False,True,3,False,181
ZNF23,basal_to_goblet,viper,1.7653621397513788,3.0,0.3809743285856716,False,True,3,False,182
SNAPC4,basal_to_goblet,viper,1.7600526720021652,4.0,0.34185641660416627,True,True,4,True,183
USF3,basal_to_goblet,viper,1.7481906064737112,2.0,0.3691682749063076,False,True,2,False,184
ZNF860,basal_to_goblet,viper,1.7322094177092464,2.0,0.41616022439799244,False,True,2,False,185
ZNF621,basal_to_goblet,viper,1.7286707619916681,3.0,0.3989769023358697,False,True,3,False,186
ZNF28,basal_to_goblet,viper,1.727794104837662,3.0,0.2882493006201649,False,True,3,False,187
ZNF653,basal_to_goblet,viper,1.7099998289857863,3.0,0.4710515412533674,False,True,3,False,188
ZNF267,basal_to_goblet,viper,1.697038729795646,3.0,0.48133258050976085,False,True,3,False,189
ZNF444,basal_to_goblet,viper,1.6945732682608394,3.0,0.3787858219451318,False,True,3,False,190
ZNF433,basal_to_goblet,viper,1.6844157164997235,3.0,0.41674365847694944,False,True,3,False,191
ZNF417,basal_to_goblet,viper,1.6836523727494859,3.0,0.3787858219451318,False,True,3,False,192
E4F1,basal_to_goblet,viper,1.6800027377405589,3.0,0.4051504942101892,False,True,3,False,193
MEF2A,basal_to_goblet,viper,1.679561240379829,6.0,0.5548946545412486,True,True,6,True,194
GMEB2,basal_to_goblet,viper,1.6762104935374909,3.0,0.5293960337797992,False,True,3,False,195
STAT5B,basal_to_goblet,viper,1.6592777740602633,4.0,0.48121549173028655,True,True,4,True,196
ZXDC,basal_to_goblet,viper,1.6513308252313808,3.0,0.4262862039130539,False,True,3,False,197
TEAD1,basal_to_goblet,viper,1.634579939376352,4.0,0.45033341411987604,True,True,4,True,198
ZNF101,basal_to_goblet,viper,1.633341590025854,3.0,0.42988074429235235,False,True,3,False,199
ZNF44,basal_to_goblet,viper,1.6153815960745197,3.0,0.4969391459349326,False,True,3,False,200
PREB,basal_to_goblet,viper,1.6051387904909251,3.0,0.4842797851198502,False,True,3,False,201
ZBTB4,basal_to_goblet,viper,1.581872986524191,3.0,0.48781258331028804,False,True,3,False,202
ZNF776,basal_to_goblet,viper,1.5730176993618008,3.0,0.4243207586727277,False,True,3,False,203
MZF1,basal_to_goblet,viper,1.570369348843777,3.0,0.5604031167973881,False,True,3,False,204
ZNF579,basal_to_goblet,viper,1.531355437077365,3.0,0.5512263871271409,False,True,3,False,205
RREB1,basal_to_goblet,viper,1.5297987261956678,3.0,0.3196549140173559,False,True,3,False,206
RFX1,basal_to_goblet,viper,1.5270758240004159,4.0,0.4835128179079991,True,True,4,True,207
ZNF841,basal_to_goblet,viper,1.5144982863873346,3.0,0.538543061668467,False,True,3,False,208
ZBTB40,basal_to_goblet,viper,1.5090055449835755,3.0,0.4842797851198502,False,True,3,False,209
HMG20B,basal_to_goblet,viper,1.4900659565268488,3.0,0.48781258331028804,False,True,3,False,210
L3MBTL1,basal_to_goblet,viper,1.4824189813009816,2.0,0.5115179083546739,False,True,2,False,211
PATZ1,basal_to_goblet,viper,1.466254443048672,3.0,0.42509620123350417,False,True,3,False,212
ZBED6,basal_to_goblet,viper,1.4607050714892507,1.0,0.35162278616437126,False,True,1,False,213
MAFK,basal_to_goblet,viper,1.4527929181684232,5.0,0.24729338517119143,True,True,5,True,214
KLF2,basal_to_goblet,viper,1.4509772751884615,4.0,0.6011895152853103,False,True,4,False,215
ZFP91,basal_to_goblet,viper,1.4221475193125064,3.0,0.464718679687968,False,True,3,False,216
THAP12,basal_to_goblet,viper,1.4195253325537767,2.0,0.2593169125058017,False,True,2,False,217
SRCAP,basal_to_goblet,viper,1.4154111490174854,3.0,0.5705169954428492,False,True,3,False,218
ZNF652,basal_to_goblet,viper,1.407967989731878,4.0,0.5737495567339861,True,True,4,True,219
ZNF687,basal_to_goblet,viper,1.3925320705736197,3.0,0.39355305890663067,False,True,3,False,220
KDM2A,basal_to_goblet,viper,1.39045003421599,2.0,0.3056525796583077,False,True,2,False,221
ZBTB10,basal_to_goblet,viper,1.3728540431312668,3.0,0.5404168383531875,False,True,3,False,222
IRF3,basal_to_goblet,viper,1.367701878124897,5.0,0.6228108117792202,True,True,5,True,223
ZBTB37,basal_to_goblet,viper,1.351868641426941,3.0,0.5531392922384284,False,True,3,False,224
ARX,basal_to_goblet,viper,1.3353859704951627,3.0,0.6302543046983917,False,True,3,False,225
ZNF19,basal_to_goblet,viper,1.3338723253025238,3.0,0.5810482329476099,False,True,3,False,226
ZBED1,basal_to_goblet,viper,1.3313629151930984,4.0,0.3985185409315015,False,True,4,False,227
FIZ1,basal_to_goblet,viper,1.3310798544981473,3.0,0.5798034810985271,False,True,3,False,228
ZNF599,basal_to_goblet,viper,1.3198849255820595,3.0,0.37851104350429504,False,True,3,False,229
ZBTB38,basal_to_goblet,viper,1.308612828290211,3.0,0.21421129501451358,False,True,3,False,230
ZBTB6,basal_to_goblet,viper,1.3024754725729242,3.0,0.3279354146202326,False,True,3,False,231
ZNF33A,basal_to_goblet,viper,1.2968274942191826,3.0,0.6246496338359672,False,True,3,False,232
POU2AF1,basal_to_goblet,viper,1.2868146558680158,2.0,0.5645440533035895,False,True,2,False,233
ZNF611,basal_to_goblet,viper,1.2818995857122464,3.0,0.6406194848284943,False,True,3,False,234
CSRNP2,basal_to_goblet,viper,1.2800995727387443,2.0,0.554299902901609,False,True,2,False,235
NFX1,basal_to_goblet,viper,1.2691148573331454,3.0,0.6406194848284943,False,True,3,False,236
MYRFL,basal_to_goblet,viper,1.2658611945416978,2.0,0.5343010626448703,False,True,2,False,237
ZNF37A,basal_to_goblet,viper,1.2657193544832144,3.0,0.5381838831521366,False,True,3,False,238
ARHGAP35,basal_to_goblet,viper,1.2554544867971222,2.0,0.3916603580661683,False,True,2,False,239
GTF2I,basal_to_goblet,viper,1.2349553280031031,1.0,0.4576222195664941,False,True,1,False,240
HNF1B,basal_to_goblet,viper,1.233332684328992,3.0,0.5307089549674755,True,True,3,True,241
ZNF768,basal_to_goblet,viper,1.2303528670647539,3.0,0.538543061668467,False,True,3,False,242
CC2D1A,basal_to_goblet,viper,1.220330800839973,2.0,0.5778625442547618,False,True,2,False,243
POU5F2,basal_to_goblet,viper,1.209928086286561,2.0,0.6228108117792202,False,True,2,False,244
MBD6,basal_to_goblet,viper,1.1840369911643307,2.0,0.5672809690104249,False,True,2,False,245
HOXA11,basal_to_goblet,viper,1.1783183892326083,3.0,0.5799616938199451,False,True,3,False,246
ZNF398,basal_to_goblet,viper,1.1716177775365189,3.0,0.275267896335758,False,True,3,False,247
GRHL1,basal_to_goblet,viper,1.1649189812423277,3.0,0.6537592969598208,False,True,3,False,248
ZNF33B,basal_to_goblet,viper,1.1600519636888893,3.0,0.615556689217182,False,True,3,False,249
ZNF763,basal_to_goblet,viper,1.154451750141192,3.0,0.6027114939195128,False,True,3,False,250
BATF,basal_to_goblet,viper,1.1458752843892779,5.0,0.45292029433418507,False,True,5,False,251
SNAI3,basal_to_goblet,viper,1.1425986155053904,3.0,0.6985689940449408,False,True,3,False,252
BATF3,basal_to_goblet,viper,1.1241746552957903,3.0,0.6537592969598208,False,True,3,False,253
ZNF497,basal_to_goblet,viper,1.1153607245958181,3.0,0.591153256826395,False,True,3,False,254
ZNF688,basal_to_goblet,viper,1.1080793966076674,3.0,0.6594338318176135,False,True,3,False,255
ZNF91,basal_to_goblet,viper,1.1066874265779756,3.0,0.6023746006485043,False,True,3,False,256
ZNF546,basal_to_goblet,viper,1.0884946546382464,3.0,0.6147115747150674,False,True,3,False,257
ZNF335,basal_to_goblet,viper,1.0871284352585238,3.0,0.6680304344419437,False,True,3,False,258
STAT6,basal_to_goblet,viper,1.0785641524805232,4.0,0.545160316485267,True,True,4,True,259
JRK,basal_to_goblet,viper,1.0741266111889411,2.0,0.6776234520495069,False,True,2,False,260
ZNF319,basal_to_goblet,viper,1.069532242090712,3.0,0.6922254011514953,False,True,3,False,261
ZHX1,basal_to_goblet,viper,1.065935393575941,4.0,0.44835674062693853,False,True,4,False,262
ZNF517,basal_to_goblet,viper,1.0638651513810884,3.0,0.7112880280366383,False,True,3,False,263
MESP2,basal_to_goblet,viper,1.0565228042245505,3.0,0.3484496100795992,False,True,3,False,264
ZNF764,basal_to_goblet,viper,1.039950728488579,3.0,0.6861424213700885,False,True,3,False,265
ZNF214,basal_to_goblet,viper,1.0305498309356962,3.0,0.538543061668467,False,True,3,False,266
MXI1,basal_to_goblet,viper,1.0290363770712172,5.0,0.143633852619442,False,True,5,False,267
ZNF827,basal_to_goblet,viper,1.0279601727112468,3.0,0.665209354107946,False,True,3,False,268
MBD1,basal_to_goblet,viper,1.02203537834556,3.0,0.538543061668467,False,True,3,False,269
PRDM10,basal_to_goblet,viper,1.021236052249927,3.0,0.6380913790524662,False,True,3,False,270
PRDM4,basal_to_goblet,viper,1.018883224796486,3.0,0.16508440543485126,False,True,3,False,271
PRRX2,basal_to_goblet,viper,1.0184380648393778,3.0,0.6551932719770186,False,True,3,False,272
KCMF1,basal_to_goblet,viper,1.0154273322076168,3.0,0.34015407472938997,False,True,3,False,273
PPARD,basal_to_goblet,viper,1.011923930761778,4.0,0.23081360634411635,True,True,4,True,274
KMT2B,basal_to_goblet,viper,1.0039854377209503,2.0,0.5595682209854401,False,True,2,False,275
RBCK1,basal_to_goblet,viper,0.9970171542964786,2.0,0.6638171356851273,False,True,2,False,276
ZNF391,basal_to_goblet,viper,0.9863553290191929,3.0,0.40750712800116456,False,True,3,False,277
RLF,basal_to_goblet,viper,0.9810277818446171,3.0,0.6985689940449408,False,True,3,False,278
PURB,basal_to_goblet,viper,0.9775003089913289,2.0,0.44926612361148033,False,True,2,False,279
ZNF737,basal_to_goblet,viper,0.9730364589656921,2.0,0.7031363864726203,False,True,2,False,280
FBXL19,basal_to_goblet,viper,0.9679063297534926,2.0,0.7000472146732611,False,True,2,False,281
BHLHE41,basal_to_goblet,viper,0.9658040149941318,2.0,0.7026424691469081,False,True,2,False,282
FOXN2,basal_to_goblet,viper,0.9613757215043982,3.0,0.45086634502079903,False,True,3,False,283
NPAS3,basal_to_goblet,viper,0.9595657319752815,3.0,0.7125490960147746,False,True,3,False,284
FOXJ3,basal_to_goblet,viper,0.9564731352980808,3.0,0.6406194848284943,False,True,3,False,285
ZNF740,basal_to_goblet,viper,0.9555592694582901,4.0,0.7300058000314944,True,True,4,True,286
MYRF,basal_to_goblet,viper,0.9547430339891616,2.0,0.6457330702229299,False,True,2,False,287
ASCL3,basal_to_goblet,viper,0.9500791718590172,3.0,0.3017345986913519,False,True,3,False,288
ZNF169,basal_to_goblet,viper,0.9415704431870416,3.0,0.6854364392170876,False,True,3,False,289
TCF24,basal_to_goblet,viper,0.9403718389957277,3.0,0.5799616938199451,False,True,3,False,290
ZNF516,basal_to_goblet,viper,0.9386272335387286,3.0,0.7514504982198932,False,True,3,False,291
ZSCAN18,basal_to_goblet,viper,0.9142090015667674,3.0,0.6984682240387344,False,True,3,False,292
HOXB3,basal_to_goblet,viper,0.9080630355105227,3.0,0.6636543103546457,False,True,3,False,293
ZNF226,basal_to_goblet,viper,0.9035994513229136,3.0,0.6466711428542685,False,True,3,False,294
ZNF274,basal_to_goblet,viper,0.901583068982729,6.0,0.5976412117909967,True,True,6,True,295
PBX4,basal_to_goblet,viper,0.8923169913795053,3.0,0.7625549381169131,False,True,3,False,296
ZNF418,basal_to_goblet,viper,0.8811374989780766,3.0,0.6077616474169552,False,True,3,False,297
SATB1,basal_to_goblet,viper,0.8778808249869128,4.0,0.7265663837912273,True,True,4,True,298
HMBOX1,basal_to_goblet,viper,0.8664189678671268,4.0,0.6773619338332248,True,True,4,True,299
SP1,basal_to_goblet,viper,0.8653276086906192,5.0,0.2338903014193027,True,True,5,True,300
SCX,basal_to_goblet,viper,0.8416530055334633,1.0,0.6476391316972692,False,True,1,False,301
ZNF648,basal_to_goblet,viper,0.8296315062472889,3.0,0.24279711812947125,False,True,3,False,302
ZNF382,basal_to_goblet,viper,0.8280300525137829,3.0,0.7329718439474165,False,True,3,False,303
ZNF800,basal_to_goblet,viper,0.815231750073292,3.0,0.6740842430827523,False,True,3,False,304
GTF2IRD1,basal_to_goblet,viper,0.8141976107867859,2.0,0.7267691115244717,False,True,2,False,305
ZNF329,basal_to_goblet,viper,0.812503899658855,3.0,0.4930984833614139,False,True,3,False,306
ZMAT1,basal_to_goblet,viper,0.799365723318022,3.0,0.4751010983362052,False,True,3,False,307
RFX6,basal_to_goblet,viper,0.7974289028617151,3.0,0.7832305649455961,False,True,3,False,308
ZNF853,basal_to_goblet,viper,0.7960264366684795,2.0,0.7406026446311248,False,True,2,False,309
CUX1,basal_to_goblet,viper,0.7795037491815278,6.0,0.4142867333950849,True,True,6,True,310
ZNF324,basal_to_goblet,viper,0.7643153774932825,3.0,0.7716798732635757,False,True,3,False,311
ZNF236,basal_to_goblet,viper,0.7611551574854666,3.0,0.3185024997571617,False,True,3,False,312
ELK3,basal_to_goblet,viper,0.7510863191175337,4.0,0.7626234164429705,True,True,4,True,313
ZNF605,basal_to_goblet,viper,0.7509323928478342,3.0,0.7407615953057795,False,True,3,False,314
DUX4,basal_to_goblet,viper,0.7471355130453258,2.0,0.7387546704913541,False,True,2,False,315
ZNF446,basal_to_goblet,viper,0.737626624432597,3.0,0.580531120369365,False,True,3,False,316
TP73,basal_to_goblet,viper,0.7297980856264946,3.0,0.29546448063829206,False,True,3,False,317
ZNF613,basal_to_goblet,viper,0.7258182121123213,3.0,0.8012475601161055,False,True,3,False,318
ARNT,basal_to_goblet,viper,0.7248055920291714,5.0,0.6756703866578535,True,True,5,True,319
ZNF780B,basal_to_goblet,viper,0.7127280675290479,3.0,0.7068381914074602,False,True,3,False,320
ZSCAN29,basal_to_goblet,viper,0.7115799183476001,3.0,0.7824319898023379,False,True,3,False,321
ZNF493,basal_to_goblet,viper,0.7064547920611761,3.0,0.831023864552445,False,True,3,False,322
ZNF713,basal_to_goblet,viper,0.6895658199866638,3.0,0.7996603004953178,False,True,3,False,323
ZNF865,basal_to_goblet,viper,0.6840139619523671,2.0,0.43210365615951435,False,True,2,False,324
PRDM2,basal_to_goblet,viper,0.6784355388151184,3.0,0.7967411202450354,False,True,3,False,325
ZNF674,basal_to_goblet,viper,0.6638728446198894,3.0,0.7585757188205646,False,True,3,False,326
ZBTB43,basal_to_goblet,viper,0.6584824582004808,3.0,0.5473417118932083,False,True,3,False,327
MXD1,basal_to_goblet,viper,0.6424237709833619,3.0,0.8307112641620643,False,True,3,False,328
DZIP1,basal_to_goblet,viper,0.6312694601702663,3.0,0.7244369752832117,False,True,3,False,329
ZNF264,basal_to_goblet,viper,0.6245625247071754,3.0,0.3879546073471162,False,True,3,False,330
ZNF700,basal_to_goblet,viper,0.6212326825785764,3.0,0.7431090166247208,False,True,3,False,331
ZNF429,basal_to_goblet,viper,0.5904464675181412,3.0,0.7222828936046247,False,True,3,False,332
DOT1L,basal_to_goblet,viper,0.5689772958553255,3.0,0.6799095695510641,False,True,3,False,333
ZFY,basal_to_goblet,viper,0.566727710553872,3.0,0.8608364999344743,False,True,3,False,334
ZBTB48,basal_to_goblet,viper,0.5547264916910251,3.0,0.7811775035922752,False,True,3,False,335
ZBTB3,basal_to_goblet,viper,0.5496252155410157,3.0,0.8492152213638773,False,True,3,False,336
ZNF254,basal_to_goblet,viper,0.5465519664039488,3.0,0.7602562619886951,False,True,3,False,337
ZNF609,basal_to_goblet,viper,0.5463308907241543,3.0,0.4187400109168747,False,True,3,False,338
ZNF548,basal_to_goblet,viper,0.5341435678594425,3.0,0.8049540803452834,False,True,3,False,339
ZNF230,basal_to_goblet,viper,0.5229367664302017,3.0,0.8223464916399501,False,True,3,False,340
ZNF449,basal_to_goblet,viper,0.5189845959261227,3.0,0.7041211854512295,False,True,3,False,341
GTF2IRD2B,basal_to_goblet,viper,0.5140289411968265,3.0,0.6632006520226532,False,True,3,False,342
ZNF491,basal_to_goblet,viper,0.5137376574601697,3.0,0.6979039626558343,False,True,3,False,343
FAM200B,basal_to_goblet,viper,0.5020788426902303,2.0,0.8426257615207299,False,True,2,False,344
PLAGL2,basal_to_goblet,viper,0.49712857921885095,3.0,0.8195238987304836,False,True,3,False,345
ZNF777,basal_to_goblet,viper,0.4854666328036408,3.0,0.4146733674063727,False,True,3,False,346
IRF2,basal_to_goblet,viper,0.48080776397425706,4.0,0.7301746650566211,False,True,4,False,347
ZNF529,basal_to_goblet,viper,0.47672141898701065,3.0,0.8628349380494346,False,True,3,False,348
PRDM15,basal_to_goblet,viper,0.4765526582445605,3.0,0.39308825962376664,False,True,3,False,349
ZNF445,basal_to_goblet,viper,0.4742225679796207,3.0,0.7448610830032827,False,True,3,False,350
ZNF135,basal_to_goblet,viper,0.46622182595102246,3.0,0.5661933870948344,False,True,3,False,351
ZNF549,basal_to_goblet,viper,0.44415762534492154,3.0,0.8407665150179017,False,True,3,False,352
HSF4,basal_to_goblet,viper,0.4414164891458475,3.0,0.7448610830032827,False,True,3,False,353
ZKSCAN7,basal_to_goblet,viper,0.42297947250513235,2.0,0.8960752447093057,False,True,2,False,354
ARID2,basal_to_goblet,viper,0.4188642101075471,4.0,0.6033284986706273,True,True,4,True,355
THAP5,basal_to_goblet,viper,0.4154626116561181,3.0,0.4607131608328365,False,True,3,False,356
ZNF148,basal_to_goblet,viper,0.4122969052068559,3.0,0.7168368910135983,False,True,3,False,357
BAZ2A,basal_to_goblet,viper,0.38951833904565175,3.0,0.7387546704913541,False,True,3,False,358
NFAT5,basal_to_goblet,viper,0.3821936465142386,3.0,0.5387314364879483,False,True,3,False,359
MAZ,basal_to_goblet,viper,0.37595025555164363,5.0,0.486524814901095,True,True,5,True,360
ZNF10,basal_to_goblet,viper,0.3621005743703231,3.0,0.912912755498965,False,True,3,False,361
LIN54,basal_to_goblet,viper,0.3538169385571907,2.0,0.8825178386781299,False,True,2,False,362
ZNF229,basal_to_goblet,viper,0.34739708046757445,2.0,0.8555252856861837,False,True,2,False,363
RHOXF2B,basal_to_goblet,viper,0.34418720637837663,3.0,0.7631299631650357,False,True,3,False,364
RBAK,basal_to_goblet,viper,0.33886092735171175,3.0,0.735519865117453,False,True,3,False,365
ZBTB33,basal_to_goblet,viper,0.3235470318420146,5.0,0.7949361407595507,True,True,5,True,366
NPAS2,basal_to_goblet,viper,0.323347532584884,3.0,0.5402416453052656,False,True,3,False,367
PROX1,basal_to_goblet,viper,0.31307994812244305,4.0,0.5224003710866153,False,True,4,False,368
RBSN,basal_to_goblet,viper,0.31244960809418365,2.0,0.7626234164429705,False,True,2,False,369
PIN1,basal_to_goblet,viper,0.3109519803061414,2.0,0.9110151143036495,False,True,2,False,370
PHF21A,basal_to_goblet,viper,0.3064675436407354,3.0,0.8253320115619572,False,True,3,False,371
ZNF709,basal_to_goblet,viper,0.3001521697278192,3.0,0.8772867018136821,False,True,3,False,372
ZNF793,basal_to_goblet,viper,0.2982637692287304,3.0,0.8311769908668996,False,True,3,False,373
ZNF76,basal_to_goblet,viper,0.28678560169761547,3.0,0.8012475601161055,False,True,3,False,374
ZNF182,basal_to_goblet,viper,0.2858154687809367,3.0,0.8746047189971322,False,True,3,False,375
ZNF628,basal_to_goblet,viper,0.2846822750807006,3.0,0.7548210623735991,False,True,3,False,376
ZFP14,basal_to_goblet,viper,0.2649371811637371,3.0,0.6740842430827523,False,True,3,False,377
ZNF66,basal_to_goblet,viper,0.26386616481331193,2.0,0.9199201639985017,False,True,2,False,378
ZNF629,basal_to_goblet,viper,0.26020284073475225,3.0,0.5050519656061875,False,True,3,False,379
ZNF142,basal_to_goblet,viper,0.24900104619945893,3.0,0.9245073331848883,False,True,3,False,380
HOXB6,basal_to_goblet,viper,0.24724256887569146,3.0,0.4033314235654204,False,True,3,False,381
ZNF233,basal_to_goblet,viper,0.2351603133166172,3.0,0.8619132975434862,False,True,3,False,382
ZNF276,basal_to_goblet,viper,0.23101084749172773,3.0,0.8738139544203632,False,True,3,False,383
ZNF439,basal_to_goblet,viper,0.20667175643037855,3.0,0.8091635099003648,False,True,3,False,384
TRAFD1,basal_to_goblet,viper,0.19553120289004589,3.0,0.7221834226575008,False,True,3,False,385
ZNF8,basal_to_goblet,viper,0.19521582956259595,2.0,0.9632711094203946,False,True,2,False,386
PRR12,basal_to_goblet,viper,0.18409806593808986,3.0,0.7168368910135983,False,True,3,False,387
ZNF610,basal_to_goblet,viper,0.17580846594018404,3.0,0.6581883028442376,False,True,3,False,388
SNAPC5,basal_to_goblet,viper,0.16422120017501918,2.0,0.713554812436097,False,True,2,False,389
ZNF681,basal_to_goblet,viper,0.15123426831895162,3.0,0.5696820458663847,False,True,3,False,390
NAIF1,basal_to_goblet,viper,0.13980257936997512,2.0,0.7014275951694032,False,True,2,False,391
ZGPAT,basal_to_goblet,viper,0.1341175184479255,3.0,0.6219677047281909,False,True,3,False,392
ZNF598,basal_to_goblet,viper,0.13049405146141727,3.0,0.6228108117792202,False,True,3,False,393
YBX3,basal_to_goblet,viper,0.1297736860864477,2.0,0.7558818147802492,False,True,2,False,394
ZBTB20,basal_to_goblet,viper,0.12443477989511012,3.0,0.688704595598092,False,True,3,False,395
BAZ2B,basal_to_goblet,viper,0.1153087665354682,3.0,0.7443746271339146,False,True,3,False,396
ZNF528,basal_to_goblet,viper,0.11520793111626226,3.0,0.8622443421662672,False,True,3,False,397
LMX1A,basal_to_goblet,viper,0.11419875084775914,3.0,0.6117867585795972,False,True,3,False,398
ZNF736,basal_to_goblet,viper,0.10334210207618749,2.0,0.4061924869195302,False,True,2,False,399
IKZF1,basal_to_goblet,viper,0.09976307836004875,6.0,0.4995124811258046,False,True,6,False,400
ZNF708,basal_to_goblet,viper,0.0645203166919424,3.0,0.9460468718544027,False,True,3,False,401
ZNF747,basal_to_goblet,viper,0.053527954145449336,3.0,0.4051504942101892,False,True,3,False,402
ZKSCAN8,basal_to_goblet,viper,0.02664744986246761,2.0,0.6551932719770186,False,True,2,False,403
ANKZF1,basal_to_goblet,viper,0.022169874348592637,3.0,0.8930698366862924,False,True,3,False,404
ZNF844,basal_to_goblet,viper,0.0037763293710015313,2.0,0.7138742630637527,False,True,2,False,405
SMAD9,basal_to_goblet,viper,-0.004509117997237355,3.0,0.788257282174176,False,True,3,False,406
LTF,basal_to_goblet,viper,-0.017495279049669833,2.0,0.8508436608820837,False,True,2,False,407
PHF1,basal_to_goblet,viper,-0.018341879620330837,2.0,0.8997737114968167,False,True,2,False,408
TRERF1,basal_to_goblet,viper,-0.033128101123224354,3.0,0.8608364999344743,False,True,3,False,409
ZBTB21,basal_to_goblet,viper,-0.05432142623834035,2.0,0.49790901710120483,False,True,2,False,410
IKZF4,basal_to_goblet,viper,-0.05637586980485214,3.0,0.8825178386781299,False,True,3,False,411
ZNF83,basal_to_goblet,viper,-0.06576314915188797,4.0,0.7193325953812629,True,True,4,True,412
WIZ,basal_to_goblet,viper,-0.0924360818634703,3.0,0.6927232753255362,False,True,3,False,413
ZSCAN30,basal_to_goblet,viper,-0.09429431367450838,2.0,0.8953932699255375,False,True,2,False,414
MECP2,basal_to_goblet,viper,-0.09960831738810455,3.0,0.7864972106922187,False,True,3,False,415
ZNF717,basal_to_goblet,viper,-0.10489916401566964,3.0,0.4001871802492027,False,True,3,False,416
ZNF132,basal_to_goblet,viper,-0.11757263149986015,3.0,0.5402416453052656,False,True,3,False,417
KLF12,basal_to_goblet,viper,-0.13379256124663855,3.0,0.8865530736457483,False,True,3,False,418
ZNF626,basal_to_goblet,viper,-0.14324551211516195,3.0,0.7600571700533971,False,True,3,False,419
ZNF268,basal_to_goblet,viper,-0.1474932715777892,3.0,0.7626589378784384,False,True,3,False,420
ZXDB,basal_to_goblet,viper,-0.17174523860396704,3.0,0.6349647156542706,False,True,3,False,421
ZNF585B,basal_to_goblet,viper,-0.18272525563547387,3.0,0.7132915426744514,False,True,3,False,422
ZNF468,basal_to_goblet,viper,-0.20749360500587524,3.0,0.6349390257220575,False,True,3,False,423
NR4A2,basal_to_goblet,viper,-0.24048597142667988,4.0,0.7090323810102601,True,False,4,False,424
MYSM1,basal_to_goblet,viper,-0.24361796225226517,3.0,0.8073451714778306,False,True,3,False,425
ELF2,basal_to_goblet,viper,-0.2548814880800689,3.0,0.8962843824492004,False,True,3,False,426
PRDM1,basal_to_goblet,viper,-0.2643641789452972,5.0,0.5552465893683568,True,True,5,True,427
ZNF544,basal_to_goblet,viper,-0.27229457104806426,3.0,0.6402040816558258,False,True,3,False,428
RARA,basal_to_goblet,viper,-0.273102244688965,5.0,0.7454908143721781,True,True,5,True,429
ZBTB14,basal_to_goblet,viper,-0.28549998378985925,2.0,0.7716798732635757,False,True,2,False,430
ZNF562,basal_to_goblet,viper,-0.2974993257539879,3.0,0.8702219878323585,False,True,3,False,431
ZFP90,basal_to_goblet,viper,-0.3006831491140142,3.0,0.8286199486922263,False,True,3,False,432
ZNF484,basal_to_goblet,viper,-0.3120784737998479,3.0,0.5865832834385687,False,True,3,False,433
ZNF782,basal_to_goblet,viper,-0.3207767873746855,3.0,0.7149288252746698,False,True,3,False,434
SIX3,basal_to_goblet,viper,-0.322739444711277,3.0,0.8407798131118872,False,True,3,False,435
DACH1,basal_to_goblet,viper,-0.3444426308841059,3.0,0.882689359292254,True,False,3,False,436
ASH1L,basal_to_goblet,viper,-0.35581332410875277,3.0,0.6358153025647244,False,True,3,False,437
ZNF627,basal_to_goblet,viper,-0.370117217762752,3.0,0.6174554154420707,False,True,3,False,438
NRF1,basal_to_goblet,viper,-0.38596233916166006,5.0,0.6272476939337429,True,False,5,False,439
TBX22,basal_to_goblet,viper,-0.3864059972145489,3.0,0.5461494238063818,False,True,3,False,440
GATAD2B,basal_to_goblet,viper,-0.394713507556029,3.0,0.6890562074961681,False,True,3,False,441
ATF6B,basal_to_goblet,viper,-0.3980246679212742,2.0,0.8779131095834103,False,True,2,False,442
ZNF200,basal_to_goblet,viper,-0.3984888550554111,3.0,0.8675795359556108,False,True,3,False,443
THRA,basal_to_goblet,viper,-0.4001468245669989,4.0,0.5112267631338828,False,True,4,False,444
OLIG1,basal_to_goblet,viper,-0.4153631207089478,3.0,0.5751408365702011,False,True,3,False,445
ZNF431,basal_to_goblet,viper,-0.42203993593683,3.0,0.6853790772191027,False,True,3,False,446
GTF2IRD2,basal_to_goblet,viper,-0.44339469133893283,3.0,0.6264673527379475,False,True,3,False,447
NR1D2,basal_to_goblet,viper,-0.45950190592544615,3.0,0.49483217241888533,False,True,3,False,448
ZNF470,basal_to_goblet,viper,-0.4597321678935962,3.0,0.6718143725578098,False,True,3,False,449
ZNF302,basal_to_goblet,viper,-0.46891595989858426,3.0,0.880221876319319,False,False,3,False,450
ZNF175,basal_to_goblet,viper,-0.48323106554715745,4.0,0.7138742630637527,True,True,4,True,451
ATMIN,basal_to_goblet,viper,-0.48938070662134353,3.0,0.3989769023358697,False,True,3,False,452
ZNF157,basal_to_goblet,viper,-0.4973587930826711,3.0,0.738875918160565,False,True,3,False,453
ZNF397,basal_to_goblet,viper,-0.4981354390288353,2.0,0.7742533105394195,False,True,2,False,454
TBPL1,basal_to_goblet,viper,-0.4988896038686197,2.0,0.3307925047149149,False,True,2,False,455
HES4,basal_to_goblet,viper,-0.507970240421312,3.0,0.7068381914074602,False,True,3,False,456
REL,basal_to_goblet,viper,-0.5092123433678749,3.0,0.8106951581384829,False,True,3,False,457
ZNF514,basal_to_goblet,viper,-0.5138382841010132,3.0,0.8049540803452834,False,True,3,False,458
ZNF594,basal_to_goblet,viper,-0.5339690948840075,3.0,0.715599089471392,False,True,3,False,459
FAM170A,basal_to_goblet,viper,-0.538236824256711,3.0,0.4855332107565692,False,True,3,False,460
ZNF606,basal_to_goblet,viper,-0.5397073170738561,3.0,0.8049540803452834,False,True,3,False,461
ZNF654,basal_to_goblet,viper,-0.5536255064880456,3.0,0.5448792441375804,False,True,3,False,462
ZNF384,basal_to_goblet,viper,-0.5540053756553869,5.0,0.6064242527948963,True,True,5,True,463
ZNF596,basal_to_goblet,viper,-0.5552931491144032,3.0,0.7222248220211223,False,True,3,False,464
ZNF619,basal_to_goblet,viper,-0.5587050295133077,3.0,0.7406026446311248,False,True,3,False,465
ZNF597,basal_to_goblet,viper,-0.5692545242469652,3.0,0.6745069054797782,False,True,3,False,466
TCFL5,basal_to_goblet,viper,-0.5743900718115363,3.0,0.568646968895661,False,True,3,False,467
ZNF814,basal_to_goblet,viper,-0.5863747929291633,2.0,0.821748472651316,False,False,2,False,468
CPEB1,basal_to_goblet,viper,-0.6102487896292291,2.0,0.803511949742988,False,False,2,False,469
ZNF761,basal_to_goblet,viper,-0.6105999675968768,3.0,0.7949361407595507,False,True,3,False,470
ZNF701,basal_to_goblet,viper,-0.610998731660848,3.0,0.6228108117792202,False,True,3,False,471
NPAS1,basal_to_goblet,viper,-0.6132669915002862,3.0,0.8407798131118872,False,False,3,False,472
ZNF658,basal_to_goblet,viper,-0.6286577120838532,2.0,0.7463842679351718,False,False,2,False,473
ZFP41,basal_to_goblet,viper,-0.6328312804093567,3.0,0.688704595598092,False,True,3,False,474
ZNF507,basal_to_goblet,viper,-0.6439527097128512,3.0,0.4442586508822973,False,True,3,False,475
THAP8,basal_to_goblet,viper,-0.6559002815809309,3.0,0.49028459844294653,False,True,3,False,476
ZBTB17,basal_to_goblet,viper,-0.6568441416962068,3.0,0.3709348022586737,False,True,3,False,477
HINFP,basal_to_goblet,viper,-0.660099893628467,3.0,0.7963524084172479,False,True,3,False,478
DPF1,basal_to_goblet,viper,-0.669444512080559,3.0,0.7811073034521022,False,False,3,False,479
FOXR1,basal_to_goblet,viper,-0.6755292211474253,3.0,0.6985689940449408,False,True,3,False,480
ZNF213,basal_to_goblet,viper,-0.6796215688219478,3.0,0.6702032733975487,False,True,3,False,481
ZNF630,basal_to_goblet,viper,-0.6874091260053065,2.0,0.7223324472051189,False,True,2,False,482
TCF20,basal_to_goblet,viper,-0.6988385867505829,3.0,0.39386356408480006,False,True,3,False,483
ZNF682,basal_to_goblet,viper,-0.7013947597485227,3.0,0.8035613566693018,False,False,3,False,484
ZNF506,basal_to_goblet,viper,-0.7037512049319835,3.0,0.7693019349561823,False,True,3,False,485
ZNF783,basal_to_goblet,viper,-0.7232600845421701,3.0,0.7041211854512295,False,True,3,False,486
POU6F1,basal_to_goblet,viper,-0.73929143225889,3.0,0.7036037699989947,False,True,3,False,487
ZNF785,basal_to_goblet,viper,-0.7409395393367879,2.0,0.7222248220211223,False,True,2,False,488
ZNF197,basal_to_goblet,viper,-0.7497647827542147,4.0,0.5696820458663847,False,True,4,False,489
ZNF48,basal_to_goblet,viper,-0.7562116410137312,3.0,0.698975746838969,False,True,3,False,490
THAP7,basal_to_goblet,viper,-0.7774913862445348,3.0,0.6406194848284943,False,True,3,False,491
VEZF1,basal_to_goblet,viper,-0.7787259296803419,3.0,0.752567475995606,False,False,3,False,492
ZNF441,basal_to_goblet,viper,-0.785063765049862,3.0,0.6718143725578098,False,True,3,False,493
ESR2,basal_to_goblet,viper,-0.7869717052119297,5.0,0.7215571276732284,False,True,5,False,494
ZNF404,basal_to_goblet,viper,-0.8034530838060355,3.0,0.742164640563078,False,True,3,False,495
BARX2,basal_to_goblet,viper,-0.8091251219671407,3.0,0.7014275951694032,False,True,3,False,496
ZNF490,basal_to_goblet,viper,-0.8129105597251669,3.0,0.710623979002451,False,True,3,False,497
ZNF479,basal_to_goblet,viper,-0.8158354063553691,3.0,0.7162397591678806,False,False,3,False,498
ZNF266,basal_to_goblet,viper,-0.8206380630549284,3.0,0.715599089471392,False,True,3,False,499
ZBTB7C,basal_to_goblet,viper,-0.8352160125218959,3.0,0.12155785350077346,False,True,3,False,500
ZNF585A,basal_to_goblet,viper,-0.8498817893223308,3.0,0.6014311597982528,False,True,3,False,501
ZNF772,basal_to_goblet,viper,-0.8521381280166925,3.0,0.536642881489423,False,True,3,False,502
ARID5A,basal_to_goblet,viper,-0.8568028682940619,2.0,0.6913339767052801,False,False,2,False,503
TFEC,basal_to_goblet,viper,-0.8578811925779714,3.0,0.7470611552608952,False,False,3,False,504
ZNF419,basal_to_goblet,viper,-0.8579127084833763,3.0,0.7678128967525597,False,False,3,False,505
ZBTB11,basal_to_goblet,viper,-0.8636206280190366,4.0,0.4219317397039913,True,True,4,True,506
ZNF428,basal_to_goblet,viper,-0.8676282791142983,3.0,0.7463842679351718,False,False,3,False,507
KLF15,basal_to_goblet,viper,-0.869873898853355,3.0,0.6632006520226532,False,False,3,False,508
TBX19,basal_to_goblet,viper,-0.8970403172067927,3.0,0.46801230748746164,False,True,3,False,509
NR2C1,basal_to_goblet,viper,-0.8983752569778685,3.0,0.47922273544639293,False,True,3,False,510
PEG3,basal_to_goblet,viper,-0.9008005151560206,2.0,0.7041211854512295,False,False,2,False,511
ZNF320,basal_to_goblet,viper,-0.9151835709773511,3.0,0.715599089471392,False,False,3,False,512
ZNF334,basal_to_goblet,viper,-0.9175602260769161,3.0,0.7448610830032827,False,False,3,False,513
FOXN4,basal_to_goblet,viper,-0.9506719463328096,3.0,0.20050926475019767,False,True,3,False,514
RXRB,basal_to_goblet,viper,-0.960763753824279,3.0,0.5104088005026874,False,True,3,False,515
ZNF426,basal_to_goblet,viper,-0.9648227708151863,3.0,0.6698205571812036,False,True,3,False,516
ZNF718,basal_to_goblet,viper,-0.9789494781270776,3.0,0.6852483288505903,False,True,3,False,517
ZNF425,basal_to_goblet,viper,-0.983983928975502,3.0,0.6669350258709389,False,False,3,False,518
MEIS2,basal_to_goblet,viper,-0.9949589277312709,4.0,0.46338139459973793,True,False,4,False,519
ZNF536,basal_to_goblet,viper,-1.0468074281081132,3.0,0.6699751736867574,False,False,3,False,520
GATAD2A,basal_to_goblet,viper,-1.0475747742787214,3.0,0.41653498982023074,False,True,3,False,521
KAT7,basal_to_goblet,viper,-1.055470424635104,2.0,0.6358153025647244,False,False,2,False,522
CENPX,basal_to_goblet,viper,-1.0681480431419095,1.0,0.503587842515791,False,False,1,False,523
MKX,basal_to_goblet,viper,-1.0701666814975943,3.0,0.6920242629135435,False,False,3,False,524
TERB1,basal_to_goblet,viper,-1.070885330263776,2.0,0.6691427444053888,False,False,2,False,525
ZNF852,basal_to_goblet,viper,-1.0767996208675896,2.0,0.6142379104215414,False,True,2,False,526
ZNF12,basal_to_goblet,viper,-1.0804593202901145,3.0,0.50386364973673,False,True,3,False,527
MBD3,basal_to_goblet,viper,-1.0818483045899927,4.0,0.2163597949564729,True,True,4,True,528
HOXC4,basal_to_goblet,viper,-1.0891812166467716,3.0,0.4691033262618964,False,True,3,False,529
IKZF5,basal_to_goblet,viper,-1.0892191459364602,3.0,0.6575418891515149,False,False,3,False,530
ZGLP1,basal_to_goblet,viper,-1.0963149957759464,2.0,0.6070150061283842,False,False,2,False,531
TFEB,basal_to_goblet,viper,-1.0964623901673285,4.0,0.40792623568633984,False,True,4,False,532
SCML4,basal_to_goblet,viper,-1.0966270016695656,3.0,0.5192045398726526,False,True,3,False,533
KLF17,basal_to_goblet,viper,-1.0993990221985694,3.0,0.5254074425516292,False,True,3,False,534
POU2F1,basal_to_goblet,viper,-1.1060289060494493,4.0,0.5250498114221995,True,False,4,False,535
DNTTIP1,basal_to_goblet,viper,-1.1213177207738947,2.0,0.547756722375631,False,True,2,False,536
KMT2A,basal_to_goblet,viper,-1.133686940488757,3.0,0.6643616727699767,True,False,3,False,537
OLIG2,basal_to_goblet,viper,-1.1401120661004613,4.0,0.6027114939195128,False,False,4,False,538
ZNF765,basal_to_goblet,viper,-1.1438384152636043,3.0,0.2853667348186488,False,True,3,False,539
ZBTB45,basal_to_goblet,viper,-1.1527627037899715,3.0,0.5552465893683568,False,True,3,False,540
ZNF415,basal_to_goblet,viper,-1.153335516832121,3.0,0.6246496338359672,False,True,3,False,541
STAT4,basal_to_goblet,viper,-1.154809758147148,4.0,0.23731558806985506,False,True,4,False,542
ZNF705D,basal_to_goblet,viper,-1.158451698422867,1.0,0.4067785566986219,False,False,1,False,543
MNT,basal_to_goblet,viper,-1.1598116675285097,4.0,0.6155128845863064,False,True,4,False,544
ZNF483,basal_to_goblet,viper,-1.1621122790887393,3.0,0.4774274961605207,False,True,3,False,545
ZNF616,basal_to_goblet,viper,-1.1625849091159612,3.0,0.59755841552272,False,False,3,False,546
ZNF518A,basal_to_goblet,viper,-1.1671454015073681,3.0,0.6808769885190327,False,False,3,False,547
GLI4,basal_to_goblet,viper,-1.1765976521346668,2.0,0.5402416453052656,False,False,2,False,548
ZNF721,basal_to_goblet,viper,-1.1792791709043222,3.0,0.5398655879031763,False,False,3,False,549
TBP,basal_to_goblet,viper,-1.195768412896509,5.0,0.5780976798792656,False,True,5,False,550
ZNF655,basal_to_goblet,viper,-1.1992456826087825,3.0,0.5109874922645581,False,True,3,False,551
GPBP1,basal_to_goblet,viper,-1.2019772447702697,2.0,0.5472280071715441,False,False,2,False,552
FOXK2,basal_to_goblet,viper,-1.206565169606335,4.0,0.5339383639751948,True,True,4,True,553
ZNF410,basal_to_goblet,viper,-1.2074582160173803,3.0,0.59755841552272,False,False,3,False,554
ZSCAN25,basal_to_goblet,viper,-1.2077960855352514,2.0,0.5402416453052656,False,False,2,False,555
MTERF2,basal_to_goblet,viper,-1.21542590472641,2.0,0.5465578774940174,False,False,2,False,556
ZNF554,basal_to_goblet,viper,-1.2233905448920237,3.0,0.5958412895543461,False,False,3,False,557
ZHX3,basal_to_goblet,viper,-1.2240633293005236,3.0,0.5967619918809378,False,True,3,False,558
SPEN,basal_to_goblet,viper,-1.2256092184151095,2.0,0.5318268977699724,False,False,2,False,559
ZNF789,basal_to_goblet,viper,-1.2279933816118462,3.0,0.5768545475657936,False,False,3,False,560
SON,basal_to_goblet,viper,-1.2323752151077694,2.0,0.5182294025084436,False,False,2,False,561
MYPOP,basal_to_goblet,viper,-1.2372641819011225,2.0,0.5588942860614294,False,False,2,False,562
ZFP30,basal_to_goblet,viper,-1.2536770524166128,3.0,0.5696820458663847,False,True,3,False,563
ZNF461,basal_to_goblet,viper,-1.255721751702748,3.0,0.5810821303679123,False,False,3,False,564
ZNF160,basal_to_goblet,viper,-1.2737975052640982,3.0,0.5402416453052656,False,True,3,False,565
ZSCAN22,basal_to_goblet,viper,-1.2740457130120892,3.0,0.5472280071715441,False,True,3,False,566
ZNF683,basal_to_goblet,viper,-1.2764814767183894,3.0,0.6100084845721586,False,False,3,False,567
SIX1,basal_to_goblet,viper,-1.2807417297031094,3.0,0.5398655879031763,False,False,3,False,568
HSF2,basal_to_goblet,viper,-1.2935352297551765,3.0,0.6120237255372325,False,False,3,False,569
NFYA,basal_to_goblet,viper,-1.2959915899873795,5.0,0.15215077873356825,True,True,5,True,570
GABPA,basal_to_goblet,viper,-1.2965883477329914,6.0,0.39308825962376664,True,False,6,False,571
PHF20,basal_to_goblet,viper,-1.3051163211108483,3.0,0.5812350622375302,False,False,3,False,572
ZNF248,basal_to_goblet,viper,-1.3052431489843106,3.0,0.6380913790524662,False,False,3,False,573
ZKSCAN3,basal_to_goblet,viper,-1.3070376686839196,3.0,0.5799616938199451,False,True,3,False,574
HAND2,basal_to_goblet,viper,-1.3079834754111728,3.0,0.5891004732343892,False,False,3,False,575
ZNF260,basal_to_goblet,viper,-1.3145564334721176,3.0,0.6377495143478029,False,True,3,False,576
ZNF454,basal_to_goblet,viper,-1.329908751938167,3.0,0.30529384475784566,False,True,3,False,577
NFE4,basal_to_goblet,viper,-1.3340706927917156,1.0,0.37916669688984467,False,False,1,False,578
HEY1,basal_to_goblet,viper,-1.3346281750435531,3.0,0.4857444889229908,False,False,3,False,579
ZNF671,basal_to_goblet,viper,-1.3390730233353876,3.0,0.628156505039065,False,False,3,False,580
NFATC3,basal_to_goblet,viper,-1.3412410825027277,3.0,0.6065524013765485,False,False,3,False,581
ZNF211,basal_to_goblet,viper,-1.357303092021778,3.0,0.6247070119077588,False,False,3,False,582
ZNF253,basal_to_goblet,viper,-1.3643697593387283,3.0,0.6302543046983917,False,False,3,False,583
ZNF154,basal_to_goblet,viper,-1.3730734469623835,3.0,0.44234731017765433,False,False,3,False,584
ZNF234,basal_to_goblet,viper,-1.3816439443529651,3.0,0.43914752253153355,False,True,3,False,585
ZNF251,basal_to_goblet,viper,-1.3833090166652366,3.0,0.503587842515791,False,False,3,False,586
ZNF98,basal_to_goblet,viper,-1.3911079566147182,3.0,0.5553178937323293,False,False,3,False,587
FOXC1,basal_to_goblet,viper,-1.4221818937745285,3.0,0.43134412173579734,False,False,3,False,588
SOX13,basal_to_goblet,viper,-1.4240636834320624,4.0,0.21958534351559258,False,True,4,False,589
ZBED5,basal_to_goblet,viper,-1.4405049138054948,2.0,0.4319765501129859,False,False,2,False,590
ZSCAN31,basal_to_goblet,viper,-1.4458954889367954,2.0,0.424226803347479,False,False,2,False,591
MSANTD4,basal_to_goblet,viper,-1.4542456585178853,2.0,0.533416396755973,False,False,2,False,592
NR1I2,basal_to_goblet,viper,-1.4552594931106893,4.0,0.46415256577629593,False,True,4,False,593
SKIL,basal_to_goblet,viper,-1.456126609290316,3.0,0.5503797470530412,False,False,3,False,594
HNF4A,basal_to_goblet,viper,-1.4692781597815792,6.0,0.4948397447491511,False,True,6,False,595
LHX9,basal_to_goblet,viper,-1.4756132240388298,3.0,0.47188527509961925,False,False,3,False,596
ZNF225,basal_to_goblet,viper,-1.4770841010401095,2.0,0.42784322668658104,False,False,2,False,597
SALL4,basal_to_goblet,viper,-1.4848031844999199,4.0,0.27491448830003956,False,True,4,False,598
IKZF3,basal_to_goblet,viper,-1.4908302588603326,3.0,0.47648719742315826,False,False,3,False,599
FOXB1,basal_to_goblet,viper,-1.491209284682701,3.0,0.41036795924345476,False,False,3,False,600
SREBF1,basal_to_goblet,viper,-1.5031560371946837,6.0,0.19484319997750715,False,True,6,False,601
DMTF1,basal_to_goblet,viper,-1.5051623987136726,3.0,0.45292029433418507,False,False,3,False,602
ZNF280D,basal_to_goblet,viper,-1.5070075188535141,3.0,0.2593169125058017,False,True,3,False,603
ZNF790,basal_to_goblet,viper,-1.515353481903114,3.0,0.4665714316699953,False,False,3,False,604
SOX12,basal_to_goblet,viper,-1.5261354276292856,3.0,0.44097325852348135,False,False,3,False,605
FOXD1,basal_to_goblet,viper,-1.53177553068493,2.0,0.46913255126775083,False,False,2,False,606
ZNF784,basal_to_goblet,viper,-1.533876248107346,3.0,0.41525957622343723,False,True,3,False,607
MSANTD1,basal_to_goblet,viper,-1.5348832724870727,2.0,0.47377709978178223,False,False,2,False,608
ZNF500,basal_to_goblet,viper,-1.5392821509997225,3.0,0.41799014579054117,False,True,3,False,609
ZBTB25,basal_to_goblet,viper,-1.5432499325555844,3.0,0.47458526955676056,False,True,3,False,610
ZNF727,basal_to_goblet,viper,-1.5547749248162315,2.0,0.38259202406229975,False,False,2,False,611
NR4A3,basal_to_goblet,viper,-1.5652155083930461,3.0,0.4004847515151309,False,False,3,False,612
ZNF568,basal_to_goblet,viper,-1.5898079179260747,3.0,0.41525957622343723,False,False,3,False,613
NFKB2,basal_to_goblet,viper,-1.5969832636500971,4.0,0.4519753768410905,False,True,4,False,614
BBX,basal_to_goblet,viper,-1.5981146664097834,3.0,0.46801230748746164,False,False,3,False,615
GMEB1,basal_to_goblet,viper,-1.6111597370818265,3.0,0.34712674895296247,False,True,3,False,616
ZEB2,basal_to_goblet,viper,-1.6288203883117498,4.0,0.3279354146202326,False,True,4,False,617
ZNF705G,basal_to_goblet,viper,-1.628931221087573,2.0,0.4229160457148373,False,False,2,False,618
ZNF99,basal_to_goblet,viper,-1.6311983301677042,3.0,0.4569126837404071,False,False,3,False,619
NFXL1,basal_to_goblet,viper,-1.6337384903339898,3.0,0.4490744226309428,False,False,3,False,620
ZNF791,basal_to_goblet,viper,-1.6349240808771177,3.0,0.48322069236076187,False,True,3,False,621
CSRNP1,basal_to_goblet,viper,-1.6350929143703796,2.0,0.3809470310696212,False,False,2,False,622
ZNF292,basal_to_goblet,viper,-1.6384865425095798,3.0,0.46546708368629575,False,True,3,False,623
HOXA6,basal_to_goblet,viper,-1.6386567154378762,3.0,0.48006743484613873,False,False,3,False,624
ZNF557,basal_to_goblet,viper,-1.6467432607691024,3.0,0.5042771675908769,False,False,3,False,625
ZNF337,basal_to_goblet,viper,-1.6507706170245058,3.0,0.35001565963310255,False,False,3,False,626
THAP6,basal_to_goblet,viper,-1.6584286756665847,3.0,0.3785291551327137,False,True,3,False,627
KDM2B,basal_to_goblet,viper,-1.66562875342188,2.0,0.3975204351568319,False,True,2,False,628
ZNF333,basal_to_goblet,viper,-1.6660537831029512,3.0,0.41616022439799244,False,False,3,False,629
ZNF345,basal_to_goblet,viper,-1.6719191922063108,3.0,0.39022291228361095,False,False,3,False,630
ZNF285,basal_to_goblet,viper,-1.6762919735385653,2.0,0.3352206972801469,False,False,2,False,631
ZNF534,basal_to_goblet,viper,-1.694242607882907,2.0,0.4021835631688887,False,False,2,False,632
ZNF222,basal_to_goblet,viper,-1.695808135385757,3.0,0.4948246206525785,False,False,3,False,633
ZNF625,basal_to_goblet,viper,-1.7081103646156683,3.0,0.1976700549162074,False,True,3,False,634
ZNF395,basal_to_goblet,viper,-1.710335855724735,3.0,0.3348801311820276,False,False,3,False,635
ZNF358,basal_to_goblet,viper,-1.711762795782347,3.0,0.36239974312534506,False,False,3,False,636
SMYD3,basal_to_goblet,viper,-1.7191328899352447,2.0,0.3598739776210115,False,False,2,False,637
KLF6,basal_to_goblet,viper,-1.71959518916388,4.0,0.44157630762528116,True,False,4,False,638
SAFB2,basal_to_goblet,viper,-1.720276202781392,2.0,0.3404949730512676,False,False,2,False,639
ZNF235,basal_to_goblet,viper,-1.720447231095745,3.0,0.41616022439799244,False,False,3,False,640
POU6F2,basal_to_goblet,viper,-1.7219099652846477,3.0,0.23255643364557285,False,True,3,False,641
JRKL,basal_to_goblet,viper,-1.7251702372681816,3.0,0.22250228775555655,False,True,3,False,642
ZNF75A,basal_to_goblet,viper,-1.7285500113379326,3.0,0.5293960337797992,False,False,3,False,643
ZNF816,basal_to_goblet,viper,-1.7322704663535906,2.0,0.3280385834004333,False,False,2,False,644
ZNF451,basal_to_goblet,viper,-1.7377738201148931,3.0,0.50386364973673,False,True,3,False,645
ZNF486,basal_to_goblet,viper,-1.7384597661915047,3.0,0.35621709308699206,False,False,3,False,646
CREBZF,basal_to_goblet,viper,-1.7508927130284977,3.0,0.39074466348958237,False,True,3,False,647
ZNF829,basal_to_goblet,viper,-1.7554752384199521,3.0,0.3532435202361932,False,False,3,False,648
CARF,basal_to_goblet,viper,-1.7644468610588586,2.0,0.4143565735499264,False,True,2,False,649
RFX7,basal_to_goblet,viper,-1.7721613059258174,3.0,0.38189719878322426,False,False,3,False,650
ZNF577,basal_to_goblet,viper,-1.780556485338496,3.0,0.42610301162727826,False,False,3,False,651
ZNF831,basal_to_goblet,viper,-1.7910774338672157,3.0,0.45340674401907904,False,False,3,False,652
ZFP2,basal_to_goblet,viper,-1.793959093593376,3.0,0.3838114216315429,False,False,3,False,653
MSX2,basal_to_goblet,viper,-1.7948073880817266,3.0,0.4073416466698598,False,False,3,False,654
ZBTB26,basal_to_goblet,viper,-1.7956874013825754,3.0,0.2526936177561513,False,True,3,False,655
ZNF318,basal_to_goblet,viper,-1.8045030343102275,4.0,0.12155785350077346,True,True,4,True,656
ZNF155,basal_to_goblet,viper,-1.8156566942323462,3.0,0.4774274961605207,False,False,3,False,657
ZNF469,basal_to_goblet,viper,-1.8158598163976252,2.0,0.3972691595926725,False,False,2,False,658
ZNF284,basal_to_goblet,viper,-1.827496542929806,3.0,0.3717067150308331,False,False,3,False,659
GATA5,basal_to_goblet,viper,-1.8394898640264128,3.0,0.428521756264688,False,True,3,False,660
DLX4,basal_to_goblet,viper,-1.8402170739193082,3.0,0.40524815799593283,False,False,3,False,661
ZNF304,basal_to_goblet,viper,-1.851133507067455,3.0,0.4196477920459762,False,False,3,False,662
GLI2,basal_to_goblet,viper,-1.8520234893743963,3.0,0.19487196281844799,False,True,3,False,663
MTERF4,basal_to_goblet,viper,-1.856893748242293,2.0,0.36648602072424513,False,False,2,False,664
NFATC1,basal_to_goblet,viper,-1.895529454152796,5.0,0.47067174122281763,False,True,5,False,665
VDR,basal_to_goblet,viper,-1.9008591873266425,5.0,0.1138446892013374,False,True,5,False,666
ELF1,basal_to_goblet,viper,-1.9019361383195128,5.0,0.26455387515271217,False,True,5,False,667
NFIL3,basal_to_goblet,viper,-1.903281795015985,3.0,0.26634532437172503,False,True,3,False,668
CXXC1,basal_to_goblet,viper,-1.912779220036936,3.0,0.40750712800116456,False,False,3,False,669
HMGN3,basal_to_goblet,viper,-1.9151012197349282,4.0,0.4477252665112673,False,False,4,False,670
EBF4,basal_to_goblet,viper,-1.9161575471707823,3.0,0.4001871802492027,False,False,3,False,671
TRPS1,basal_to_goblet,viper,-1.9246950743976163,3.0,0.02443082436697244,False,True,3,False,672
ZKSCAN2,basal_to_goblet,viper,-1.9248463840807635,3.0,0.40399044132914447,False,True,3,False,673
CAMTA2,basal_to_goblet,viper,-1.9279873747148852,3.0,0.25494313327975815,False,False,3,False,674
ARID3B,basal_to_goblet,viper,-1.9298339847260317,2.0,0.3135580601001505,False,True,2,False,675
ZNF584,basal_to_goblet,viper,-1.9371056591310303,4.0,0.09807857698234751,True,True,4,True,676
ZNF212,basal_to_goblet,viper,-1.9377653009575309,3.0,0.44117260066722647,False,False,3,False,677
ZNF347,basal_to_goblet,viper,-1.9394343513812826,3.0,0.366083248066926,False,True,3,False,678
MEF2C,basal_to_goblet,viper,-1.9439307013014386,5.0,0.3920480662177696,False,True,5,False,679
ZNF224,basal_to_goblet,viper,-1.9447206273458972,3.0,0.2908903188770289,False,False,3,False,680
EHF,basal_to_goblet,viper,-1.955925556465491,4.0,0.3453370795206028,False,True,4,False,681
L3MBTL4,basal_to_goblet,viper,-1.960437661458871,2.0,0.2673388913327759,False,False,2,False,682
BPTF,basal_to_goblet,viper,-1.9649289331873379,2.0,0.24244983610031834,False,False,2,False,683
DDIT3,basal_to_goblet,viper,-1.9667334421652625,3.0,0.30245873397487083,False,False,3,False,684
FLYWCH1,basal_to_goblet,viper,-1.968354661387662,2.0,0.2443575719892615,False,False,2,False,685
ZNF846,basal_to_goblet,viper,-1.9691314789759127,3.0,0.16244689957453673,False,True,3,False,686
RELA,basal_to_goblet,viper,-1.9751958488426886,6.0,0.23467354615368358,False,True,6,False,687
ZNF644,basal_to_goblet,viper,-1.9758124876459102,4.0,0.46009091861053764,False,False,4,False,688
ZNF317,basal_to_goblet,viper,-1.9794014398906294,3.0,0.42610301162727826,False,False,3,False,689
ZNF136,basal_to_goblet,viper,-1.9898428666144932,3.0,0.2778041376334965,False,True,3,False,690
HOXB1,basal_to_goblet,viper,-1.9968851790934725,3.0,0.41616022439799244,False,True,3,False,691
ZBTB44,basal_to_goblet,viper,-1.9997512940398914,3.0,0.3639378144585368,False,False,3,False,692
NME2,basal_to_goblet,viper,-2.0004303721937493,3.0,0.355561778685037,False,False,3,False,693
ZNF607,basal_to_goblet,viper,-2.006387709520181,3.0,0.3720676706647838,False,True,3,False,694
KLF13,basal_to_goblet,viper,-2.0072435160805484,4.0,0.21204399625982015,False,True,4,False,695
IRF8,basal_to_goblet,viper,-2.0107050669594244,4.0,0.29792151964860486,False,True,4,False,696
ZSCAN32,basal_to_goblet,viper,-2.0189586612193513,2.0,0.13614941789857218,False,True,2,False,697
ZFX,basal_to_goblet,viper,-2.0219820207725565,5.0,0.39992967570267035,False,True,5,False,698
ZNF550,basal_to_goblet,viper,-2.035790663079083,3.0,0.26992693004273144,False,False,3,False,699
FOXP2,basal_to_goblet,viper,-2.039163543610873,6.0,0.38754281932582,False,True,6,False,700
ZSCAN23,basal_to_goblet,viper,-2.0435349637650178,3.0,0.3296807274169181,False,False,3,False,701
ZNF749,basal_to_goblet,viper,-2.0455968468975843,3.0,0.2985616422706967,False,False,3,False,702
TCF7L2,basal_to_goblet,viper,-2.063983815443287,6.0,0.12487125036466225,True,False,6,False,703
ZFP82,basal_to_goblet,viper,-2.0714096095510963,3.0,0.2977932820802939,False,False,3,False,704
ZNF569,basal_to_goblet,viper,-2.0725370641931344,3.0,0.34235516378534664,False,False,3,False,705
ZNF283,basal_to_goblet,viper,-2.079337930077625,3.0,0.3197712564857792,False,True,3,False,706
HNF1A,basal_to_goblet,viper,-2.0897373043487932,3.0,0.2935093813768715,False,False,3,False,707
ZNF350,basal_to_goblet,viper,-2.0898498488018484,3.0,0.32752796725143424,False,False,3,False,708
ZNF880,basal_to_goblet,viper,-2.0921600154909745,2.0,0.19849895687838362,False,False,2,False,709
ZNF692,basal_to_goblet,viper,-2.1140434625976625,3.0,0.22184637907831903,False,False,3,False,710
ZNF775,basal_to_goblet,viper,-2.1192568412464836,3.0,0.2126802133027042,False,False,3,False,711
ZKSCAN5,basal_to_goblet,viper,-2.1236683916321093,3.0,0.32022632895243347,False,True,3,False,712
ZBTB49,basal_to_goblet,viper,-2.1264760629041835,2.0,0.26711729354596764,False,False,2,False,713
ZNF471,basal_to_goblet,viper,-2.1315216743686074,3.0,0.28397077359657585,False,True,3,False,714
HSF1,basal_to_goblet,viper,-2.1406066581142325,5.0,0.2073665055615712,False,True,5,False,715
SETDB2,basal_to_goblet,viper,-2.144425147666847,3.0,0.25901077853806803,False,False,3,False,716
CIC,basal_to_goblet,viper,-2.144755241535287,3.0,0.20725546239573617,False,True,3,False,717
MAFF,basal_to_goblet,viper,-2.1455519800007257,5.0,0.3986559157652851,False,False,5,False,718
NR1H2,basal_to_goblet,viper,-2.1470741838188054,4.0,0.2718916525090715,False,True,4,False,719
ZNF112,basal_to_goblet,viper,-2.1473421983752163,2.0,0.2145211290582053,False,False,2,False,720
SOX9,basal_to_goblet,viper,-2.15836072476734,5.0,0.1071476674374091,True,True,5,True,721
THYN1,basal_to_goblet,viper,-2.163010420328087,2.0,0.19962780476151293,False,False,2,False,722
ZNF571,basal_to_goblet,viper,-2.1655319336452767,3.0,0.257804717397277,False,False,3,False,723
TEF,basal_to_goblet,viper,-2.1665033621290344,3.0,0.20332079384011673,False,False,3,False,724
SNAPC2,basal_to_goblet,viper,-2.1739421376815273,2.0,0.17974921044402323,False,False,2,False,725
ZNF843,basal_to_goblet,viper,-2.178308363188503,3.0,0.2613708456785669,False,False,3,False,726
NR5A2,basal_to_goblet,viper,-2.1833651577792583,4.0,0.3756395760601567,False,True,4,False,727
GFI1,basal_to_goblet,viper,-2.1842048863758046,3.0,0.21792135631257195,False,False,3,False,728
ZNF141,basal_to_goblet,viper,-2.186385181896581,3.0,0.25901077853806803,False,True,3,False,729
DMRT3,basal_to_goblet,viper,-2.186892079448789,3.0,0.21183698694711853,False,False,3,False,730
ZNF205,basal_to_goblet,viper,-2.192309392140425,3.0,0.12273827130119407,False,True,3,False,731
ERF,basal_to_goblet,viper,-2.2010482315139424,3.0,0.2669403902400808,False,True,3,False,732
ZNF620,basal_to_goblet,viper,-2.201050474490984,3.0,0.2627021240655322,False,False,3,False,733
ZNF707,basal_to_goblet,viper,-2.2019953515467536,3.0,0.20725546239573617,False,False,3,False,734
ZNF580,basal_to_goblet,viper,-2.2022366988018436,3.0,0.21183698694711853,False,False,3,False,735
ZSCAN26,basal_to_goblet,viper,-2.2170376289516347,2.0,0.20677945056242558,False,False,2,False,736
ESRRA,basal_to_goblet,viper,-2.2207424874173554,5.0,0.07806785805803271,False,True,5,False,737
ZNF572,basal_to_goblet,viper,-2.222192461594239,3.0,0.29341832332825074,False,True,3,False,738
RHOXF1,basal_to_goblet,viper,-2.241814275072403,3.0,0.16914905366366786,False,True,3,False,739
ZNF133,basal_to_goblet,viper,-2.2514234851638313,3.0,0.2654619931260689,False,False,3,False,740
NANOGNB,basal_to_goblet,viper,-2.2522251605654513,2.0,0.1746440644265856,False,False,2,False,741
AHCTF1,basal_to_goblet,viper,-2.2566821390481264,3.0,0.19134270055690145,False,False,3,False,742
AHR,basal_to_goblet,viper,-2.2618066876530407,5.0,0.1524998712784064,True,True,5,True,743
ZNF496,basal_to_goblet,viper,-2.2678714394015187,3.0,0.26992693004273144,False,False,3,False,744
SPI1,basal_to_goblet,viper,-2.2786414656915293,6.0,0.3059781521470975,False,True,6,False,745
ZNF221,basal_to_goblet,viper,-2.28734860175029,3.0,0.22394826684714803,False,False,3,False,746
TTF1,basal_to_goblet,viper,-2.3020886458588623,2.0,0.18998409596912383,False,False,2,False,747
ZNF678,basal_to_goblet,viper,-2.3073405335595534,3.0,0.27566605183613263,False,False,3,False,748
ZNF570,basal_to_goblet,viper,-2.3125962621221263,3.0,0.1009817611230388,False,True,3,False,749
PKNOX1,basal_to_goblet,viper,-2.317346785623638,4.0,0.14057252826208122,False,True,4,False,750
AKAP8L,basal_to_goblet,viper,-2.3194907139162955,3.0,0.08200955101031489,False,True,3,False,751
ZNF583,basal_to_goblet,viper,-2.3277748111389838,3.0,0.1924332707627126,False,False,3,False,752
ZNF726,basal_to_goblet,viper,-2.3300408918974678,2.0,0.1608394232723409,False,False,2,False,753
ZNF879,basal_to_goblet,viper,-2.337194324250232,2.0,0.1846647285569306,False,False,2,False,754
KCNIP3,basal_to_goblet,viper,-2.3437559037285314,2.0,0.18853469889440372,False,False,2,False,755
PRDM5,basal_to_goblet,viper,-2.34708932614264,4.0,0.3012067267442962,False,False,4,False,756
FOXP1,basal_to_goblet,viper,-2.3502842645288298,5.0,0.31186638353635227,False,True,5,False,757
HIC2,basal_to_goblet,viper,-2.3668802806167313,3.0,0.21421129501451358,False,True,3,False,758
ZNF788P,basal_to_goblet,viper,-2.3711999236076235,3.0,0.1540746652235802,False,False,3,False,759
ZNF559,basal_to_goblet,viper,-2.373704358094656,3.0,0.1886331001353336,False,False,3,False,760
ZNF561,basal_to_goblet,viper,-2.37850468867089,3.0,0.24115276927804596,False,False,3,False,761
ZNF414,basal_to_goblet,viper,-2.3901878324188495,3.0,0.2552853946571613,False,False,3,False,762
ST18,basal_to_goblet,viper,-2.3921562055702106,3.0,0.14530001124571998,False,False,3,False,763
ZNF41,basal_to_goblet,viper,-2.3941876058195657,3.0,0.1804979154106811,False,False,3,False,764
CGGBP1,basal_to_goblet,viper,-2.395271852661909,2.0,0.1300291582126751,False,False,2,False,765
ZFP62,basal_to_goblet,viper,-2.4000023631417284,3.0,0.21421129501451358,False,False,3,False,766
ZNF408,basal_to_goblet,viper,-2.4073356192354614,3.0,0.18381642646298849,False,False,3,False,767
FOXN3,basal_to_goblet,viper,-2.4109499229573896,3.0,0.25982482808953966,False,False,3,False,768
ATF2,basal_to_goblet,viper,-2.4164665414258892,5.0,0.20583435062009087,False,True,5,False,769
ZNF615,basal_to_goblet,viper,-2.435584221340191,3.0,0.2547631472134839,False,False,3,False,770
ZNF623,basal_to_goblet,viper,-2.437457498408806,3.0,0.18328533163734992,False,False,3,False,771
SOX21,basal_to_goblet,viper,-2.445173501414692,3.0,0.18633212098850122,False,False,3,False,772
EEA1,basal_to_goblet,viper,-2.4500757811540814,3.0,0.22490984211620071,False,True,3,False,773
NR2E3,basal_to_goblet,viper,-2.4535560846578677,2.0,0.12750003500817428,False,True,2,False,774
HSFX1,basal_to_goblet,viper,-2.454358584331447,2.0,0.11946312571175405,False,False,2,False,775
ZNF676,basal_to_goblet,viper,-2.4550260479954145,3.0,0.17559598922998168,False,False,3,False,776
ZNF614,basal_to_goblet,viper,-2.4573767913644877,2.0,0.1337488950858578,False,False,2,False,777
ZNF287,basal_to_goblet,viper,-2.4772550066513612,3.0,0.1607376061639075,False,True,3,False,778
TIGD5,basal_to_goblet,viper,-2.479982311580249,3.0,0.18610340460347585,False,False,3,False,779
PBX2,basal_to_goblet,viper,-2.4839769136861305,4.0,0.26295409522079216,False,True,4,False,780
ZNF850,basal_to_goblet,viper,-2.4975529237404444,2.0,0.11115253828730644,False,False,2,False,781
ZBTB8B,basal_to_goblet,viper,-2.5028594815060847,2.0,0.1384074511080095,False,False,2,False,782
TERF2,basal_to_goblet,viper,-2.5157976296599465,4.0,0.12487125036466225,True,False,4,False,783
ZNF527,basal_to_goblet,viper,-2.5184400964779616,3.0,0.25059417324979294,False,True,3,False,784
NR4A1,basal_to_goblet,viper,-2.521181160144352,4.0,0.23081412553232417,False,False,4,False,785
ZNF608,basal_to_goblet,viper,-2.525185907326235,3.0,0.1171279113266085,False,False,3,False,786
ZNF331,basal_to_goblet,viper,-2.536922912606594,3.0,0.1275175395513747,False,False,3,False,787
ATOH8,basal_to_goblet,viper,-2.5389077093376153,3.0,0.23649275904849992,False,False,3,False,788
HOXA3,basal_to_goblet,viper,-2.5395482631408166,3.0,0.15026867334012597,False,False,3,False,789
SETBP1,basal_to_goblet,viper,-2.543041206256585,3.0,0.23649275904849992,False,False,3,False,790
ZNF322,basal_to_goblet,viper,-2.5444452687290933,2.0,0.13089045167749072,False,False,2,False,791
ZNF14,basal_to_goblet,viper,-2.544834299511744,3.0,0.18381642646298849,False,False,3,False,792
RAX2,basal_to_goblet,viper,-2.5450174374487475,3.0,0.15187577274701092,False,False,3,False,793
SHOX,basal_to_goblet,viper,-2.5489190514769287,3.0,0.1976700549162074,False,False,3,False,794
ZNF805,basal_to_goblet,viper,-2.5549522496348533,3.0,0.0342874632636378,False,True,3,False,795
SKI,basal_to_goblet,viper,-2.557834545291174,2.0,0.10476098686411713,False,False,2,False,796
DPRX,basal_to_goblet,viper,-2.570317574601556,3.0,0.2371373613468828,False,False,3,False,797
SETDB1,basal_to_goblet,viper,-2.5770607164133046,6.0,0.2375161432656208,True,True,6,True,798
TIGD7,basal_to_goblet,viper,-2.582164027624443,3.0,0.18853469889440372,False,False,3,False,799
SP3,basal_to_goblet,viper,-2.5917917976385856,3.0,0.09823752917245367,False,True,3,False,800
MGA,basal_to_goblet,viper,-2.60478738061592,3.0,0.19009577329966165,False,True,3,False,801
ZNF354B,basal_to_goblet,viper,-2.6069395131904756,3.0,0.18037251450894476,False,True,3,False,802
IRX2,basal_to_goblet,viper,-2.606964319763863,3.0,0.20065945332326807,False,False,3,False,803
MLX,basal_to_goblet,viper,-2.609533116862077,3.0,0.1027660629149981,False,False,3,False,804
ZNF586,basal_to_goblet,viper,-2.648365419772994,3.0,0.1171279113266085,False,False,3,False,805
ZNF697,basal_to_goblet,viper,-2.654623949829452,3.0,0.16121629098043364,False,True,3,False,806
ZNF566,basal_to_goblet,viper,-2.656117659541393,3.0,0.12054045687805108,False,False,3,False,807
ZNF512,basal_to_goblet,viper,-2.6603642980505597,3.0,0.21204399625982015,False,False,3,False,808
ZNF774,basal_to_goblet,viper,-2.6623119064036,3.0,0.09636078035596195,False,False,3,False,809
ZNF30,basal_to_goblet,viper,-2.6655925463102474,3.0,0.22078633485759647,False,False,3,False,810
CENPS,basal_to_goblet,viper,-2.6672494202522032,2.0,0.016038120183477365,False,True,2,False,811
ZBTB1,basal_to_goblet,viper,-2.674744237257481,3.0,0.1931139922191118,False,True,3,False,812
ZNF420,basal_to_goblet,viper,-2.677003950271124,3.0,0.17469188832052027,False,False,3,False,813
ZNF143,basal_to_goblet,viper,-2.6932413646067346,5.0,0.2669403902400808,True,False,5,False,814
TFE3,basal_to_goblet,viper,-2.6949183602975983,3.0,0.1171279113266085,False,True,3,False,815
ZNF587B,basal_to_goblet,viper,-2.7002561212323895,2.0,0.11201286590064972,False,True,2,False,816
ZBED4,basal_to_goblet,viper,-2.7150935711744264,3.0,0.18983488319666497,False,True,3,False,817
RBPJ,basal_to_goblet,viper,-2.7239510374442384,5.0,0.28762610994188487,False,False,5,False,818
ZBTB5,basal_to_goblet,viper,-2.7437978657531796,3.0,0.12949987769623938,False,False,3,False,819
SOX2,basal_to_goblet,viper,-2.7465276084285963,5.0,0.1843778491541716,False,False,5,False,820
POU5F1B,basal_to_goblet,viper,-2.765942283528738,2.0,0.13337376094768064,False,False,2,False,821
HELT,basal_to_goblet,viper,-2.777119598931699,3.0,0.15620472269916263,False,False,3,False,822
REST,basal_to_goblet,viper,-2.7858474262160726,6.0,0.24729338517119143,False,True,6,False,823
ZNF696,basal_to_goblet,viper,-2.787479113220853,3.0,0.17759088357224814,False,False,3,False,824
ZSCAN2,basal_to_goblet,viper,-2.7941643409777583,3.0,0.08550217423764393,False,False,3,False,825
ZBED3,basal_to_goblet,viper,-2.7945607718250978,3.0,0.06496893302890575,False,True,3,False,826
SAFB,basal_to_goblet,viper,-2.7983057029759673,2.0,0.09720950746015561,False,False,2,False,827
ZNF540,basal_to_goblet,viper,-2.805382568627678,3.0,0.177111477056859,False,False,3,False,828
ZNF460,basal_to_goblet,viper,-2.810877203932619,3.0,0.08482899688415169,False,True,3,False,829
ZNF385C,basal_to_goblet,viper,-2.8212576001169354,3.0,0.1205580471295156,False,False,3,False,830
RELB,basal_to_goblet,viper,-2.8330613451037916,4.0,0.16897311340427035,False,False,4,False,831
PPARA,basal_to_goblet,viper,-2.83604223873472,3.0,0.09079682249141907,False,False,3,False,832
TFDP2,basal_to_goblet,viper,-2.8365462229529697,3.0,0.12054045687805108,False,False,3,False,833
PLAG1,basal_to_goblet,viper,-2.8410970289345188,3.0,0.08305621225218086,False,False,3,False,834
ZNF576,basal_to_goblet,viper,-2.862370695375314,3.0,0.11908932332950467,False,False,3,False,835
LCORL,basal_to_goblet,viper,-2.8674801077138476,3.0,0.06201851877252403,False,True,3,False,836
ZNF134,basal_to_goblet,viper,-2.868018998849591,3.0,0.12040855594224173,False,False,3,False,837
ZNF140,basal_to_goblet,viper,-2.8711574496254877,3.0,0.18935260492139172,False,False,3,False,838
ZNF837,basal_to_goblet,viper,-2.8790020577455224,3.0,0.09636078035596195,False,False,3,False,839
ZNF25,basal_to_goblet,viper,-2.8864838669711923,3.0,0.09779234937558172,False,True,3,False,840
SP9,basal_to_goblet,viper,-2.9047861848557934,2.0,0.07730535237889151,False,False,2,False,841
ZNF728,basal_to_goblet,viper,-2.9170969230932795,2.0,0.07059560661697784,False,False,2,False,842
CSRNP3,basal_to_goblet,viper,-2.91719259935284,2.0,0.07658351860363617,False,False,2,False,843
ZFP69,basal_to_goblet,viper,-2.9212049954434045,2.0,0.06235940282073681,False,False,2,False,844
ZNF275,basal_to_goblet,viper,-2.926978876496943,3.0,0.06721217346989115,False,False,3,False,845
ATF3,basal_to_goblet,viper,-2.9287488660140437,6.0,0.2694384323849968,False,False,6,False,846
NFIA,basal_to_goblet,viper,-2.929128722318061,3.0,0.17020522307480335,False,False,3,False,847
ZNF573,basal_to_goblet,viper,-2.932566873850259,3.0,0.11121967655241247,False,False,3,False,848
MYT1L,basal_to_goblet,viper,-2.94336141001609,3.0,0.17618935069991085,False,False,3,False,849
ZNF526,basal_to_goblet,viper,-2.946253306736097,3.0,0.11559804690812003,False,False,3,False,850
SPIC,basal_to_goblet,viper,-2.9528641268988203,3.0,0.10299910243388485,False,False,3,False,851
JDP2,basal_to_goblet,viper,-2.9593931753745264,3.0,0.12923311512177305,False,True,3,False,852
ZNF680,basal_to_goblet,viper,-2.969100527441558,3.0,0.06284026260678252,False,False,3,False,853
ELF4,basal_to_goblet,viper,-2.9741003640359773,3.0,0.08439231174923262,False,True,3,False,854
MAFA,basal_to_goblet,viper,-2.975725195543867,3.0,0.054733973119972794,False,False,3,False,855
ZNF2,basal_to_goblet,viper,-2.9772122819140847,2.0,0.07359807485833315,False,False,2,False,856
THAP2,basal_to_goblet,viper,-2.977435436684146,3.0,0.14193742509694857,False,False,3,False,857
HES2,basal_to_goblet,viper,-2.978694781008207,3.0,0.14378003565479638,False,False,3,False,858
SMAD5,basal_to_goblet,viper,-2.990223307295718,4.0,0.1608394232723409,False,False,4,False,859
NHLH1,basal_to_goblet,viper,-2.998962724577378,3.0,0.05865251807458532,False,False,3,False,860
SP2,basal_to_goblet,viper,-3.000425488815604,5.0,0.13400554209748308,False,True,5,False,861
SOX6,basal_to_goblet,viper,-3.004919610673506,4.0,0.1461205263126307,False,False,4,False,862
ZNF181,basal_to_goblet,viper,-3.00614960730696,3.0,0.17816292489518398,False,False,3,False,863
ZNF677,basal_to_goblet,viper,-3.0087727265999358,3.0,0.06160949898903289,False,False,3,False,864
PBX1,basal_to_goblet,viper,-3.0096162754611444,4.0,0.14511337711747793,False,False,4,False,865
ZNF383,basal_to_goblet,viper,-3.048305649061014,3.0,0.08331519395653195,False,False,3,False,866
ZNF668,basal_to_goblet,viper,-3.057790284658384,3.0,0.08556405717905576,False,False,3,False,867
ZNF180,basal_to_goblet,viper,-3.0591321463490306,3.0,0.11874549125134999,False,False,3,False,868
ZNF565,basal_to_goblet,viper,-3.0608027836670266,3.0,0.10064542046864064,False,False,3,False,869
AEBP2,basal_to_goblet,viper,-3.071145427088101,3.0,0.06882431535365947,False,False,3,False,870
HOXA4,basal_to_goblet,viper,-3.084748722114646,3.0,0.0996549019918239,False,False,3,False,871
ZNF366,basal_to_goblet,viper,-3.0897800845629035,3.0,0.07870274205904947,False,False,3,False,872
ZNF223,basal_to_goblet,viper,-3.089882001842735,3.0,0.06501481495469927,False,False,3,False,873
GTF2B,basal_to_goblet,viper,-3.094308929439184,4.0,0.12485079016947066,False,True,4,False,874
ZNF43,basal_to_goblet,viper,-3.094585447081009,3.0,0.10172737088763101,False,True,3,False,875
EGR2,basal_to_goblet,viper,-3.0959203734223766,3.0,0.12092253890596827,False,False,3,False,876
RUNX2,basal_to_goblet,viper,-3.0971299550471265,5.0,0.10136432610518284,False,True,5,False,877
ZNF324B,basal_to_goblet,viper,-3.098821206935472,2.0,0.0658996681342913,False,True,2,False,878
ZNF84,basal_to_goblet,viper,-3.1127614136440394,3.0,0.07383285919534581,False,False,3,False,879
ZNF227,basal_to_goblet,viper,-3.114703671522486,3.0,0.0751742298376379,False,False,3,False,880
PAX8,basal_to_goblet,viper,-3.1149566309825505,4.0,0.060879375002279405,False,False,4,False,881
ZNF582,basal_to_goblet,viper,-3.132388389089828,3.0,0.11056679197283362,False,False,3,False,882
ETV2,basal_to_goblet,viper,-3.1367891909462937,4.0,0.08749947863041455,False,False,4,False,883
NFE2L3,basal_to_goblet,viper,-3.1449995253282554,3.0,0.11560825308230165,False,False,3,False,884
KLF7,basal_to_goblet,viper,-3.1480337002293943,3.0,0.05081736202734169,False,False,3,False,885
TIGD1,basal_to_goblet,viper,-3.1532576698814254,2.0,0.04237197553219718,False,False,2,False,886
MEIS1,basal_to_goblet,viper,-3.1622416534038336,5.0,0.08159139753755386,True,True,5,True,887
ZNF232,basal_to_goblet,viper,-3.166177140785382,3.0,0.1294102979000568,False,False,3,False,888
RARB,basal_to_goblet,viper,-3.167025606028216,4.0,0.1546054051541739,False,False,4,False,889
ZNF273,basal_to_goblet,viper,-3.1675473605927578,3.0,0.014881791207405102,False,True,3,False,890
ZNF286B,basal_to_goblet,viper,-3.177392887305507,2.0,0.04237197553219718,False,False,2,False,891
TBX1,basal_to_goblet,viper,-3.1957934278389946,3.0,0.04024272559143391,False,False,3,False,892
ZNF462,basal_to_goblet,viper,-3.1982511327625627,3.0,0.08029113718327699,False,False,3,False,893
ZNF518B,basal_to_goblet,viper,-3.2079534546740884,3.0,0.03470908859268048,False,False,3,False,894
FEZF1,basal_to_goblet,viper,-3.215703463796792,3.0,0.09556414422834902,False,False,3,False,895
ZNF558,basal_to_goblet,viper,-3.2186563942350532,3.0,0.12114533413780924,False,False,3,False,896
TIGD2,basal_to_goblet,viper,-3.2269896992767166,3.0,0.1283586982655952,False,False,3,False,897
ZNF773,basal_to_goblet,viper,-3.235060235105542,3.0,0.06787904896423533,False,False,3,False,898
RORB,basal_to_goblet,viper,-3.247382976191114,3.0,0.03488174738492824,False,False,3,False,899
THAP1,basal_to_goblet,viper,-3.258647174071546,5.0,0.20939195506523064,False,False,5,False,900
VENTX,basal_to_goblet,viper,-3.259864958678497,3.0,0.044074079544053804,False,False,3,False,901
EMX2,basal_to_goblet,viper,-3.2641606774430403,3.0,0.06534272483657283,False,False,3,False,902
DMRTA2,basal_to_goblet,viper,-3.2720593943170084,3.0,0.06692762744629323,False,False,3,False,903
EN2,basal_to_goblet,viper,-3.275949756679139,3.0,0.0563828745319338,False,False,3,False,904
NFIX,basal_to_goblet,viper,-3.2978134748018166,3.0,0.04429177209168489,False,False,3,False,905
REXO4,basal_to_goblet,viper,-3.2992933982579427,2.0,0.03204039751879162,False,False,2,False,906
ZNF845,basal_to_goblet,viper,-3.30095526361385,3.0,0.12727800504453843,False,False,3,False,907
ZNF684,basal_to_goblet,viper,-3.3046266406849574,3.0,0.021241209551959118,False,True,3,False,908
LMX1B,basal_to_goblet,viper,-3.3065662679625163,3.0,0.08876324656143006,False,False,3,False,909
ZNF501,basal_to_goblet,viper,-3.312994028013252,3.0,0.14022078656901013,False,False,3,False,910
HOXD1,basal_to_goblet,viper,-3.3206823078704697,3.0,0.08037144613557762,False,True,3,False,911
INSM1,basal_to_goblet,viper,-3.32445034677041,3.0,0.0334545503356975,False,False,3,False,912
THAP3,basal_to_goblet,viper,-3.325284236685195,3.0,0.08922065372679117,False,False,3,False,913
CUX2,basal_to_goblet,viper,-3.336422073792726,3.0,0.05157604532257221,False,False,3,False,914
ZNF80,basal_to_goblet,viper,-3.342693819200884,3.0,0.07586663636717071,False,False,3,False,915
POGK,basal_to_goblet,viper,-3.3485955166558856,3.0,0.051997481749627726,False,False,3,False,916
ATOH7,basal_to_goblet,viper,-3.349607150513927,3.0,0.09663837944206954,False,False,3,False,917
ZSCAN4,basal_to_goblet,viper,-3.3610819696598835,3.0,0.049802013359636806,False,False,3,False,918
ZNF556,basal_to_goblet,viper,-3.3622724850957675,3.0,0.09807857698234751,False,True,3,False,919
L3MBTL3,basal_to_goblet,viper,-3.3661522991418082,2.0,0.026802956593941437,False,False,2,False,920
ZNF7,basal_to_goblet,viper,-3.3706382959006427,3.0,0.05082099418422182,False,False,3,False,921
TFCP2L1,basal_to_goblet,viper,-3.374705201531683,3.0,0.09044302130381776,False,False,3,False,922
THAP10,basal_to_goblet,viper,-3.390613548661212,3.0,0.06878535257693075,False,False,3,False,923
SNAI1,basal_to_goblet,viper,-3.39896954203567,3.0,0.032332304148627034,False,False,3,False,924
NR3C1,basal_to_goblet,viper,-3.3998567987576633,6.0,0.12260981672346548,False,True,6,False,925
ZNF766,basal_to_goblet,viper,-3.403258137553255,4.0,0.09547518042031237,False,False,4,False,926
ZSCAN5B,basal_to_goblet,viper,-3.4127735351131974,3.0,0.07868598535277734,False,False,3,False,927
PITX1,basal_to_goblet,viper,-3.4153279807653014,3.0,0.04014227812211576,False,False,3,False,928
ZNF836,basal_to_goblet,viper,-3.431143101785814,3.0,0.08699131365832276,False,True,3,False,929
GCM1,basal_to_goblet,viper,-3.4319212030113784,3.0,0.030368422907177475,False,False,3,False,930
ZNF667,basal_to_goblet,viper,-3.438128584566354,3.0,0.04543451381415716,False,False,3,False,931
ZNF888,basal_to_goblet,viper,-3.4411690710718563,1.0,0.004756418545669913,False,False,1,False,932
ZNF107,basal_to_goblet,viper,-3.4578338036915923,3.0,0.07321247207212134,False,False,3,False,933
BHLHE40,basal_to_goblet,viper,-3.4682687482297263,4.0,0.06143614773911342,False,False,4,False,934
HOXA1,basal_to_goblet,viper,-3.48174631480743,3.0,0.050839966683969534,False,False,3,False,935
ZSCAN21,basal_to_goblet,viper,-3.4854505665796434,3.0,0.11243401842115472,False,False,3,False,936
ZNF346,basal_to_goblet,viper,-3.4872852614949834,3.0,0.02260699027406534,False,False,3,False,937
HESX1,basal_to_goblet,viper,-3.4952150252872762,3.0,0.0442265698896286,False,True,3,False,938
FOXD4L6,basal_to_goblet,viper,-3.4958885123161485,2.0,0.01286591521357531,False,False,2,False,939
SRF,basal_to_goblet,viper,-3.514259190489201,6.0,0.08749947863041455,False,True,6,False,940
ZNF74,basal_to_goblet,viper,-3.515674088760543,3.0,0.06496893302890575,False,False,3,False,941
TBR1,basal_to_goblet,viper,-3.516913160202685,3.0,0.060780658542296244,False,False,3,False,942
ZNF669,basal_to_goblet,viper,-3.5170212173581823,3.0,0.06694188375476624,False,False,3,False,943
GCM2,basal_to_goblet,viper,-3.517064852003732,3.0,0.08931987573444479,False,False,3,False,944
CRX,basal_to_goblet,viper,-3.5276208595460967,4.0,0.08200955101031489,False,False,4,False,945
ZNF394,basal_to_goblet,viper,-3.528607907065368,3.0,0.01924387120787346,False,False,3,False,946
HOXA5,basal_to_goblet,viper,-3.5286358829514612,3.0,0.027740358074097676,False,False,3,False,947
TOPORS,basal_to_goblet,viper,-3.5311298651045413,2.0,0.021199440745684247,False,False,2,False,948
HOXC5,basal_to_goblet,viper,-3.5314714335311854,3.0,0.04647047756879685,False,False,3,False,949
FOXD4L3,basal_to_goblet,viper,-3.5429883503073554,3.0,0.07350471256455575,False,False,3,False,950
MSANTD3,basal_to_goblet,viper,-3.546704129199878,2.0,0.03204039751879162,False,False,2,False,951
SMAD1,basal_to_goblet,viper,-3.5517285442527275,5.0,0.0681068476423258,False,True,5,False,952
ZBTB32,basal_to_goblet,viper,-3.5541182351674476,3.0,0.041535461503538894,False,False,3,False,953
ZNF18,basal_to_goblet,viper,-3.5592733461332426,3.0,0.025100948534256404,False,False,3,False,954
ZSCAN20,basal_to_goblet,viper,-3.5600460711497277,3.0,0.05064344247277301,False,False,3,False,955
RHOXF2,basal_to_goblet,viper,-3.580739891406866,3.0,0.03890572505528549,False,False,3,False,956
ZZZ3,basal_to_goblet,viper,-3.590096242072016,5.0,0.07602266944082019,False,False,5,False,957
ZNF716,basal_to_goblet,viper,-3.5997072215415304,3.0,0.019508013179151292,False,False,3,False,958
ZNF660,basal_to_goblet,viper,-3.603452788335551,3.0,0.05679379064061774,False,False,3,False,959
GSC,basal_to_goblet,viper,-3.604456756405899,3.0,0.09274475662146474,False,False,3,False,960
ZNF138,basal_to_goblet,viper,-3.6051642893834805,3.0,0.053268723913594135,False,False,3,False,961
MSX1,basal_to_goblet,viper,-3.6120795533671037,3.0,0.08726473770298782,False,False,3,False,962
HES5,basal_to_goblet,viper,-3.618173333875177,3.0,0.044074079544053804,False,False,3,False,963
ZSCAN12,basal_to_goblet,viper,-3.6228738038569124,3.0,0.0334545503356975,False,False,3,False,964
NR1I3,basal_to_goblet,viper,-3.6533236746656645,3.0,0.01633241306146362,False,False,3,False,965
ZNF835,basal_to_goblet,viper,-3.6549714899326196,3.0,0.058871665845056084,False,False,3,False,966
DRGX,basal_to_goblet,viper,-3.6759699730047024,3.0,0.06807707987094477,False,False,3,False,967
INSM2,basal_to_goblet,viper,-3.682047281017463,3.0,0.07411374877835715,False,False,3,False,968
ZNF79,basal_to_goblet,viper,-3.6842358102935306,3.0,0.07775408460936904,False,False,3,False,969
KLF11,basal_to_goblet,viper,-3.692466789804579,3.0,0.019194022914890398,False,False,3,False,970
PRDM16,basal_to_goblet,viper,-3.696567708504496,4.0,0.10163362642348771,False,False,4,False,971
ZNF442,basal_to_goblet,viper,-3.697576226117878,3.0,0.02184348538777926,False,False,3,False,972
KLF3,basal_to_goblet,viper,-3.712074380687099,4.0,0.059712403197001544,False,False,4,False,973
OVOL3,basal_to_goblet,viper,-3.7258245148864506,2.0,0.01343820943282555,False,False,2,False,974
TCF12,basal_to_goblet,viper,-3.737365413616411,5.0,0.16216598561832052,False,False,5,False,975
OSR1,basal_to_goblet,viper,-3.7417231643662876,2.0,0.03890572505528549,False,False,2,False,976
SOX4,basal_to_goblet,viper,-3.751888886101679,3.0,0.017386937956456325,False,False,3,False,977
ZNF792,basal_to_goblet,viper,-3.752543154522391,3.0,0.016485775104840273,False,False,3,False,978
FOXI2,basal_to_goblet,viper,-3.7536581799000177,3.0,0.054733973119972794,False,False,3,False,979
ZNF17,basal_to_goblet,viper,-3.7581728904750764,3.0,0.03997795210376943,False,False,3,False,980
SOX3,basal_to_goblet,viper,-3.788290681423027,3.0,0.050622136086406026,False,False,3,False,981
CAMTA1,basal_to_goblet,viper,-3.7891558204449236,3.0,0.010793737310410185,False,False,3,False,982
CREB5,basal_to_goblet,viper,-3.8004463407898084,3.0,0.013674850104193776,False,True,3,False,983
ZNF443,basal_to_goblet,viper,-3.8170062356711685,3.0,0.017045796520678953,False,True,3,False,984
ZNF891,basal_to_goblet,viper,-3.8252285797979435,2.0,0.02127791887485357,False,False,2,False,985
EOMES,basal_to_goblet,viper,-3.8298816881807216,5.0,0.025938686744728993,False,False,5,False,986
TSHZ2,basal_to_goblet,viper,-3.840214819486727,3.0,0.03396286723173043,False,False,3,False,987
ZIM3,basal_to_goblet,viper,-3.8410239830737587,3.0,0.011439782545456124,False,False,3,False,988
HOMEZ,basal_to_goblet,viper,-3.8460447472101076,3.0,0.012541775624272687,False,False,3,False,989
ZNF618,basal_to_goblet,viper,-3.846188665916992,3.0,0.035009517451474174,False,False,3,False,990
TLX2,basal_to_goblet,viper,-3.8489913009574184,3.0,0.027310492069694672,False,False,3,False,991
ZNF665,basal_to_goblet,viper,-3.8495615470211266,3.0,0.04237197553219718,False,False,3,False,992
SIX5,basal_to_goblet,viper,-3.8514895589250737,5.0,0.04250274809503649,False,False,5,False,993
ZNF174,basal_to_goblet,viper,-3.857674804454801,3.0,0.014390061259199328,False,False,3,False,994
TSHZ1,basal_to_goblet,viper,-3.85805362165223,3.0,0.0281768012763155,False,False,3,False,995
ZNF286A,basal_to_goblet,viper,-3.8659717067649138,3.0,0.06530188449744737,False,False,3,False,996
ZBTB8A,basal_to_goblet,viper,-3.867265679417563,2.0,0.008212497849061275,False,False,2,False,997
SP5,basal_to_goblet,viper,-3.877428550046799,3.0,0.0359939742171429,False,False,3,False,998
ZNF781,basal_to_goblet,viper,-3.877965387612358,3.0,0.02302256343621431,False,False,3,False,999
ZNF813,basal_to_goblet,viper,-3.8866434370660983,2.0,0.02496380382974005,False,False,2,False,1000
SCRT1,basal_to_goblet,viper,-3.8896631764716982,2.0,0.01915154434014971,False,False,2,False,1001
YBX2,basal_to_goblet,viper,-3.8943500545965763,3.0,0.0025328294865152954,False,True,3,False,1002
SOX18,basal_to_goblet,viper,-3.9004873048666377,3.0,0.039748008202645166,False,False,3,False,1003
FOXO1,basal_to_goblet,viper,-3.904576758461487,5.0,0.02552084595552775,False,True,5,False,1004
MEF2B,basal_to_goblet,viper,-3.9054989460765692,4.0,0.0416317883231567,False,False,4,False,1005
FOXI1,basal_to_goblet,viper,-3.915383285305532,3.0,0.034067550523634006,False,False,3,False,1006
ZNF578,basal_to_goblet,viper,-3.924071682478301,3.0,0.04380421009677355,False,False,3,False,1007
FOSB,basal_to_goblet,viper,-3.9342329306416244,3.0,0.05063952548311274,False,False,3,False,1008
HOXB4,basal_to_goblet,viper,-3.9346192333886476,4.0,0.029650437905887075,False,False,4,False,1009
ZNF714,basal_to_goblet,viper,-3.945497772453602,3.0,0.020515066459328393,False,False,3,False,1010
ZNF26,basal_to_goblet,viper,-3.9607291365702912,3.0,0.017899993712597054,False,True,3,False,1011
ZNF662,basal_to_goblet,viper,-3.988232671156629,3.0,0.01150151563482708,False,False,3,False,1012
ZKSCAN4,basal_to_goblet,viper,-3.990010660437504,3.0,0.029684626525887266,False,False,3,False,1013
HOXC8,basal_to_goblet,viper,-3.991205278410859,3.0,0.03052944570060936,False,False,3,False,1014
KLF9,basal_to_goblet,viper,-4.011733973353593,4.0,0.03263740254619752,False,False,4,False,1015
ZNF551,basal_to_goblet,viper,-4.026375381486257,3.0,0.010721891288735134,False,False,3,False,1016
ZSCAN9,basal_to_goblet,viper,-4.0367975606611575,2.0,0.006836666781839328,False,False,2,False,1017
ISL1,basal_to_goblet,viper,-4.0437565870988825,3.0,0.006460811685142006,False,False,3,False,1018
ZNF184,basal_to_goblet,viper,-4.061245208097727,3.0,0.032272245453747295,False,False,3,False,1019
GBX2,basal_to_goblet,viper,-4.067693748753927,4.0,0.04757392633650792,False,False,4,False,1020
FOSL2,basal_to_goblet,viper,-4.085488744785398,5.0,0.08159139753755386,False,False,5,False,1021
ADNP2,basal_to_goblet,viper,-4.085529801225909,3.0,0.01343820943282555,False,False,3,False,1022
RAG1,basal_to_goblet,viper,-4.086745724876677,3.0,0.018022681772065688,False,False,3,False,1023
PROX2,basal_to_goblet,viper,-4.093997749204266,3.0,0.02307917289227471,False,False,3,False,1024
ZNF641,basal_to_goblet,viper,-4.0970330451176675,3.0,0.021268257496525365,False,True,3,False,1025
ZNF480,basal_to_goblet,viper,-4.0994425405457475,3.0,0.031698533135417074,False,False,3,False,1026
CEBPG,basal_to_goblet,viper,-4.130079211827456,4.0,0.03237885896443299,False,False,4,False,1027
ZNF804A,basal_to_goblet,viper,-4.142255306918266,3.0,0.049217396043875185,False,False,3,False,1028
CHCHD3,basal_to_goblet,viper,-4.143338267574906,2.0,0.012621210873019283,False,False,2,False,1029
GATA6,basal_to_goblet,viper,-4.145880928565565,5.0,0.03912180326734756,False,False,5,False,1030
BRF2,basal_to_goblet,viper,-4.146044417228126,3.0,0.014009140570690795,False,False,3,False,1031
EGR4,basal_to_goblet,viper,-4.148678680072979,3.0,0.029713744207245634,False,False,3,False,1032
ZNF208,basal_to_goblet,viper,-4.156440933952895,3.0,0.018818844278241768,False,False,3,False,1033
RFX8,basal_to_goblet,viper,-4.174796230017663,2.0,0.004852615554092793,False,False,2,False,1034
CEBPB,basal_to_goblet,viper,-4.175431009337992,6.0,0.06529856600760624,False,True,6,False,1035
CDC5L,basal_to_goblet,viper,-4.181886063724441,3.0,0.006944406239408708,False,False,3,False,1036
ATF4,basal_to_goblet,viper,-4.192432243844666,4.0,0.016163395356289138,False,False,4,False,1037
ZBTB24,basal_to_goblet,viper,-4.208610728528789,3.0,0.017566722961674164,False,False,3,False,1038
ZNF250,basal_to_goblet,viper,-4.2135438879865665,3.0,0.0076985577877870925,False,False,3,False,1039
ZNF512B,basal_to_goblet,viper,-4.214292223882549,3.0,0.003988949302436307,False,False,3,False,1040
TFDP3,basal_to_goblet,viper,-4.2214768003544165,3.0,0.005418070427891602,False,False,3,False,1041
ZNF502,basal_to_goblet,viper,-4.233789895767368,3.0,0.018554260150023566,False,False,3,False,1042
MLXIPL,basal_to_goblet,viper,-4.240674250375088,3.0,0.019194022914890398,False,False,3,False,1043
TBX3,basal_to_goblet,viper,-4.259196048034317,4.0,0.013759325425951206,False,False,4,False,1044
EGR3,basal_to_goblet,viper,-4.2669006256557465,3.0,0.012241556341804734,False,False,3,False,1045
CHAMP1,basal_to_goblet,viper,-4.271138981707742,2.0,0.009254287372926207,False,False,2,False,1046
ZBTB12,basal_to_goblet,viper,-4.276855233778937,3.0,0.008961341735530724,False,False,3,False,1047
POU3F3,basal_to_goblet,viper,-4.277609923125914,3.0,0.03022084167343872,False,False,3,False,1048
OTX1,basal_to_goblet,viper,-4.27975899232684,3.0,0.02655734443934678,False,False,3,False,1049
ZNF567,basal_to_goblet,viper,-4.281071665926092,3.0,0.01129364121138344,False,False,3,False,1050
ZXDA,basal_to_goblet,viper,-4.30228243657104,3.0,0.025087551080890513,False,False,3,False,1051
ZBTB2,basal_to_goblet,viper,-4.302390595136566,3.0,0.009155344227738926,False,False,3,False,1052
PAX9,basal_to_goblet,viper,-4.303994537535928,3.0,0.03140242107201801,False,False,3,False,1053
TGIF1,basal_to_goblet,viper,-4.315157485199071,3.0,0.014165797309729063,False,False,3,False,1054
ZNF365,basal_to_goblet,viper,-4.3189154990706555,3.0,0.00397773484174761,False,False,3,False,1055
HOXC10,basal_to_goblet,viper,-4.3209275629369985,3.0,0.005749389130560525,False,False,3,False,1056
EN1,basal_to_goblet,viper,-4.325049496076398,3.0,0.011088079409149895,False,False,3,False,1057
FOXJ2,basal_to_goblet,viper,-4.331473677069442,4.0,0.018794884262312683,False,False,4,False,1058
PRDM12,basal_to_goblet,viper,-4.33873297227527,3.0,0.019194022914890398,False,False,3,False,1059
ZBTB7B,basal_to_goblet,viper,-4.347097820146309,3.0,0.024749441096701755,False,False,3,False,1060
MNX1,basal_to_goblet,viper,-4.361773125398441,4.0,0.0170285588969926,False,False,4,False,1061
ZNF430,basal_to_goblet,viper,-4.363484142625189,3.0,0.014575671302084656,False,False,3,False,1062
NEUROD4,basal_to_goblet,viper,-4.3635614292875715,3.0,0.027362267022559,False,False,3,False,1063
VAX1,basal_to_goblet,viper,-4.364986271324993,3.0,0.01378752221632023,False,False,3,False,1064
PURG,basal_to_goblet,viper,-4.380088842869891,2.0,0.01211403160861442,False,False,2,False,1065
ADNP,basal_to_goblet,viper,-4.38233911793755,4.0,0.04633406255467496,False,False,4,False,1066
ZNF326,basal_to_goblet,viper,-4.400227044342831,3.0,0.0014838185785862068,False,True,3,False,1067
KLF4,basal_to_goblet,viper,-4.409964699122789,5.0,0.021366915850201427,False,True,5,False,1068
ZMAT4,basal_to_goblet,viper,-4.412978113646988,3.0,0.007523166467303657,False,False,3,False,1069
ZUP1,basal_to_goblet,viper,-4.415281724141556,3.0,0.012449042816349853,False,False,3,False,1070
ZNF699,basal_to_goblet,viper,-4.418208022640616,3.0,0.016341122461088577,False,False,3,False,1071
ZBTB39,basal_to_goblet,viper,-4.434962989872444,3.0,0.004762802880682024,False,False,3,False,1072
YY2,basal_to_goblet,viper,-4.43949625657371,3.0,0.020630197487979365,False,False,3,False,1073
ZNF595,basal_to_goblet,viper,-4.446744270107534,2.0,0.0011410910705970706,False,False,2,False,1074
ZNF71,basal_to_goblet,viper,-4.451560080210614,3.0,0.011804709853045475,False,False,3,False,1075
ZNF45,basal_to_goblet,viper,-4.454090290038449,3.0,0.004080008718749198,False,False,3,False,1076
HOXB5,basal_to_goblet,viper,-4.456679476419293,3.0,0.006425189046501517,False,True,3,False,1077
TCF7,basal_to_goblet,viper,-4.458270843850312,5.0,0.034832631036793404,False,False,5,False,1078
ZNF624,basal_to_goblet,viper,-4.46017548568631,3.0,0.012277674787033035,False,True,3,False,1079
ATF7,basal_to_goblet,viper,-4.475330304448327,4.0,0.01718926450443093,False,False,4,False,1080
SCMH1,basal_to_goblet,viper,-4.500415921094807,2.0,0.0015154491514226714,False,False,2,False,1081
TBPL2,basal_to_goblet,viper,-4.530699123856449,2.0,0.001295778982022443,False,False,2,False,1082
ZNF706,basal_to_goblet,viper,-4.531866523212822,3.0,0.008226733443945644,False,True,3,False,1083
UBP1,basal_to_goblet,viper,-4.539096890861593,3.0,0.009730613014662241,False,False,3,False,1084
AIRE,basal_to_goblet,viper,-4.555050377540655,3.0,0.0029083123757199154,False,False,3,False,1085
ZNF821,basal_to_goblet,viper,-4.555357699329086,3.0,0.00893517520151584,False,False,3,False,1086
TFCP2,basal_to_goblet,viper,-4.557637146795412,3.0,0.013007869925966305,False,False,3,False,1087
ZNF823,basal_to_goblet,viper,-4.560151206535674,3.0,0.01129364121138344,False,False,3,False,1088
MBD4,basal_to_goblet,viper,-4.562274285446097,5.0,0.016124376224317512,False,True,5,False,1089
ONECUT3,basal_to_goblet,viper,-4.569565218397341,3.0,0.0022451382295384094,False,False,3,False,1090
ZNF883,basal_to_goblet,viper,-4.569851926722491,2.0,0.0018282182418245675,False,False,2,False,1091
HIC1,basal_to_goblet,viper,-4.571854102901034,3.0,0.016808017678335258,False,False,3,False,1092
DR1,basal_to_goblet,viper,-4.575685357930607,3.0,0.010561276865830041,False,False,3,False,1093
GLIS1,basal_to_goblet,viper,-4.593716187537119,3.0,0.012790607820445787,False,False,3,False,1094
ZNF675,basal_to_goblet,viper,-4.607608346762189,3.0,0.0015516612731965149,False,True,3,False,1095
HBP1,basal_to_goblet,viper,-4.612395863827228,4.0,0.0060154981554828455,False,False,4,False,1096
NPAS4,basal_to_goblet,viper,-4.614290550327265,3.0,0.0029098890917489974,False,False,3,False,1097
TLX3,basal_to_goblet,viper,-4.619517110295379,3.0,0.008959751593297571,False,False,3,False,1098
TBX21,basal_to_goblet,viper,-4.642413019029518,4.0,0.0029119658591220034,False,False,4,False,1099
RORA,basal_to_goblet,viper,-4.643219484973765,3.0,0.005381360078520535,False,False,3,False,1100
MYF6,basal_to_goblet,viper,-4.643556416206557,3.0,0.013632534755941983,False,False,3,False,1101
TBX4,basal_to_goblet,viper,-4.667003276071035,3.0,0.003980102979740336,False,False,3,False,1102
HEY2,basal_to_goblet,viper,-4.6706686265683635,3.0,0.012470590086500186,False,False,3,False,1103
NR1H3,basal_to_goblet,viper,-4.681314909739321,5.0,0.023426131450900622,False,False,5,False,1104
KLF10,basal_to_goblet,viper,-4.7093218970479755,3.0,0.0030575054265951345,False,False,3,False,1105
EMX1,basal_to_goblet,viper,-4.72185340030431,3.0,0.0036042513940818207,False,False,3,False,1106
SPIB,basal_to_goblet,viper,-4.726827207515447,4.0,0.0031028380125330294,False,False,4,False,1107
ZNF281,basal_to_goblet,viper,-4.730066212381836,3.0,0.004127555057539395,False,True,3,False,1108
ZNF525,basal_to_goblet,viper,-4.738659252125167,2.0,0.001401387133895091,False,False,2,False,1109
ZNF703,basal_to_goblet,viper,-4.743251895821854,3.0,0.004107133764220731,False,False,3,False,1110
ZNF121,basal_to_goblet,viper,-4.771153402943778,3.0,0.00669364665738824,False,False,3,False,1111
ETV3,basal_to_goblet,viper,-4.778239506950418,3.0,0.004852615554092793,False,True,3,False,1112
ZNF547,basal_to_goblet,viper,-4.781461557348271,3.0,0.0017237753253673382,False,False,3,False,1113
NR1D1,basal_to_goblet,viper,-4.782776045481932,3.0,0.004767202822184597,False,False,3,False,1114
TCF3,basal_to_goblet,viper,-4.789112911100034,6.0,0.02041069760157146,False,False,6,False,1115
ZNF770,basal_to_goblet,viper,-4.78995897743757,3.0,0.011265700447462444,False,True,3,False,1116
ALX3,basal_to_goblet,viper,-4.7956630544255905,3.0,0.003930505885837138,False,False,3,False,1117
PLAGL1,basal_to_goblet,viper,-4.795810531684331,3.0,0.003430421712180018,False,False,3,False,1118
HMX1,basal_to_goblet,viper,-4.800794340583634,3.0,0.006011555786925233,False,False,3,False,1119
OVOL1,basal_to_goblet,viper,-4.805826326504967,3.0,0.0057521450569813,False,False,3,False,1120
CEBPD,basal_to_goblet,viper,-4.8064121102975506,5.0,0.011080040972433137,False,False,5,False,1121
AKAP8,basal_to_goblet,viper,-4.807237739833601,3.0,0.0023924885533742946,False,False,3,False,1122
FOSL1,basal_to_goblet,viper,-4.8252110313061305,5.0,0.039748008202645166,False,False,5,False,1123
TBX15,basal_to_goblet,viper,-4.833651864329374,3.0,0.0012717432286049662,False,False,3,False,1124
ZNF354C,basal_to_goblet,viper,-4.835598471961722,3.0,0.004859746002885678,False,False,3,False,1125
MYT1,basal_to_goblet,viper,-4.839480533518314,3.0,0.003655162090746499,False,False,3,False,1126
HLX,basal_to_goblet,viper,-4.844779445527336,3.0,0.0008543439500258794,False,False,3,False,1127
ZBTB47,basal_to_goblet,viper,-4.846537760830559,3.0,0.0009469992050606568,False,False,3,False,1128
MTERF1,basal_to_goblet,viper,-4.871114553642644,2.0,0.001295138348474137,False,False,2,False,1129
ZNF705A,basal_to_goblet,viper,-4.876927374275679,3.0,0.000945570014046279,False,False,3,False,1130
SIX2,basal_to_goblet,viper,-4.877937733720064,4.0,0.007955707865906256,False,False,4,False,1131
HOXC6,basal_to_goblet,viper,-4.880872307496729,3.0,0.004049311249614746,False,False,3,False,1132
ZNF114,basal_to_goblet,viper,-4.894169141173675,3.0,0.0024129796978821652,False,False,3,False,1133
ZNF574,basal_to_goblet,viper,-4.897271503056659,3.0,0.007268424072105042,False,False,3,False,1134
ZNF385B,basal_to_goblet,viper,-4.897344022376148,3.0,0.004025942367758247,False,False,3,False,1135
ASCL5,basal_to_goblet,viper,-4.903746011902501,2.0,0.0014595226110143446,False,False,2,False,1136
NR5A1,basal_to_goblet,viper,-4.9236129239020165,3.0,0.001161381306932877,False,False,3,False,1137
FOXD2,basal_to_goblet,viper,-4.940643274941199,3.0,0.00318412541504033,False,False,3,False,1138
SHOX2,basal_to_goblet,viper,-4.943984868879639,3.0,0.010477007406249949,False,False,3,False,1139
ETS2,basal_to_goblet,viper,-4.945967664225394,4.0,0.010638782452423404,False,False,4,False,1140
ZNF438,basal_to_goblet,viper,-4.952509034394592,3.0,0.000698128912727607,False,False,3,False,1141
SOX14,basal_to_goblet,viper,-4.969763222694897,3.0,0.007114033343364671,False,False,3,False,1142
CBLL2,basal_to_goblet,viper,-4.976161819940828,3.0,0.0008181322441839431,False,False,3,False,1143
ASCL4,basal_to_goblet,viper,-4.976532834519613,3.0,0.0033324359032208205,False,False,3,False,1144
ZFHX4,basal_to_goblet,viper,-4.9781413093404865,3.0,0.0025235184106833283,False,False,3,False,1145
NHLH2,basal_to_goblet,viper,-4.982596071364329,3.0,0.004107133764220731,False,False,3,False,1146
BARX1,basal_to_goblet,viper,-5.003546356603297,3.0,0.008564838793493904,False,False,3,False,1147
E2F3,basal_to_goblet,viper,-5.008951500133212,3.0,0.0015472769297635094,False,True,3,False,1148
ZNF35,basal_to_goblet,viper,-5.030395050477872,3.0,0.0024264516813089303,False,False,3,False,1149
ZNF600,basal_to_goblet,viper,-5.035940495532389,3.0,0.004397721638267359,False,False,3,False,1150
FOS,basal_to_goblet,viper,-5.040822521290507,5.0,0.024778438698205316,False,False,5,False,1151
ZNF691,basal_to_goblet,viper,-5.054447579985219,3.0,0.0008563221101492781,False,False,3,False,1152
IRF4,basal_to_goblet,viper,-5.055355798688074,5.0,0.017042021188338013,False,False,5,False,1153
KLF14,basal_to_goblet,viper,-5.061623186016869,2.0,0.00026072719316018374,False,False,2,False,1154
ZNF532,basal_to_goblet,viper,-5.08883227453966,3.0,0.0014176178838164366,False,False,3,False,1155
JUNB,basal_to_goblet,viper,-5.098014749884586,4.0,0.011909986141208997,False,False,4,False,1156
GFI1B,basal_to_goblet,viper,-5.099893803751267,5.0,0.004023083273070276,False,False,5,False,1157
PITX3,basal_to_goblet,viper,-5.11188454754733,3.0,0.00419989164653062,False,False,3,False,1158
ZNF649,basal_to_goblet,viper,-5.112541031073541,3.0,0.00900902200559508,False,False,3,False,1159
ARNT2,basal_to_goblet,viper,-5.1182622924709555,3.0,0.002092662786053207,False,False,3,False,1160
FOXD4L5,basal_to_goblet,viper,-5.124903639744549,3.0,0.003876181150404074,False,False,3,False,1161
ONECUT1,basal_to_goblet,viper,-5.126684744959869,4.0,0.009782626846944623,False,False,4,False,1162
ZBTB9,basal_to_goblet,viper,-5.1298661615150385,3.0,0.0010146142064189547,False,False,3,False,1163
HDX,basal_to_goblet,viper,-5.129895055568566,3.0,0.0031554422424434772,False,False,3,False,1164
MEIS3,basal_to_goblet,viper,-5.1374251606643675,3.0,0.0005734332919874497,False,False,3,False,1165
FOXD4,basal_to_goblet,viper,-5.145347560682908,3.0,0.0016360530602874334,False,False,3,False,1166
NFYC,basal_to_goblet,viper,-5.157557585042678,3.0,0.0004229251226945733,False,False,3,False,1167
PBX3,basal_to_goblet,viper,-5.161140182007209,5.0,0.007394289898667132,False,False,5,False,1168
CEBPE,basal_to_goblet,viper,-5.164916595648604,3.0,0.0005701218170471325,False,False,3,False,1169
GATA2,basal_to_goblet,viper,-5.165647127825101,6.0,0.04251170019553679,False,False,6,False,1170
AHDC1,basal_to_goblet,viper,-5.189246337608918,3.0,0.0006503664647242041,False,False,3,False,1171
NR2F2,basal_to_goblet,viper,-5.197895785643824,5.0,0.01919012868132482,False,False,5,False,1172
ZEB1,basal_to_goblet,viper,-5.205594859160053,5.0,0.010132994785605982,False,False,5,False,1173
POU2F2,basal_to_goblet,viper,-5.222099628862328,5.0,0.0019034520800115392,False,True,5,False,1174
CENPT,basal_to_goblet,viper,-5.229911390119588,3.0,0.00037470244197032306,False,False,3,False,1175
SKOR1,basal_to_goblet,viper,-5.233977934320477,2.0,0.000580959589704548,False,False,2,False,1176
PROP1,basal_to_goblet,viper,-5.2457316077096765,3.0,0.003597668729347859,False,False,3,False,1177
ZNF786,basal_to_goblet,viper,-5.245889356295293,3.0,0.0005217139753639077,False,False,3,False,1178
ZNF280C,basal_to_goblet,viper,-5.2607952728266465,3.0,0.0012262018907710011,False,False,3,False,1179
ZFP69B,basal_to_goblet,viper,-5.278312848851755,2.0,0.00021250000382414685,False,False,2,False,1180
ZFP57,basal_to_goblet,viper,-5.2813619678959425,3.0,0.0033158314608248054,False,False,3,False,1181
FOXQ1,basal_to_goblet,viper,-5.285332875015014,3.0,0.003842150939377544,False,False,3,False,1182
ZNF343,basal_to_goblet,viper,-5.310675441472367,3.0,0.0029095732416872687,False,False,3,False,1183
LBX1,basal_to_goblet,viper,-5.314099938888967,3.0,0.0053561948826958,False,False,3,False,1184
NFKB1,basal_to_goblet,viper,-5.3209650359015,4.0,0.0040564818105867945,False,False,4,False,1185
MYCL,basal_to_goblet,viper,-5.325934161008492,2.0,0.00018672083209482368,False,False,2,False,1186
DBP,basal_to_goblet,viper,-5.326297793437862,3.0,0.0013019144033421881,False,False,3,False,1187
JUN,basal_to_goblet,viper,-5.337000050307523,6.0,0.020306797896847167,False,False,6,False,1188
EBF3,basal_to_goblet,viper,-5.3495632708528404,3.0,0.0005642134420255948,False,False,3,False,1189
LHX4,basal_to_goblet,viper,-5.353265317731723,3.0,0.0005180009190718718,False,True,3,False,1190
SP6,basal_to_goblet,viper,-5.360143573141271,3.0,0.001432440455176125,False,False,3,False,1191
HSF5,basal_to_goblet,viper,-5.3706303027708735,3.0,0.0004846062135857147,False,False,3,False,1192
TBX2,basal_to_goblet,viper,-5.408046714388832,3.0,0.0005889485778570424,False,False,3,False,1193
ZC3H8,basal_to_goblet,viper,-5.414088941824009,4.0,0.0005122375852882025,False,True,4,False,1194
YY1,basal_to_goblet,viper,-5.423076786566051,6.0,0.0022376744831458626,False,False,6,False,1195
ZNF296,basal_to_goblet,viper,-5.428780318493309,3.0,0.0017509055332485559,False,False,3,False,1196
ZNF385D,basal_to_goblet,viper,-5.4329979106603545,3.0,0.0026962657966950352,False,False,3,False,1197
ZNF730,basal_to_goblet,viper,-5.434207912021706,2.0,0.0005969496878386417,False,False,2,False,1198
PRDM6,basal_to_goblet,viper,-5.435275818606733,3.0,0.0024254724332594805,False,False,3,False,1199
VSX1,basal_to_goblet,viper,-5.436089865492184,3.0,0.0008273710717771992,False,False,3,False,1200
ZNF34,basal_to_goblet,viper,-5.439433195279305,3.0,0.0009941669687156434,False,False,3,False,1201
FOXC2,basal_to_goblet,viper,-5.454114336042543,3.0,0.003834841387385455,False,False,3,False,1202
ZNF354A,basal_to_goblet,viper,-5.454943456254294,3.0,0.00029666903223810894,False,False,3,False,1203
HMGA2,basal_to_goblet,viper,-5.462151520263338,3.0,0.0007358639963866527,False,False,3,False,1204
ZNF639,basal_to_goblet,viper,-5.469442533481003,4.0,0.0008336492780381555,False,False,4,False,1205
HOXD8,basal_to_goblet,viper,-5.472429910939851,3.0,0.005175289195549611,False,False,3,False,1206
FEZF2,basal_to_goblet,viper,-5.473308414079371,3.0,0.002064212531608983,False,False,3,False,1207
HOXB9,basal_to_goblet,viper,-5.479531739292849,3.0,0.00038518771444296583,False,False,3,False,1208
ZIK1,basal_to_goblet,viper,-5.490186708746509,3.0,0.0012294247963669923,False,False,3,False,1209
GTF3A,basal_to_goblet,viper,-5.509432042304231,3.0,0.00019915050449712012,False,False,3,False,1210
ZNF100,basal_to_goblet,viper,-5.510826243199368,3.0,0.0035703575206841864,False,True,3,False,1211
DLX2,basal_to_goblet,viper,-5.526516955675289,3.0,0.0019538619635244563,False,False,3,False,1212
MAF,basal_to_goblet,viper,-5.527227632856717,4.0,0.0005067599774834258,False,True,4,False,1213
OSR2,basal_to_goblet,viper,-5.528211040935503,3.0,0.0031071738396209166,False,False,3,False,1214
ZBTB16,basal_to_goblet,viper,-5.557510140013333,4.0,0.00032890308246770223,False,False,4,False,1215
ZNF670,basal_to_goblet,viper,-5.570463265649961,2.0,0.00039816223966999975,False,False,2,False,1216
DACH2,basal_to_goblet,viper,-5.582012511757723,3.0,0.004080008718749198,False,False,3,False,1217
NFIB,basal_to_goblet,viper,-5.588513854770218,4.0,0.0008784883670610612,False,False,4,False,1218
ZNF202,basal_to_goblet,viper,-5.589742310058844,3.0,0.001308943549300203,False,False,3,False,1219
TIGD3,basal_to_goblet,viper,-5.5928870563953295,3.0,0.0047262157538648635,False,True,3,False,1220
ARID5B,basal_to_goblet,viper,-5.605050315892477,3.0,0.000752401100806806,False,False,3,False,1221
ZNF830,basal_to_goblet,viper,-5.619195442595269,3.0,0.0005886752581997176,False,False,3,False,1222
ZNF131,basal_to_goblet,viper,-5.634276301209358,3.0,0.00037397771202728284,False,False,3,False,1223
RFX4,basal_to_goblet,viper,-5.639672951701649,3.0,0.0014121122704628545,False,False,3,False,1224
ZIC1,basal_to_goblet,viper,-5.668904642484528,3.0,0.0007819087624856899,False,False,3,False,1225
ZNF280A,basal_to_goblet,viper,-5.669957811924599,3.0,0.0003136711309017507,False,False,3,False,1226
HHEX,basal_to_goblet,viper,-5.6712807191755745,4.0,0.0036089847067007604,False,False,4,False,1227
TFAP2E,basal_to_goblet,viper,-5.690591832230306,3.0,0.0014449597994739111,False,False,3,False,1228
NFATC4,basal_to_goblet,viper,-5.692003784859473,3.0,0.0027894497110056665,False,False,3,False,1229
BCL6B,basal_to_goblet,viper,-5.694552451618176,3.0,0.0016273680532994292,False,False,3,False,1230
FOXH1,basal_to_goblet,viper,-5.701920802470473,3.0,0.0003075121655945227,False,False,3,False,1231
ZNF543,basal_to_goblet,viper,-5.7051125340118745,3.0,0.001010441179101066,False,False,3,False,1232
THAP11,basal_to_goblet,viper,-5.73087797317657,5.0,0.0015213062842645995,False,False,5,False,1233
ZNF85,basal_to_goblet,viper,-5.753913486536088,3.0,6.299259216610623e-05,False,False,3,False,1234
LHX1,basal_to_goblet,viper,-5.76215389697133,2.0,2.861000164774813e-05,False,False,2,False,1235
KIN,basal_to_goblet,viper,-5.770848190091263,3.0,0.0011997282229578748,False,True,3,False,1236
NEUROG1,basal_to_goblet,viper,-5.789752342920371,3.0,0.001545675469697841,False,False,3,False,1237
NEUROD1,basal_to_goblet,viper,-5.814647939150564,4.0,0.00010089144610473968,False,False,4,False,1238
PAX7,basal_to_goblet,viper,-5.816033468796876,3.0,0.0010577899168287667,False,False,3,False,1239
OTP,basal_to_goblet,viper,-5.816713773990134,3.0,0.00044652368989331147,False,False,3,False,1240
PHOX2A,basal_to_goblet,viper,-5.825978594375349,3.0,0.0016360530602874334,False,False,3,False,1241
ZNF16,basal_to_goblet,viper,-5.834946771438232,3.0,0.0008953110360786273,False,False,3,False,1242
NR6A1,basal_to_goblet,viper,-5.836410322688721,3.0,6.82282259217064e-05,False,True,3,False,1243
TBX5,basal_to_goblet,viper,-5.848582689431213,4.0,0.0014043796768963793,False,False,4,False,1244
ZNF207,basal_to_goblet,viper,-5.8655275125255635,4.0,0.0019538619635244563,False,False,4,False,1245
DNMT1,basal_to_goblet,viper,-5.872729585133073,2.0,1.6256385293915386e-05,False,False,2,False,1246
ZNF195,basal_to_goblet,viper,-5.879000790812619,3.0,0.0003439200216363699,False,False,3,False,1247
LIN28A,basal_to_goblet,viper,-5.888237067645913,2.0,0.00021158252374385797,False,True,2,False,1248
PTF1A,basal_to_goblet,viper,-5.889527445231793,3.0,0.0031554422424434772,False,False,3,False,1249
TBX6,basal_to_goblet,viper,-5.895400523767987,3.0,0.0007547568979271764,False,False,3,False,1250
DRAP1,basal_to_goblet,viper,-5.896107253344236,3.0,0.00018195999255238705,False,False,3,False,1251
FOXD4L1,basal_to_goblet,viper,-5.911269929867248,3.0,0.0005642134420255948,False,False,3,False,1252
ZNF32,basal_to_goblet,viper,-5.9343426687178225,3.0,0.00017737855813771856,False,False,3,False,1253
FOXL2,basal_to_goblet,viper,-5.954201172683843,3.0,0.0010047866018061632,False,False,3,False,1254
MYBL1,basal_to_goblet,viper,-5.976200408056444,4.0,0.00018429740213468855,False,False,4,False,1255
ETV7,basal_to_goblet,viper,-5.983061385798997,3.0,7.7205199213105e-05,False,True,3,False,1256
ZBED2,basal_to_goblet,viper,-6.0035944921078634,3.0,0.0005291549605349328,False,False,3,False,1257
ZNF771,basal_to_goblet,viper,-6.005975570456773,3.0,0.0006501400974132401,False,False,3,False,1258
HOXD10,basal_to_goblet,viper,-6.008210349744038,3.0,0.001339763394601885,False,False,3,False,1259
ALX1,basal_to_goblet,viper,-6.021323795377873,3.0,7.82539317278572e-05,False,False,3,False,1260
SIX6,basal_to_goblet,viper,-6.028758893932497,3.0,9.84444186731645e-05,False,False,3,False,1261
SLC2A4RG,basal_to_goblet,viper,-6.034924809522483,3.0,3.388952996249198e-05,False,False,3,False,1262
HIF3A,basal_to_goblet,viper,-6.041223416419734,3.0,0.00036189339688864365,False,False,3,False,1263
ZNF280B,basal_to_goblet,viper,-6.056704194642817,2.0,7.56292971735618e-06,False,False,2,False,1264
POU4F1,basal_to_goblet,viper,-6.059268920852451,3.0,0.0005949045761164257,False,False,3,False,1265
HMG20A,basal_to_goblet,viper,-6.087627544827336,3.0,8.851570582269578e-05,False,False,3,False,1266
ZIM2,basal_to_goblet,viper,-6.1083124382934395,3.0,4.5803142313089144e-05,False,False,3,False,1267
ZNF277,basal_to_goblet,viper,-6.1270278765045925,3.0,0.00016999817854785893,False,False,3,False,1268
SMAD3,basal_to_goblet,viper,-6.137585091782605,5.0,0.0010999202374924386,False,False,5,False,1269
TAL2,basal_to_goblet,viper,-6.144592384330812,3.0,2.5732063734070125e-05,False,False,3,False,1270
PAX1,basal_to_goblet,viper,-6.156023605452937,3.0,9.117886076472824e-05,False,False,3,False,1271
THAP4,basal_to_goblet,viper,-6.176555959770824,3.0,0.00010680494651563962,False,False,3,False,1272
HOXD11,basal_to_goblet,viper,-6.181023545244037,3.0,0.0004300978009506748,False,False,3,False,1273
THAP9,basal_to_goblet,viper,-6.183705119128256,3.0,3.82655477764105e-05,False,False,3,False,1274
TCF4,basal_to_goblet,viper,-6.189163155063961,5.0,0.001178811317916665,False,False,5,False,1275
ZFP1,basal_to_goblet,viper,-6.189807492941912,3.0,9.482443970566595e-05,False,False,3,False,1276
ZNF90,basal_to_goblet,viper,-6.1950292589056914,3.0,0.0001399955315996758,False,False,3,False,1277
DMRT2,basal_to_goblet,viper,-6.202494544834134,3.0,2.0650424889992212e-05,False,False,3,False,1278
ZNF511,basal_to_goblet,viper,-6.210343786310211,3.0,0.00013643730091258185,False,False,3,False,1279
HES1,basal_to_goblet,viper,-6.211664456878437,4.0,0.00033260231838290607,False,False,4,False,1280
DLX6,basal_to_goblet,viper,-6.220989999118236,3.0,0.000405129403428881,False,False,3,False,1281
ZNF219,basal_to_goblet,viper,-6.230665548409584,3.0,7.75317355540171e-05,False,False,3,False,1282
SOHLH2,basal_to_goblet,viper,-6.248627225211689,3.0,0.00013643730091258185,False,False,3,False,1283
RUNX3,basal_to_goblet,viper,-6.251493203328257,5.0,0.0003925835633013343,False,False,5,False,1284
IRX6,basal_to_goblet,viper,-6.262227974351902,3.0,0.00035312921593299245,False,False,3,False,1285
ZNF239,basal_to_goblet,viper,-6.263119225880917,3.0,0.0004229251226945733,False,False,3,False,1286
HOXD4,basal_to_goblet,viper,-6.265201584804872,3.0,0.0006340517998667818,False,False,3,False,1287
ZNF541,basal_to_goblet,viper,-6.265492185343092,3.0,2.6318922536478834e-05,False,False,3,False,1288
MIXL1,basal_to_goblet,viper,-6.28902813232623,3.0,0.00038518771444296583,False,False,3,False,1289
FEV,basal_to_goblet,viper,-6.301564815459783,3.0,0.00038886573970273674,False,False,3,False,1290
ZNF177,basal_to_goblet,viper,-6.308354900039774,3.0,0.00011019830206733494,False,False,3,False,1291
EPAS1,basal_to_goblet,viper,-6.314636459113485,4.0,9.528687884865103e-05,False,False,4,False,1292
HIVEP3,basal_to_goblet,viper,-6.364545113011823,3.0,0.00035294935384148657,False,False,3,False,1293
LHX3,basal_to_goblet,viper,-6.387698842556147,3.0,0.000168203332968654,False,False,3,False,1294
BACH2,basal_to_goblet,viper,-6.3877331524455965,4.0,0.00028415795296490967,False,False,4,False,1295
NR2E1,basal_to_goblet,viper,-6.3885521414764765,3.0,0.0005463930380418878,False,False,3,False,1296
HOXA7,basal_to_goblet,viper,-6.402960325543607,3.0,0.00012333071526009985,False,False,3,False,1297
NANOGP8,basal_to_goblet,viper,-6.4037021019464,2.0,2.02343321615688e-06,False,False,2,False,1298
ZNF77,basal_to_goblet,viper,-6.4120590334851935,3.0,8.839943677230737e-05,False,False,3,False,1299
SP4,basal_to_goblet,viper,-6.413672550252703,5.0,0.001981331826136469,False,False,5,False,1300
ZNF575,basal_to_goblet,viper,-6.425421414767834,3.0,0.0004229251226945733,False,False,3,False,1301
HES7,basal_to_goblet,viper,-6.426330049860332,3.0,9.064798117793697e-05,False,False,3,False,1302
ZNF878,basal_to_goblet,viper,-6.432874264042075,2.0,3.5803705544066844e-05,False,False,2,False,1303
DEAF1,basal_to_goblet,viper,-6.4386371333387435,4.0,4.260947929123745e-05,False,False,4,False,1304
HLF,basal_to_goblet,viper,-6.461286980551787,3.0,5.6589856841425994e-05,False,False,3,False,1305
MEOX2,basal_to_goblet,viper,-6.46986447916904,3.0,0.0005433723407137454,False,False,3,False,1306
ZHX2,basal_to_goblet,viper,-6.471323769490946,4.0,0.0005885159643673018,False,False,4,False,1307
TCF23,basal_to_goblet,viper,-6.475017267290136,3.0,9.524368380112495e-05,False,False,3,False,1308
FOXL1,basal_to_goblet,viper,-6.479267199704676,3.0,0.00038518771444296583,False,False,3,False,1309
SIM2,basal_to_goblet,viper,-6.4993967618306145,3.0,0.0001399955315996758,False,False,3,False,1310
ZNF530,basal_to_goblet,viper,-6.500201033066753,3.0,2.0650424889992212e-05,False,False,3,False,1311
EBF2,basal_to_goblet,viper,-6.500969929864212,2.0,2.341247518860558e-05,False,False,2,False,1312
ZFP28,basal_to_goblet,viper,-6.5211383229163085,3.0,9.206605748999671e-06,False,False,3,False,1313
MXD3,basal_to_goblet,viper,-6.521906250490777,3.0,2.5732063734070125e-05,False,True,3,False,1314
EGR1,basal_to_goblet,viper,-6.526672029160508,6.0,0.0020647739550703793,False,False,6,False,1315
MSGN1,basal_to_goblet,viper,-6.529938863672451,3.0,7.66772410907788e-05,False,False,3,False,1316
DMBX1,basal_to_goblet,viper,-6.537433805266629,3.0,7.902335183983216e-06,False,False,3,False,1317
CREB1,basal_to_goblet,viper,-6.539543547396207,6.0,0.002435717134342402,False,False,6,False,1318
ZNF589,basal_to_goblet,viper,-6.556410590348278,4.0,0.00031620970550478016,False,False,4,False,1319
ZNF300,basal_to_goblet,viper,-6.561914372552533,3.0,0.00044542720385826266,False,False,3,False,1320
ZNF57,basal_to_goblet,viper,-6.580670396623549,3.0,4.576117819927539e-05,False,False,3,False,1321
POU3F2,basal_to_goblet,viper,-6.61991344981837,4.0,7.0641376332758256e-06,False,False,4,False,1322
IRX1,basal_to_goblet,viper,-6.627731589858977,3.0,0.00010509496024361824,False,False,3,False,1323
PCGF2,basal_to_goblet,viper,-6.629798945434158,2.0,3.3927661730633176e-07,False,False,2,False,1324
ZNF485,basal_to_goblet,viper,-6.634013167753027,3.0,0.0006643924670181351,False,False,3,False,1325
ZNF724,basal_to_goblet,viper,-6.640186141704131,2.0,3.50154589730718e-05,False,False,2,False,1326
TLX1,basal_to_goblet,viper,-6.650362240603352,3.0,0.00016106903034006606,False,False,3,False,1327
HOXB8,basal_to_goblet,viper,-6.666892179856214,3.0,0.00010674496189006828,False,False,3,False,1328
PAX2,basal_to_goblet,viper,-6.672775865975866,3.0,1.382726957960354e-05,False,False,3,False,1329
HOXA10,basal_to_goblet,viper,-6.70402621947013,3.0,0.00013052327563308565,False,False,3,False,1330
HOXA2,basal_to_goblet,viper,-6.712958269290693,3.0,0.0006522500673251276,False,False,3,False,1331
ZNF124,basal_to_goblet,viper,-6.742776064943811,3.0,9.546504149319382e-05,False,False,3,False,1332
POU1F1,basal_to_goblet,viper,-6.761605048391991,3.0,0.00019523569431142407,False,False,3,False,1333
TCF15,basal_to_goblet,viper,-6.763842036890029,3.0,8.922100450104738e-05,False,False,3,False,1334
PKNOX2,basal_to_goblet,viper,-6.813010561386274,3.0,2.216815052389707e-06,False,False,3,False,1335
LHX5,basal_to_goblet,viper,-6.855889230062246,3.0,0.00012299104411613222,False,False,3,False,1336
FOXE3,basal_to_goblet,viper,-6.857412081475039,3.0,8.886806185921552e-05,False,False,3,False,1337
PITX2,basal_to_goblet,viper,-6.858390832458699,3.0,5.6664408687817534e-05,False,False,3,False,1338
ASCL2,basal_to_goblet,viper,-6.860157221377148,3.0,7.444168697552531e-05,False,False,3,False,1339
MAFB,basal_to_goblet,viper,-6.860718007945703,4.0,0.0003659821594701084,False,False,4,False,1340
VAX2,basal_to_goblet,viper,-6.886484872045938,3.0,9.064798117793697e-05,False,False,3,False,1341
NOTO,basal_to_goblet,viper,-6.890380852711711,3.0,9.18750938841868e-05,False,False,3,False,1342
ZNF311,basal_to_goblet,viper,-6.891343657576726,3.0,0.00013643730091258185,False,False,3,False,1343
TFAP2C,basal_to_goblet,viper,-6.920712059036464,6.0,0.004351070450409893,False,False,6,False,1344
FOXF1,basal_to_goblet,viper,-6.929003191488828,3.0,6.457146830921902e-05,False,False,3,False,1345
ONECUT2,basal_to_goblet,viper,-6.931624762048898,3.0,3.391890509786122e-05,False,False,3,False,1346
POU2F3,basal_to_goblet,viper,-6.932086822368962,3.0,7.66772410907788e-05,False,False,3,False,1347
TSC22D1,basal_to_goblet,viper,-6.938298076269895,3.0,2.253255654269603e-05,False,False,3,False,1348
TBX20,basal_to_goblet,viper,-6.983867648188072,3.0,0.00013305197619043176,False,False,3,False,1349
NFIC,basal_to_goblet,viper,-6.99077091392639,5.0,0.0009626572570640581,False,False,5,False,1350
HOXD9,basal_to_goblet,viper,-6.99244741537359,3.0,0.0002906027472462226,False,False,3,False,1351
ZNF257,basal_to_goblet,viper,-6.9976369573746044,3.0,8.983174685346354e-05,False,False,3,False,1352
FOXG1,basal_to_goblet,viper,-7.042035060745766,3.0,1.515461845487021e-05,False,False,3,False,1353
POU3F4,basal_to_goblet,viper,-7.050442013319817,3.0,6.427113457197663e-05,False,False,3,False,1354
ZIC2,basal_to_goblet,viper,-7.064200717827437,3.0,3.782095214323702e-05,False,False,3,False,1355
HOXD3,basal_to_goblet,viper,-7.076130268553942,3.0,2.341247518860558e-05,False,False,3,False,1356
MTERF3,basal_to_goblet,viper,-7.076491477978332,2.0,4.2177832777270276e-07,False,False,2,False,1357
ZNF93,basal_to_goblet,viper,-7.077252692104632,3.0,2.3446374450600984e-05,False,False,3,False,1358
ZNF423,basal_to_goblet,viper,-7.096751401530857,3.0,1.2035699495329353e-05,False,False,3,False,1359
ZFPM2,basal_to_goblet,viper,-7.124589392174318,3.0,9.06402268677092e-07,False,False,3,False,1360
ELK4,basal_to_goblet,viper,-7.149135038441404,5.0,0.0002599173625019685,False,True,5,False,1361
ZNF416,basal_to_goblet,viper,-7.1798319457812845,3.0,7.53613401033956e-05,False,False,3,False,1362
SOX8,basal_to_goblet,viper,-7.206114618710548,3.0,1.382726957960354e-05,False,False,3,False,1363
DPF3,basal_to_goblet,viper,-7.213378001414761,3.0,1.929177925839795e-06,False,False,3,False,1364
FOXE1,basal_to_goblet,viper,-7.240144084863508,3.0,7.858990248961763e-06,False,False,3,False,1365
FOXK1,basal_to_goblet,viper,-7.321732495341365,4.0,1.7673875353136743e-06,False,False,4,False,1366
ETV4,basal_to_goblet,viper,-7.369909040449249,4.0,0.0004074455297660025,False,False,4,False,1367
FOXF2,basal_to_goblet,viper,-7.397872501555307,3.0,9.64636399661949e-06,False,False,3,False,1368
ZNF732,basal_to_goblet,viper,-7.418839033804078,2.0,2.4885156806013475e-08,False,False,2,False,1369
LEF1,basal_to_goblet,viper,-7.431958235595729,4.0,4.980552511694834e-05,False,False,4,False,1370
CTCF,basal_to_goblet,viper,-7.434680250964622,6.0,0.00020069003714752576,True,False,6,False,1371
HEYL,basal_to_goblet,viper,-7.463152874028271,3.0,0.00010826024467818804,False,False,3,False,1372
PAX3,basal_to_goblet,viper,-7.4683158448653035,3.0,3.6552533246755134e-05,False,False,3,False,1373
CTCFL,basal_to_goblet,viper,-7.473256284699111,5.0,0.00017471011836627895,False,False,5,False,1374
FOXD3,basal_to_goblet,viper,-7.5343772133657,3.0,1.6282346529127087e-05,False,False,3,False,1375
TCF21,basal_to_goblet,viper,-7.56777918692102,4.0,2.8821741160805327e-05,False,False,4,False,1376
SOX7,basal_to_goblet,viper,-7.568284720284004,3.0,5.644009849091344e-06,False,False,3,False,1377
SP7,basal_to_goblet,viper,-7.5687029028834925,3.0,3.733335830053968e-05,False,False,3,False,1378
TEAD2,basal_to_goblet,viper,-7.57041719888873,4.0,3.391890509786122e-05,False,False,4,False,1379
AHRR,basal_to_goblet,viper,-7.620024913250004,2.0,2.687196487376745e-07,False,False,2,False,1380
PRDM13,basal_to_goblet,viper,-7.626040505776139,3.0,6.282753947990331e-05,False,False,3,False,1381
ZNF436,basal_to_goblet,viper,-7.653459311152434,3.0,1.4199446562728596e-07,False,False,3,False,1382
HIF1A,basal_to_goblet,viper,-7.655427313704988,5.0,0.00010089144610473968,False,False,5,False,1383
MEOX1,basal_to_goblet,viper,-7.6625115304653795,3.0,1.6250261905043265e-05,False,False,3,False,1384
ZNF679,basal_to_goblet,viper,-7.671232871741013,3.0,2.6074324744376603e-07,False,False,3,False,1385
FOXP3,basal_to_goblet,viper,-7.672842980211369,4.0,7.317612081779441e-08,False,False,4,False,1386
SOX10,basal_to_goblet,viper,-7.6758308379396665,4.0,0.00015639949142752356,False,False,4,False,1387
HOXA9,basal_to_goblet,viper,-7.691065840144066,4.0,9.917975349210273e-06,False,False,4,False,1388
ZNF503,basal_to_goblet,viper,-7.716118951586095,3.0,5.251215324372849e-06,False,False,3,False,1389
ZNF750,basal_to_goblet,viper,-7.751695233594757,4.0,7.381955041247995e-05,False,False,4,False,1390
TWIST1,basal_to_goblet,viper,-7.7640366453554766,4.0,5.2960902406322276e-05,False,False,4,False,1391
ISL2,basal_to_goblet,viper,-7.772950555284413,3.0,4.289179331234274e-06,False,False,3,False,1392
PCGF6,basal_to_goblet,viper,-7.7764053834525955,3.0,3.021972865365339e-07,False,False,3,False,1393
XPA,basal_to_goblet,viper,-7.77861267535264,3.0,7.515258035718118e-06,False,False,3,False,1394
ZNF263,basal_to_goblet,viper,-7.7872937891440985,6.0,0.00011564253606623454,False,False,6,False,1395
ZNF362,basal_to_goblet,viper,-7.820592356287073,3.0,7.56292971735618e-06,False,False,3,False,1396
MTF2,basal_to_goblet,viper,-7.822093322978805,3.0,8.31061201471927e-09,False,False,3,False,1397
ETV5,basal_to_goblet,viper,-7.82471887633091,3.0,1.4412482483155009e-06,False,False,3,False,1398
AEBP1,basal_to_goblet,viper,-7.82879253317215,2.0,1.02730089654942e-07,False,False,2,False,1399
YBX1,basal_to_goblet,viper,-7.857443033747333,3.0,8.186613179242901e-08,False,False,3,False,1400
TWIST2,basal_to_goblet,viper,-7.85910843847226,2.0,2.1577480606170605e-08,False,False,2,False,1401
TEAD3,basal_to_goblet,viper,-7.866043315364353,3.0,6.277953448047981e-07,False,False,3,False,1402
PRRX1,basal_to_goblet,viper,-7.896393293698888,3.0,1.382726957960354e-05,False,False,3,False,1403
ZNF256,basal_to_goblet,viper,-7.9013207251158075,3.0,6.250924964504239e-06,False,False,3,False,1404
MSC,basal_to_goblet,viper,-7.939362397660201,3.0,1.1928822365040253e-05,False,False,3,False,1405
SP8,basal_to_goblet,viper,-7.945457383642957,3.0,1.7235829599568478e-06,False,False,3,False,1406
SOX17,basal_to_goblet,viper,-7.95028521326912,4.0,3.6166185617811894e-07,False,False,4,False,1407
ZNF215,basal_to_goblet,viper,-7.963574271335335,3.0,2.0197970947464117e-06,False,False,3,False,1408
DLX1,basal_to_goblet,viper,-7.987862552648469,3.0,7.328966949910626e-06,False,False,3,False,1409
NEUROG2,basal_to_goblet,viper,-8.014695801942818,3.0,2.5469646110705184e-05,False,False,3,False,1410
ZNF711,basal_to_goblet,viper,-8.059174141488176,3.0,1.678522586155099e-06,False,False,3,False,1411
ASCL1,basal_to_goblet,viper,-8.075254094980005,4.0,8.247824924185313e-08,False,False,4,False,1412
BNC2,basal_to_goblet,viper,-8.079884966699865,3.0,5.361322716470465e-06,False,False,3,False,1413
ALX4,basal_to_goblet,viper,-8.088117184938863,3.0,1.1052711302912962e-06,False,False,3,False,1414
FOXO6,basal_to_goblet,viper,-8.101003268613033,3.0,4.612320452777853e-08,False,False,3,False,1415
ZNF22,basal_to_goblet,viper,-8.136661455775378,3.0,2.8493772532952357e-07,False,False,3,False,1416
DMRT1,basal_to_goblet,viper,-8.153646969047196,4.0,8.974231456478614e-08,False,False,4,False,1417
ZNF519,basal_to_goblet,viper,-8.16506413160075,3.0,3.144874829233355e-08,False,False,3,False,1418
ELK1,basal_to_goblet,viper,-8.174929197816422,5.0,1.7714431715731483e-05,False,False,5,False,1419
OTX2,basal_to_goblet,viper,-8.204999104992806,4.0,1.7506074260849834e-05,False,False,4,False,1420
IRF6,basal_to_goblet,viper,-8.210203728538248,3.0,1.1091235064175758e-05,False,False,3,False,1421
ZNF689,basal_to_goblet,viper,-8.265871123424489,3.0,2.117835283678773e-07,False,False,3,False,1422
LHX6,basal_to_goblet,viper,-8.304352278637378,3.0,1.0918136221719707e-06,False,False,3,False,1423
SOX1,basal_to_goblet,viper,-8.309530667121827,3.0,4.090465825954934e-07,False,False,3,False,1424
DBX2,basal_to_goblet,viper,-8.310694803965541,3.0,2.692244436776106e-06,False,False,3,False,1425
NFE2L2,basal_to_goblet,viper,-8.343770351948656,5.0,4.829402166098067e-05,False,False,5,False,1426
RXRG,basal_to_goblet,viper,-8.377040086733661,3.0,8.186613179242901e-08,False,False,3,False,1427
PAX6,basal_to_goblet,viper,-8.384166484088512,5.0,7.943365300513468e-06,False,False,5,False,1428
TSHZ3,basal_to_goblet,viper,-8.403605302592018,3.0,8.924221167886945e-07,False,False,3,False,1429
HOXC9,basal_to_goblet,viper,-8.43396062686898,4.0,2.64477394532021e-08,False,False,4,False,1430
TCF7L1,basal_to_goblet,viper,-8.434035421722298,3.0,6.632040219650565e-08,False,False,3,False,1431
E2F8,basal_to_goblet,viper,-8.448656254283303,3.0,2.790021536339708e-07,False,False,3,False,1432
E2F2,basal_to_goblet,viper,-8.46481047814758,3.0,1.9012142096888547e-07,False,False,3,False,1433
RARG,basal_to_goblet,viper,-8.475971193767881,4.0,2.5011572584661185e-05,False,False,4,False,1434
NANOG,basal_to_goblet,viper,-8.483153349631616,6.0,5.972336556433673e-08,False,False,6,False,1435
TFAP4,basal_to_goblet,viper,-8.488786770261886,4.0,1.8360406867315325e-06,False,False,4,False,1436
ZNF521,basal_to_goblet,viper,-8.525791667318721,3.0,6.560970429376184e-08,False,False,3,False,1437
ZFP92,basal_to_goblet,viper,-8.526346934417118,3.0,6.560970429376184e-08,False,False,3,False,1438
HAND1,basal_to_goblet,viper,-8.527469915549162,3.0,1.9617665752371438e-07,False,False,3,False,1439
ZSCAN10,basal_to_goblet,viper,-8.560127419166115,3.0,8.647049961333145e-08,False,False,3,False,1440
GLIS2,basal_to_goblet,viper,-8.567455109474867,3.0,4.943109920761311e-07,False,False,3,False,1441
CDX1,basal_to_goblet,viper,-8.607191467173733,3.0,4.055971611602055e-06,False,False,3,False,1442
TAL1,basal_to_goblet,viper,-8.670876197268399,6.0,1.1913221673462202e-05,False,False,6,False,1443
ZNF581,basal_to_goblet,viper,-8.688601081920202,3.0,4.396209778128797e-07,False,False,3,False,1444
ZNF488,basal_to_goblet,viper,-8.690807502074426,2.0,1.2477361485212689e-10,False,False,2,False,1445
ZFP37,basal_to_goblet,viper,-8.696547787020226,3.0,2.4096914264247026e-09,False,False,3,False,1446
RBPJL,basal_to_goblet,viper,-8.710717182700469,3.0,1.534182322696535e-07,False,False,3,False,1447
GLI3,basal_to_goblet,viper,-8.722624594613475,3.0,9.559177554594503e-07,False,False,3,False,1448
TFAP2B,basal_to_goblet,viper,-8.788961721731564,3.0,3.4677945334853485e-08,False,False,3,False,1449
LHX2,basal_to_goblet,viper,-8.809459206139486,4.0,1.3183911223568036e-07,False,False,4,False,1450
FLI1,basal_to_goblet,viper,-8.813483504009215,6.0,9.637955199703234e-06,False,False,6,False,1451
SALL3,basal_to_goblet,viper,-8.841376410360542,3.0,7.567398788533469e-07,False,False,3,False,1452
CEBPA,basal_to_goblet,viper,-8.850054538154469,5.0,1.4002807637693926e-06,False,False,5,False,1453
HOXB7,basal_to_goblet,viper,-8.874120991369201,5.0,1.4884993064958947e-08,False,False,5,False,1454
DLX3,basal_to_goblet,viper,-9.035397367417614,3.0,4.325347017436708e-07,False,False,3,False,1455
KLF8,basal_to_goblet,viper,-9.066284382122438,3.0,3.0803876600278953e-09,False,False,3,False,1456
NKRF,basal_to_goblet,viper,-9.10183498070113,3.0,3.907855156300196e-08,False,False,3,False,1457
SALL2,basal_to_goblet,viper,-9.104119621159658,3.0,1.534182322696535e-07,False,False,3,False,1458
ZNF146,basal_to_goblet,viper,-9.115034146765275,3.0,1.7207597428308802e-07,False,False,3,False,1459
HOXB13,basal_to_goblet,viper,-9.171109776185183,4.0,1.5799202132819775e-08,False,False,4,False,1460
DLX5,basal_to_goblet,viper,-9.181177016776369,3.0,2.5222545199140468e-08,False,False,3,False,1461
HMGA1,basal_to_goblet,viper,-9.196655342839627,3.0,1.753178152555719e-08,False,False,3,False,1462
MYNN,basal_to_goblet,viper,-9.241331119699879,4.0,2.1377329869465918e-10,False,False,4,False,1463
ZIC5,basal_to_goblet,viper,-9.242873417196108,3.0,3.710333524191757e-08,False,False,3,False,1464
DUXA,basal_to_goblet,viper,-9.275944159585437,3.0,3.5152280939226143e-08,False,False,3,False,1465
NFYB,basal_to_goblet,viper,-9.318966375176844,5.0,5.895462780845809e-06,False,False,5,False,1466
ZNF92,basal_to_goblet,viper,-9.324428504827257,4.0,5.059596157472415e-08,False,False,4,False,1467
ZNF385A,basal_to_goblet,viper,-9.359500219013531,3.0,3.87892301348542e-09,False,False,3,False,1468
RFX5,basal_to_goblet,viper,-9.383745168943657,5.0,3.8176547850122e-09,False,False,5,False,1469
FOXS1,basal_to_goblet,viper,-9.442214864450772,3.0,1.9289805201624727e-07,False,False,3,False,1470
NR0B1,basal_to_goblet,viper,-9.477548419566407,4.0,2.662521738323191e-11,False,False,4,False,1471
KLF5,basal_to_goblet,viper,-9.489855914678476,5.0,3.2099020027648257e-07,False,False,5,False,1472
ZNF560,basal_to_goblet,viper,-9.50542557761108,3.0,1.772427294058329e-09,False,False,3,False,1473
GLI1,basal_to_goblet,viper,-9.593956698645185,4.0,4.582242216687286e-08,False,False,4,False,1474
IRX4,basal_to_goblet,viper,-9.602773723785855,3.0,6.550535825786497e-08,False,False,3,False,1475
ETV1,basal_to_goblet,viper,-9.618917651393378,4.0,1.835241474013633e-08,False,False,4,False,1476
TERF1,basal_to_goblet,viper,-9.628242567553771,4.0,2.8860506902832324e-07,False,False,4,False,1477
SOX11,basal_to_goblet,viper,-9.713377927463663,5.0,3.6856761996354325e-07,False,False,5,False,1478
TBX18,basal_to_goblet,viper,-9.777200416004463,3.0,1.9617665752371438e-07,False,False,3,False,1479
TFDP1,basal_to_goblet,viper,-9.85182683438269,4.0,9.49826204890504e-08,False,False,4,False,1480
ZNF492,basal_to_goblet,viper,-9.890861847945976,2.0,1.2666888087885426e-10,False,False,2,False,1481
ZNF695,basal_to_goblet,viper,-9.89228764596997,3.0,1.4797856771219245e-08,False,False,3,False,1482
FOXI3,basal_to_goblet,viper,-9.93201370041312,2.0,1.2838063072032702e-13,False,False,2,False,1483
BCL11B,basal_to_goblet,viper,-10.109842384237817,3.0,1.2288652440463481e-11,False,False,3,False,1484
SOX15,basal_to_goblet,viper,-10.185589455593297,3.0,8.91361377236063e-09,False,False,3,False,1485
BCL11A,basal_to_goblet,viper,-10.198354638362678,5.0,2.8485870262912217e-06,False,False,5,False,1486
GRHL3,basal_to_goblet,viper,-10.281879028951169,3.0,9.410115166926213e-08,False,False,3,False,1487
POU5F1,basal_to_goblet,viper,-10.347505429475211,5.0,2.1360279483918363e-09,False,False,5,False,1488
POU3F1,basal_to_goblet,viper,-10.385566690841816,4.0,6.659134187102314e-09,False,False,4,False,1489
ZNF367,basal_to_goblet,viper,-10.430901275106702,3.0,2.331854414401639e-09,False,False,3,False,1490
PRDM14,basal_to_goblet,viper,-10.561385044504695,5.0,3.3957026088280398e-09,False,False,5,False,1491
NEUROD2,basal_to_goblet,viper,-10.623931067522319,4.0,1.37341025002099e-13,False,False,4,False,1492
E2F7,basal_to_goblet,viper,-10.721680290789514,5.0,4.569400616795397e-07,False,False,5,False,1493
EBF1,basal_to_goblet,viper,-10.775615724068329,5.0,9.101419268922961e-09,False,False,5,False,1494
ZFP64,basal_to_goblet,viper,-10.856259537124773,3.0,3.5588701274853117e-13,False,False,3,False,1495
SNAI2,basal_to_goblet,viper,-10.869842562693371,4.0,6.0001843661961385e-09,False,False,4,False,1496
ESRRB,basal_to_goblet,viper,-10.889263453308935,4.0,4.5670270519936625e-12,False,False,4,False,1497
TET1,basal_to_goblet,viper,-10.94380240007388,3.0,1.9685731736017253e-16,False,False,3,False,1498
ATF1,basal_to_goblet,viper,-10.959384366747626,5.0,6.522180775050891e-10,False,False,5,False,1499
BHLHE22,basal_to_goblet,viper,-11.058437270174098,3.0,2.84117354794448e-15,False,False,3,False,1500
TFAP2A,basal_to_goblet,viper,-11.062316366245941,6.0,8.272671492322261e-08,False,False,6,False,1501
ETS1,basal_to_goblet,viper,-11.063722677628391,6.0,3.4435741161704914e-08,False,False,6,False,1502
PAX5,basal_to_goblet,viper,-11.078133403072712,5.0,4.467934133837796e-12,False,False,5,False,1503
CBX2,basal_to_goblet,viper,-11.078417465436251,5.0,3.777216546374479e-08,False,False,5,False,1504
CENPA,basal_to_goblet,viper,-11.296595615246588,2.0,3.5588701274853117e-13,False,False,2,False,1505
ZFP42,basal_to_goblet,viper,-11.597193053529168,3.0,1.5881263065578442e-15,False,False,3,False,1506
BNC1,basal_to_goblet,viper,-11.65089177386182,3.0,3.845694974491405e-13,False,False,3,False,1507
PA2G4,basal_to_goblet,viper,-11.712473358819544,2.0,1.2838063072032702e-13,False,False,2,False,1508
TGIF2,basal_to_goblet,viper,-11.764111467986858,4.0,4.444227928609626e-12,False,False,4,False,1509
SALL1,basal_to_goblet,viper,-11.770155293423837,4.0,1.2477361485212689e-10,False,False,4,False,1510
CEBPZ,basal_to_goblet,viper,-11.824459157678742,5.0,1.9850941613327767e-09,False,False,5,False,1511
MYCN,basal_to_goblet,viper,-11.837863562808792,5.0,3.081253595844797e-11,False,False,5,False,1512
FOXN1,basal_to_goblet,viper,-11.92955920682847,3.0,6.625961829048985e-12,False,False,3,False,1513
PRMT3,basal_to_goblet,viper,-12.035892353807899,3.0,4.2855444777204124e-13,False,False,3,False,1514
MAX,basal_to_goblet,viper,-12.507957797991377,5.0,1.3380364754333552e-14,False,False,5,False,1515
PGR,basal_to_goblet,viper,-12.717872710054152,4.0,2.3223442615791878e-14,False,False,4,False,1516
E2F4,basal_to_goblet,viper,-13.13601155496659,6.0,1.998594433125431e-12,False,False,6,False,1517
ERG,basal_to_goblet,viper,-13.154891771709039,5.0,3.067239021774863e-16,False,False,5,False,1518
MYBL2,basal_to_goblet,viper,-13.364524275535787,6.0,1.3604988398064344e-08,False,False,6,False,1519
GATA4,basal_to_goblet,viper,-13.442450618753046,5.0,1.5881263065578442e-15,False,False,5,False,1520
E2F6,basal_to_goblet,viper,-13.576085396107896,5.0,1.2059794360947456e-17,False,False,5,False,1521
KLF1,basal_to_goblet,viper,-13.930815981930218,5.0,3.7928551667361625e-16,False,False,5,False,1522
PPARG,basal_to_goblet,viper,-13.953618317690179,5.0,5.1492788903660476e-18,False,False,5,False,1523
WT1,basal_to_goblet,viper,-14.406663485616804,4.0,7.74444102915757e-25,False,False,4,False,1524
E2F1,basal_to_goblet,viper,-14.886872032575168,6.0,3.805817901795754e-15,False,False,6,False,1525
TP53,basal_to_goblet,viper,-15.251441502658302,5.0,3.2614209965719028e-19,False,False,5,False,1526
AR,basal_to_goblet,viper,-16.02084068675685,5.0,3.909820464224465e-25,False,False,5,False,1527
GATA3,basal_to_goblet,viper,-16.350155403791188,6.0,4.172288029681277e-15,False,False,6,False,1528
SRY,basal_to_goblet,viper,-16.62946097813753,4.0,4.384944899927337e-29,False,False,4,False,1529
ARID3A,basal_to_goblet,viper,-16.78417935899779,5.0,2.969108913754051e-26,False,False,5,False,1530
FOXM1,basal_to_goblet,viper,-17.7732672249059,6.0,2.1489486158906754e-15,False,False,6,False,1531
TEAD4,basal_to_goblet,viper,-17.825771856068688,6.0,9.443912520529402e-26,False,False,6,False,1532
TP63,basal_to_goblet,viper,-19.157591328039334,5.0,5.553430839866402e-28,False,False,5,False,1533
MYC,basal_to_goblet,viper,-21.92666428721984,6.0,4.470714343080431e-31,False,False,6,False,1534
