tf,target,z,n_lib,likelihood,libraries,w_contrib
FOXA2,SERPINA1,2.2415802082197085,3,0.9509853441202155,"ARCHS4_Coexpression,Literature_ChIP-seq,ReMap_ChIP-seq",2.131709925686884
FOXA2,MGST2,-0.7833177975656483,3,0.8827291324978462,"ARCHS4_Coexpression,ENCODE_ChIP-seq,ReMap_ChIP-seq",-0.6914574399152483
FOXA2,GATA6,0.1720604742990458,5,0.8661875104027889,"ARCHS4_Coexpression,ENCODE_ChIP-seq,Enrichr_Queries,Literature_ChIP-seq,ReMap_ChIP-seq",0.1490366338718135
FOXA2,RNF128,0.7962147740918195,3,0.7999827144956613,"ARCHS4_Coexpression,ENCODE_ChIP-seq,GTEx_Coexpression",0.6369580562995235
FOXA2,CYB5A,1.7301622762318225,3,0.7735647074306704,"ARCHS4_Coexpression,GTEx_Coexpression,ReMap_ChIP-seq",1.3383924750208525
FOXA2,ISL1,-1.2535275468361586,2,0.7887859122037733,"ARCHS4_Coexpression,Enrichr_Queries",-0.9887648695037174
FOXA2,EPB41L4B,2.4263787692750967,4,0.7603747223945331,"ARCHS4_Coexpression,GTEx_Coexpression,Literature_ChIP-seq,ReMap_ChIP-seq",1.8449570831115405
FOXA2,RPH3AL,-0.3465985013143372,3,0.6813267578587472,"ARCHS4_Coexpression,ENCODE_ChIP-seq,Literature_ChIP-seq",-0.2361468331791981
FOXA2,OCLN,1.937100013611759,2,0.6600890529005692,"ARCHS4_Coexpression,GTEx_Coexpression",1.2786585133586656
FOXA2,HES1,-0.4493315983004581,4,0.6159337633629827,"ARCHS4_Coexpression,ENCODE_ChIP-seq,Literature_ChIP-seq,ReMap_ChIP-seq",-0.27675850233910515
FOXA2,TOX3,1.685617246218612,5,0.5774747799909185,"ARCHS4_Coexpression,Enrichr_Queries,GTEx_Coexpression,Literature_ChIP-seq,ReMap_ChIP-seq",0.9734014484089908
FOXA2,GPRC5C,1.3565645435908538,4,0.5760873291892971,"ARCHS4_Coexpression,Enrichr_Queries,GTEx_Coexpression,ReMap_ChIP-seq",0.7814996447901527
FOXA2,PCBD1,-0.0528745292271776,2,0.5806710838349702,"ARCHS4_Coexpression,GTEx_Coexpression",-0.03070271019360903
FOXA2,ARFGEF3,3.0146986150839665,2,0.566552663765634,"ARCHS4_Coexpression,Literature_ChIP-seq",1.707985530826389
FOXA2,EPCAM,1.926681838305972,3,0.5413662615369949,"ARCHS4_Coexpression,Enrichr_Queries,ReMap_ChIP-seq",1.0430405439749288
FOXA2,CPE,-0.6558865759471448,2,0.5202302651661219,"ARCHS4_Coexpression,Literature_ChIP-seq",-0.34121204732388294
FOXA2,CADM1,-1.1290224140215064,4,0.49084175958973325,"ARCHS4_Coexpression,Enrichr_Queries,Literature_ChIP-seq,ReMap_ChIP-seq",-0.5541713483145645
FOXA2,CPM,-0.0249882840300088,1,0.5048674475330582,ARCHS4_Coexpression,-0.012615771176461624
FOXA2,TF,1.6923284217580306,2,0.48826738701380945,"ARCHS4_Coexpression,Literature_ChIP-seq",0.8263087764609977
FOXA2,TMEM176B,2.5084334766654863,1,0.4650559188772946,ARCHS4_Coexpression,1.1665618354332343
FOXA2,CYSTM1,-1.1194912106386252,2,0.44428516149350794,"ARCHS4_Coexpression,GTEx_Coexpression",-0.4973733333091443
FOXA2,PFKFB2,0.7046486111381177,2,0.4342017676473316,"ARCHS4_Coexpression,ReMap_ChIP-seq",0.3059596725264079
FOXA2,RNASE4,1.384243600940457,3,0.41872917181385655,"ARCHS4_Coexpression,ENCODE_ChIP-seq,ReMap_ChIP-seq",0.5796231766104282
FOXA2,DMRTA2,-1.3729273933354489,1,0.4294392507139332,ARCHS4_Coexpression,-0.5895889110786086
FOXA2,COX17,1.7342917541803249,3,0.4067001678453394,"ARCHS4_Coexpression,ENCODE_ChIP-seq,Literature_ChIP-seq",0.7053367475179263
FOXA2,TUBA1C,-1.111767934379153,2,0.4070633142197003,"ARCHS4_Coexpression,Literature_ChIP-seq",-0.4525599400115683
FOXA2,COA3,-0.5705495766362167,3,0.38185069827840357,"ARCHS4_Coexpression,Literature_ChIP-seq,ReMap_ChIP-seq",-0.2178647542409869
FOXA2,MRPL33,1.016060940839602,3,0.3593762970612326,"ARCHS4_Coexpression,ENCODE_ChIP-seq,Literature_ChIP-seq",0.36514821850748824
FOXA2,HSP90AA1,-0.50533853148948,3,0.3522031962089176,"ARCHS4_Coexpression,ENCODE_ChIP-seq,Literature_ChIP-seq",-0.17798184595811561
FOXA2,RPL41,-0.600067598995199,2,0.349439961799476,"ARCHS4_Coexpression,ReMap_ChIP-seq",-0.20968759886998564
FOXA2,FLRT3,-1.0222543311377117,3,0.34666462871003056,"ARCHS4_Coexpression,ENCODE_ChIP-seq,Enrichr_Queries",-0.3543794181510755
FOXA2,PEMT,-0.2312922907581201,3,0.3408814735950025,"ARCHS4_Coexpression,ENCODE_ChIP-seq,Literature_ChIP-seq",-0.07884325690479176
FOXA2,MDK,1.826335610220638,1,0.3554793176434886,ARCHS4_Coexpression,0.6492245365092368
FOXA2,CMTM8,1.594631467266004,4,0.3185610311208447,"ARCHS4_Coexpression,GTEx_Coexpression,Literature_ChIP-seq,ReMap_ChIP-seq",0.5079874444700038
FOXA2,DNAJC22,0.1271121556550548,2,0.317080476270988,"ARCHS4_Coexpression,GTEx_Coexpression",0.04030478285493674
FOXA2,DNAJC12,2.2832411225260936,2,0.30521085718420937,"ARCHS4_Coexpression,ENCODE_ChIP-seq",0.6968699801644255
FOXA2,GPC3,-1.7079611781470896,1,0.3187305361855994,ARCHS4_Coexpression,-0.5443793820950099
FOXA2,UBL5,1.1342647529913008,2,0.3036712014818158,"ARCHS4_Coexpression,ENCODE_ChIP-seq",0.3444435403393433
FOXA2,HK1,-1.3030474374808487,1,0.309979712140803,ARCHS4_Coexpression,-0.4039182695761245
FOXA2,RBP1,-1.8190607722906753,1,0.2835787969573579,ARCHS4_Coexpression,-0.515847065398512
FOXA2,CXXC4,1.3884577445724609,2,0.2686129151946207,"ARCHS4_Coexpression,ReMap_ChIP-seq",0.3729576823941568
FOXA2,RIN2,-0.9402620864434484,2,0.2671276946923417,"ARCHS4_Coexpression,ReMap_ChIP-seq",-0.2511700435582497
FOXA2,CRYZ,-0.8156521262314144,1,0.2793794152632382,ARCHS4_Coexpression,-0.22787641408474948
FOXA2,PLCE1,0.0854235555645818,1,0.2759617855109696,ARCHS4_Coexpression,0.023573636918297516
FOXA2,FOXP2,-1.0514241056801303,2,0.2612917277652592,"ARCHS4_Coexpression,ENCODE_ChIP-seq",-0.27472842118720375
FOXA2,CSK,-0.1222384809210915,1,0.2711536740124008,ARCHS4_Coexpression,-0.03314541320744872
FOXA2,SPATS2L,-1.0398872580696616,2,0.2586275041678638,"ARCHS4_Coexpression,ReMap_ChIP-seq",-0.26894344617051985
FOXA2,SLC7A2,0.9074462192740864,1,0.2664493646680717,ARCHS4_Coexpression,0.241788468596024
FOXA2,MSN,-1.3836435839109782,1,0.261529333635427,ARCHS4_Coexpression,-0.36186338448917216
FOXA2,TSPAN13,1.909294110134519,1,0.2575887063467714,ARCHS4_Coexpression,0.4918125998650608
FOXA2,EPHB2,0.3319628417682671,1,0.2553132367128957,ARCHS4_Coexpression,0.08475450760026712
FOXA2,PTPRN2,0.1641194439511978,1,0.2495316852115681,ARCHS4_Coexpression,0.04095300142512788
FOXA2,TBCA,-0.6019986868631564,1,0.2480550223339139,ARCHS4_Coexpression,-0.1493287977148271
FOXA2,SEC11C,2.503115993349681,1,0.2464559527422608,ARCHS4_Coexpression,0.6169078369653861
FOXA2,AP2M1,-1.386046648841457,1,0.2412158335384877,ARCHS4_Coexpression,-0.3343363977235196
FOXA2,MT-ATP8,0.166920953158083,1,0.2316967606371342,ARCHS4_Coexpression,0.03867504412919065
FOXA2,SOX2,-0.1203826126708589,2,0.2012376525974104,"ARCHS4_Coexpression,Enrichr_Queries",-0.024225514387426917
FOXA2,ERO1B,0.1457072428296966,2,0.19141452550844879,"ARCHS4_Coexpression,GTEx_Coexpression",0.027890482749390703
FOXA2,ZC2HC1A,-1.9617354396394249,1,0.1992414641412632,ARCHS4_Coexpression,-0.3908590412515637
FOXA2,NAA20,-1.5072720924151488,1,0.199220160101309,ARCHS4_Coexpression,-0.30027898756718097
FOXA2,TMEM258,1.2812898703457667,1,0.1960248973945709,ARCHS4_Coexpression,0.25116471536723195
FOXA2,SOX4,1.15735077497897,2,0.17737086084812254,"ARCHS4_Coexpression,Enrichr_Queries",0.20528030326126168
FOXA2,SRP14,0.6504708132368837,1,0.1811866849093116,ARCHS4_Coexpression,0.11785665028065494
FOXA2,SH3BP5L,0.6809362882547059,1,0.1803670305489393,ARCHS4_Coexpression,0.12281845630551787
FOXA2,TSPAN6,1.1100606356251093,1,0.1791468993146303,ARCHS4_Coexpression,0.19886392092346594
FOXA2,ATP6V1G1,0.9370423115682512,1,0.1777448433919812,ARCHS4_Coexpression,0.16655443892135888
FOXA2,RPL31,-0.5242684041162313,1,0.1753177238681983,ARCHS4_Coexpression,-0.09191354330567043
FOXA2,CKS2,-1.4669200883893485,1,0.1724863694728952,ARCHS4_Coexpression,-0.25302372035313725
FOXA2,CCDC167,0.5364611611325978,1,0.171686483417687,ARCHS4_Coexpression,0.09210313024502487
FOXA2,SMIM26,0.4315696744399202,1,0.1650730130799879,ARCHS4_Coexpression,0.07124050651374707
FOXA2,BEX5,-0.3763448479035834,1,0.1637344806244204,ARCHS4_Coexpression,-0.061620628207169716
FOXA2,STMN1,-2.4926886215671233,1,0.1620652519357429,ARCHS4_Coexpression,-0.40397820945163554
FOXA2,CHCHD3,-0.9434916386018848,1,0.1539617384093161,ARCHS4_Coexpression,-0.14526161285380038
FOXA2,MAN1A1,1.1298939814211943,1,0.1535888264410322,ARCHS4_Coexpression,0.17353909060926667
FOXA2,MAP3K13,0.6541742634355908,1,0.1516901559926416,ARCHS4_Coexpression,0.09923179606691619
FOXA2,ROMO1,1.049025713798177,1,0.1465255833837498,ARCHS4_Coexpression,0.15370910469883245
FOXA2,WNT4,-1.525447773597571,1,0.1431743574082947,ARCHS4_Coexpression,-0.21840500474474608
FOXA2,MYO9B,0.2022930364550996,1,0.1395725417008908,ARCHS4_Coexpression,0.028234553266429215
FOXA2,BEX2,-1.073697684835326,1,0.1342728860434353,ARCHS4_Coexpression,-0.144168486880994
FOXA2,TCEAL9,-0.974123129451123,1,0.1305933990456068,ARCHS4_Coexpression,-0.12721405056396579
FOXA2,SLC51A,1.7159366740248094,1,0.1303715873273038,ARCHS4_Coexpression,0.22370938794574868
FOXA2,USP5,-0.99204427048012,1,0.1243576620602512,ARCHS4_Coexpression,-0.1233683061371752
FOXA2,COX7B,-0.8953467708797496,1,0.1242874803316954,ARCHS4_Coexpression,-0.11128039417576387
FOXA2,EIF4H,-1.118629772297356,1,0.1172823852886868,ARCHS4_Coexpression,-0.13119556794997447
FOXA2,SUMO2,-1.1207849280088062,1,0.1124474032162868,ARCHS4_Coexpression,-0.1260293547185432
FOXA2,COX7A2,-0.4209778656644211,1,0.1100306528329777,ARCHS4_Coexpression,-0.046320469387289835
FOXA2,APOM,-0.0199207796467416,1,0.109487864944973,ARCHS4_Coexpression,-0.0021810836315610113
FOXA2,PET100,0.8347499330193567,1,0.1074050383344088,ARCHS4_Coexpression,0.08965634855558918
FOXA2,CFI,1.663165640359013,1,0.1012324626793853,ARCHS4_Coexpression,0.16836635361727972
FOXA2,TMEM256,0.5551703679278189,1,0.0946072970309467,ARCHS4_Coexpression,0.05252316790132713
FOXA2,COL27A1,-0.4886628827185885,1,0.0906558631737777,ARCHS4_Coexpression,-0.04430015543384014
FOXA2,HCLS1,-0.2324750804902097,1,0.0857209860138521,ARCHS4_Coexpression,-0.019927993123270406
FOXA2,NDUFA13,0.1526930640240887,1,0.0845358990192286,ARCHS4_Coexpression,0.01290804544127697
FOXA2,MTPN,-0.2786366853139435,1,0.0831323617907975,ARCHS4_Coexpression,-0.02316372573170734
FOXA2,COX7A2L,-0.3517384112046059,1,0.0764679670776456,ARCHS4_Coexpression,-0.026896721247937173
FOXA2,ANG,2.2959067682976553,1,0.0,ARCHS4_Coexpression,0.0
FOXA2,ARHGEF2,-0.1828216150874352,1,0.0,ARCHS4_Coexpression,-0.0
FOXA2,ARMC10,-0.6125212755808774,1,0.0,ARCHS4_Coexpression,-0.0
FOXA2,ATP5MG,-0.5959370641932532,1,0.0,ARCHS4_Coexpression,-0.0
FOXA2,BEX3,-0.5103160768459727,1,0.0,ARCHS4_Coexpression,-0.0
FOXA2,CCT6B,-0.0088660039402702,1,0.0,ARCHS4_Coexpression,-0.0
FOXA2,CMC2,-0.0768749653918151,1,0.0,ARCHS4_Coexpression,-0.0
FOXA2,COMMD6,-0.1134267450832484,1,0.0,ARCHS4_Coexpression,-0.0
FOXA2,COX6C,-0.7990635564431766,1,0.0,ARCHS4_Coexpression,-0.0
FOXA2,ETFB,-1.2745163619944466,1,0.0,ARCHS4_Coexpression,-0.0
FOXA2,GOLT1A,-0.2022930364550996,2,0.0,"ARCHS4_Coexpression,GTEx_Coexpression",-0.0
FOXA2,HSPE1,-1.2262106078794976,1,0.0,ARCHS4_Coexpression,-0.0
FOXA2,IMMP1L,0.0512603629193685,1,0.0,ARCHS4_Coexpression,0.0
FOXA2,NBEAL1,-0.3166714950305395,1,0.0,ARCHS4_Coexpression,-0.0
FOXA2,NDUFA1,-0.1608526421686598,1,0.0,ARCHS4_Coexpression,-0.0
FOXA2,NDUFA4,-0.218538394988185,1,0.0,ARCHS4_Coexpression,-0.0
FOXA2,NDUFB3,-0.0070236831390015,1,0.0,ARCHS4_Coexpression,-0.0
FOXA2,NDUFB4,0.0378905851599557,1,0.0,ARCHS4_Coexpression,0.0
FOXA2,NDUFS5,-0.7619019740864894,1,0.0,ARCHS4_Coexpression,-0.0
FOXA2,NTN1,0.8455655852304277,1,0.0,ARCHS4_Coexpression,0.0
FOXA2,PARM1,1.8551575939277276,1,0.0,ARCHS4_Coexpression,0.0
FOXA2,PBX1,-0.9313421228518668,2,0.0,"ARCHS4_Coexpression,Enrichr_Queries",-0.0
FOXA2,PHPT1,0.6613216448698065,1,0.0,ARCHS4_Coexpression,0.0
FOXA2,PPP1R18,-1.12554468901409,1,0.0,ARCHS4_Coexpression,-0.0
FOXA2,PPP1R9B,1.2237723283605042,1,0.0,ARCHS4_Coexpression,0.0
FOXA2,PRDX4,1.2631849012805851,2,0.0,"ARCHS4_Coexpression,GTEx_Coexpression",0.0
FOXA2,PSMB5,-0.9696915260483646,1,0.0,ARCHS4_Coexpression,-0.0
FOXA2,PTGR1,-1.2464857223317256,1,0.0,ARCHS4_Coexpression,-0.0
FOXA2,RAB35,0.3721460568327579,1,0.0,ARCHS4_Coexpression,0.0
FOXA2,RPL9,-0.4101825702426993,1,0.0,ARCHS4_Coexpression,-0.0
FOXA2,SEM1,-0.6530337867258005,1,0.0,ARCHS4_Coexpression,-0.0
FOXA2,SERPINF2,0.1496649798988211,1,0.0,ARCHS4_Coexpression,0.0
FOXA2,SMARCA1,-0.4427180527039326,1,0.0,ARCHS4_Coexpression,-0.0
FOXA2,SNRPD2,-0.8262968194821744,1,0.0,ARCHS4_Coexpression,-0.0
FOXA2,SSR4,2.9048082266126145,1,0.0,ARCHS4_Coexpression,0.0
FOXA2,TLN1,-0.0137022553400297,1,0.0,ARCHS4_Coexpression,-0.0
FOXA2,TMEM14A,-0.4475491061527391,1,0.0,ARCHS4_Coexpression,-0.0
FOXA2,TMSB10,1.2616522250412978,1,0.0,ARCHS4_Coexpression,0.0
FOXA2,WDR1,0.0065631069078262,1,0.0,ARCHS4_Coexpression,0.0
FOXA2,CITED2,0.7090831922070038,4,0.9848513868241275,"ENCODE_ChIP-seq,Enrichr_Queries,Literature_ChIP-seq,ReMap_ChIP-seq",0.698341565218747
FOXA2,KLF5,-1.0696084495682423,4,0.8800613854489294,"ENCODE_ChIP-seq,Enrichr_Queries,Literature_ChIP-seq,ReMap_ChIP-seq",-0.9413210940149087
FOXA2,MBNL2,0.6958207198969654,3,0.8398292559636248,"ENCODE_ChIP-seq,Literature_ChIP-seq,ReMap_ChIP-seq",0.5843705974751422
FOXA2,S100P,1.191777131512135,3,0.8064530142293439,"ENCODE_ChIP-seq,Literature_ChIP-seq,ReMap_ChIP-seq",0.9611122599975626
FOXA2,CD302,1.3035858501160242,2,0.7693908666112402,"ENCODE_ChIP-seq,Literature_ChIP-seq",1.0029670469229182
FOXA2,CYP4F12,-0.4967228962425509,2,0.7439289450360514,"ENCODE_ChIP-seq,Literature_ChIP-seq",-0.36952654017697295
FOXA2,KLF3,0.1408214157341097,3,0.7349613638530433,"ENCODE_ChIP-seq,Literature_ChIP-seq,ReMap_ChIP-seq",0.10349829976765768
FOXA2,HSD17B11,1.729134503025033,3,0.7151117503397288,"ENCODE_ChIP-seq,Literature_ChIP-seq,ReMap_ChIP-seq",1.2365244010310485
FOXA2,ATP7B,0.5981387462518437,3,0.7018599165835013,"ENCODE_ChIP-seq,Literature_ChIP-seq,ReMap_ChIP-seq",0.4198096105496791
FOXA2,NCOA4,0.3615546120082951,3,0.6978601005563867,"ENCODE_ChIP-seq,Literature_ChIP-seq,ReMap_ChIP-seq",0.25231453789273417
FOXA2,CASD1,0.9499804498487416,3,0.6505752266580803,"ENCODE_ChIP-seq,Literature_ChIP-seq,ReMap_ChIP-seq",0.6180337464810902
FOXA2,DSTN,1.5736348657007055,2,0.640615877117095,"ENCODE_ChIP-seq,ReMap_ChIP-seq",1.0080954797528994
FOXA2,TEAD1,0.4837385530461031,3,0.6466510282368332,"ENCODE_ChIP-seq,Literature_ChIP-seq,ReMap_ChIP-seq",0.3128100327250604
FOXA2,PDE4D,1.37886127887827,2,0.6478134349808098,"ENCODE_ChIP-seq,Literature_ChIP-seq",0.8932448614321643
FOXA2,PRR15L,2.3617241847802113,3,0.6314119264224111,"ENCODE_ChIP-seq,GTEx_Coexpression,ReMap_ChIP-seq",1.4912208171904715
FOXA2,PTCH1,0.0312083845880806,3,0.6303147546324229,"ENCODE_ChIP-seq,Literature_ChIP-seq,ReMap_ChIP-seq",0.019671105274110312
FOXA2,CYP27A1,-0.552485850649986,2,0.6300259067741252,"ENCODE_ChIP-seq,Literature_ChIP-seq",-0.3480803990356313
FOXA2,HNRNPLL,-0.5111031589609102,3,0.6078221571279875,"ENCODE_ChIP-seq,Literature_ChIP-seq,ReMap_ChIP-seq",-0.3106598245945491
FOXA2,ASPH,0.1971247655593372,2,0.5920786924186022,"ENCODE_ChIP-seq,ReMap_ChIP-seq",0.11671337343569588
FOXA2,NUDT7,-0.7625177833351319,3,0.5929006653181318,"ENCODE_ChIP-seq,Literature_ChIP-seq,ReMap_ChIP-seq",-0.45209730105630674
FOXA2,RHOB,1.0470316537297937,3,0.5888714929136959,"ENCODE_ChIP-seq,Enrichr_Queries,ReMap_ChIP-seq",0.6165670930597595
FOXA2,ITPR1,1.18199630794416,2,0.581897674396251,"ENCODE_ChIP-seq,Literature_ChIP-seq",0.6878009027376616
FOXA2,GLIS3,1.3508078118022604,2,0.5801590661929755,"ENCODE_ChIP-seq,Literature_ChIP-seq",0.783683398701376
FOXA2,SDCBP2,0.421732845162086,2,0.5734997119828652,"ENCODE_ChIP-seq,Literature_ChIP-seq",0.2418636652341706
FOXA2,MPZL3,1.2355432574656595,2,0.5715736913799747,"ENCODE_ChIP-seq,Literature_ChIP-seq",0.7062040205292855
FOXA2,SOX9,0.0916656226261728,4,0.5684714835666556,"ENCODE_ChIP-seq,Enrichr_Queries,Literature_ChIP-seq,ReMap_ChIP-seq",0.05210929248636164
FOXA2,CPPED1,1.1750786479758937,2,0.5561332950417416,"ENCODE_ChIP-seq,Literature_ChIP-seq",0.6535003604320285
FOXA2,PLXNA2,-1.4365363052792213,3,0.5546237236106397,"ENCODE_ChIP-seq,Enrichr_Queries,Literature_ChIP-seq",-0.7967371147358324
FOXA2,HSPB1,-1.1569009861218,3,0.5410992628555564,"ENCODE_ChIP-seq,Enrichr_Queries,ReMap_ChIP-seq",-0.6259982707873724
FOXA2,IER3,-0.2865456087931836,3,0.5345252131136028,"ENCODE_ChIP-seq,Enrichr_Queries,Literature_ChIP-seq",-0.15316585260694351
FOXA2,PERP,-2.2359355305738333,3,0.5273965031073363,"ENCODE_ChIP-seq,Literature_ChIP-seq,ReMap_ChIP-seq",-1.1792245799980863
FOXA2,MAML3,0.3045881653993374,3,0.5254375834340156,"ENCODE_ChIP-seq,Literature_ChIP-seq,ReMap_ChIP-seq",0.1600420695700281
FOXA2,STARD10,2.088554794187629,4,0.523090411387037,"ENCODE_ChIP-seq,GTEx_Coexpression,Literature_ChIP-seq,ReMap_ChIP-seq",1.0925029864959752
FOXA2,ACP2,0.6214352649758484,4,0.5207277659992453,"ENCODE_ChIP-seq,GTEx_Coexpression,Literature_ChIP-seq,ReMap_ChIP-seq",0.3235985972440226
FOXA2,GPX2,-2.165924589648916,4,0.5241001153618232,"ENCODE_ChIP-seq,Enrichr_Queries,GTEx_Coexpression,Literature_ChIP-seq",-1.1351613273000065
FOXA2,PLLP,-0.900861581767623,2,0.5234547079949405,"ENCODE_ChIP-seq,Literature_ChIP-seq",-0.47156023622803134
FOXA2,CFLAR,0.6192021618350632,3,0.5196958688925136,"ENCODE_ChIP-seq,Literature_ChIP-seq,ReMap_ChIP-seq",0.321796805514996
FOXA2,UGDH,-1.338862234750961,3,0.5155386153056446,"ENCODE_ChIP-seq,Literature_ChIP-seq,ReMap_ChIP-seq",-0.6902351825885313
FOXA2,SQOR,-0.1926654973636204,3,0.5060859536702879,"ENCODE_ChIP-seq,Literature_ChIP-seq,ReMap_ChIP-seq",-0.09750530197262816
FOXA2,GCNT3,1.2045225038170573,2,0.4998927343533457,"ENCODE_ChIP-seq,ReMap_ChIP-seq",0.602132048023247
FOXA2,PIK3IP1,-0.0944410070429601,2,0.507577533713077,"ENCODE_ChIP-seq,Literature_ChIP-seq",-0.047936133436245025
FOXA2,ZBTB40,0.6385661766425438,3,0.5023483857027603,"ENCODE_ChIP-seq,Literature_ChIP-seq,ReMap_ChIP-seq",0.32078268800076554
FOXA2,CAV1,-0.6598894750481583,2,0.5023275555060662,"ENCODE_ChIP-seq,Enrichr_Queries",-0.3314806669051226
FOXA2,KYNU,1.55407987432702,2,0.4857484553084008,"ENCODE_ChIP-seq,ReMap_ChIP-seq",0.7548918983802236
FOXA2,WSB1,0.7441671168887298,2,0.481381785204749,"ENCODE_ChIP-seq,ReMap_ChIP-seq",0.35822849521856787
FOXA2,CREBL2,1.3635325124370716,2,0.4856012807724963,"ENCODE_ChIP-seq,Literature_ChIP-seq",0.6621331344143817
FOXA2,FOXP1,-0.5011566085953603,3,0.4793262497737787,"ENCODE_ChIP-seq,Literature_ChIP-seq,ReMap_ChIP-seq",-0.2402175177473595
FOXA2,ZNF33B,0.0918968773997411,2,0.4704955664589121,"ENCODE_ChIP-seq,GTEx_Coexpression",0.043237073387996386
FOXA2,FTH1,0.8950029993923013,3,0.4690764871761414,"ENCODE_ChIP-seq,Literature_ChIP-seq,ReMap_ChIP-seq",0.41982486296705096
FOXA2,CTSL,-1.1894380370659836,2,0.4658132490521182,"ENCODE_ChIP-seq,Literature_ChIP-seq",-0.5540559965918797
FOXA2,GDF15,0.7381057979304039,4,0.46531089241395707,"ENCODE_ChIP-seq,Enrichr_Queries,Literature_ChIP-seq,ReMap_ChIP-seq",0.3434486675309121
FOXA2,GSTO1,-2.080466399375972,3,0.4618769403295526,"ENCODE_ChIP-seq,Literature_ChIP-seq,ReMap_ChIP-seq",-0.9609194550022151
FOXA2,TGFBR2,0.482962101535246,3,0.45972332433890045,"ENCODE_ChIP-seq,Literature_ChIP-seq,ReMap_ChIP-seq",0.22202894284748487
FOXA2,PLXNB1,-0.8501840218750524,2,0.4619076807467536,"ENCODE_ChIP-seq,Literature_ChIP-seq",-0.3927065297522527
FOXA2,OAT,-0.4212294988150162,1,0.4546819086711932,ENCODE_ChIP-seq,-0.19152543250982168
FOXA2,PI4KA,1.451560695310251,2,0.4594504787635266,"ENCODE_ChIP-seq,Literature_ChIP-seq",0.6669202564146124
FOXA2,RCL1,-1.324332195958181,2,0.459088054935703,"ENCODE_ChIP-seq,Literature_ChIP-seq",-0.6079850919311696
FOXA2,KIF9,0.1910235790541124,2,0.45790518662591273,"ENCODE_ChIP-seq,Literature_ChIP-seq",0.08747068761672314
FOXA2,TSPAN8,2.20348101580667,2,0.4577135778438778,"ENCODE_ChIP-seq,Literature_ChIP-seq",1.0085631794559333
FOXA2,LOXL4,-2.1470806354662355,2,0.45213291786974213,"ENCODE_ChIP-seq,Literature_ChIP-seq",-0.9707658326149692
FOXA2,PPP2R5E,0.2407638206336848,2,0.4474828541151603,"ENCODE_ChIP-seq,Literature_ChIP-seq",0.1077376816248318
FOXA2,PGS1,-0.4363770871770764,2,0.44440741627279606,"ENCODE_ChIP-seq,Literature_ChIP-seq",-0.1939292138330132
FOXA2,TM9SF3,1.1448440331252332,2,0.44024053182459405,"ENCODE_ChIP-seq,Literature_ChIP-seq",0.5040067459992659
FOXA2,SLC26A2,0.6158582826549216,1,0.4329996248387902,ENCODE_ChIP-seq,0.26666640534344266
FOXA2,SLC25A13,0.5885275805615279,4,0.4360834647798333,"ENCODE_ChIP-seq,GTEx_Coexpression,Literature_ChIP-seq,ReMap_ChIP-seq",0.25664714644976355
FOXA2,IRS2,0.964912013260914,3,0.4360500058681047,"ENCODE_ChIP-seq,Enrichr_Queries,ReMap_ChIP-seq",0.4207498890446263
FOXA2,CDC42EP4,-1.2520133548200088,2,0.4304351429095303,"ENCODE_ChIP-seq,ReMap_ChIP-seq",-0.5389105473065909
FOXA2,RPGR,-0.3788178231587009,2,0.4358525133841318,"ENCODE_ChIP-seq,Literature_ChIP-seq",-0.16510870033842534
FOXA2,TMEM98,1.056641481898094,2,0.4344642930972782,"ENCODE_ChIP-seq,Literature_ChIP-seq",0.4590729944901159
FOXA2,AADAC,1.0422628126141296,2,0.425672354601084,"ENCODE_ChIP-seq,ReMap_ChIP-seq",0.4436624655586049
FOXA2,RHPN2,1.6531496367404457,2,0.4241489523589371,"ENCODE_ChIP-seq,ReMap_ChIP-seq",0.7011816865160175
FOXA2,ELOF1,-0.1650531361547486,2,0.4303542561643978,"ENCODE_ChIP-seq,Literature_ChIP-seq",-0.07103131963747791
FOXA2,ZNF3,0.1722941958928775,2,0.42473146198306555,"ENCODE_ChIP-seq,Literature_ChIP-seq",0.07317876571277855
FOXA2,ARHGAP1,0.4710925514479082,2,0.422866560099761,"ENCODE_ChIP-seq,Literature_ChIP-seq",0.1992092867193966
FOXA2,BNIP3L,2.0494042715409946,1,0.4158925240579364,ENCODE_ChIP-seq,0.8523319153063007
FOXA2,DHRS3,-0.3400034531869293,4,0.42038366286301676,"ENCODE_ChIP-seq,Enrichr_Queries,Literature_ChIP-seq,ReMap_ChIP-seq",-0.1429318970367956
FOXA2,DHX40,0.4754713075755024,2,0.4201303034527144,"ENCODE_ChIP-seq,Literature_ChIP-seq",0.19975990473475472
FOXA2,SECISBP2,1.1614094570437676,2,0.4190312621161797,"ENCODE_ChIP-seq,Literature_ChIP-seq",0.48666687061871694
FOXA2,IFT20,1.4502411902501882,2,0.4176597996731096,"ENCODE_ChIP-seq,Literature_ChIP-seq",0.6057074449975857
FOXA2,LEO1,-1.149290096621471,2,0.4135488258114075,"ENCODE_ChIP-seq,Literature_ChIP-seq",-0.4752875699744884
FOXA2,RALGAPA1,0.6490487842757164,2,0.41245886554188516,"ENCODE_ChIP-seq,Literature_ChIP-seq",0.26770592524370174
FOXA2,USP24,0.8864428046657797,2,0.4116400335065097,"ENCODE_ChIP-seq,Literature_ChIP-seq",0.364895345814226
FOXA2,VPS37C,0.5232118644550598,3,0.4083479416798133,"ENCODE_ChIP-seq,Literature_ChIP-seq,ReMap_ChIP-seq",0.21365248791268115
FOXA2,TUBGCP6,0.7144231699128378,2,0.4093699178715476,"ENCODE_ChIP-seq,Literature_ChIP-seq",0.2924633543927491
FOXA2,PRMT5,-1.5306283257069315,2,0.40647747841925497,"ENCODE_ChIP-seq,Literature_ChIP-seq",-0.6221659422304396
FOXA2,BBX,-0.7478170609172978,2,0.40316645429931686,"ENCODE_ChIP-seq,Literature_ChIP-seq",-0.3014947529145632
FOXA2,FADS1,0.8256490266521799,1,0.3968703502664273,ENCODE_ChIP-seq,0.3276756184045854
FOXA2,HINT3,1.7761966800927278,2,0.3966159960818833,"ENCODE_ChIP-seq,ReMap_ChIP-seq",0.7044680155123114
FOXA2,SLC38A2,-0.9819248230293232,3,0.39502342017093867,"ENCODE_ChIP-seq,Literature_ChIP-seq,ReMap_ChIP-seq",-0.3878833019437869
FOXA2,BAG1,-0.3556607724156682,1,0.3902944084556571,ENCODE_ChIP-seq,-0.1388124107808553
FOXA2,RTL8A,-0.6710966917851647,1,0.389505122453648,ENCODE_ChIP-seq,-0.26139559911201865
FOXA2,PPP4R3B,0.718292520867508,2,0.3947941165620022,"ENCODE_ChIP-seq,Literature_ChIP-seq",0.28357766120898137
FOXA2,NR2F2,-1.308990889427045,4,0.39440962338517044,"ENCODE_ChIP-seq,Enrichr_Queries,Literature_ChIP-seq,ReMap_ChIP-seq",-0.5162786037135401
FOXA2,ZMIZ1,0.4860696608000873,3,0.3916829334437703,"ENCODE_ChIP-seq,Literature_ChIP-seq,ReMap_ChIP-seq",0.1903851906001966
FOXA2,ALS2,0.6815171369039992,2,0.39347009037639247,"ENCODE_ChIP-seq,Literature_ChIP-seq",0.2681566094506768
FOXA2,ZC3H6,-0.1790762713961436,2,0.39226300665283065,"ENCODE_ChIP-seq,Literature_ChIP-seq",-0.07024499663802958
FOXA2,RPL13A,-0.6949409172088942,2,0.3916031008538595,"ENCODE_ChIP-seq,Literature_ChIP-seq",-0.27214101808922825
FOXA2,CHST12,-0.4777931632679092,2,0.3909183268899643,"ENCODE_ChIP-seq,Literature_ChIP-seq",-0.18677810398415462
FOXA2,GLO1,0.9837911936270878,2,0.3900304325805214,"ENCODE_ChIP-seq,Literature_ChIP-seq",0.38370850481928054
FOXA2,MALAT1,-0.0229151438828466,2,0.3829313478025223,"ENCODE_ChIP-seq,ReMap_ChIP-seq",-0.008774926932147173
FOXA2,MRPS23,-0.6975819434128807,3,0.3855669321262823,"ENCODE_ChIP-seq,Literature_ChIP-seq,ReMap_ChIP-seq",-0.26896452982839425
FOXA2,RASSF6,-2.3769762156493672,3,0.3789036402637442,"ENCODE_ChIP-seq,GTEx_Coexpression,ReMap_ChIP-seq",-0.9006449409298839
FOXA2,LAMB1,-2.648519438411802,2,0.3789019176371928,"ENCODE_ChIP-seq,ReMap_ChIP-seq",-1.0035290941136126
FOXA2,SLC1A5,-2.697697500246651,1,0.378460342484641,ENCODE_ChIP-seq,-1.0209715198633074
FOXA2,CCN2,-1.2565645839295845,4,0.38024929324934714,"ENCODE_ChIP-seq,Enrichr_Queries,Literature_ChIP-seq,ReMap_ChIP-seq",-0.4778077949613844
FOXA2,EZH1,0.0215331057145094,2,0.3802348634990811,"ENCODE_ChIP-seq,Literature_ChIP-seq",0.008187637512067764
FOXA2,MAN2C1,1.0671634705232729,2,0.37881037310150584,"ENCODE_ChIP-seq,Literature_ChIP-seq",0.40425259242921885
FOXA2,IKBKE,0.3120744771869775,1,0.3727721481146187,ENCODE_ChIP-seq,0.11633267323273616
FOXA2,CDKN1B,0.6524638668277276,2,0.3727287848508929,"ENCODE_ChIP-seq,ReMap_ChIP-seq",0.24319206424181372
FOXA2,NCOA5,0.916871610759553,2,0.37754456741336656,"ENCODE_ChIP-seq,Literature_ChIP-seq",0.3461598956578121
FOXA2,PYGL,-1.3221214904787968,2,0.3769387074964295,"ENCODE_ChIP-seq,Literature_ChIP-seq",-0.4983587657743306
FOXA2,HIBADH,0.2995264999846829,2,0.37325530433158116,"ENCODE_ChIP-seq,Literature_ChIP-seq",0.11179985490715616
FOXA2,CCDC90B,-1.2252344219011295,1,0.3669406355858903,ENCODE_ChIP-seq,-0.44958829751411133
FOXA2,CABIN1,0.1760350306454825,1,0.3656125551575362,ENCODE_ChIP-seq,0.06436061735153005
FOXA2,VPS13B,0.7356888553945544,2,0.36953022628785914,"ENCODE_ChIP-seq,Literature_ChIP-seq",0.2718592692114058
FOXA2,GCNT2,1.5239751105038852,2,0.36887638478456286,"ENCODE_ChIP-seq,Literature_ChIP-seq",0.5621584292643279
FOXA2,CCDC34,-1.6789811430461887,2,0.3611602446353253,"ENCODE_ChIP-seq,ReMap_ChIP-seq",-0.6063812403606597
FOXA2,KDM3A,-0.5888014279757405,2,0.3663715687199469,"ENCODE_ChIP-seq,Literature_ChIP-seq",-0.2157201028320169
FOXA2,PCBP2,0.4064280513878762,1,0.3599330042584489,ENCODE_ChIP-seq,0.14628686955094553
FOXA2,NR6A1,-0.321517703656665,2,0.3646776663104478,"ENCODE_ChIP-seq,Literature_ChIP-seq",-0.11725032584700672
FOXA2,FOCAD,0.2105264944825067,2,0.3641650431624157,"ENCODE_ChIP-seq,Literature_ChIP-seq",0.07666638995005413
FOXA2,DEPTOR,0.9366851583233582,2,0.36158555652933283,"ENCODE_ChIP-seq,Literature_ChIP-seq",0.3386918242651177
FOXA2,TPRG1L,-0.1053184729597327,2,0.36064510318298426,"ENCODE_ChIP-seq,Literature_ChIP-seq",-0.03798259154763714
FOXA2,HIPK1,0.9316974975414892,2,0.35969856992231697,"ENCODE_ChIP-seq,Literature_ChIP-seq",0.3351302574658751
FOXA2,WBP2,1.103263565667651,1,0.3539456342932288,ENCODE_ChIP-seq,0.390495322542846
FOXA2,DAD1,0.6844248381069018,3,0.35709506594158386,"ENCODE_ChIP-seq,Literature_ChIP-seq,ReMap_ChIP-seq",0.24440473269584195
FOXA2,CALM2,0.6270316430223946,2,0.3533078698033077,"ENCODE_ChIP-seq,ReMap_ChIP-seq",0.22153521409551027
FOXA2,ZER1,0.9958180896611866,1,0.3528668777200581,ENCODE_ChIP-seq,0.35139122007589574
FOXA2,PIGK,0.566489463956097,2,0.3574315197720971,"ENCODE_ChIP-seq,Literature_ChIP-seq",0.20248119003670836
FOXA2,MBP,1.1333888661500104,2,0.35629093384228083,"ENCODE_ChIP-seq,Literature_ChIP-seq",0.4038161775270311
FOXA2,AKAP9,-0.1571212531664289,2,0.35527076590286777,"ENCODE_ChIP-seq,Literature_ChIP-seq",-0.05582058795205558
FOXA2,HSPA2,-1.669627379902633,1,0.3495152794010414,ENCODE_ChIP-seq,-0.5835602801822974
FOXA2,CDKAL1,0.1055500392794805,2,0.35344512175523124,"ENCODE_ChIP-seq,Literature_ChIP-seq",0.03730614648440543
FOXA2,THUMPD3,0.686755171460231,2,0.3528193175708455,"ENCODE_ChIP-seq,Literature_ChIP-seq",0.2423004909328477
FOXA2,CBLL1,0.3632760078942122,2,0.3517287826638138,"ENCODE_ChIP-seq,Literature_ChIP-seq",0.12777462802760128
FOXA2,SULT1E1,-2.027341804839915,1,0.342065019525455,ENCODE_ChIP-seq,-0.6934827140573366
FOXA2,MZF1,0.264300984351401,1,0.3404787012920656,ENCODE_ChIP-seq,0.08998885590217956
FOXA2,FAM43A,-1.0371231734947102,1,0.3400905366351923,ENCODE_ChIP-seq,-0.3527157766306096
FOXA2,KIF3B,1.375295137984929,2,0.34499476643465277,"ENCODE_ChIP-seq,Literature_ChIP-seq",0.47446962490782413
FOXA2,NKIRAS1,0.4472945805903327,2,0.3388012333682837,"ENCODE_ChIP-seq,ReMap_ChIP-seq",0.15154395558295392
FOXA2,TIMM13,-1.0570440106034065,2,0.34274815006661924,"ENCODE_ChIP-seq,Literature_ChIP-seq",-0.3622998791733174
FOXA2,ATP6V0D1,-0.4894414897343017,2,0.3411254522354846,"ENCODE_ChIP-seq,Literature_ChIP-seq",-0.16696094952842297
FOXA2,RPS27L,0.7736523147366811,1,0.3331653492862658,ENCODE_ChIP-seq,0.25775414366537436
FOXA2,SNX5,-0.837035974173994,3,0.33603301214763776,"ENCODE_ChIP-seq,Literature_ChIP-seq,ReMap_ChIP-seq",-0.28127171967761955
FOXA2,RPN2,1.1028404396807026,2,0.33535356390449866,"ENCODE_ChIP-seq,Literature_ChIP-seq",0.3698414718649279
FOXA2,EXPH5,0.7848835989236723,2,0.33475103401277717,"ENCODE_ChIP-seq,Literature_ChIP-seq",0.2627405963193692
FOXA2,RALBP1,0.0450355061875653,2,0.33213535821929296,"ENCODE_ChIP-seq,Literature_ChIP-seq",0.014957883980194186
FOXA2,PIM2,-0.2554878220569435,1,0.3257879751617898,ENCODE_ChIP-seq,-0.08323486022642727
FOXA2,BCAS2,-0.9095337656064484,1,0.3256805675763904,ENCODE_ChIP-seq,-0.29621747301259976
FOXA2,INTS1,0.3505137851031095,2,0.32980635857123886,"ENCODE_ChIP-seq,Literature_ChIP-seq",0.1156016750938783
FOXA2,DLGAP1-AS1,1.3265493927559533,2,0.3234976664197622,"ENCODE_ChIP-seq,ReMap_ChIP-seq",0.4291356329471035
FOXA2,IRAK1BP1,-0.6094683336893435,1,0.3234740940129614,ENCODE_ChIP-seq,-0.19714721706974964
FOXA2,PDHB,-1.0308348296599104,1,0.3233002745664706,ENCODE_ChIP-seq,-0.33326918346172996
FOXA2,AGTPBP1,0.8233844745500033,1,0.3229570510929753,ENCODE_ChIP-seq,0.26591782181640805
FOXA2,NEK9,0.8416212335729143,1,0.3211482976713138,ENCODE_ChIP-seq,0.2702852264459726
FOXA2,DYNLRB2,0.7019945043521152,1,0.3206727298530284,ENCODE_ChIP-seq,0.22511049405241643
FOXA2,ELOVL6,-1.1382170578766642,3,0.32106919843838894,"ENCODE_ChIP-seq,Literature_ChIP-seq,ReMap_ChIP-seq",-0.36544643842136193
FOXA2,TLCD1,0.8591426339078383,2,0.3176785464304711,"ENCODE_ChIP-seq,ReMap_ChIP-seq",0.27293118311628844
FOXA2,CCND1,-0.6031031739405806,3,0.32388967871121044,"ENCODE_ChIP-seq,Enrichr_Queries,Literature_ChIP-seq",-0.1953388932373259
FOXA2,WDTC1,0.6670639568787751,1,0.3154904693934212,ENCODE_ChIP-seq,0.21045232087111762
FOXA2,HACL1,-0.9532398996875016,2,0.3199503618743923,"ENCODE_ChIP-seq,Literature_ChIP-seq",-0.3049894508581255
FOXA2,IFRD2,0.9789457235786204,2,0.3198282543001204,"ENCODE_ChIP-seq,Literature_ChIP-seq",0.3130945018267184
FOXA2,PHLDB2,-1.5540798743270197,2,0.3148334785147943,"ENCODE_ChIP-seq,ReMap_ChIP-seq",-0.48927637272421
FOXA2,SDR39U1,0.5888014279757403,1,0.3146704412632337,ENCODE_ChIP-seq,0.18527840515754831
FOXA2,ABTB1,-0.1886788733461101,1,0.3143814517639303,ENCODE_ChIP-seq,-0.059317138119732826
FOXA2,FUZ,-0.5643278870643608,1,0.3113970601865222,ENCODE_ChIP-seq,-0.17573004501311365
FOXA2,MOK,-0.4061779543023114,1,0.3111695126418489,ENCODE_ChIP-seq,-0.1263901960861134
FOXA2,LPIN1,-0.049415764708397,2,0.3144560558218248,"ENCODE_ChIP-seq,Literature_ChIP-seq",-0.015539086465621847
FOXA2,WASL,1.185708964531942,2,0.31415408258782707,"ENCODE_ChIP-seq,Literature_ChIP-seq",0.3724953119686946
FOXA2,KLHL5,1.8001181493978973,3,0.3110825738713047,"ENCODE_ChIP-seq,Literature_ChIP-seq,ReMap_ChIP-seq",0.5599853871871477
FOXA2,SNX29,0.1524600851162285,2,0.31267269880085413,"ENCODE_ChIP-seq,Literature_ChIP-seq",0.047670106272699096
FOXA2,CRADD,0.894315773525464,2,0.31245264378670984,"ENCODE_ChIP-seq,Literature_ChIP-seq",0.2794313278181877
FOXA2,SRI,0.933120174571837,1,0.3059592015058403,ENCODE_ChIP-seq,0.28549670352098955
FOXA2,FKBP3,-1.3117078076672128,1,0.3051227545156953,ENCODE_ChIP-seq,-0.40023189939516385
FOXA2,SPDEF,1.6875269773876114,1,0.3049743248283891,ENCODE_ChIP-seq,0.514652400558479
FOXA2,RPL3,-1.0522249148632945,1,0.3049734372420103,ENCODE_ChIP-seq,-0.3209006490375406
FOXA2,B4GALT4,0.1980640555769693,1,0.304354353433583,ENCODE_ChIP-seq,0.06028165757356174
FOXA2,FCHO2,1.053026399402626,2,0.30828288507723256,"ENCODE_ChIP-seq,Literature_ChIP-seq",0.3246300164703318
FOXA2,PDCD6IP,1.0602704264657912,2,0.3077589999825517,"ENCODE_ChIP-seq,Literature_ChIP-seq",0.3263077661601855
FOXA2,DNMBP,0.4280337479753999,2,0.30742709297302534,"ENCODE_ChIP-seq,Literature_ChIP-seq",0.13158917083442576
FOXA2,MAP1LC3B,0.6155799371596938,2,0.3021117147880723,"ENCODE_ChIP-seq,ReMap_ChIP-seq",0.18597391040444888
FOXA2,ZNF337,-0.7526992105921186,1,0.3012822671372858,ENCODE_ChIP-seq,-0.22677492463963883
FOXA2,PIGL,1.1045341303657388,2,0.30581290513264164,"ENCODE_ChIP-seq,Literature_ChIP-seq",0.3377807912253025
FOXA2,COPE,0.7671456091517777,2,0.3052074925349366,"ENCODE_ChIP-seq,Literature_ChIP-seq",0.23413858777840058
FOXA2,FAM162A,-1.9777589839805283,1,0.300379059590164,ENCODE_ChIP-seq,-0.5940773837040693
FOXA2,TMEM167B,1.0562391243269444,2,0.30393781275350207,"ENCODE_ChIP-seq,Literature_ChIP-seq",0.32103100919260585
FOXA2,ETNK1,1.319367162998646,1,0.2981467325663847,ENCODE_ChIP-seq,0.393365008703427
FOXA2,ATL2,1.31225235451409,1,0.297484105508044,ENCODE_ChIP-seq,0.3903742178834487
FOXA2,LLGL2,0.8321426444349782,3,0.2951956853115197,"ENCODE_ChIP-seq,GTEx_Coexpression,ReMap_ChIP-seq",0.24564491820092366
FOXA2,EXD3,1.0030276998281755,1,0.2950230902736706,ENCODE_ChIP-seq,0.2959163316334
FOXA2,EFL1,-0.150130748986717,1,0.2947143324530334,ENCODE_ChIP-seq,-0.044245683468294224
FOXA2,SAV1,1.4012504846523397,1,0.2925809322158801,ENCODE_ChIP-seq,0.40997917306753534
FOXA2,CCDC66,-0.4034285584077323,1,0.2925086382944246,ENCODE_ChIP-seq,-0.1180063382689285
FOXA2,WDFY1,0.3490449271655178,2,0.2914254283192425,"ENCODE_ChIP-seq,ReMap_ChIP-seq",0.10172056740186984
FOXA2,AHCY,-1.8386795467489208,2,0.2908389695248597,"ENCODE_ChIP-seq,ReMap_ChIP-seq",-0.5347596646628923
FOXA2,C2CD5,1.243985707660086,1,0.2906326284294175,ENCODE_ChIP-seq,0.36154283594587977
FOXA2,NUMBL,-0.5654083452823728,1,0.2899330700882999,ENCODE_ChIP-seq,-0.16393057740126385
FOXA2,KIZ,-0.471092551447908,1,0.2896951195893501,ENCODE_ChIP-seq,-0.13647321302935378
FOXA2,IFT46,-0.7752063597076971,1,0.2894323413196634,ENCODE_ChIP-seq,-0.22436979169609195
FOXA2,TRIM24,0.0731800535697437,1,0.2894159593539421,ENCODE_ChIP-seq,0.02117947540946025
FOXA2,RRP12,-0.3519833996794734,1,0.2887950331666877,ENCODE_ChIP-seq,-0.10165105758455702
FOXA2,RRBP1,1.5954531777134826,3,0.2879149018822745,"ENCODE_ChIP-seq,GTEx_Coexpression,ReMap_ChIP-seq",0.4593547451191404
FOXA2,ZNF282,0.2564396280528068,1,0.2875515415794833,ENCODE_ChIP-seq,0.07373961036865391
FOXA2,POLR1C,-0.6890892401894665,1,0.2869502634233586,ENCODE_ChIP-seq,-0.19773433899456944
FOXA2,DDX17,1.0076081236474976,1,0.2866094395100719,ENCODE_ChIP-seq,0.28878999956440454
FOXA2,DPY19L3,1.6595041764031022,1,0.2861232497977549,ENCODE_ChIP-seq,0.4748227280054023
FOXA2,GTF3C2,0.4031787647916103,1,0.2858543639053046,ENCODE_ChIP-seq,0.11525040934963218
FOXA2,NCKAP5,-0.8561487976287422,1,0.2853755856537827,ENCODE_ChIP-seq,-0.24432396453008418
FOXA2,REV3L,-0.3649984809153863,1,0.2850627022065686,ENCODE_ChIP-seq,-0.10404745327103267
FOXA2,ESYT2,1.149735953594487,1,0.2838555154940534,ENCODE_ChIP-seq,0.3263588917896102
FOXA2,MAN2A1,0.5833328245512248,1,0.2829928435205933,ENCODE_ChIP-seq,0.16507901473865047
FOXA2,MLLT10,-0.8057360836018904,2,0.282146727102248,"ENCODE_ChIP-seq,ReMap_ChIP-seq",-0.22733579889645664
FOXA2,UBALD2,-0.3118327123169601,2,0.2813037561129444,"ENCODE_ChIP-seq,ReMap_ChIP-seq",-0.0877197132536481
FOXA2,TBC1D20,0.5565141271891582,1,0.2793440929259794,ENCODE_ChIP-seq,0.15545893406014852
FOXA2,RPL27,-0.4752134819939564,2,0.2792004502183149,"ENCODE_ChIP-seq,ReMap_ChIP-seq",-0.13267981812252572
FOXA2,UCK2,-0.6225529790288311,1,0.2781767130099491,ENCODE_ChIP-seq,-0.17317974138079203
FOXA2,TADA1,0.2464570689318678,1,0.2778235635010565,ENCODE_ChIP-seq,0.06847158114067704
FOXA2,PPOX,-0.482962101535246,1,0.2764591869765662,ENCODE_ChIP-seq,-0.13351930993092792
FOXA2,DBF4,-0.6507553768484075,1,0.2758595690773317,ENCODE_ChIP-seq,-0.1795170978321583
FOXA2,CYLD,1.0060789703798372,1,0.2757945010137345,ENCODE_ChIP-seq,0.27747104761631897
FOXA2,FOXN2,-0.588527580561528,1,0.2749832543784735,ENCODE_ChIP-seq,-0.1618352293942982
FOXA2,ZNF487,0.3436655245810656,1,0.2746217616723276,ENCODE_ChIP-seq,0.09437803178649684
FOXA2,SUPT7L,0.4086800717423163,1,0.2740586807952636,ENCODE_ChIP-seq,0.11200232132901287
FOXA2,SPTLC1,0.6887972764758916,1,0.273829534862311,ENCODE_ChIP-seq,0.18861303783182
FOXA2,NEDD1,-0.98006186655587,1,0.2726736705792012,ENCODE_ChIP-seq,-0.2672370665484924
FOXA2,SLC20A2,-1.4937844368111248,2,0.2724687854576618,"ENCODE_ChIP-seq,ReMap_ChIP-seq",-0.4070096312334845
FOXA2,PHF8,-0.3932074280678229,1,0.2721430597192342,ENCODE_ChIP-seq,-0.10700867257870801
FOXA2,OGT,0.8031899528634139,1,0.2708687704127593,ENCODE_ChIP-seq,0.21755907493999502
FOXA2,ELK3,-0.339271587324959,1,0.2707559576793046,ENCODE_ChIP-seq,-0.09185980353954709
FOXA2,LATS2,0.0471102526302913,1,0.267504040042483,ENCODE_ChIP-seq,0.012602182906024934
FOXA2,NUP98,0.5050769029947646,1,0.2669056401776024,ENCODE_ChIP-seq,0.13480787413273843
FOXA2,TLE3,-0.6490487842757163,2,0.266552429096915,"ENCODE_ChIP-seq,ReMap_ChIP-seq",-0.17300553005109176
FOXA2,NME1,-1.4743898150091337,1,0.2662110783796468,ENCODE_ChIP-seq,-0.3924989026055494
FOXA2,POF1B,-0.0870415398754737,1,0.2662083415006649,ENCODE_ChIP-seq,-0.023171183971913843
FOXA2,SNX16,0.5929144582625029,1,0.2660479815615614,ENCODE_ChIP-seq,0.15774369485940554
FOXA2,CCDC57,1.0831717412571775,1,0.2656700072251444,ENCODE_ChIP-seq,0.28776624432586656
FOXA2,CEP126,-0.319093662573549,1,0.2656236172408703,ENCODE_ChIP-seq,-0.0847588128914238
FOXA2,PIM1,-1.0387016786480436,2,0.2653563209351162,"ENCODE_ChIP-seq,ReMap_ChIP-seq",-0.2756260559951742
FOXA2,C2CD3,0.3055531735721131,1,0.2646224562923559,ENCODE_ChIP-seq,0.08085623131857714
FOXA2,CISD3,1.0526255726100906,1,0.2642369854964352,ENCODE_ChIP-seq,0.27814260816294933
FOXA2,PSKH1,1.3908769390712716,1,0.2637814037868051,ENCODE_ChIP-seq,0.3668874714829146
FOXA2,KLHL28,0.1643528535572373,1,0.2628988185066836,ENCODE_ChIP-seq,0.04320817101839968
FOXA2,LRRC49,-0.1331504280672951,1,0.2623098633207567,ENCODE_ChIP-seq,-0.03492667058743242
FOXA2,SLC25A19,-1.0823440521374892,1,0.2602914087699225,ENCODE_ChIP-seq,-0.2817248581046135
FOXA2,G6PC3,0.7049438181871949,1,0.2588287600831218,ENCODE_ChIP-seq,0.18245973438965327
FOXA2,APBB3,1.0277058933974847,1,0.2586401060403304,ENCODE_ChIP-seq,0.26580596124659794
FOXA2,NUP133,-0.2305827723100565,1,0.2578810381121019,ENCODE_ChIP-seq,-0.05946292469408379
FOXA2,PCBD2,0.7444708998527607,1,0.2571003822735203,ENCODE_ChIP-seq,0.1914037529436564
FOXA2,LMAN2L,-0.2320019256616483,1,0.256339122862463,ENCODE_ChIP-seq,-0.05947117012650927
FOXA2,YPEL3,1.3237789129366937,1,0.2562520891754977,ENCODE_ChIP-seq,0.339221112046497
FOXA2,ALKBH6,0.3451316418295118,1,0.2559931062450841,ENCODE_ChIP-seq,0.08835132105540251
FOXA2,CDC16,-0.6108553286823547,1,0.2553629419711111,ENCODE_ChIP-seq,-0.15598981385105615
FOXA2,AAGAB,0.6550301796216181,1,0.2549466835382644,ENCODE_ChIP-seq,0.16699777191200516
FOXA2,TAX1BP1,1.6668495380009298,1,0.2536866697719594,ENCODE_ChIP-seq,0.422857508306385
FOXA2,ZNF76,0.697581943412881,1,0.2504090389960532,ENCODE_ChIP-seq,0.1746808240710187
FOXA2,RPS2,-1.4130257953787533,1,0.2502658853526509,ENCODE_ChIP-seq,-0.3536321517065974
FOXA2,ZFAND5,-0.0024179717528952,1,0.250103840280251,ENCODE_ChIP-seq,-0.0006047440210882597
FOXA2,BAMBI,0.2301098245136095,2,0.2496344063686993,"ENCODE_ChIP-seq,ReMap_ChIP-seq",0.05744332944206048
FOXA2,RAD21,-0.9796896832893592,1,0.2496198070208199,ENCODE_ChIP-seq,-0.24454994968297802
FOXA2,TCAF1,-0.4511155192452731,2,0.2490786125044438,"ENCODE_ChIP-seq,ReMap_ChIP-seq",-0.11236322761283433
FOXA2,WDPCP,-1.2281664932939549,1,0.249030258814103,ENCODE_ChIP-seq,-0.3058506196918029
FOXA2,BET1L,1.5792195192835747,1,0.24888892354639,ENCODE_ChIP-seq,0.3930502461979364
FOXA2,PLSCR1,0.5006344854445858,1,0.2488173051047746,ENCODE_ChIP-seq,0.12456652351083733
FOXA2,ATR,0.4752134819939563,1,0.2483612960530784,ENCODE_ChIP-seq,0.11802463628991523
FOXA2,BTC,0.9334761390135085,1,0.2475027835217672,ENCODE_ChIP-seq,0.23103794275699543
FOXA2,YAE1,0.5546331449236832,1,0.2472051608832199,ENCODE_ChIP-seq,0.13710817582202534
FOXA2,MBTPS1,0.4941193897195903,1,0.24618174752395,ENCODE_ChIP-seq,0.12164317484663643
FOXA2,AP2S1,-0.8204790966727853,2,0.2452024680934887,"ENCODE_ChIP-seq,ReMap_ChIP-seq",-0.20118349952328307
FOXA2,WDR73,-0.7459908466325816,1,0.2451601736058123,ENCODE_ChIP-seq,-0.18288724546879062
FOXA2,STX16,0.1080976451536858,1,0.2449947193051488,ENCODE_ChIP-seq,0.026483352231974833
FOXA2,DOP1B,1.7149337580342594,1,0.2440038128922777,ENCODE_ChIP-seq,0.41845037581804206
FOXA2,SPAG16,-0.0519521318803388,1,0.2437688948379224,ENCODE_ChIP-seq,-0.012664313772944186
FOXA2,ZBTB4,0.5022012650830879,1,0.2418716871252189,ENCODE_ChIP-seq,0.12146826726206576
FOXA2,ABHD8,-0.1533920505307121,1,0.2417035442609107,ENCODE_ChIP-seq,-0.03707540227472182
FOXA2,PUS10,1.1727852174120943,1,0.2416143318965916,ENCODE_ChIP-seq,0.2833617167632221
FOXA2,MFSD5,0.5871590047159555,1,0.2415374934519957,ENCODE_ChIP-seq,0.14182091425686041
FOXA2,DNAJB4,-0.1338474601295645,2,0.2411165325117424,"ENCODE_ChIP-seq,ReMap_ChIP-seq",-0.03227283547194428
FOXA2,RBM17,-1.194122764844918,1,0.2408954287805855,ENCODE_ChIP-seq,-0.2876587154539748
FOXA2,USP8,-0.0079448401688918,1,0.2408129533339772,ENCODE_ChIP-seq,-0.0019132204248372485
FOXA2,ACOT7,-1.923743275149504,1,0.2399992468829658,ENCODE_ChIP-seq,-0.4616969372320511
FOXA2,TAGLN2,-0.5237400612058302,1,0.239802190250571,ENCODE_ChIP-seq,-0.1255940137991262
FOXA2,VAMP5,1.3926966911425611,2,0.2388666298438181,"ENCODE_ChIP-seq,ReMap_ChIP-seq",0.3326687650078604
FOXA2,RMI2,-1.1922457334873733,1,0.2388108042376177,ENCODE_ChIP-seq,-0.284721162462988
FOXA2,KLHDC3,0.5594739429820883,1,0.2385652112943417,ENCODE_ChIP-seq,0.13347101942120038
FOXA2,RPS9,-0.8182241381176893,1,0.2380461920862845,ENCODE_ChIP-seq,-0.19477514035199806
FOXA2,S100A6,1.2252344219011295,1,0.2374651384420804,ENCODE_ChIP-seq,0.29095046162075405
FOXA2,CNST,-0.0653316189310265,1,0.2364900036567781,ENCODE_ChIP-seq,-0.015450274799901692
FOXA2,AKR1B10,-1.446297748728284,1,0.235899056245443,ENCODE_ChIP-seq,-0.341180273974911
FOXA2,GTPBP1,0.5767934307698952,2,0.2356923952772316,"ENCODE_ChIP-seq,ReMap_ChIP-seq",0.13594582527832866
FOXA2,PARP2,-0.3981881475429188,1,0.2355859351979898,ENCODE_ChIP-seq,-0.09380752712365367
FOXA2,ALDH1B1,-0.7284636511800003,2,0.235426642785261,"ENCODE_ChIP-seq,ReMap_ChIP-seq",-0.1714997517884009
FOXA2,MSH2,-1.280766743028206,1,0.2352539441287852,ENCODE_ChIP-seq,-0.30130542780636377
FOXA2,FBXO38,0.6739839096149216,1,0.2352451077026342,ENCODE_ChIP-seq,0.15855141740720471
FOXA2,NKAP,-0.3979388778536573,1,0.2350752500969383,ENCODE_ChIP-seq,-0.09354558123474346
FOXA2,MAPK8IP3,0.6186443686206673,1,0.2347805593956611,ENCODE_ChIP-seq,0.14524567093173582
FOXA2,CXCL8,0.4346047674522612,1,0.2338124210755506,ENCODE_ChIP-seq,0.10161599288898984
FOXA2,HYKK,-1.604563940243263,1,0.2329700943147479,ENCODE_ChIP-seq,-0.3738154124925165
FOXA2,ARIH2,0.3748621677213376,1,0.232694417765656,ENCODE_ChIP-seq,0.08722833386028835
FOXA2,MRPS12,-1.133388866150011,1,0.2326322585386016,ENCODE_ChIP-seq,-0.2636628117349819
FOXA2,RND3,-0.5263832419290109,1,0.2326207725944719,ENCODE_ChIP-seq,-0.12244767641830932
FOXA2,PHIP,-0.2757650548720412,1,0.2325478030670603,ENCODE_ChIP-seq,-0.06412855767316052
FOXA2,LIMS1,-1.5563951915377134,1,0.2324065935186433,ENCODE_ChIP-seq,-0.36171650463407634
FOXA2,SPNS1,0.1543241491944016,1,0.231783335456123,ENCODE_ChIP-seq,0.035769766041706764
FOXA2,PABPC1,-1.1028404396807026,1,0.2305553295824582,ENCODE_ChIP-seq,-0.2542657410474475
FOXA2,PSMB7,-1.2097715667348512,1,0.22997469608218,ENCODE_ChIP-seq,-0.27821684838871014
FOXA2,CDK5RAP1,-0.148267867010157,1,0.2289119841113659,ENCODE_ChIP-seq,-0.033940291617255175
FOXA2,EEF2K,1.2870675646726282,1,0.2286299334573866,ENCODE_ChIP-seq,0.2942621716662636
FOXA2,ZNF143,-0.8114840734524823,1,0.2279263732130619,ENCODE_ChIP-seq,-0.18495862178218622
FOXA2,MAP2K1,0.7132347517817974,1,0.2277605471589193,ENCODE_ChIP-seq,0.16244673731857817
FOXA2,SRSF1,-1.08482934954143,2,0.2277023098509566,"ENCODE_ChIP-seq,ReMap_ChIP-seq",-0.2470181486846944
FOXA2,GNAL,-1.175538076320351,1,0.2276634783318816,ENCODE_ChIP-seq,-0.26762708736666
FOXA2,MRI1,0.3581150259036806,1,0.2276505376880458,ENCODE_ChIP-seq,0.08152507820114134
FOXA2,CCNDBP1,0.2199537024601106,1,0.2274568272425512,ENCODE_ChIP-seq,0.05002997130182888
FOXA2,MDM2,-0.3598342868168265,1,0.2272271083599588,ENCODE_ChIP-seq,-0.08176410448215553
FOXA2,CUTC,-0.9025905861467958,1,0.2265633781770963,ENCODE_ChIP-seq,-0.2044939723082635
FOXA2,ATF6,1.0056970495017603,1,0.2260777999957417,ENCODE_ChIP-seq,0.2273657764135665
FOXA2,G2E3,-0.6114104557354674,1,0.2259388483641011,ENCODE_ChIP-seq,-0.13814137424664172
FOXA2,DHTKD1,0.9682185510875806,2,0.2257657514674184,"ENCODE_ChIP-seq,GTEx_Coexpression",0.21859058877098267
FOXA2,EIF4EBP3,0.5940129595875936,1,0.2255791632902493,ENCODE_ChIP-seq,0.13399694640733403
FOXA2,SRC,-1.3073653657029776,1,0.2255481814090792,ENCODE_ChIP-seq,-0.29487388067152237
FOXA2,RICTOR,-0.0844990937673773,2,0.2237427005819927,"ENCODE_ChIP-seq,ReMap_ChIP-seq",-0.018906055436244025
FOXA2,CLTC,2.0400906746072427,1,0.2235083650370528,ENCODE_ChIP-seq,0.4559773312088029
FOXA2,CHIC2,-0.173229176524347,1,0.2230851909071624,ENCODE_ChIP-seq,-0.03864486391562448
FOXA2,FAM161A,-1.9050360976366765,1,0.2230108899092543,ENCODE_ChIP-seq,-0.42484379544320827
FOXA2,TIMM8B,0.3378084001537819,1,0.2223347718045149,ENCODE_ChIP-seq,0.07510655356183936
FOXA2,GNB2,0.1189909838813793,1,0.221213878786219,ENCODE_ChIP-seq,0.02632245708498838
FOXA2,SLC35C2,0.8380170460703462,1,0.2203771052235981,ENCODE_ChIP-seq,0.18467977074101355
FOXA2,RBFOX2,-1.206904319429403,2,0.2200414365695835,"ENCODE_ChIP-seq,ReMap_ChIP-seq",-0.2655689602492813
FOXA2,CD68,0.6590308225760719,1,0.2197253752504826,ENCODE_ChIP-seq,0.14480579479216163
FOXA2,PTDSS1,-1.6172064889307791,1,0.2195771452978354,ENCODE_ChIP-seq,-0.3551015841965559
FOXA2,RNF167,0.2597727854003129,1,0.2175329715145633,ENCODE_ChIP-seq,0.05650914592674503
FOXA2,PSIP1,-1.4561989830781543,1,0.2173972908352929,ENCODE_ChIP-seq,-0.3165737138382993
FOXA2,TIPARP,-0.7278632690610367,2,0.2167469756760149,"ENCODE_ChIP-seq,ReMap_ChIP-seq",-0.1577621622746372
FOXA2,TRNP1,-1.1969462261066313,2,0.216739938869729,"ENCODE_ChIP-seq,ReMap_ChIP-seq",-0.2594260518767041
FOXA2,TUT1,-0.1069395565033088,1,0.2163277945950847,ENCODE_ChIP-seq,-0.02313399841333724
FOXA2,UBXN7,0.2843868723263997,1,0.2161007197571955,ENCODE_ChIP-seq,0.06145620779923264
FOXA2,MPHOSPH10,-0.3842665586976544,1,0.2160553385844768,ENCODE_ChIP-seq,-0.08302284144611345
FOXA2,HEATR5A,1.9326093783781897,1,0.2154873537399309,ENCODE_ChIP-seq,0.4164528807596889
FOXA2,ASB7,0.4024295347879945,1,0.2153480049369349,ENCODE_ChIP-seq,0.08666239744429345
FOXA2,VIRMA,0.1846952457923315,1,0.2153322882510055,ENCODE_ChIP-seq,0.03977084990554464
FOXA2,CD109,-1.5381011450572042,1,0.2149410085804317,ENCODE_ChIP-seq,-0.33060101141731235
FOXA2,PNRC1,-0.127808638736759,2,0.2143871117364268,"ENCODE_ChIP-seq,ReMap_ChIP-seq",-0.027400524913738157
FOXA2,APPL2,-0.1568881145131369,1,0.2139835888891499,ENCODE_ChIP-seq,-0.03357148179757295
FOXA2,INTS6,-0.564868033745703,2,0.2130366736469077,"ENCODE_ChIP-seq,ReMap_ChIP-seq",-0.12033760695865378
FOXA2,KBTBD4,-0.4757291647674185,1,0.2130019622035055,ENCODE_ChIP-seq,-0.10133124557289491
FOXA2,USP3,1.1993064205176045,2,0.2121886155381697,"ENCODE_ChIP-seq,ReMap_ChIP-seq",0.25447916897566847
FOXA2,RNF43,-0.887466592646638,2,0.2121553530692639,"ENCODE_ChIP-seq,ReMap_ChIP-seq",-0.18828078830012407
FOXA2,TTC32,-0.0155447149891497,1,0.2110370849148269,ENCODE_ChIP-seq,-0.003280511337141968
FOXA2,DNAJB2,0.8594757577321757,1,0.2108117775408046,ENCODE_ChIP-seq,0.1811876122407499
FOXA2,FILIP1,-1.3699784939234134,1,0.2106402211218154,ENCODE_ChIP-seq,-0.28857257289215943
FOXA2,MPHOSPH6,-0.5713627268752643,1,0.2103097505892963,ENCODE_ChIP-seq,-0.12016315258515707
FOXA2,RMI1,1.1147635303294063,1,0.2094527284995134,ENCODE_ChIP-seq,0.23349026305924422
FOXA2,EPC2,0.2164162533448466,1,0.2088586873238303,ENCODE_ChIP-seq,0.045200414589146164
FOXA2,OTUD5,0.8211241370730136,1,0.2085639028441368,ENCODE_ChIP-seq,0.17125685474747168
FOXA2,PSD3,-0.0480324267264078,1,0.2074667226072292,ENCODE_ChIP-seq,-0.009965130151799709
FOXA2,SIRT2,-0.5819684014939617,1,0.2071757986780673,ENCODE_ChIP-seq,-0.12056976838490964
FOXA2,RSF1,-0.056564576397076,1,0.2069906123494993,ENCODE_ChIP-seq,-0.011708336305720797
FOXA2,MACROD1,-0.1254872676321753,1,0.2068583710856832,ENCODE_ChIP-seq,-0.025958091774384958
FOXA2,SLC30A5,0.7260636944257137,1,0.2064598457298414,ENCODE_ChIP-seq,0.14990299834117157
FOXA2,CLK4,-0.7078992767333889,1,0.2060343494921745,ENCODE_ChIP-seq,-0.1458515669877446
FOXA2,MITF,1.9208212305107104,1,0.2057586531765075,ENCODE_ChIP-seq,0.3952255893827256
FOXA2,MLLT3,1.898015240473871,1,0.2057099593827612,ENCODE_ChIP-seq,0.39044063802574175
FOXA2,SMPD1,0.3086914213775927,1,0.2055964415944723,ENCODE_ChIP-seq,0.06346585778597287
FOXA2,AGR2,1.5261853474156784,1,0.2055308355428872,ENCODE_ChIP-seq,0.31367814964765595
FOXA2,TMBIM6,1.786323750819023,1,0.2053767887627959,ENCODE_ChIP-seq,0.3668694356339237
FOXA2,AP1G1,1.3583003575608197,1,0.205278820415808,ENCODE_ChIP-seq,0.2788302951704553
FOXA2,TBC1D19,0.1545571947798873,1,0.2050640987450138,ENCODE_ChIP-seq,0.03169413185209514
FOXA2,YAP1,-1.2505020279626209,2,0.2050138934907135,"ENCODE_ChIP-seq,ReMap_ChIP-seq",-0.25637028957065
FOXA2,TIA1,0.5874326318373192,1,0.2047524939596516,ENCODE_ChIP-seq,0.12027829640197293
FOXA2,RPS17,-0.8386715423369753,1,0.2043518371601708,ENCODE_ChIP-seq,-0.17138407045051487
FOXA2,PEX13,1.0462351944073036,1,0.2043259145761775,ENCODE_ChIP-seq,0.21377296295905718
FOXA2,SLC39A1,-1.2652330970473598,2,0.2038188018975977,"ENCODE_ChIP-seq,ReMap_ChIP-seq",-0.25787829396137985
FOXA2,NADK2,0.6467762631932161,1,0.2022792697382965,ENCODE_ChIP-seq,0.130829430202788
FOXA2,AKIRIN2,-0.1760350306454823,2,0.2020029223518492,"ENCODE_ChIP-seq,ReMap_ChIP-seq",-0.03555959062668475
FOXA2,TMEM179B,0.9561457137786752,1,0.2019884352445593,ENCODE_ChIP-seq,0.19313037659194687
FOXA2,ZNF688,-0.2688346092069423,1,0.2018388224830826,ENCODE_ChIP-seq,-0.05426126096502891
FOXA2,ADPGK,0.176268914087072,1,0.200643976311047,ENCODE_ChIP-seq,0.03536729582246045
FOXA2,PSMD7,-0.7362926876960919,1,0.200108118626164,ENCODE_ChIP-seq,-0.1473381444930667
FOXA2,TDP1,-0.6624683580280737,1,0.1997191427970802,ENCODE_ChIP-seq,-0.1323076125955561
FOXA2,TCF12,0.5269123190718192,1,0.199172190165634,ENCODE_ChIP-seq,0.1049462806147876
FOXA2,XPO7,0.127576470837416,1,0.1991579167051655,ENCODE_ChIP-seq,0.02540786415257707
FOXA2,KRT18,0.2894260046003828,4,0.7862301280026129,"Enrichr_Queries,GTEx_Coexpression,Literature_ChIP-seq,ReMap_ChIP-seq",0.22755544464424382
FOXA2,KRT19,-1.0450417482792147,2,0.7598206462351625,"Enrichr_Queries,ReMap_ChIP-seq",-0.794044296520237
FOXA2,SLC40A1,1.2510054861133164,2,0.6403862053057843,"Enrichr_Queries,ReMap_ChIP-seq",0.8011266560688247
FOXA2,CLDN3,2.302380307909411,2,0.6212872711799088,"Enrichr_Queries,Literature_ChIP-seq",1.4304395787193962
FOXA2,SDC4,1.2030966884164949,3,0.5894582754491958,"Enrichr_Queries,Literature_ChIP-seq,ReMap_ChIP-seq",0.7091752991526256
FOXA2,CLIC6,2.4488415211867034,2,0.5840407073185245,"Enrichr_Queries,GTEx_Coexpression",1.430223134144854
FOXA2,EPAS1,-0.0877350312362688,2,0.5820221234213494,"Enrichr_Queries,ReMap_ChIP-seq",-0.05106372917857158
FOXA2,TBX3,-0.5857915277366633,2,0.5837094060181727,"Enrichr_Queries,Literature_ChIP-seq",-0.34193202470564565
FOXA2,BMP7,-2.618973635613691,2,0.5568849827206378,"Enrichr_Queries,Literature_ChIP-seq",-1.4584670878145363
FOXA2,PLPP3,-1.5388531659182143,2,0.5238378714876135,"Enrichr_Queries,Literature_ChIP-seq",-0.8061095669665728
FOXA2,FST,-2.0131639753314725,2,0.5079003972124099,"Enrichr_Queries,Literature_ChIP-seq",-1.022486782724569
FOXA2,DUSP4,2.219416104488567,2,0.4924673552092026,"Enrichr_Queries,ReMap_ChIP-seq",1.0929899790861959
FOXA2,VIM,1.2849616206254482,1,0.4912327314862979,Enrichr_Queries,0.631215206754899
FOXA2,LRIG1,0.3867470233259135,3,0.478387205176036,"Enrichr_Queries,Literature_ChIP-seq,ReMap_ChIP-seq",0.18501482759903495
FOXA2,DDIT4,-0.2733737663949255,3,0.47587155738771675,"Enrichr_Queries,Literature_ChIP-seq,ReMap_ChIP-seq",-0.13009079996329906
FOXA2,BCL11A,-2.1424866621154774,2,0.4762272666079499,"Enrichr_Queries,Literature_ChIP-seq",-1.0203105668432442
FOXA2,DPYSL2,1.4682721345295116,1,0.4721105976852456,Enrichr_Queries,0.693186834997319
FOXA2,CLU,1.7684441638680002,3,0.4549492330822296,"Enrichr_Queries,Literature_ChIP-seq,ReMap_ChIP-seq",0.8045523161004915
FOXA2,SEMA6A,-1.7059841840183605,2,0.4553383350964937,"Enrichr_Queries,Literature_ChIP-seq",-0.7767999980518706
FOXA2,SMAD3,-0.6879217373606277,3,0.4399534009986275,"Enrichr_Queries,Literature_ChIP-seq,ReMap_ChIP-seq",-0.30265350797269275
FOXA2,CYP26A1,-1.6884841554555412,1,0.440158985710495,Enrichr_Queries,-0.7432014732535528
FOXA2,CHEK2,-1.7030311367279138,2,0.4355195545997279,"Enrichr_Queries,Literature_ChIP-seq",-0.7417033621372093
FOXA2,IGFBP3,-1.295016164831945,1,0.4334967393781035,Enrichr_Queries,-0.5613852848965848
FOXA2,PITX1,-1.3265493927559526,1,0.4291390601426705,Enrichr_Queries,-0.5692741596401197
FOXA2,HOPX,0.0600246943157529,1,0.4291101714513638,Enrichr_Queries,0.02575720686914843
FOXA2,CD44,-2.018433201728075,2,0.4233996572171463,"Enrichr_Queries,Literature_ChIP-seq",-0.8546039257273741
FOXA2,ZFP36,0.3593429610932167,3,0.41576962636821735,"Enrichr_Queries,Literature_ChIP-seq,ReMap_ChIP-seq",0.14940388867177556
FOXA2,SULF2,-1.8474899741521291,1,0.4115585076570073,Enrichr_Queries,-0.7603502166733332
FOXA2,ADM,-0.3588517221000381,2,0.39667602043829076,"Enrichr_Queries,ReMap_ChIP-seq",-0.14234787305007054
FOXA2,SDC1,-1.2479894781998042,2,0.3995576470940195,"Enrichr_Queries,Literature_ChIP-seq",-0.4986437395076069
FOXA2,NFE2L2,-1.8399294588258464,3,0.38584556876881404,"Enrichr_Queries,Literature_ChIP-seq,ReMap_ChIP-seq",-0.7099286285351549
FOXA2,HOOK2,-0.1592198869618204,2,0.3792505723376341,"Enrichr_Queries,Literature_ChIP-seq",-0.060384233257803795
FOXA2,TMPRSS2,2.1289696030254452,1,0.371532834124093,Enrichr_Queries,0.7909821103760889
FOXA2,EFNA1,0.2592964441951465,3,0.36766126215573663,"Enrichr_Queries,Literature_ChIP-seq,ReMap_ChIP-seq",0.09533325794528211
FOXA2,MRTFA,0.5830598531303218,2,0.3713748508983753,"Enrichr_Queries,Literature_ChIP-seq",0.21653376602110186
FOXA2,FOXO3,0.5786981949299497,2,0.3605869502182736,"Enrichr_Queries,ReMap_ChIP-seq",0.20867101720661055
FOXA2,SOCS2,1.1645794865972054,2,0.3633189218860292,"Enrichr_Queries,Literature_ChIP-seq",0.4231137635210821
FOXA2,FHL2,-2.497868359008291,1,0.3611735800659774,Enrichr_Queries,-0.9021640577565525
FOXA2,IRX3,0.96858659780917,1,0.3584002303781964,Enrichr_Queries,0.34714165979604
FOXA2,GADD45G,0.0976798767252368,1,0.3559824958375744,Enrichr_Queries,0.03477232630975639
FOXA2,IGFBP5,-0.0949036412681055,2,0.34672442536207,"Enrichr_Queries,Literature_ChIP-seq",-0.03290541048345191
FOXA2,TFAP2A,-2.0345863435354,1,0.3362101672728538,Enrichr_Queries,-0.6840486148911009
FOXA2,DNPEP,-1.038306809811793,1,0.336076945955434,Enrichr_Queries,-0.348950981606277
FOXA2,POLR2D,0.2048791909756472,2,0.331927580269743,"Enrichr_Queries,Literature_ChIP-seq",0.06800505410816914
FOXA2,IRX2,0.5656785629522179,1,0.3309962196527784,Enrichr_Queries,0.18723746587580034
FOXA2,CEBPA,-1.255044618380114,2,0.3166417808630875,"Enrichr_Queries,ReMap_ChIP-seq",-0.3973995630265133
FOXA2,STAT3,1.1439575324707825,1,0.3184065812047964,Enrichr_Queries,0.36424360695749675
FOXA2,RGS16,0.1030031182731944,1,0.3159750064476818,Enrichr_Queries,0.03254641096050393
FOXA2,NPPC,-1.882890533376868,1,0.3142410117069305,Enrichr_Queries,-0.5916814261417489
FOXA2,PHLDA1,-0.8915710827274566,3,0.30979172030216345,"Enrichr_Queries,Literature_ChIP-seq,ReMap_ChIP-seq",-0.27620133948980125
FOXA2,CELSR1,1.3641161712122396,1,0.3084597286682206,Enrichr_Queries,0.4207749040440594
FOXA2,SNAI2,-2.6805757131776944,1,0.306612127546945,Enrichr_Queries,-0.8218970224680823
FOXA2,MEIS1,-0.4447509147286118,1,0.3064527131954261,Enrichr_Queries,-0.1362951245147307
FOXA2,ZFHX3,0.7423458588852844,1,0.2983388155476256,Enrichr_Queries,0.22147058426652055
FOXA2,CD9,-1.687526977387611,1,0.2948395918382271,Enrichr_Queries,-0.49754976522896033
FOXA2,SGK3,-0.2843868723263997,1,0.2900459214336865,Enrichr_Queries,-0.08248525242755476
FOXA2,EFEMP1,-1.0753384155533834,1,0.2895184855884491,Enrichr_Queries,-0.31133034956609795
FOXA2,CDKN1A,-0.69230472936096,1,0.2894313002555805,Enrichr_Queries,-0.2003746579920304
FOXA2,SGK1,-0.6984633669324074,1,0.2785723631080455,Enrichr_Queries,-0.19457259067076263
FOXA2,COL18A1,-1.684664681470263,1,0.2710168104407732,Enrichr_Queries,-0.4565724486342918
FOXA2,SERPINB8,-0.531945942961324,1,0.2703143111732353,Enrichr_Queries,-0.14379260115298742
FOXA2,KLF4,0.0607168028188406,1,0.2671308912030281,Enrichr_Queries,0.016219333647995417
FOXA2,SERPINE2,-2.038249029531669,1,0.2643288270074129,Enrichr_Queries,-0.5387679751251038
FOXA2,NR3C1,-0.5335383065865816,1,0.263078919279166,Enrichr_Queries,-0.14036268109083422
FOXA2,NFIA,0.4250072091648035,1,0.2608665976516956,Enrichr_Queries,0.11087018463226483
FOXA2,IGFBP4,-1.785189450457241,1,0.259980164648922,Enrichr_Queries,-0.4641138472593921
FOXA2,DLL1,-2.2034810158066693,1,0.2515969385200596,Enrichr_Queries,-0.554389077664029
FOXA2,SMAD7,-0.6841338078564222,2,0.24623829679031772,"Enrichr_Queries,ReMap_ChIP-seq",-0.16845994362323988
FOXA2,FGFR1,-0.7257639939463316,1,0.2452659918495335,Enrichr_Queries,-0.17800522582392583
FOXA2,LPAR1,0.5377912464422827,1,0.2415465452975009,Enrichr_Queries,0.1299016176693703
FOXA2,LGALSL,-0.3227304321369581,1,0.2406283004917557,Enrichr_Queries,-0.07765807540208614
FOXA2,FGFR3,-2.2194161044885674,1,0.2403077261576907,Enrichr_Queries,-0.5333428374674073
FOXA2,ERBB3,2.689038075290809,1,0.2356669342341729,Enrichr_Queries,0.633717359242746
FOXA2,TGM2,2.376976215649366,1,0.2352275346865935,Enrichr_Queries,0.5591302552158689
FOXA2,PMEPA1,-0.9882845270765356,1,0.2345772620069694,Enrichr_Queries,-0.23182907844546632
FOXA2,PRDM1,0.4089304240070539,1,0.2303335685196063,Enrichr_Queries,0.0941904038377804
FOXA2,PROM1,2.332772615116836,1,0.2278666992450638,Enrichr_Queries,0.5315611958959491
FOXA2,CXXC1,-0.2614404446552888,1,0.2270893517800719,Enrichr_Queries,-0.0593703411058633
FOXA2,CCN1,-0.5137290578660062,2,0.22179596640658283,"Enrichr_Queries,ReMap_ChIP-seq",-0.11394303286053416
FOXA2,TXNIP,-1.5130340296440827,2,0.22133199284665733,"Enrichr_Queries,ReMap_ChIP-seq",-0.33488283702593324
FOXA2,MECOM,1.377670618041172,3,0.21396157551458017,"Enrichr_Queries,GTEx_Coexpression,ReMap_ChIP-seq",0.29476857597623457
FOXA2,OSER1,-1.0948382499779934,1,0.2171264968172458,Enrichr_Queries,-0.23771839379924575
FOXA2,GJA1,-1.4404244204622785,1,0.2143093637889836,Enrichr_Queries,-0.3086964411353863
FOXA2,ARID4A,-0.4162018753819651,2,0.21028018785013108,"Enrichr_Queries,ReMap_ChIP-seq",-0.08751900853889648
FOXA2,FOSL1,-0.5203093847525265,1,0.2132565253171019,Enrichr_Queries,-0.11095937148220289
FOXA2,GADD45B,0.5492696750773282,1,0.2131668468476913,Enrichr_Queries,0.11708608470528997
FOXA2,MEIS2,-1.0675705238781417,2,0.20920227562403085,"Enrichr_Queries,ReMap_ChIP-seq",-0.223338182984446
FOXA2,ANXA1,-0.5420539359435409,1,0.2067664694730074,Enrichr_Queries,-0.11207857859899366
FOXA2,VSIG2,2.3887892435059044,2,0.20322995846802366,"Enrichr_Queries,GTEx_Coexpression",0.4854735387465666
FOXA2,CEBPB,0.1844610066282686,2,0.19856666739221113,"Enrichr_Queries,ReMap_ChIP-seq",0.03662780734998786
FOXA2,VEGFA,0.7459908466325816,2,0.1931598504310552,"Enrichr_Queries,ReMap_ChIP-seq",0.1440954803584857
FOXA2,WFDC2,2.3692813088676936,1,0.1961179861922223,Enrichr_Queries,0.46465867901800467
FOXA2,NOTCH1,-2.325831136918746,1,0.1958911391862794,Enrichr_Queries,-0.45560971096593256
FOXA2,FOSL2,-0.3654908148096578,2,0.19064678423145864,"Enrichr_Queries,ReMap_ChIP-seq",-0.06967964850959683
FOXA2,KRT8,-0.81951217562982,2,0.1905697086616193,"Enrichr_Queries,ReMap_ChIP-seq",-0.15617419655442458
FOXA2,NCOA3,1.0214780144539988,1,0.1914888563038449,Enrichr_Queries,0.19560165672731858
FOXA2,PRSS8,1.8059683151219663,1,0.1836804764913597,Enrichr_Queries,0.33172112064990084
FOXA2,EFNB2,1.142629464654081,1,0.1819351450576263,Enrichr_Queries,0.20788445739895814
FOXA2,RGS2,-0.7165053336755564,1,0.1758148802900798,Enrichr_Queries,-0.12597229946737162
FOXA2,ETS1,-0.6858808600363779,1,0.1736640514888461,Enrichr_Queries,-0.11911284899257157
FOXA2,NDRG1,-1.0526255726100906,1,0.1731134171531077,Enrichr_Queries,-0.18222360985727948
FOXA2,KRT7,2.308951795469241,1,0.1695479893702983,Enrichr_Queries,0.39147813447475005
FOXA2,ZBTB16,0.0445744780622217,1,0.1683954249211615,Enrichr_Queries,0.007506138173926815
FOXA2,FOXO1,-0.7761396858845171,1,0.1677829058958493,Enrichr_Queries,-0.13022297187879597
FOXA2,KLF6,0.7414361528092668,1,0.1658386168359167,Enrichr_Queries,0.12295874605403218
FOXA2,JUNB,-0.798746705065758,1,0.1642159519445285,Enrichr_Queries,-0.131166950534929
FOXA2,CLDN7,1.6283763559158166,1,0.1633531542692409,Enrichr_Queries,0.26600041407630076
FOXA2,PPARG,-1.717947699799256,1,0.1626057218951353,Enrichr_Queries,-0.2793481259039452
FOXA2,TIMP3,-1.6761595949718242,1,0.1608273340681374,Enrichr_Queries,-0.26957227913204745
FOXA2,BHLHE40,0.300249122354485,1,0.1592959588138976,Enrichr_Queries,0.04782847182848894
FOXA2,ID2,0.6003433315577802,1,0.1557912888602007,Enrichr_Queries,0.09352826138201337
FOXA2,JAG1,-2.2801312024849465,1,0.154429755881254,Enrichr_Queries,-0.3521201049769804
FOXA2,IGFBP2,-2.1493947210031186,1,0.1511917499153101,Enrichr_Queries,-0.3249707491271912
FOXA2,KLF2,0.9299217986821456,1,0.1425249916719215,Enrichr_Queries,0.13253709661271107
FOXA2,ID3,-0.6298372026838343,1,0.1404194466520818,Enrichr_Queries,-0.0884413914817591
FOXA2,SOCS3,-0.5522176180971216,1,0.1403065692833905,Enrichr_Queries,-0.07747975949305266
FOXA2,EGFR,-2.5304440987864223,1,0.1396882149412801,Enrichr_Queries,-0.35347321916817154
FOXA2,LAMC2,-1.2860138797150609,1,0.1377004811780043,Enrichr_Queries,-0.177084730038356
FOXA2,GSN,1.3945210668498915,1,0.1361470925294396,Enrichr_Queries,0.18985998872266502
FOXA2,PPARGC1A,-1.3588798726241322,1,0.1354929433430491,Enrichr_Queries,-0.18411863359147132
FOXA2,CDH11,-1.2424894233648258,1,0.1346533082001333,Enrichr_Queries,-0.1673053112597498
FOXA2,ALDH1A1,1.218433566673215,2,0.1269706672908637,"Enrichr_Queries,GTEx_Coexpression",0.15470532301008516
FOXA2,FOS,0.1222384809210914,1,0.1287200817325435,Enrichr_Queries,0.015734547255024846
FOXA2,CCND2,-2.3089517954692407,1,0.1287111515441386,Enrichr_Queries,-0.2971878444547523
FOXA2,EGR1,-0.2779185631896918,1,0.1213487455342844,Enrichr_Queries,-0.03372506900375985
FOXA2,CPNE1,-0.308449910129592,1,0.1211870130264673,Enrichr_Queries,-0.037380123276887535
FOXA2,PRNP,-2.458183740894816,1,0.1205605141847813,Enrichr_Queries,-0.29635989576294824
FOXA2,JUND,0.2887056814316432,1,0.1201676774501381,Enrichr_Queries,0.034693091204300024
FOXA2,ATF3,0.2990448386399649,1,0.1156546216784238,Enrichr_Queries,0.03458591767779043
FOXA2,HHAT,-0.2088786786334934,1,0.1131338503747513,Enrichr_Queries,-0.023631249174997402
FOXA2,BTG2,-0.6748511705827548,1,0.1071279362605879,Enrichr_Queries,-0.07229541318757249
FOXA2,RUNX1,1.4723444622240107,1,0.1053341292674335,Enrichr_Queries,0.1550881219100938
FOXA2,PRKCSH,-0.1074027746657395,1,0.1015420636922404,Enrichr_Queries,-0.010905899385831865
FOXA2,FZR1,-0.0418085048211764,1,0.1009550599390934,Enrichr_Queries,-0.004220780110185739
FOXA2,CEBPD,-0.1767367099115387,1,0.1006035367682584,Enrichr_Queries,-0.017780338093886502
FOXA2,NRG1,-2.453485864848769,1,0.0979139561022719,Enrichr_Queries,-0.240230507268347
FOXA2,SPARC,-0.9196799959623426,1,0.0972916162466394,Enrichr_Queries,-0.08947715323687912
FOXA2,BMP4,-1.4339562447988603,1,0.094285499541,Enrichr_Queries,-0.13520128086079702
FOXA2,MAFB,-0.7384082188512041,1,0.0889543016184213,Enrichr_Queries,-0.06568458741721125
FOXA2,COL1A1,0.9619817000106812,1,0.0874835193467046,Enrichr_Queries,0.08415754466406021
FOXA2,PDGFA,-1.681816121389292,1,0.0823091836501003,Enrichr_Queries,-0.1384289120011306
FOXA2,ANXA3,2.1540577237104364,1,0.076744071520457,Enrichr_Queries,0.16531116000762652
FOXA2,DUSP12,-1.0538285609539253,1,0.0713301859744137,Enrichr_Queries,-0.07516978723799227
FOXA2,ATP1B1,1.2626736796030549,1,0.0,Enrichr_Queries,0.0
FOXA2,BCL6,0.7511716161681746,1,0.0,Enrichr_Queries,0.0
FOXA2,BMP2,-1.0655370223400895,1,0.0,Enrichr_Queries,-0.0
FOXA2,CADPS2,2.006224152698474,1,0.0,Enrichr_Queries,0.0
FOXA2,CHD6,-0.1099508892463984,1,0.0,Enrichr_Queries,-0.0
FOXA2,CSTB,0.4695492664443831,1,0.0,Enrichr_Queries,0.0
FOXA2,CTDSP2,-0.6676393965740038,1,0.0,Enrichr_Queries,-0.0
FOXA2,CYP1B1,0.015084095374074,1,0.0,Enrichr_Queries,0.0
FOXA2,DSP,-1.3963500958518282,1,0.0,Enrichr_Queries,-0.0
FOXA2,DUSP6,-0.3065184663724568,1,0.0,Enrichr_Queries,-0.0
FOXA2,EDN1,-0.1980640555769694,1,0.0,Enrichr_Queries,-0.0
FOXA2,ELF3,1.5889094153701444,1,0.0,Enrichr_Queries,0.0
FOXA2,EPHA2,-0.3171557794770977,1,0.0,Enrichr_Queries,-0.0
FOXA2,ERRFI1,-0.9946844564841107,1,0.0,Enrichr_Queries,-0.0
FOXA2,ESRP1,0.4959414915025183,1,0.0,Enrichr_Queries,0.0
FOXA2,ETS2,-1.3693901417693235,1,0.0,Enrichr_Queries,-0.0
FOXA2,FGFR2,0.7569858545045821,1,0.0,Enrichr_Queries,0.0
FOXA2,FOXC1,0.285346146546639,1,0.0,Enrichr_Queries,0.0
FOXA2,FZD8,0.5208367816936565,1,0.0,Enrichr_Queries,0.0
FOXA2,GRB7,0.1060131889118037,1,0.0,Enrichr_Queries,0.0
FOXA2,HMGA2,-0.8442493421447701,1,0.0,Enrichr_Queries,-0.0
FOXA2,HOOK1,-1.032010785887923,1,0.0,Enrichr_Queries,-0.0
FOXA2,ID1,-1.1889709985141808,1,0.0,Enrichr_Queries,-0.0
FOXA2,IRF1,0.6917195632771882,1,0.0,Enrichr_Queries,0.0
FOXA2,IRS1,-1.1212165842196176,1,0.0,Enrichr_Queries,-0.0
FOXA2,ITM2C,0.2774398947409313,1,0.0,Enrichr_Queries,0.0
FOXA2,JUN,-0.1505965506463836,1,0.0,Enrichr_Queries,-0.0
FOXA2,MLF2,-0.4089304240070537,1,0.0,Enrichr_Queries,-0.0
FOXA2,MYC,-1.8708284980429213,1,0.0,Enrichr_Queries,-0.0
FOXA2,NFKBIA,-0.4685210309516254,1,0.0,Enrichr_Queries,-0.0
FOXA2,NR4A2,0.385258459999121,1,0.0,Enrichr_Queries,0.0
FOXA2,PTP4A3,1.2750353261606238,1,0.0,Enrichr_Queries,0.0
FOXA2,SELENOP,0.6890892401894665,1,0.0,Enrichr_Queries,0.0
FOXA2,SREBF1,-0.7332762028462575,1,0.0,Enrichr_Queries,-0.0
FOXA2,TCF7L2,0.5001124987374169,1,0.0,Enrichr_Queries,0.0
FOXA2,TFAP2C,-0.0777988553880193,1,0.0,Enrichr_Queries,-0.0
FOXA2,TGFB2,-0.3241863332775094,1,0.0,Enrichr_Queries,-0.0
FOXA2,TGFBI,-2.388789243505905,1,0.0,Enrichr_Queries,-0.0
FOXA2,THBD,-1.7250415678609654,1,0.0,Enrichr_Queries,-0.0
FOXA2,THBS1,-0.5792427988206743,1,0.0,Enrichr_Queries,-0.0
FOXA2,TINAGL1,-1.132513847957363,1,0.0,Enrichr_Queries,-0.0
FOXA2,ZFP36L1,0.5890753195527104,1,0.0,Enrichr_Queries,0.0
FOXA2,FAM174B,1.9633152509361176,2,0.6979142147087363,"GTEx_Coexpression,ReMap_ChIP-seq",1.370225621582766
FOXA2,ABCC6,2.305653605727289,2,0.7000524903045131,"GTEx_Coexpression,Literature_ChIP-seq",1.6140785484689688
FOXA2,FAM3B,-1.0923257630798158,2,0.6387836509837468,"GTEx_Coexpression,Literature_ChIP-seq",-0.697759839003732
FOXA2,CREB3L1,1.7829277157965902,3,0.6282772865347105,"GTEx_Coexpression,Literature_ChIP-seq,ReMap_ChIP-seq",1.1201729873682111
FOXA2,CYP3A5,-0.807649114487947,2,0.573510729858324,"GTEx_Coexpression,Literature_ChIP-seq",-0.4631954331194115
FOXA2,FBP1,2.889502376860571,2,0.5442596468642152,"GTEx_Coexpression,Literature_ChIP-seq",1.572639543243445
FOXA2,ANXA4,-0.2350783656133797,2,0.5437821396796001,"GTEx_Coexpression,Literature_ChIP-seq",-0.12783141664562694
FOXA2,PLPP6,0.6484803401444367,2,0.5037645590864404,"GTEx_Coexpression,ReMap_ChIP-seq",0.326681412629087
FOXA2,MUC5AC,1.1555530218008152,2,0.5082115119275392,"GTEx_Coexpression,Literature_ChIP-seq",0.587265348321829
FOXA2,CYP2C18,-0.2367358303620977,1,0.4702150363063634,GTEx_Coexpression,-0.11131674706873086
FOXA2,SLC39A14,-0.9105790264412784,2,0.4680567847452639,"GTEx_Coexpression,Literature_ChIP-seq",-0.42620269137257744
FOXA2,ADH1C,-0.1268800083461996,1,0.4576304471619409,GTEx_Coexpression,-0.05806415495538212
FOXA2,AKR1A1,-0.2386308727549482,1,0.4530880650122659,GTEx_Coexpression,-0.10812080038872772
FOXA2,ABHD2,0.8531626154614801,3,0.45658070626584735,"GTEx_Coexpression,Literature_ChIP-seq,ReMap_ChIP-seq",0.3895375895270201
FOXA2,PARD6B,0.7257639939463316,3,0.4379485454606913,"GTEx_Coexpression,Literature_ChIP-seq,ReMap_ChIP-seq",0.3178472854965379
FOXA2,IQGAP2,2.4307740905733755,2,0.4167995188914732,"GTEx_Coexpression,Literature_ChIP-seq",1.0131454714848411
FOXA2,HERPUD1,1.277114625036774,3,0.40310225929312066,"GTEx_Coexpression,Literature_ChIP-seq,ReMap_ChIP-seq",0.5148077907286103
FOXA2,BAIAP2L1,1.2276770815876317,2,0.3898673730709644,"GTEx_Coexpression,ReMap_ChIP-seq",0.478631238777998
FOXA2,RAB17,1.6206218662271454,1,0.3889311627688211,GTEx_Coexpression,0.6303103468403005
FOXA2,CXCL17,2.821684405481538,3,0.38203201333511627,"GTEx_Coexpression,Literature_ChIP-seq,ReMap_ChIP-seq",1.0779737744224125
FOXA2,CGN,1.2218269303509068,1,0.3651477112695528,GTEx_Coexpression,0.44614730718513695
FOXA2,GPT2,0.4884034128875294,1,0.3604529046657017,GTEx_Coexpression,0.17604642882395197
FOXA2,TMEM125,3.454547419973036,1,0.3591940397720714,GTEx_Coexpression,1.2408528433643016
FOXA2,SLC50A1,1.4703052504624154,2,0.3470509576807605,"GTEx_Coexpression,ReMap_ChIP-seq",0.5102708452560317
FOXA2,TP53INP1,1.64329678388581,1,0.3452746917856179,GTEx_Coexpression,0.5673887905684702
FOXA2,SERP1,1.9712887363563336,1,0.3394684300383355,GTEx_Coexpression,0.6691902924831388
FOXA2,STEAP3,0.9568734295735306,2,0.3418015664372545,"GTEx_Coexpression,Literature_ChIP-seq",0.3270608371104207
FOXA2,GATM,0.9719049418303076,2,0.34029486629026034,"GTEx_Coexpression,Literature_ChIP-seq",0.3307342622269878
FOXA2,ASL,1.2755546339515789,1,0.3176500318578024,GTEx_Coexpression,0.4051799701110865
FOXA2,GALE,1.6540533453773187,1,0.3096213527114849,GTEx_Coexpression,0.5121302342526823
FOXA2,EIF2AK3,1.0442469437569375,2,0.31328409221689185,"GTEx_Coexpression,Literature_ChIP-seq",0.3271459558251559
FOXA2,TMEM97,1.1312029441594178,1,0.3046628834818656,GTEx_Coexpression,0.344635550770784
FOXA2,TMED9,0.0019574050473133,2,0.30896514736507724,"GTEx_Coexpression,Literature_ChIP-seq",0.0006047699388962998
FOXA2,TMEM92,2.045657518777561,1,0.2977019871029003,GTEx_Coexpression,0.6089963082720685
FOXA2,CIAO2A,0.2414750462603987,1,0.2953191861053907,GTEx_Coexpression,0.07131221412638251
FOXA2,SLC4A2,-0.2748083510111835,1,0.2947752112741943,GTEx_Coexpression,-0.08100668972923457
FOXA2,SPR,-0.3024179321621892,1,0.2908681743570974,GTEx_Coexpression,-0.0879637518208645
FOXA2,CACFD1,2.5598037683688286,1,0.2897623222231006,GTEx_Coexpression,0.7417346843579957
FOXA2,MARVELD2,1.49097931034037,1,0.2875771118205568,GTEx_Coexpression,0.4287715238518892
FOXA2,RASSF7,1.395739900642453,1,0.2862067558217629,GTEx_Coexpression,0.39947018893386615
FOXA2,TXNDC11,1.7040138353381915,2,0.2842034353953345,"GTEx_Coexpression,ReMap_ChIP-seq",0.48428658596429386
FOXA2,FKBP11,1.8178576144691208,1,0.2756848565431288,GTEx_Coexpression,0.5011558156607538
FOXA2,TTC38,0.5613600155951808,1,0.2753907007168096,GTEx_Coexpression,0.15459332804915601
FOXA2,SMIM22,2.365485860339532,1,0.2735681634165518,GTEx_Coexpression,0.6471216224009078
FOXA2,DMRTA1,1.735328758465164,1,0.2680362839006993,GTEx_Coexpression,0.4651310717650167
FOXA2,MOGS,1.0655370223400895,2,0.2634219641537324,"GTEx_Coexpression,ReMap_ChIP-seq",0.28068585530334583
FOXA2,FOXP4,1.536599707444561,2,0.2537420245941134,"GTEx_Coexpression,ReMap_ChIP-seq",0.38989992075770524
FOXA2,ALG2,1.5784186938695766,1,0.2522946958482163,GTEx_Coexpression,0.39822666429096365
FOXA2,FUT1,-1.6095901135824169,1,0.2478024543210968,GTEx_Coexpression,-0.3988603805966959
FOXA2,SEL1L,0.8581438339475222,2,0.2455694854911828,"GTEx_Coexpression,ReMap_ChIP-seq",0.21073393977992405
FOXA2,LGR4,-1.3149809441984983,2,0.2408222814640749,"GTEx_Coexpression,ReMap_ChIP-seq",-0.31667671106366574
FOXA2,TMC4,1.7773129375701582,1,0.2393434281291587,GTEx_Coexpression,0.4253881713363471
FOXA2,COMTD1,0.9572374775595112,1,0.2387961566735712,GTEx_Coexpression,0.22858463066511514
FOXA2,FAM136A,0.6239512163533175,1,0.2270723859360953,GTEx_Coexpression,0.14168209140507662
FOXA2,SLC35D2,1.194122764844918,2,0.2178721938641545,"GTEx_Coexpression,ReMap_ChIP-seq",0.2601661465198921
FOXA2,EDEM3,2.1635267443017807,2,0.2067784799414697,"GTEx_Coexpression,ReMap_ChIP-seq",0.447370771499439
FOXA2,FZD5,-0.2469318645276928,2,0.2017013368050531,"GTEx_Coexpression,ReMap_ChIP-seq",-0.04980648717499991
FOXA2,ALG5,0.4569871329205219,1,0.1956915376505885,GTEx_Coexpression,0.0894285147277508
FOXA2,LNX2,-0.227273214416158,2,0.1936956454381317,"GTEx_Coexpression,ReMap_ChIP-seq",-0.044021831957136624
FOXA2,ACTR3C,0.8063734326364992,1,0.1924232636935861,GTEx_Coexpression,0.15516500766371527
FOXA2,TPST2,-1.5188466420170583,1,0.1908536040385624,GTEx_Coexpression,-0.2898773556108238
FOXA2,TOM1L1,2.100949681690017,1,0.1898284129027405,GTEx_Coexpression,0.39881994366373374
FOXA2,DAP,2.4926886215671216,1,0.1865594340596238,GTEx_Coexpression,0.465034578526426
FOXA2,PLPP5,1.5610510200434196,1,0.1860202703293043,GTEx_Coexpression,0.2903871327463131
FOXA2,SH3YL1,0.0104780591132941,1,0.18548647101623,GTEx_Coexpression,0.0019435382080243706
FOXA2,SLC25A5,-1.9341019262243964,1,0.1854013806338497,GTEx_Coexpression,-0.3585851674085912
FOXA2,SLC38A10,0.9946844564841107,1,0.1827738976103257,GTEx_Coexpression,0.18180235500400932
FOXA2,ARSD,0.8695142515768939,1,0.1810506135628887,GTEx_Coexpression,0.1574260887496726
FOXA2,HM13,1.797795236151607,1,0.1798159276277811,GTEx_Coexpression,0.32327221807340695
FOXA2,PLIN5,0.1141220793814267,1,0.1774654775761614,GTEx_Coexpression,0.020252729319409492
FOXA2,GSTA2,1.9664896541224943,1,0.1747192535464867,GTEx_Coexpression,0.34358360447517106
FOXA2,CDC42EP1,1.1104871568700931,1,0.174679066149324,GTEx_Coexpression,0.19397885953288574
FOXA2,CCNC,0.8925995537381298,1,0.1719287959258088,GTEx_Coexpression,0.15346356651811094
FOXA2,MUC1,2.4677455615697816,1,0.1715047395245594,GTEx_Coexpression,0.423230059749913
FOXA2,SEPSECS,0.9594244353362896,1,0.1605184645310864,GTEx_Coexpression,0.1540053371937858
FOXA2,COG3,1.8238999280282224,1,0.1596887323857835,GTEx_Coexpression,0.29125626750534855
FOXA2,SYVN1,1.5144823896194062,1,0.159640093263022,GTEx_Coexpression,0.24177210992404644
FOXA2,DECR2,0.4081794440276691,1,0.1562308740487404,GTEx_Coexpression,0.06377023130917164
FOXA2,DCAF11,0.8830368668493688,1,0.1540931672541501,GTEx_Coexpression,0.13606994761500044
FOXA2,HOMER2,1.5712563957315342,1,0.1530211029544551,GTEx_Coexpression,0.24043538669908113
FOXA2,VAV2,-0.6513246622309093,1,0.1483909311127532,GTEx_Coexpression,-0.09665067308514412
FOXA2,DDT,-0.2528715457918166,1,0.1480673327061924,GTEx_Coexpression,-0.03744201530268607
FOXA2,DCXR,0.7921112345924083,1,0.147575464039936,GTEx_Coexpression,0.11689618301622125
FOXA2,RASEF,1.8577378752588525,1,0.1472187241281456,GTEx_Coexpression,0.2734937997601404
FOXA2,GGCX,0.3402474489305399,1,0.1465950862562587,GTEx_Coexpression,0.04987860412444447
FOXA2,JTB,1.422462421089412,1,0.1440266664318539,GTEx_Coexpression,0.20487252063409203
FOXA2,SLC33A1,1.3117078076672128,1,0.1430035249093902,GTEx_Coexpression,0.18757884014757986
FOXA2,VWA2,0.4119366565469624,1,0.1406828024594431,GTEx_Coexpression,0.05795240327879976
FOXA2,PXMP2,-0.0498768982531669,1,0.13410611039286,GTEx_Coexpression,-0.006688796823192646
FOXA2,MPST,0.5027237988485159,1,0.1326133327016807,GTEx_Coexpression,0.06666787839375105
FOXA2,XBP1,2.7978314902808212,1,0.1293520002126422,GTEx_Coexpression,0.36190509952574185
FOXA2,KCTD14,2.029142974045665,1,0.1293102699796687,GTEx_Coexpression,0.26238902580119283
FOXA2,COASY,-0.3914664845148787,1,0.1219834930398666,GTEx_Coexpression,-0.04775244918916175
FOXA2,P4HB,1.0753384155533834,1,0.12069970606418,GTEx_Coexpression,0.1297930306768144
FOXA2,SLC25A10,0.2899063034661992,1,0.1199847205231854,GTEx_Coexpression,0.03478432679930169
FOXA2,SIDT2,0.2242022816921601,1,0.1180383227440194,GTEx_Coexpression,0.026464461286324747
FOXA2,SLC25A16,1.0732879535542277,1,0.1169817531893611,GTEx_Coexpression,0.12555510648379511
FOXA2,SEC61B,1.7209773284292105,1,0.1134993703824556,GTEx_Coexpression,0.1953298432191959
FOXA2,TMEM238,0.6217146206602207,1,0.1106761946704481,GTEx_Coexpression,0.06880900838565437
FOXA2,SMPDL3B,1.7129330851167426,1,0.1032388423703109,GTEx_Coexpression,0.17684122876525774
FOXA2,CFTR,2.2709314934997145,1,0.1013383798715785,GTEx_Coexpression,0.23013251835060516
FOXA2,LARP1B,0.926025543950606,1,0.1003385578272582,GTEx_Coexpression,0.09291606759120612
FOXA2,TMEM220,0.1748657576005767,1,0.0988320265209978,GTEx_Coexpression,0.01728233719279457
FOXA2,ERICH5,0.158753463616368,1,0.0938411419172792,GTEx_Coexpression,0.01489760630908321
FOXA2,SLC41A2,2.648519438411798,1,0.0932790060288972,GTEx_Coexpression,0.24705126066326552
FOXA2,PROSER2,-0.5282356579026134,1,0.0905673191336891,GTEx_Coexpression,-0.047840887407060204
FOXA2,UBA5,1.072059839428304,1,0.0789554685993243,GTEx_Coexpression,0.08464498698857811
FOXA2,TMED2,0.9667476738370624,1,0.078565884777888,GTEx_Coexpression,0.0759533863519739
FOXA2,ACAA1,-0.0995311173894623,1,0.0747775892617881,GTEx_Coexpression,-0.007442697014916027
FOXA2,AUP1,0.9763461204918024,1,0.0683366380648068,GTEx_Coexpression,0.06672021146202656
FOXA2,PDIA5,2.3189999498927176,1,0.0669281326733701,GTEx_Coexpression,0.15520633631595843
FOXA2,KRTCAP3,-0.5594739429820882,1,0.066794818976349,GTEx_Coexpression,-0.03736996074347278
FOXA2,HSD17B8,-1.071650827203848,1,0.0666225298144048,GTEx_Coexpression,-0.07139608918601993
FOXA2,NR2F6,1.4476097288007028,1,0.0650036873359013,GTEx_Coexpression,0.09409997019536975
FOXA2,AFMID,0.2251469575454664,1,0.0,GTEx_Coexpression,0.0
FOXA2,CAPN8,3.3143101428861494,1,0.0,GTEx_Coexpression,0.0
FOXA2,CHDH,1.2400017797245624,1,0.0,GTEx_Coexpression,0.0
FOXA2,CLPTM1L,0.5863383869410849,1,0.0,GTEx_Coexpression,0.0
FOXA2,CRACR2B,3.2629898856619945,1,0.0,GTEx_Coexpression,0.0
FOXA2,DNAJC1,1.2007257497557997,1,0.0,GTEx_Coexpression,0.0
FOXA2,DNAJC3,1.760796499471016,1,0.0,GTEx_Coexpression,0.0
FOXA2,ERP29,0.8538255534002431,1,0.0,GTEx_Coexpression,0.0
FOXA2,EVA1A,0.3441541481007709,1,0.0,GTEx_Coexpression,0.0
FOXA2,FMO5,2.2444295468711655,1,0.0,GTEx_Coexpression,0.0
FOXA2,GLS2,-1.907870926682098,1,0.0,GTEx_Coexpression,-0.0
FOXA2,HMGCL,-0.0685628124065452,1,0.0,GTEx_Coexpression,-0.0
FOXA2,HSD17B2,1.3764819070934755,1,0.0,GTEx_Coexpression,0.0
FOXA2,INSIG1,1.20547440946564,1,0.0,GTEx_Coexpression,0.0
FOXA2,LPCAT3,-1.4696268700543786,1,0.0,GTEx_Coexpression,-0.0
FOXA2,LRRC59,1.4061847558142455,1,0.0,GTEx_Coexpression,0.0
FOXA2,LSR,0.8393263980587992,1,0.0,GTEx_Coexpression,0.0
FOXA2,MIA2,1.801283257907238,1,0.0,GTEx_Coexpression,0.0
FOXA2,MPDU1,0.8102044300806945,1,0.0,GTEx_Coexpression,0.0
FOXA2,ODR4,0.9652788851572912,1,0.0,GTEx_Coexpression,0.0
FOXA2,PRSS16,1.2672866144001431,1,0.0,GTEx_Coexpression,0.0
FOXA2,SCP2,1.301434461678903,1,0.0,GTEx_Coexpression,0.0
FOXA2,SEC61A1,2.0131639753314734,1,0.0,GTEx_Coexpression,0.0
FOXA2,SFXN2,1.280766743028206,1,0.0,GTEx_Coexpression,0.0
FOXA2,SGSM3,2.007950058106471,1,0.0,GTEx_Coexpression,0.0
FOXA2,SH2D4A,-0.2034683924760964,1,0.0,GTEx_Coexpression,-0.0
FOXA2,SLC37A4,0.0420389900829182,1,0.0,GTEx_Coexpression,0.0
FOXA2,SRPRA,2.156406900960356,1,0.0,GTEx_Coexpression,0.0
FOXA2,SRPRB,1.3647002950542435,1,0.0,GTEx_Coexpression,0.0
FOXA2,TECPR1,1.6318544500382817,1,0.0,GTEx_Coexpression,0.0
FOXA2,TMEM51,-0.3135254500848842,1,0.0,GTEx_Coexpression,-0.0
FOXA2,TMUB1,1.0844146681195723,1,0.0,GTEx_Coexpression,0.0
FOXA2,TPRN,0.3229730347434858,1,0.0,GTEx_Coexpression,0.0
FOXA2,XYLT2,-0.3062771164301682,1,0.0,GTEx_Coexpression,-0.0
FOXA2,ZBTB42,1.168216767788322,1,0.0,GTEx_Coexpression,0.0
FOXA2,NEDD4L,1.5449009060976326,2,0.8306951280473023,"Literature_ChIP-seq,ReMap_ChIP-seq",1.2833416560111663
FOXA2,ARRB1,2.9376310454414107,2,0.757744733795558,"Literature_ChIP-seq,ReMap_ChIP-seq",2.2259744545175684
FOXA2,ECE1,0.1466382674771891,2,0.6864521150029916,"Literature_ChIP-seq,ReMap_ChIP-seq",0.10066014885009086
FOXA2,TSKU,-0.9826709605094672,2,0.6612727141636789,"Literature_ChIP-seq,ReMap_ChIP-seq",-0.6498134931859247
FOXA2,LPIN2,1.0454393982090155,2,0.6517856828196376,"Literature_ChIP-seq,ReMap_ChIP-seq",0.6814024320082142
FOXA2,WWC2,1.0606745049156368,2,0.6361633352386458,"Literature_ChIP-seq,ReMap_ChIP-seq",0.6747622306497308
FOXA2,CALML3,-1.8238999280282215,2,0.6299445551403537,"Literature_ChIP-seq,ReMap_ChIP-seq",-1.1489558287822612
FOXA2,SIK2,1.5938108321178874,2,0.6286419839843542,"Literature_ChIP-seq,ReMap_ChIP-seq",1.0019364035983434
FOXA2,PDK4,0.362046329868532,2,0.6177186098787792,"Literature_ChIP-seq,ReMap_ChIP-seq",0.22364275559810357
FOXA2,SH3PXD2A,-0.640826708849621,2,0.6076377165106976,"Literature_ChIP-seq,ReMap_ChIP-seq",-0.3893904780444494
FOXA2,CRIM1,0.5879800180823291,2,0.6071894838054069,"Literature_ChIP-seq,ReMap_ChIP-seq",0.3570152836673033
FOXA2,PCBP1,0.6751403703728519,2,0.5956780175015939,"Literature_ChIP-seq,ReMap_ChIP-seq",0.40216627735899224
FOXA2,RARA,-0.3334231604736615,2,0.592814333092251,"Literature_ChIP-seq,ReMap_ChIP-seq",-0.1976580285137042
FOXA2,TNS3,-0.6222734776480126,2,0.582594880804558,"Literature_ChIP-seq,ReMap_ChIP-seq",-0.36253334253818165
FOXA2,BCL2L1,1.4750729718278492,2,0.5713701780070519,"Literature_ChIP-seq,ReMap_ChIP-seq",0.8428127064866693
FOXA2,SH3RF1,1.3354840856264685,2,0.5711950745547647,"Literature_ChIP-seq,ReMap_ChIP-seq",0.7628219318561125
FOXA2,MAML2,0.4419562013275172,2,0.5666861340423544,"Literature_ChIP-seq,ReMap_ChIP-seq",0.25045045114633513
FOXA2,DOCK4,1.4730255619032402,2,0.5554363949123371,"Literature_ChIP-seq,ReMap_ChIP-seq",0.8181720077172554
FOXA2,PLCD3,-2.230361208674622,2,0.5544452745929015,"Literature_ChIP-seq,ReMap_ChIP-seq",-1.2366132327849564
FOXA2,NTN4,-0.3571330664746531,2,0.5540130568550787,"Literature_ChIP-seq,ReMap_ChIP-seq",-0.1978563818616506
FOXA2,BAHCC1,1.0245869864072903,2,0.5472024231540382,"Literature_ChIP-seq,ReMap_ChIP-seq",0.5606564816941628
FOXA2,TFPI,1.4055660988384029,2,0.5450209150346016,"Literature_ChIP-seq,ReMap_ChIP-seq",0.7660629213305216
FOXA2,UTRN,1.0430559723233548,2,0.5370390253679149,"Literature_ChIP-seq,ReMap_ChIP-seq",0.5601617627807173
FOXA2,KIFC3,1.0398872580696616,1,0.5435445821369994,Literature_ChIP-seq,0.5652250851570643
FOXA2,FLNB,1.1461754735757133,2,0.5229774568298866,"Literature_ChIP-seq,ReMap_ChIP-seq",0.5994239342514174
FOXA2,NDST1,0.6318040470522784,2,0.5227044999144708,"Literature_ChIP-seq,ReMap_ChIP-seq",0.3302468184584
FOXA2,COLCA1,1.5044097931536855,2,0.4888877511870714,"Literature_ChIP-seq,ReMap_ChIP-seq",0.7354875206387126
FOXA2,CTSB,-0.4313169297670174,2,0.48786867084674085,"Literature_ChIP-seq,ReMap_ChIP-seq",-0.21042601723913185
FOXA2,TSHZ2,-0.8601422916863859,1,0.4943629068440252,Literature_ChIP-seq,-0.4252224436175631
FOXA2,EZR,0.9969530040350496,2,0.4821740020506148,"Literature_ChIP-seq,ReMap_ChIP-seq",0.48070481981196256
FOXA2,NUAK1,-1.9416300552661097,2,0.48212877053942715,"Literature_ChIP-seq,ReMap_ChIP-seq",-0.9361157113878494
FOXA2,STXBP6,-0.0061025320688818,1,0.4894728269997269,Literature_ChIP-seq,-0.002987023623612067
FOXA2,AFDN,1.1173391690429062,2,0.48125849536429005,"Literature_ChIP-seq,ReMap_ChIP-seq",0.5377289673051752
FOXA2,SORL1,1.430744532834716,2,0.47558160147357875,"Literature_ChIP-seq,ReMap_ChIP-seq",0.6804357762251014
FOXA2,SLC16A9,0.66850297090647,1,0.4798815286787128,Literature_ChIP-seq,0.32080222760485794
FOXA2,IL6R,-1.5464217027625684,2,0.4719358026760022,"Literature_ChIP-seq,ReMap_ChIP-seq",-0.7298117675688428
FOXA2,SHROOM3,2.6189736356136932,1,0.4761444999493077,Literature_ChIP-seq,1.2470098921097024
FOXA2,VEZF1,-0.9528772387155928,2,0.4688520008887066,"Literature_ChIP-seq,ReMap_ChIP-seq",-0.4467583999731114
FOXA2,CDH1,1.4080439634535509,2,0.46601336728330367,"Literature_ChIP-seq,ReMap_ChIP-seq",0.6561673086919182
FOXA2,CHL1,-0.2466944597782123,1,0.4725561806190875,Literature_ChIP-seq,-0.11657699169268111
FOXA2,FTO,0.6219940248713814,1,0.4703570383180128,Literature_ChIP-seq,0.2925592673900034
FOXA2,SLC16A5,0.7420425552987262,2,0.4605810439236956,"Literature_ChIP-seq,ReMap_ChIP-seq",0.3417707347552939
FOXA2,PDE4DIP,1.4313856945938292,1,0.4654250471252362,Literature_ChIP-seq,0.666202754360722
FOXA2,CHKA,2.1158306899521286,2,0.4564032091502632,"Literature_ChIP-seq,ReMap_ChIP-seq",0.9656719169127671
FOXA2,CTSH,-0.0491852018825706,1,0.4629459982792614,Literature_ChIP-seq,-0.022770092386093652
FOXA2,CYP4F3,-0.9879093208233752,1,0.4624250459547394,Literature_ChIP-seq,-0.4568340130808647
FOXA2,PRKCZ,0.2312922907581199,1,0.462255146589557,Literature_ChIP-seq,0.10691605176942916
FOXA2,FBXO31,-0.4219845584017693,2,0.4546698303362206,"Literature_ChIP-seq,ReMap_ChIP-seq",-0.19186364757303742
FOXA2,SLC22A23,0.2474067157961099,2,0.45359376683039654,"Literature_ChIP-seq,ReMap_ChIP-seq",0.11222214415709486
FOXA2,SLC25A36,0.0185388272494419,2,0.4533321991142249,"Literature_ChIP-seq,ReMap_ChIP-seq",0.008404247325988212
FOXA2,ZNHIT2,-0.1954814259006848,2,0.4526112685386505,"Literature_ChIP-seq,ReMap_ChIP-seq",-0.08847709615265316
FOXA2,NUAK2,0.4450051515885297,2,0.4519923238759527,"Literature_ChIP-seq,ReMap_ChIP-seq",0.20113891260327013
FOXA2,PTP4A1,0.7150177574652015,2,0.448235472680271,"Literature_ChIP-seq,ReMap_ChIP-seq",0.32049632249220195
FOXA2,FNDC3B,1.2907667637795637,2,0.4446213809290243,"Literature_ChIP-seq,ReMap_ChIP-seq",0.5739025009689573
FOXA2,FRY,2.3506354087823533,1,0.4503154498325666,Literature_ChIP-seq,1.0585274414981845
FOXA2,MAZ,-0.0992996937816668,2,0.43842080829408003,"Literature_ChIP-seq,ReMap_ChIP-seq",-0.04353505201111299
FOXA2,HNRNPF,-1.0683851617052198,2,0.43145055603958793,"Literature_ChIP-seq,ReMap_ChIP-seq",-0.46095537208216214
FOXA2,AXIN2,1.6138098725066226,2,0.43142243691274546,"Literature_ChIP-seq,ReMap_ChIP-seq",0.6962337879106542
FOXA2,ASXL1,0.4513704821957888,2,0.4270382251600865,"Literature_ChIP-seq,ReMap_ChIP-seq",0.19275244960654206
FOXA2,DLC1,0.6576008136912226,1,0.4330262676461542,Literature_ChIP-seq,0.28475842595378414
FOXA2,LIMA1,-1.079452961771858,1,0.432299871413005,Literature_ChIP-seq,-0.46664737657036165
FOXA2,RAPGEF1,0.7517824434071835,2,0.4250794489662776,"Literature_ChIP-seq,ReMap_ChIP-seq",0.3195672667860473
FOXA2,SIK3,0.4432260963879887,2,0.42480113943704023,"Literature_ChIP-seq,ReMap_ChIP-seq",0.18828295077384902
FOXA2,ITPRIPL2,0.2062903973750955,2,0.42391861034081324,"Literature_ChIP-seq,ReMap_ChIP-seq",0.08745033858190462
FOXA2,PDLIM5,0.9586949399510134,2,0.42255508314357637,"Literature_ChIP-seq,ReMap_ChIP-seq",0.4051014200603264
FOXA2,MACROD2,1.400022233826995,1,0.4288824397600798,Literature_ChIP-seq,0.6004449513620785
FOXA2,GRAMD1A,-0.0507991972600882,2,0.4209071636232732,"Literature_ChIP-seq,ReMap_ChIP-seq",-0.021381746033082873
FOXA2,TCN1,1.5130340296440827,1,0.4272311039658307,Literature_ChIP-seq,0.6464151988227109
FOXA2,IGF1R,0.214059460290316,2,0.41771831644108315,"Literature_ChIP-seq,ReMap_ChIP-seq",0.0894165573707577
FOXA2,EML4,0.566759847063524,2,0.41706075073864857,"Literature_ChIP-seq,ReMap_ChIP-seq",0.23637328730483498
FOXA2,CMIP,-0.8220923388057837,2,0.4130361925941093,"Literature_ChIP-seq,ReMap_ChIP-seq",-0.3395538895811274
FOXA2,CPD,1.489581135792741,2,0.4112821186531545,"Literature_ChIP-seq,ReMap_ChIP-seq",0.6126380854346108
FOXA2,BNIP3,-0.0833436179720249,1,0.4166495172169664,Literature_ChIP-seq,-0.03472507819115946
FOXA2,ARL4D,-2.086519870504311,1,0.4164460416954377,Literature_ChIP-seq,-0.8689229409903975
FOXA2,HMGCR,1.4352450807875676,2,0.4093405231790064,"Literature_ChIP-seq,ReMap_ChIP-seq",0.5875039722596782
FOXA2,TMEM37,0.2500193982940352,2,0.40907984639629036,"Literature_ChIP-seq,ReMap_ChIP-seq",0.10227789705021685
FOXA2,PSAP,-0.15805389331685,2,0.40786814513309344,"Literature_ChIP-seq,ReMap_ChIP-seq",-0.06446514829820744
FOXA2,DHCR24,2.4978683590082893,2,0.40412462909102564,"Literature_ChIP-seq,ReMap_ChIP-seq",1.0094501241024338
FOXA2,NIPAL2,-0.5224198428792842,1,0.4098089515467591,Literature_ChIP-seq,-0.2140923280775821
FOXA2,SECISBP2L,2.180579734697176,1,0.4089441205931227,Literature_ChIP-seq,0.8917352619889213
FOXA2,RASSF4,2.640914466199753,2,0.40098452701587234,"Literature_ChIP-seq,ReMap_ChIP-seq",1.058965838118483
FOXA2,SGCE,0.4292959623064814,1,0.4060707596762081,Literature_ChIP-seq,0.1743245375397217
FOXA2,MFHAS1,0.04826297660229,2,0.39882770443365734,"Literature_ChIP-seq,ReMap_ChIP-seq",0.019248612167426637
FOXA2,SNX25,1.3577212983072555,1,0.403946114108961,Literature_ChIP-seq,0.5484462424941893
FOXA2,NAV2,2.2501835035759905,1,0.4017482609060038,Literature_ChIP-seq,0.9040073092810328
FOXA2,VILL,0.4603128405256667,2,0.3953922960573937,"Literature_ChIP-seq,ReMap_ChIP-seq",0.18200415092014424
FOXA2,ERN1,0.968954775780734,2,0.3952211656307957,"Literature_ChIP-seq,ReMap_ChIP-seq",0.38295143592758796
FOXA2,CDC42EP2,0.2834278597296491,1,0.4002948709362047,Literature_ChIP-seq,0.11345471853020463
FOXA2,SYNE1,-0.0898157598558584,1,0.3987903248314552,Literature_ChIP-seq,-0.03581765604790175
FOXA2,NRSN2,-0.0277526395066067,2,0.39083717573246257,"Literature_ChIP-seq,ReMap_ChIP-seq",-0.010846763243883326
FOXA2,LIMD1,1.9431489623826297,1,0.3966475897121199,Literature_ChIP-seq,0.7707453523806768
FOXA2,PACSIN3,-0.8525000522644481,2,0.3890810916703,"Literature_ChIP-seq,ReMap_ChIP-seq",-0.3316916509840393
FOXA2,S100A16,-0.8279178207826916,1,0.3936064864597769,Literature_ChIP-seq,-0.3258738245157105
FOXA2,ATP12A,1.6724181654067705,1,0.3925900163969826,Literature_ChIP-seq,0.6565746749796556
FOXA2,OSBPL9,1.696197861896736,1,0.3918172235490227,Literature_ChIP-seq,0.6645995368381677
FOXA2,ACSS1,1.297149662071896,1,0.3907040158771778,Literature_ChIP-seq,0.5068015821652139
FOXA2,SBF2,-0.2011179598278676,2,0.38244040558081516,"Literature_ChIP-seq,ReMap_ChIP-seq",-0.07691563412615578
FOXA2,MAP3K20,-1.6799246361486195,2,0.3823005150706432,"Literature_ChIP-seq,ReMap_ChIP-seq",-0.6422360536794801
FOXA2,ERBB2,1.8374325006205323,2,0.3799842798551933,"Literature_ChIP-seq,ReMap_ChIP-seq",0.69819546553082
FOXA2,COG1,0.7499508016291438,2,0.37989589160894155,"Literature_ChIP-seq,ReMap_ChIP-seq",0.2849032284477441
FOXA2,UROS,1.502983253727849,1,0.3844783192503568,Literature_ChIP-seq,0.577864475254716
FOXA2,HS1BP3,1.010673520293058,1,0.3800254662202615,Literature_ChIP-seq,0.3840816757458423
FOXA2,FAM184A,-0.5079567236199863,1,0.3776335575118791,Literature_ChIP-seq,-0.1918215046026938
FOXA2,SPTBN1,0.6967010615170395,1,0.3769749811327898,Literature_ChIP-seq,0.2626388695205806
FOXA2,ST6GAL1,1.237521786095196,1,0.3763366034352558,Literature_ChIP-seq,0.4657247456561972
FOXA2,CBLC,-1.1815333703859556,1,0.375776127705893,Literature_ChIP-seq,-0.44399203467892706
FOXA2,TXN,-0.924259159180588,1,0.3748554570772936,Literature_ChIP-seq,-0.3464635895725144
FOXA2,RIPOR2,1.3052033597337154,1,0.3744473939299066,Literature_ChIP-seq,0.48872999660084815
FOXA2,WWP2,1.637989050360643,1,0.3725560291714314,Literature_ChIP-seq,0.6102426964286448
FOXA2,ERBB4,1.8474899741521291,1,0.3695699157035718,Literature_ChIP-seq,0.6827767140105964
FOXA2,STOM,0.071332975398736,1,0.3669973150391682,Literature_ChIP-seq,0.02617901044509115
FOXA2,RFX2,-0.3622922216218272,1,0.3666976872884116,Literature_ChIP-seq,-0.13285171979130472
FOXA2,RAD51B,1.4615385367593114,1,0.3645925073254092,Literature_ChIP-seq,0.5328659996697871
FOXA2,USP25,0.8671641242301146,2,0.35874237529059916,"Literature_ChIP-seq,ReMap_ChIP-seq",0.31108851769310353
FOXA2,MRTFB,-0.4858105185847362,1,0.3640997388359672,Literature_ChIP-seq,-0.1768834829404682
FOXA2,RGL1,1.8616316430623188,1,0.3625498594027946,Literature_ChIP-seq,0.6749342904520372
FOXA2,VAV3,-1.7500467712936116,1,0.3619971838179941,Literature_ChIP-seq,-0.6335120027580606
FOXA2,HPCAL1,0.9778307988170472,1,0.3617171285351612,Literature_ChIP-seq,0.3536981487413452
FOXA2,LIFR,1.98102540682068,1,0.3612222120639263,Literature_ChIP-seq,0.7155903796066055
FOXA2,ELK4,-0.0983740524047246,1,0.361025089547743,Literature_ChIP-seq,-0.03551550107859006
FOXA2,WWC3,0.5896232353341516,1,0.3608008809472918,Literature_ChIP-seq,0.21273658273555424
FOXA2,FCER1G,0.9151200365253168,1,0.3606967119335166,Literature_ChIP-seq,0.33008078819916137
FOXA2,PMF1,-1.1475089489968466,1,0.36017361010949,Literature_ChIP-seq,-0.4133024407931409
FOXA2,AKIRIN1,-0.3566422159254393,2,0.35426764106284336,"Literature_ChIP-seq,ReMap_ChIP-seq",-0.12634679653933062
FOXA2,FOXN3,0.8981007620627578,1,0.3596383612942439,Literature_ChIP-seq,0.3229914863453619
FOXA2,CAPG,-1.156002109866333,1,0.3592642046808969,Literature_ChIP-seq,-0.4153101786105669
FOXA2,MSMB,1.414903054272792,1,0.3582822909492991,Literature_ChIP-seq,0.5069347077560165
FOXA2,CDK6,-1.1303300871539743,1,0.3556633500428161,Literature_ChIP-seq,-0.40201698545137077
FOXA2,LRBA,1.878839427381464,1,0.3542226818626487,Literature_ChIP-seq,0.6655275407563453
FOXA2,PIGU,-1.243985707660086,2,0.3485272932362528,"Literature_ChIP-seq,ReMap_ChIP-seq",-0.4335629715153543
FOXA2,ZNF608,0.6731171552823865,2,0.34831738617412367,"Literature_ChIP-seq,ReMap_ChIP-seq",0.23445840811692256
FOXA2,ATP9A,1.7436927629547505,2,0.34753213799351623,"Literature_ChIP-seq,ReMap_ChIP-seq",0.6059892739134859
FOXA2,CERS2,-0.4371370722551581,1,0.3517596570581002,Literature_ChIP-seq,-0.15376718662385638
FOXA2,TTC7A,0.7114540106718423,1,0.351648187620166,Literature_ChIP-seq,0.25018151342785155
FOXA2,MYO1E,-0.3070012198416169,2,0.34578360660761265,"Literature_ChIP-seq,ReMap_ChIP-seq",-0.10615598902977086
FOXA2,LRP11,1.4456426912161788,2,0.34530509550964683,"Literature_ChIP-seq,ReMap_ChIP-seq",0.4991877875632255
FOXA2,SUSD6,1.046633341077398,2,0.3450397213335096,"Literature_ChIP-seq,ReMap_ChIP-seq",0.3611300763437055
FOXA2,RNF7,-0.5803325224338485,1,0.3500447627669174,Literature_ChIP-seq,-0.20314236014128328
FOXA2,LRRC27,0.9696915260483646,1,0.349809055896242,Literature_ChIP-seq,0.3392068772375646
FOXA2,KIAA1958,1.8386795467489212,1,0.3481833197459355,Literature_ChIP-seq,0.6401975485359914
FOXA2,ACSL1,1.7394955496345998,1,0.3477489600835315,Literature_ChIP-seq,0.6049077684553632
FOXA2,ATXN1,-0.1461727393154997,2,0.3423486299204202,"Literature_ChIP-seq,ReMap_ChIP-seq",-0.050042037036376066
FOXA2,SPATA13,1.5517728582137524,1,0.3475518093011644,Literature_ChIP-seq,0.539321464496629
FOXA2,RBPMS,0.8485325028072717,1,0.3468942250325943,Literature_ChIP-seq,0.29435102497629617
FOXA2,CELF2,2.117995239782538,1,0.3430950908358019,Literature_ChIP-seq,0.7266737691829859
FOXA2,ITGA6,-1.7405419807088065,1,0.3424111603747005,Literature_ChIP-seq,-0.595980999295382
FOXA2,EFCAB2,-0.1821191693556738,1,0.3419182253286669,Literature_ChIP-seq,-0.062269863184422916
FOXA2,FARP1,2.472612377324293,1,0.3417401581589425,Literature_ChIP-seq,0.8449909448925627
FOXA2,NEDD9,-0.6011708032943229,1,0.3407946637002613,Literature_ChIP-seq,-0.20487580173510472
FOXA2,ARL15,-0.1550233111471473,2,0.33485124152457846,"Literature_ChIP-seq,ReMap_ChIP-seq",-0.05190974820287329
FOXA2,ALG14,0.8604757019997449,1,0.3397021893257124,Literature_ChIP-seq,0.2923054798308926
FOXA2,RPA3,-0.8769318480829511,2,0.3343921263155424,"Literature_ChIP-seq,ReMap_ChIP-seq",-0.2932391053142762
FOXA2,ALDH5A1,0.1069395565033089,1,0.3395348725436368,Literature_ChIP-seq,0.03630970868722403
FOXA2,UVRAG,0.5069090298952422,1,0.3390564413675664,Literature_ChIP-seq,0.17187077177336615
FOXA2,KCNE3,0.9175730285440852,1,0.3389335316086507,Literature_ChIP-seq,0.31099626707329203
FOXA2,PLEKHB1,1.9022164957820151,1,0.3385456015411923,Literature_ChIP-seq,0.6439870278261012
FOXA2,TNFRSF19,0.8888330920466271,1,0.3369985784672142,Literature_ChIP-seq,0.29953548851433187
FOXA2,PELI2,0.8272691594208407,1,0.3365548112944316,Literature_ChIP-seq,0.2784214158385841
FOXA2,CNKSR3,0.858476672106892,1,0.3360010061084081,Literature_ChIP-seq,0.2884490255485137
FOXA2,LYPD6B,0.7067163526604547,1,0.335758754383171,Literature_ChIP-seq,0.23728620227149208
FOXA2,PHACTR2,2.011419922016727,1,0.3357376270155831,Literature_ChIP-seq,0.6753093515497651
FOXA2,TBC1D8,0.1036976661367583,1,0.3340724177981253,Literature_ChIP-seq,0.03464253004632963
FOXA2,CRY2,1.184779269051933,1,0.3338900114676453,Literature_ChIP-seq,0.3955859637303783
FOXA2,ARHGAP18,-0.6981694988287795,2,0.32824135270343985,"Literature_ChIP-seq,ReMap_ChIP-seq",-0.22916810071184127
FOXA2,EYA2,-1.7564722310089138,1,0.3328938271804934,Literature_ChIP-seq,-0.5847187633168169
FOXA2,FMNL2,-0.3527184919433329,1,0.3323810536124685,Literature_ChIP-seq,-0.11723694398072597
FOXA2,EDARADD,-1.4495823835342494,1,0.3319413946951721,Literature_ChIP-seq,-0.4811763981159106
FOXA2,DUSP16,2.20087883474294,2,0.32653334458065564,"Literature_ChIP-seq,ReMap_ChIP-seq",0.7186603269253883
FOXA2,SLC35C1,1.6327270651891057,1,0.3307793145453699,Literature_ChIP-seq,0.5400723394629259
FOXA2,INPP4A,1.3215698226653352,1,0.3306087938120802,Literature_ChIP-seq,0.4369226050098312
FOXA2,CSRP1,-0.5909938000756666,2,0.32351412951885583,"Literature_ChIP-seq,ReMap_ChIP-seq",-0.19119484478252
FOXA2,SH3PXD2B,1.1053821650579123,1,0.3281514260949289,Literature_ChIP-seq,0.362732733843654
FOXA2,FCHSD2,1.036334889173634,2,0.3214133507268414,"Literature_ChIP-seq,ReMap_ChIP-seq",0.3330918692044275
FOXA2,ST7,1.4301039586991369,1,0.3259953125584705,Literature_ChIP-seq,0.46620718700723107
FOXA2,AGBL5,0.8070111093995914,1,0.3251125148251103,Literature_ChIP-seq,0.26236941126870333
FOXA2,THADA,0.1765028071712267,1,0.3247354981257556,Literature_ChIP-seq,0.05731672700734249
FOXA2,HNRNPUL1,-0.504292224808591,1,0.3244286214453138,Literature_ChIP-seq,-0.16360683130024148
FOXA2,FNIP2,1.8047933333094452,1,0.3239666549957718,Literature_ChIP-seq,0.58469285915093
FOXA2,EPN3,-0.0252186394018849,1,0.3234635979379138,Literature_ChIP-seq,-0.008157311836032528
FOXA2,VPS13A,0.8854199449605739,1,0.3228500733736743,Literature_ChIP-seq,0.2858578941970359
FOXA2,AFAP1,0.0928219457661626,1,0.3224273028482666,Literature_ChIP-seq,0.029928329618511884
FOXA2,ARHGEF26,-1.3171708859817697,1,0.3214497446334934,Literature_ChIP-seq,-0.4234042449375121
FOXA2,PPP4R1,-0.8288914665465795,1,0.3209135001895681,Literature_ChIP-seq,-0.26600246180672715
FOXA2,ACADSB,1.625780654187737,1,0.3197718306683599,Literature_ChIP-seq,0.5198788560548164
FOXA2,ITGA3,-0.942414029108324,1,0.3196035756380061,Literature_ChIP-seq,-0.30119889343444034
FOXA2,RPRD1B,1.0257554072332131,1,0.3194034932004508,Literature_ChIP-seq,0.3276298602395392
FOXA2,SORT1,2.2991314945520847,1,0.3184574442081006,Literature_ChIP-seq,0.7321755396534075
FOXA2,IGFBP7,-2.1447779907234565,1,0.3183121239605827,Literature_ChIP-seq,-0.6827088376510945
FOXA2,HAPLN3,-0.2788760912723452,1,0.3174320509093313,Literature_ChIP-seq,-0.0885242096021584
FOXA2,PCIF1,-0.3539440696164239,1,0.3166265417131048,Literature_ChIP-seq,-0.1120680867225107
FOXA2,CAPN2,1.2902372253133545,2,0.3113285001714146,"Literature_ChIP-seq,ReMap_ChIP-seq",0.4016876202221342
FOXA2,ARHGAP26,1.3525301271646273,1,0.3160660951944536,Literature_ChIP-seq,0.42748891592578153
FOXA2,SYTL3,0.887808062067358,1,0.3155180261260087,Literature_ChIP-seq,0.2801194473222498
FOXA2,ERGIC3,0.5356635654116557,1,0.3150356879173242,Literature_ChIP-seq,0.16875313982170756
FOXA2,LPP,1.0582526256353797,1,0.3139717453687566,Literature_ChIP-seq,0.3322614239118095
FOXA2,CORO1C,-1.7511126690620682,1,0.3137727316702455,Literature_ChIP-seq,-0.5494514056339798
FOXA2,ADAMTSL3,-0.9039757347773224,1,0.313622305985805,Literature_ChIP-seq,-0.2835069544960763
FOXA2,PRDM16,0.6164151168509785,1,0.3131092041402085,Literature_ChIP-seq,0.1930052466572035
FOXA2,PTK2B,-0.3000082308288761,2,0.3079959543409806,"Literature_ChIP-seq,ReMap_ChIP-seq",-0.0924013213642889
FOXA2,RBKS,0.4483128569143661,1,0.3126822074015563,Literature_ChIP-seq,0.14017945370648205
FOXA2,PXN,-0.3902236797349964,1,0.3122861137018076,Literature_ChIP-seq,-0.12186143641886082
FOXA2,PLXNB2,1.8695049521122655,1,0.3116884842478292,Literature_ChIP-seq,0.5827031648176826
FOXA2,DCAF8,0.688505371465528,1,0.3116131901262117,Literature_ChIP-seq,0.21454735522140558
FOXA2,SAMHD1,1.7943289507378912,1,0.3112578906034187,Literature_ChIP-seq,0.5584990442553216
FOXA2,PLCXD2,-1.3800538977057677,1,0.3111206016938224,Literature_ChIP-seq,-0.42936319902412323
FOXA2,BCL9,0.3728865412740293,1,0.3106113722745156,Literature_ChIP-seq,0.11582280028782403
FOXA2,ACER3,-0.2889457724921067,1,0.3102364801094613,Literature_ChIP-seq,-0.08964151940046039
FOXA2,RRAGA,-0.8618103009745529,1,0.3098824992537969,Literature_ChIP-seq,-0.2670599299486614
FOXA2,CREB3L2,2.724963059823603,2,0.3046921299510081,"Literature_ChIP-seq,ReMap_ChIP-seq",0.8302747987354699
FOXA2,ROBO1,-1.0728784023772218,1,0.3093627991667223,Literature_ChIP-seq,-0.3319086657249384
FOXA2,CLEC16A,1.030051650147688,1,0.3090458965176625,Literature_ChIP-seq,0.31833323567938987
FOXA2,SRPK1,-0.7305670602621331,1,0.3090345502809045,Literature_ChIP-seq,-0.22577046291815075
FOXA2,YBX1,-1.4199336111095564,1,0.3087983508546016,Literature_ChIP-seq,-0.43847315743365023
FOXA2,TRIM7,-1.4615385367593114,1,0.4757750531642004,ReMap_ChIP-seq,-0.695363575028189
FOXA2,WWC1,2.094712011509307,1,0.4442685082034137,ReMap_ChIP-seq,0.9306145804690118
FOXA2,SPTSSB,0.0302868178281903,1,0.4245215773306593,ReMap_ChIP-seq,0.01285740767674968
FOXA2,DDAH1,2.8095581618369456,1,0.4192687159882712,ReMap_ChIP-seq,1.1779598430077436
FOXA2,SLC29A1,1.0973576672207237,1,0.4174161403200324,ReMap_ChIP-seq,0.458054802001869
FOXA2,GLRX,1.1212165842196176,1,0.4123168950714309,ReMap_ChIP-seq,0.46229654070802817
FOXA2,SNHG10,0.6050377992380288,1,0.4023015451266942,ReMap_ChIP-seq,0.2434076414935136
FOXA2,RHOF,0.9313421228518668,1,0.3919988247578985,ReMap_ChIP-seq,0.3650850176054581
FOXA2,SH3RF2,-1.6129636211163725,1,0.3913225092551291,ReMap_ChIP-seq,-0.6311889715524983
FOXA2,CAMK2D,2.3848144955890365,1,0.3864459415284635,ReMap_ChIP-seq,0.921601883118633
FOXA2,RAB11B,0.7176965371321248,1,0.3769355797891418,ReMap_ChIP-seq,0.2705253603365568
FOXA2,COBL,1.4867934897003503,1,0.3732950606260036,ReMap_ChIP-seq,0.5550126658760397
FOXA2,MAGI1,1.0675705238781414,1,0.3683402323923867,ReMap_ChIP-seq,0.39322917486053666
FOXA2,DBP,-1.1147635303294063,1,0.3660697117863147,ReMap_ChIP-seq,-0.40808116425758045
FOXA2,FAM13A,1.464897033105433,1,0.3655163777688039,ReMap_ChIP-seq,0.5354438573449655
FOXA2,GSE1,0.9253186435968316,1,0.363602425585975,ReMap_ChIP-seq,0.3364481032517323
FOXA2,PER1,0.4746979255624567,1,0.362017365296088,ReMap_ChIP-seq,0.1718488923236391
FOXA2,SIPA1L3,1.159603239967645,1,0.3437893853635269,ReMap_ChIP-seq,0.39865928513403104
FOXA2,KRT15,-3.5624012304165564,1,0.330565607526084,ReMap_ChIP-seq,-1.1776073269843181
FOXA2,TMEM107,-0.5116280562999959,1,0.3289893733411439,ReMap_ChIP-seq,-0.16832019362588313
FOXA2,RARA-AS1,-1.029660297220328,1,0.3263827013209487,ReMap_ChIP-seq,-0.33606330924970157
FOXA2,PLA2G6,-0.2197177873595117,1,0.3189791011528175,ReMap_ChIP-seq,-0.07008538231922293
FOXA2,MRFAP1L1,0.3309896892980577,1,0.3189748031360118,ReMap_ChIP-seq,0.10557737098389768
FOXA2,LRMDA,0.7899071531653399,1,0.3176173794400546,ReMap_ChIP-seq,0.2508882399893291
FOXA2,DIDO1,0.5838788978463361,1,0.3136243606738497,ReMap_ChIP-seq,0.18311864604800915
FOXA2,EGOT,-0.2131170766170201,1,0.3125634895715198,ReMap_ChIP-seq,-0.06661261715469674
FOXA2,SRSF10,-0.240289737889309,1,0.3112359793677402,ReMap_ChIP-seq,-0.07478681190399668
FOXA2,SYS1,0.4659526049298645,1,0.310372506626702,ReMap_ChIP-seq,0.14461887796132344
FOXA2,IL6ST,0.1715930592935431,1,0.3099502292689955,ReMap_ChIP-seq,0.05318530806900203
FOXA2,BMI1,-0.119222905937883,1,0.3060897608661763,ReMap_ChIP-seq,-0.036492910768297235
FOXA2,BCL9L,0.4318224466844454,1,0.2993664842456057,ReMap_ChIP-seq,0.12927316768225794
FOXA2,AFF1,1.211208927178247,1,0.2983290224139295,ReMap_ChIP-seq,0.3613387751841107
FOXA2,COMMD3,-0.633773338583679,1,0.2977320120526732,ReMap_ChIP-seq,-0.18869461128185885
FOXA2,B4GALT5,1.184314805097061,1,0.2915801507431061,ReMap_ChIP-seq,0.34532268939749344
FOXA2,NFYA,0.4700635703475498,1,0.289376996806806,ReMap_ChIP-seq,0.13602558429545875
FOXA2,JUP,-0.926732907350043,1,0.2888811154069387,ReMap_ChIP-seq,-0.26771563595959563
FOXA2,RANBP3,-0.9116252830957902,1,0.2867870936643537,ReMap_ChIP-seq,-0.26144236544998534
FOXA2,RASSF10,-2.4352168794634896,1,0.2808705890430208,ReMap_ChIP-seq,-0.6839807993824173
FOXA2,LINC01836,-0.1305951945956376,1,0.2779439049830071,ReMap_ChIP-seq,-0.036298138357927216
FOXA2,STAT6,-0.5735329777773591,1,0.2774131681165657,ReMap_ChIP-seq,-0.15910560038454505
FOXA2,MEGF9,1.041074300960283,1,0.2767062350072213,ReMap_ChIP-seq,0.2880717501814947
FOXA2,UGP2,0.3709123691702192,1,0.2764207314233305,ReMap_ChIP-seq,0.10252786837999238
FOXA2,ATP13A3,-0.0342036636747047,1,0.2734419895967164,ReMap_ChIP-seq,-0.009352717846708188
FOXA2,MAP4K4,0.2483565858314296,1,0.2712605164238802,ReMap_ChIP-seq,0.06736933572990533
FOXA2,ELL2,1.2860138797150609,1,0.2710137905040731,ReMap_ChIP-seq,0.3485274961824278
FOXA2,CHD3,0.3837707498472451,1,0.2661966912831804,ReMap_ChIP-seq,0.10215850382060175
FOXA2,ATF7IP2,0.6161366758726996,1,0.2652748561792813,ReMap_ChIP-seq,0.16344556807891086
FOXA2,LRP5,0.9391877463655374,1,0.2641800297500694,ReMap_ChIP-seq,0.24811464677574827
FOXA2,ITPRID2,1.128586951766788,1,0.2632146399013294,ReMap_ChIP-seq,0.29706060810663404
FOXA2,DCAF6,1.2174666072950968,1,0.2631470338721288,ReMap_ChIP-seq,0.32037272654806853
FOXA2,PSMA1,-0.7542285634964899,1,0.2612419595973833,ReMap_ChIP-seq,-0.19703614791214244
FOXA2,TRIM41,0.2562016548068714,1,0.2596019376643014,ReMap_ChIP-seq,0.06651044602066429
FOXA2,SPOPL,0.9481739981152794,1,0.2593582717949791,ReMap_ChIP-seq,0.24591676951211464
FOXA2,DUSP5,0.7530049402507445,1,0.2592275310287457,ReMap_ChIP-seq,0.19519961151364865
FOXA2,LSM4,-0.5702786103959101,1,0.259065951670029,ReMap_ChIP-seq,-0.14773977091927815
FOXA2,PUM2,0.2412379574969809,1,0.2560683140694238,ReMap_ChIP-seq,0.06177339706580322
FOXA2,ARID1A,0.5964872135303974,1,0.255553497929024,ReMap_ChIP-seq,0.1524343938876297
FOXA2,JAK1,0.6340548665145379,1,0.2520571072386636,ReMap_ChIP-seq,0.15981803548425141
FOXA2,ARAP1,-0.8240310581786567,1,0.2508955028547475,ReMap_ChIP-seq,-0.20674568670966376
FOXA2,FAT1,-1.132076663857065,1,0.2507431880041122,ReMap_ChIP-seq,-0.2838605117605802
FOXA2,RTN2,-0.271700794905619,1,0.2506637017331594,ReMap_ChIP-seq,-0.06810552701488438
FOXA2,CHPT1,1.4555344517341648,1,0.2505750230991663,ReMap_ChIP-seq,0.3647205788649207
FOXA2,ZNF516,0.1536250626714045,1,0.2492543400231913,ReMap_ChIP-seq,0.03829171360718233
FOXA2,PGAP3,1.7059841840183605,1,0.2487800364353455,ReMap_ChIP-seq,0.42441480745821086
FOXA2,DENND4A,0.1087925678399663,1,0.2478929453171854,ReMap_ChIP-seq,0.02696891007046895
FOXA2,MCU,0.6584586574555112,1,0.2478056933727886,ReMap_ChIP-seq,0.16316980416807847
FOXA2,FEM1B,0.8574784426549922,1,0.2454546361327616,ReMap_ChIP-seq,0.2104720591335682
FOXA2,PCM1,0.3033823038171996,1,0.2452309879612453,ReMap_ChIP-seq,0.07439874209505054
FOXA2,TMEM123,-1.2316006436005842,1,0.2451360741508233,ReMap_ChIP-seq,-0.3019097466938745
FOXA2,TMEM245,1.1533110688145278,1,0.2450734001000079,ReMap_ChIP-seq,0.2826458650073505
FOXA2,ERO1A,1.3422557323153863,1,0.2448888312696182,ReMap_ChIP-seq,0.3287034375516604
FOXA2,PDZD8,0.3195783203588516,1,0.2447898458947505,ReMap_ChIP-seq,0.07822952779194649
FOXA2,SERPINB6,1.5563951915377128,1,0.2437742999881011,ReMap_ChIP-seq,0.37940914832195244
FOXA2,ZNRF3,-0.2623937190531125,1,0.2423764520370889,ReMap_ChIP-seq,-0.0635980586609101
FOXA2,SPINT1,1.524711028713685,1,0.2419984249248645,ReMap_ChIP-seq,0.3689776674142816
FOXA2,NUDT9,0.3974404126256414,1,0.2416129117093883,ReMap_ChIP-seq,0.09602673532546195
FOXA2,DPM3,1.4662450697352072,1,0.2397136809163958,ReMap_ChIP-seq,0.351479002791744
FOXA2,SCARB2,1.3416890759437512,1,0.2384452781222259,ReMap_ChIP-seq,0.31991942486696
FOXA2,RFX3,0.2588201618173255,1,0.2378071619249942,ReMap_ChIP-seq,0.06154928813074592
FOXA2,SERP2,-0.7830048677433286,1,0.2362968369297663,ReMap_ChIP-seq,-0.18502157354835855
FOXA2,VDAC1,-0.1800123697927051,1,0.2356685121007544,ReMap_ChIP-seq,-0.0424232473487776
FOXA2,CKAP4,1.0347602493286874,1,0.2347936429662863,ReMap_ChIP-seq,0.2429551285365852
FOXA2,ARID5B,-1.065943370041072,1,0.2342668657569703,ReMap_ChIP-seq,-0.24971521237394437
FOXA2,PDGFC,-0.0001151414000996,1,0.2301808951735393,ReMap_ChIP-seq,-2.6503350546460576e-05
FOXA2,MLXIP,1.1641259088392175,1,0.2299607630628074,ReMap_ChIP-seq,0.2677032822978506
FOXA2,PON2,1.2208559630971385,1,0.2297080494414757,ReMap_ChIP-seq,0.28044044193203793
FOXA2,ZNF22,-1.0518244259554477,1,0.2291182352787115,ReMap_ChIP-seq,-0.24099215629795592
FOXA2,S100A10,-1.380650943911461,1,0.2287504880508905,ReMap_ChIP-seq,-0.3158245772476693
FOXA2,HOXB2,0.6348997520455588,1,0.2257318488385561,ReMap_ChIP-seq,0.14331709485638483
FOXA2,ELP3,-0.2225495797341219,1,0.2254474260810405,ReMap_ChIP-seq,-0.05017322992647507
FOXA2,EHF,0.6086366993001127,1,0.2243731890656356,ReMap_ChIP-seq,0.1365617572043486
FOXA2,IRF2BPL,-0.52850043663797,1,0.2237830574525437,ReMap_ChIP-seq,-0.11826944357584927
FOXA2,CALCOCO2,-0.2927895058235412,1,0.2234662670510086,ReMap_ChIP-seq,-0.0654285778980963
FOXA2,SH3BGRL2,2.65628074593458,1,0.2228075366427112,ReMap_ChIP-seq,0.5918393696331472
FOXA2,RUFY3,-0.018538827249442,1,0.2228039459529686,ReMap_ChIP-seq,-0.004130523864516096
FOXA2,REPIN1,-0.3026589986747706,1,0.2226786744846311,ReMap_ChIP-seq,-0.06739570464574364
FOXA2,PRUNE1,0.6946477691772114,1,0.2226472186480817,ReMap_ChIP-seq,0.1546613937474008
FOXA2,MGAT5,0.4194686257230688,1,0.2226436650013036,ReMap_ChIP-seq,0.09339203218404413
FOXA2,AGFG1,0.5836058394451611,1,0.2210971409728515,ReMap_ChIP-seq,0.1290335825563861
FOXA2,PLEKHG2,0.4313169297670174,1,0.2198573423442283,ReMap_ChIP-seq,0.09482819388664862
FOXA2,NT5DC3,-1.276074285962899,1,0.2198103132060251,ReMap_ChIP-seq,-0.2804942884716597
FOXA2,SMPDL3A,-0.7848835989236723,1,0.2192396529855203,ReMap_ChIP-seq,-0.17207760786205223
FOXA2,TIPARP-AS1,0.9939294106631616,1,0.2185049222126344,ReMap_ChIP-seq,0.2171784685618037
FOXA2,TTC6,0.1645862721175713,1,0.2181704442763857,ReMap_ChIP-seq,0.03590786010968464
FOXA2,UBC,-0.5975880542740535,1,0.2144567182892212,ReMap_ChIP-seq,-0.12815677300845452
FOXA2,DDI2,1.1303300871539743,1,0.2126925711506027,ReMap_ChIP-seq,0.24041281248566362
FOXA2,PRDX1,-1.292888546028923,1,0.2093069042524853,ReMap_ChIP-seq,-0.2706104991128107
FOXA2,HNRNPM,-1.6301129380156931,1,0.2076898904875714,ReMap_ChIP-seq,-0.33855797757885253
FOXA2,SEC31A,2.258956646766514,1,0.2071383924154319,ReMap_ChIP-seq,0.46791664834737035
FOXA2,PLEKHG3,-1.8118809502283528,1,0.2065269019320721,ReMap_ChIP-seq,-0.37420215932040063
FOXA2,VAMP8,1.9401156144770857,1,0.2060240554966884,ReMap_ChIP-seq,0.39971048702701883
FOXA2,VAMP2,0.0028785389713822,1,0.2049632947741298,ReMap_ChIP-seq,0.0005899948317102302
FOXA2,FYB2,1.725041567860966,1,0.2039603197176382,ReMap_ChIP-seq,0.3518400297071385
FOXA2,HOTAIRM1,-0.4204746793011903,1,0.2008030908204758,ReMap_ChIP-seq,-0.08443261521542735
FOXA2,RDX,-1.7169413189501912,1,0.2007080902959933,ReMap_ChIP-seq,-0.3446040132767768
FOXA2,PKM,-1.6668495380009305,1,0.1999442874666293,ReMap_ChIP-seq,-0.33327704318967627
FOXA2,PYGO2,-0.471607229038102,1,0.1998238875275535,ReMap_ChIP-seq,-0.09423838989249085
FOXA2,CXADR,0.8902012532023004,1,0.1994184902755216,ReMap_ChIP-seq,0.17752258995498008
FOXA2,NR2F2-AS1,0.0222241194925869,1,0.199029382148654,ReMap_ChIP-seq,0.004423252771407428
FOXA2,MED13L,1.0518244259554477,1,0.1984412885188256,ReMap_ChIP-seq,0.20872539438217308
FOXA2,ARID1B,0.8363823735983776,1,0.1978453821823703,ReMap_ChIP-seq,0.16547439035516903
FOXA2,GNA12,0.4026792530023796,1,0.1973991380872,ReMap_ChIP-seq,0.07948853746826728
FOXA2,PNKD,0.4672364326567327,1,0.1970079618087525,ReMap_ChIP-seq,0.09204929728049535
FOXA2,TNRC18,0.6141889241959363,1,0.1969890983198542,ReMap_ChIP-seq,0.12098852237539877
FOXA2,KANK1,-1.4211968800517187,1,0.1964377881161935,ReMap_ChIP-seq,-0.2791767715949948
FOXA2,GID8,-0.6800654457509918,1,0.1961920873217374,ReMap_ChIP-seq,-0.13342345931727487
FOXA2,TRAF4,1.3456647578638343,1,0.1944381160887678,ReMap_ChIP-seq,0.2616485204060918
FOXA2,MPC2,1.4199336111095564,1,0.1935388342277962,ReMap_ChIP-seq,0.2748122957750085
FOXA2,PAGR1,0.2585820426503706,1,0.1933037869999286,ReMap_ChIP-seq,0.04998488809449369
FOXA2,SPHK2,0.454687679478405,1,0.1928757699539162,ReMap_ChIP-seq,0.08769823626795682
FOXA2,SYNJ2,0.473667190930186,1,0.1925035486459804,ReMap_ChIP-seq,0.09118261513123395
FOXA2,MGME1,-1.6742859505479029,1,0.1914868785042694,ReMap_ChIP-seq,-0.32060379039397147
FOXA2,TCP11L2,0.148267867010157,1,0.1914227211586864,ReMap_ChIP-seq,0.028381838563478482
FOXA2,IFI35,0.1009197714234442,1,0.1907535540793577,ReMap_ChIP-seq,0.01925080507589838
FOXA2,CARHSP1,0.9105790264412784,1,0.1906512772335677,ReMap_ChIP-seq,0.17360305441312834
FOXA2,TPM1,-1.0614831818117676,1,0.1905827415508164,ReMap_ChIP-seq,-0.20230037489977035
FOXA2,PPP6R3,0.9711666079163096,1,0.1898728540327712,ReMap_ChIP-seq,0.184398175586395
FOXA2,SHB,0.2810314661236619,1,0.1891316314569682,ReMap_ChIP-seq,0.053151939678711874
FOXA2,SMIM19,0.2183025530395631,1,0.1887039273930003,ReMap_ChIP-seq,0.04119454911848431
FOXA2,ESYT1,-1.2886507766493052,1,0.1884753208346401,ReMap_ChIP-seq,-0.24287886857278596
FOXA2,DEPP1,1.721990723733598,1,0.1883361340366107,ReMap_ChIP-seq,0.3243130757548912
FOXA2,CLMN,0.6470601454890624,1,0.1875145110575658,ReMap_ChIP-seq,0.12133316680621893
CREB3L4,MLPH,2.3968538481428583,3,0.8287350718520067,"ARCHS4_Coexpression,Enrichr_Queries,GTEx_Coexpression",1.9863568460594303
CREB3L4,AGR2,1.5261853474156784,2,0.819545956327173,"ARCHS4_Coexpression,Enrichr_Queries",1.2507790300803008
CREB3L4,SMIM14,2.422029828840589,2,0.8165216901127729,"ARCHS4_Coexpression,Enrichr_Queries",1.9776398893484677
CREB3L4,TFF3,1.834946946157213,2,0.7893170158992072,"ARCHS4_Coexpression,Enrichr_Queries",1.4483548478741746
CREB3L4,TM7SF2,2.4009453379132184,2,0.762768239712177,"ARCHS4_Coexpression,Enrichr_Queries",1.8313648490452237
CREB3L4,ICA1,2.572193131927818,2,0.7561259525003942,"ARCHS4_Coexpression,Enrichr_Queries",1.9449019818938933
CREB3L4,TTC39A,2.168334953392346,2,0.6955514166068089,"ARCHS4_Coexpression,Enrichr_Queries",1.5081884485101051
CREB3L4,XBP1,2.7978314902808212,2,0.6592104487862319,"ARCHS4_Coexpression,GTEx_Coexpression",1.8443597523362723
CREB3L4,LRRC26,2.6642054390291388,2,0.6505140022746347,"ARCHS4_Coexpression,GTEx_Coexpression",1.7331029430246954
CREB3L4,TMC4,1.7773129375701582,3,0.6442208076941104,"ARCHS4_Coexpression,Enrichr_Queries,GTEx_Coexpression",1.1449819761666393
CREB3L4,SELENBP1,2.6334592325615516,2,0.6188823253555505,"ARCHS4_Coexpression,Enrichr_Queries",1.6298013735767367
CREB3L4,CYB561,2.329287846792842,2,0.6006132326248227,"ARCHS4_Coexpression,GTEx_Coexpression",1.3990011033759615
CREB3L4,TRPM4,1.994307027655388,2,0.5702857354027172,"ARCHS4_Coexpression,GTEx_Coexpression",1.13732484988526
CREB3L4,AP1M2,1.8036208378917216,2,0.5656585331939559,"ARCHS4_Coexpression,GTEx_Coexpression",1.020233517599885
CREB3L4,ARFIP2,1.4371828166575418,2,0.5586577136722365,"ARCHS4_Coexpression,GTEx_Coexpression",0.8028932664829274
CREB3L4,CORO1B,0.31885136179246,2,0.5562619020522985,"ARCHS4_Coexpression,GTEx_Coexpression",0.17736486498263937
CREB3L4,GPR160,3.1462736911208387,2,0.547603785679071,"ARCHS4_Coexpression,Enrichr_Queries",1.7229113840402352
CREB3L4,CANT1,1.74580294067812,2,0.542766689148507,"ARCHS4_Coexpression,GTEx_Coexpression",0.9475636820175906
CREB3L4,ARHGEF38,2.7443335228290096,2,0.5423911253064665,"ARCHS4_Coexpression,GTEx_Coexpression",1.4885021476634859
CREB3L4,CRACR2B,3.2629898856619945,2,0.5368486990239494,"ARCHS4_Coexpression,GTEx_Coexpression",1.7517318750459472
CREB3L4,GALNT6,1.65586482606262,2,0.5335690214976284,"ARCHS4_Coexpression,GTEx_Coexpression",0.8835181749745729
CREB3L4,PRR15L,2.3617241847802113,2,0.5301166016242389,"ARCHS4_Coexpression,Enrichr_Queries",1.2519891988094616
CREB3L4,TSPAN13,1.909294110134519,2,0.529836621309595,"ARCHS4_Coexpression,Enrichr_Queries",1.0116139403999833
CREB3L4,ARRDC1,1.673351328266332,2,0.5260082625354676,"ARCHS4_Coexpression,GTEx_Coexpression",0.8801966247927901
CREB3L4,CLDN3,2.302380307909411,2,0.5161917468830997,"ARCHS4_Coexpression,Enrichr_Queries",1.1884697131290078
CREB3L4,MYO5C,1.9745135275566263,2,0.5118230202262836,"ARCHS4_Coexpression,Enrichr_Queries",1.0106014771516856
CREB3L4,IL17RC,1.2828613600135217,2,0.4875159105167639,"ARCHS4_Coexpression,GTEx_Coexpression",0.6254153239937661
CREB3L4,STARD10,2.088554794187629,2,0.4735666081879419,"ARCHS4_Coexpression,Enrichr_Queries",0.9890698098981004
CREB3L4,HMG20B,0.2872654839633822,2,0.4701361791788673,"ARCHS4_Coexpression,GTEx_Coexpression",0.13505389704051268
CREB3L4,HID1,3.037106788760536,2,0.4355951827738627,"ARCHS4_Coexpression,Enrichr_Queries",1.322949086753885
CREB3L4,SPINT2,1.332680558488414,1,0.4293310533507671,ARCHS4_Coexpression,0.5721611479559194
CREB3L4,ZNF552,1.8361883053975,2,0.4269484501262213,"ARCHS4_Coexpression,GTEx_Coexpression",0.7839577511293554
CREB3L4,ERGIC1,1.9193663370561769,2,0.4098951014363096,"ARCHS4_Coexpression,GTEx_Coexpression",0.7867388594210796
CREB3L4,AZGP1,2.5192862386173536,2,0.4063500485044134,"ARCHS4_Coexpression,GTEx_Coexpression",1.0237120852586628
CREB3L4,RPL8,-0.3937050592549817,2,0.3853002976128481,"ARCHS4_Coexpression,GTEx_Coexpression",-0.15169467650262847
CREB3L4,BCAM,-1.7863237508190242,1,0.3735967480889965,ARCHS4_Coexpression,-0.6673647443401264
CREB3L4,MUC1,2.4677455615697816,2,0.3681371751946459,"ARCHS4_Coexpression,Enrichr_Queries",0.9084688801354245
CREB3L4,TMPRSS2,2.1289696030254452,3,0.36673796181495993,"ARCHS4_Coexpression,Enrichr_Queries,GTEx_Coexpression",0.7807739729795562
CREB3L4,RPS7,-0.9726438059461822,1,0.3597979669421038,ARCHS4_Coexpression,-0.3499552639382665
CREB3L4,ERBB3,2.689038075290809,2,0.3593388108721713,"ARCHS4_Coexpression,Enrichr_Queries",0.9662757443649915
CREB3L4,TJP3,1.7728611202314402,1,0.3447184398358474,ARCHS4_Coexpression,0.6111379194118147
CREB3L4,ABHD11,0.7206790125659639,2,0.3437674075141796,"ARCHS4_Coexpression,GTEx_Coexpression",0.24774595579968028
CREB3L4,ATP2C2,0.76683657685631,1,0.3322759686238185,ARCHS4_Coexpression,0.2548013663511036
CREB3L4,BICDL2,2.1517203741065165,1,0.3315418178036264,ARCHS4_Coexpression,0.7133852842363736
CREB3L4,SMIM22,2.365485860339532,1,0.3304994621579763,ARCHS4_Coexpression,0.7817918045845133
CREB3L4,DEGS2,1.0990411557550903,1,0.3288032921046391,ARCHS4_Coexpression,0.36136835017076113
CREB3L4,RPL37,-0.1629525297664608,1,0.3282900837462663,ARCHS4_Coexpression,-0.05349569964369737
CREB3L4,AR,0.4605688747210659,2,0.3246879428654908,"ARCHS4_Coexpression,GTEx_Coexpression",0.14954116048105684
CREB3L4,TMEM141,0.7402241649270866,2,0.3212912366467227,"ARCHS4_Coexpression,GTEx_Coexpression",0.2378275373452113
CREB3L4,APEX1,-1.467595776108535,1,0.3180119722635772,ARCHS4_Coexpression,-0.46671302724597047
CREB3L4,TMEM184A,1.82878217568334,1,0.3179978821508875,ARCHS4_Coexpression,0.5815488587825943
CREB3L4,RPL22L1,-0.92567203595299,1,0.3134356500518611,ARCHS4_Coexpression,-0.29013861632375515
CREB3L4,DKK3,-2.656280745934583,1,0.3105654110506508,ARCHS4_Coexpression,-0.8249489217271031
CREB3L4,FOLH1,0.7341804466777951,2,0.3096669696934,"ARCHS4_Coexpression,GTEx_Coexpression",0.22735143413085968
CREB3L4,PIP,2.0202021308647464,1,0.3095790213099443,ARCHS4_Coexpression,0.6254121985213722
CREB3L4,RPL12,-0.5492696750773279,1,0.308790068328806,ARCHS4_Coexpression,-0.16960902049806917
CREB3L4,IGSF3,-1.821475018386336,1,0.3027908148881875,ARCHS4_Coexpression,-0.551525905115675
CREB3L4,RPS3,-0.7242664680590326,1,0.3015766902228622,ARCHS4_Coexpression,-0.2184218842766454
CREB3L4,IDH2,0.9782023052966734,1,0.3009983733031827,ARCHS4_Coexpression,0.294437302655722
CREB3L4,RPL35,-0.7780083697872477,1,0.2997274612701144,ARCHS4_Coexpression,-0.23319047352323213
CREB3L4,PAK4,0.7308678110891372,2,0.2995328682104002,"ARCHS4_Coexpression,GTEx_Coexpression",0.21891893173818622
CREB3L4,SLC50A1,1.4703052504624154,1,0.2913818425725016,ARCHS4_Coexpression,0.4284202530237621
CREB3L4,ESRP1,0.4959414915025183,2,0.2874150640963088,"ARCHS4_Coexpression,Enrichr_Queries",0.14254105556821528
CREB3L4,ENOSF1,1.0773934086968795,2,0.2853706776812461,"ARCHS4_Coexpression,GTEx_Coexpression",0.3074564871691362
CREB3L4,RPL15,-0.6931829232743566,1,0.285129287767663,ARCHS4_Coexpression,-0.19764675320592387
CREB3L4,EPN3,-0.0252186394018849,2,0.2838644779324561,"ARCHS4_Coexpression,Enrichr_Queries",-0.007158675907982925
CREB3L4,RPL38,-0.4985473551446711,1,0.2826359453594635,ARCHS4_Coexpression,-0.1409074030277743
CREB3L4,CELSR1,1.3641161712122396,2,0.2815449139759803,"ARCHS4_Coexpression,Enrichr_Queries",0.3840599700771936
CREB3L4,PYCR1,1.641522397919624,2,0.2806877989444888,"ARCHS4_Coexpression,Enrichr_Queries",0.4607553087901386
CREB3L4,PPDPF,1.4784991269994905,1,0.280388474216517,ARCHS4_Coexpression,0.4145541143498396
CREB3L4,CD24,-0.0395037723312718,1,0.2769849487861092,ARCHS4_Coexpression,-0.010941950356035436
CREB3L4,TRAF4,1.3456647578638343,2,0.274588003945577,"ARCHS4_Coexpression,GTEx_Coexpression",0.3695033998417384
CREB3L4,CGN,1.2218269303509068,2,0.2718991165129744,"ARCHS4_Coexpression,Enrichr_Queries",0.33221366289417104
CREB3L4,NPDC1,1.6622481838351406,2,0.2713726771915202,"ARCHS4_Coexpression,GTEx_Coexpression",0.4510887398040843
CREB3L4,PAQR4,1.9446723657734408,1,0.2651920483723683,ARCHS4_Coexpression,0.5157116480925983
CREB3L4,SHROOM3,2.6189736356136932,1,0.2638832049550503,ARCHS4_Coexpression,0.6911031566585214
CREB3L4,TOB1,0.8350762430850661,2,0.258377168620294,"ARCHS4_Coexpression,Enrichr_Queries",0.21576463527039172
CREB3L4,AGR3,1.7010706586820066,1,0.2560273881322993,ARCHS4_Coexpression,0.43552067777084413
CREB3L4,UNG,-1.906451597069188,1,0.255585337306626,ARCHS4_Coexpression,-0.4872610744956843
CREB3L4,PPP1R18,-1.12554468901409,1,0.2535225331131597,ARCHS4_Coexpression,-0.2853509406909157
CREB3L4,MSN,-1.3836435839109782,1,0.2523575567403274,ARCHS4_Coexpression,-0.34917291423520463
CREB3L4,MYO6,2.1072701842717776,1,0.251619804694132,ARCHS4_Coexpression,0.5302309122042321
CREB3L4,CPAMD8,1.1092081984080466,2,0.2514791504210512,"ARCHS4_Coexpression,GTEx_Coexpression",0.27894273537572034
CREB3L4,TFAP2A,-2.0345863435354,1,0.2507624821881417,ARCHS4_Coexpression,-0.5101979217310321
CREB3L4,RPLP0,0.1062447722497721,1,0.2494190837213392,ARCHS4_Coexpression,0.02649947374472052
CREB3L4,TSTD1,1.2897080483968566,2,0.2428579077832403,"ARCHS4_Coexpression,GTEx_Coexpression",0.3132157982848666
CREB3L4,FOXA1,0.3224878485235738,3,0.24239790075936077,"ARCHS4_Coexpression,Enrichr_Queries,GTEx_Coexpression",0.07817037750251701
CREB3L4,PIK3R3,1.5808242154097374,1,0.2367844173653449,ARCHS4_Coexpression,0.3743145408028231
CREB3L4,DLG3,1.4778125074152009,1,0.2312307912542098,ARCHS4_Coexpression,0.3417157554149847
CREB3L4,FXYD3,-0.4672364326567327,2,0.2297454359389534,"ARCHS4_Coexpression,Enrichr_Queries",-0.1073454379072825
CREB3L4,SYNGR2,1.8024508167629345,1,0.2295156316503301,ARCHS4_Coexpression,0.4136906377279983
CREB3L4,JUP,-0.926732907350043,1,0.2283468773964865,ARCHS4_Coexpression,-0.21161656557394973
CREB3L4,ARSD,0.8695142515768939,2,0.2279867889732665,"ARCHS4_Coexpression,GTEx_Coexpression",0.19823776218350905
CREB3L4,KRT8,-0.81951217562982,2,0.2270532352526316,"ARCHS4_Coexpression,Enrichr_Queries",-0.18607289080567346
CREB3L4,ELMO3,-0.6231121277580761,2,0.2204718624392869,"ARCHS4_Coexpression,GTEx_Coexpression",-0.13737869131532993
CREB3L4,KRT18,0.2894260046003828,3,0.2200859491815422,"ARCHS4_Coexpression,Enrichr_Queries,GTEx_Coexpression",0.06369859694029666
CREB3L4,TNKS1BP1,0.3339100912721616,1,0.218305390187158,ARCHS4_Coexpression,0.07289437276259877
CREB3L4,SYNE4,0.1957161562870051,2,0.2174618694952344,"ARCHS4_Coexpression,GTEx_Coexpression",0.0425608012365936
CREB3L4,BSPRY,1.671486456608457,1,0.2170033317459464,ARCHS4_Coexpression,0.36271813005226144
CREB3L4,SLC25A6,-0.8925995537381298,1,0.2165208158353736,ARCHS4_Coexpression,-0.19326638358967027
CREB3L4,PFDN4,-1.33604605214177,1,0.2157452221623938,ARCHS4_Coexpression,-0.28824555233851534
CREB3L4,SIRPA,-1.428185748671798,1,0.2151180555088823,ARCHS4_Coexpression,-0.30722854115977444
CREB3L4,RPS10,-0.0771059317084125,1,0.2117332521140739,ARCHS4_Coexpression,-0.01632588967790787
CREB3L4,INHBB,2.0646863475468926,1,0.2107898281498054,ARCHS4_Coexpression,0.4352148803826589
CREB3L4,RPL13A,-0.6949409172088942,1,0.2091065851465471,ARCHS4_Coexpression,-0.14531672207616117
CREB3L4,ZMYND8,1.460199742695902,1,0.2033234159497511,ARCHS4_Coexpression,0.2968927996538784
CREB3L4,NAT1,0.4373904567099609,1,0.1981846591937979,ARCHS4_Coexpression,0.08668407859768322
CREB3L4,STEAP2,0.5471287121545811,2,0.1959408674039807,"ARCHS4_Coexpression,GTEx_Coexpression",0.1072048744411915
CREB3L4,GRHL2,-0.4480582442916418,2,0.1959373427312173,"ARCHS4_Coexpression,GTEx_Coexpression",-0.0877913417753189
CREB3L4,SSH3,-0.4424640737146396,2,0.1952685993875206,"ARCHS4_Coexpression,GTEx_Coexpression",-0.08639933995355435
CREB3L4,SLC25A29,0.7320714761836472,1,0.1946409722741398,ARCHS4_Coexpression,0.14249110389854985
CREB3L4,TKFC,-0.4980259120806254,1,0.1918180809808322,ARCHS4_Coexpression,-0.09553037473403422
CREB3L4,RGL2,0.8668287826871082,2,0.1917501045368693,"ARCHS4_Coexpression,GTEx_Coexpression",0.16621450969582016
CREB3L4,TMEM132A,-0.9239062281946204,1,0.182354963817557,ARCHS4_Coexpression,-0.16847888681324558
CREB3L4,TRIM37,0.5942876969033736,1,0.180406379310922,ARCHS4_Coexpression,0.10721329166736425
CREB3L4,PPIA,-0.8143681419259586,1,0.177875739996065,ARCHS4_Coexpression,-0.14485633587430038
CREB3L4,DDR1,0.3351277650053531,1,0.1746655616455082,ARCHS4_Coexpression,0.05853527929766388
CREB3L4,ZNF664,1.6240562530799316,1,0.1745668668418503,ARCHS4_Coexpression,0.28350641167507873
CREB3L4,SH3GLB2,1.1452876210300422,1,0.1664254112839656,ARCHS4_Coexpression,0.1906049633683593
CREB3L4,LLGL2,0.8321426444349782,1,0.1664080964061308,ARCHS4_Coexpression,0.13847527339878848
CREB3L4,RHPN1,0.7826920145780374,1,0.1660381589392931,ARCHS4_Coexpression,0.12995674111702368
CREB3L4,TFAP2C,-0.0777988553880193,1,0.1609689722258488,ARCHS4_Coexpression,-0.012523201792156905
CREB3L4,CDH1,1.4080439634535509,1,0.1591479681300332,ARCHS4_Coexpression,0.22408733582139134
CREB3L4,NMRAL1,-0.2388678131813371,1,0.1584778823578297,ARCHS4_Coexpression,-0.03785526519642398
CREB3L4,NECAB3,1.2540329166905744,1,0.1579855692970645,ARCHS4_Coexpression,0.19811910426061866
CREB3L4,ST14,0.9186260024947568,1,0.1569697564984257,ARCHS4_Coexpression,0.14419649992472416
CREB3L4,FAM83H,-0.4690350867110139,1,0.1543209030844149,ARCHS4_Coexpression,-0.07238191815952051
CREB3L4,PROM2,0.558127966099383,1,0.1527738437253722,ARCHS4_Coexpression,0.08526735467162697
CREB3L4,NKX3-1,0.4871065563776741,2,0.1526131590344123,"ARCHS4_Coexpression,GTEx_Coexpression",0.0743388703551709
CREB3L4,COMT,-1.0765708658657838,1,0.1525440737238716,ARCHS4_Coexpression,-0.1642245055316024
CREB3L4,SLC2A4RG,-1.917915495044308,1,0.1500933034861239,ARCHS4_Coexpression,-0.2878662724584249
CREB3L4,SLC25A10,0.2899063034661992,1,0.1469231415669217,ARCHS4_Coexpression,0.042593944865307355
CREB3L4,ESRP2,1.0806908944602125,1,0.1432665295234444,ARCHS4_Coexpression,0.15482683393690158
CREB3L4,ADCY6,1.832472676529506,1,0.1412047665910491,ARCHS4_Coexpression,0.2587538765738239
CREB3L4,NCAPD3,-0.765909919011013,2,0.1407543515865072,"ARCHS4_Coexpression,GTEx_Coexpression",-0.10780515402406939
CREB3L4,TMED3,1.3349225405493044,2,0.1342587583855593,"ARCHS4_Coexpression,GTEx_Coexpression",0.17922504283504606
CREB3L4,LRRC75A,-0.7194852545022367,1,0.1315178318928843,ARCHS4_Coexpression,-0.09462514075103423
CREB3L4,ALDH3B2,1.1238109207122011,1,0.131426371511646,ARCHS4_Coexpression,0.14769839157436668
CREB3L4,RAB1B,0.8806587930368046,1,0.1309212542838749,ARCHS4_Coexpression,0.11529695378050187
CREB3L4,BCAS3,-0.040425639461539,1,0.1303020632551367,ARCHS4_Coexpression,-0.005267544230246806
CREB3L4,WWC1,2.094712011509307,1,0.1298821752712505,ARCHS4_Coexpression,0.27206575262164556
CREB3L4,ENSA,-1.708952183716487,1,0.1267310538478729,ARCHS4_Coexpression,-0.21657731121801407
CREB3L4,CASZ1,0.8749040946561707,1,0.1246905607193485,ARCHS4_Coexpression,0.10909228213833189
CREB3L4,VAV3,-1.7500467712936116,1,0.1229373174979427,ARCHS4_Coexpression,-0.21514605555877225
CREB3L4,CDC42BPG,-0.6377193182387015,1,0.117101110043479,ARCHS4_Coexpression,-0.0746776400619226
CREB3L4,DHTKD1,0.9682185510875806,1,0.1164016066174531,ARCHS4_Coexpression,0.11270219490341697
CREB3L4,KCTD3,1.2345558044183107,1,0.1155341267002285,ARCHS4_Coexpression,0.14263332672616763
CREB3L4,EFHD1,1.3003610227428428,1,0.1135049811017657,ARCHS4_Coexpression,0.14759745331189908
CREB3L4,CLDN8,0.5213643235440686,1,0.1127010790958952,ARCHS4_Coexpression,0.05875832186551797
CREB3L4,TRMT112,-1.5579433838063792,1,0.110875820214621,ARCHS4_Coexpression,-0.17273825052747438
CREB3L4,MCCC1,-0.2951940340772086,1,0.1078024857892845,ARCHS4_Coexpression,-0.03182265066368985
CREB3L4,JPT2,-1.0018858781688509,1,0.1053108184785425,ARCHS4_Coexpression,-0.105509421852055
CREB3L4,PRMT6,-0.9909148767118376,1,0.1023025310987757,ARCHS4_Coexpression,-0.10137309999105226
CREB3L4,SPON2,-1.1591522764213225,1,0.1017487903061716,ARCHS4_Coexpression,-0.11794234190651459
CREB3L4,TMEM205,1.913587023504972,1,0.0968386487540147,ARCHS4_Coexpression,0.18530918162943844
CREB3L4,TMEM134,-0.7508663076318615,1,0.0900564111061553,ARCHS4_Coexpression,-0.06762032488585579
CREB3L4,PMS2,-0.1282729952163819,1,0.0900309225796622,ARCHS4_Coexpression,-0.01154853610138746
CREB3L4,TGFBR2,0.482962101535246,1,0.0898408878719195,ARCHS4_Coexpression,0.043389744010414635
CREB3L4,ITM2B,-1.26216278770942,1,0.0884911461498968,ARCHS4_Coexpression,-0.11169023171215545
CREB3L4,LURAP1L,1.139979357436776,1,0.0842084791716269,ARCHS4_Coexpression,0.09599592797679937
CREB3L4,BNIPL,1.4410745604111377,1,0.0834736064230843,ARCHS4_Coexpression,0.12029169068207853
CREB3L4,ACACA,1.4365363052792213,1,0.0,ARCHS4_Coexpression,0.0
CREB3L4,ADAM15,0.0692553030004576,1,0.0,ARCHS4_Coexpression,0.0
CREB3L4,AKT1,0.854157163121396,1,0.0,ARCHS4_Coexpression,0.0
CREB3L4,AQP5,0.1067079560328217,1,0.0,ARCHS4_Coexpression,0.0
CREB3L4,ARHGEF16,-2.03276518844331,1,0.0,ARCHS4_Coexpression,-0.0
CREB3L4,ATP5MC2,0.1305951945956377,1,0.0,ARCHS4_Coexpression,0.0
CREB3L4,BANF1,-0.6504708132368837,1,0.0,ARCHS4_Coexpression,-0.0
CREB3L4,CERS2,-0.4371370722551581,1,0.0,ARCHS4_Coexpression,-0.0
CREB3L4,COX6C,-0.7990635564431766,1,0.0,ARCHS4_Coexpression,-0.0
CREB3L4,CPT1A,-0.5343349957534635,1,0.0,ARCHS4_Coexpression,-0.0
CREB3L4,CRABP2,0.7780083697872477,2,0.0,"ARCHS4_Coexpression,Enrichr_Queries",0.0
CREB3L4,CSDE1,0.2607256447833517,1,0.0,ARCHS4_Coexpression,0.0
CREB3L4,EEF1G,0.1340798185855191,2,0.0,"ARCHS4_Coexpression,GTEx_Coexpression",0.0
CREB3L4,EHF,0.6086366993001127,1,0.0,ARCHS4_Coexpression,0.0
CREB3L4,ELF5,1.8166570824167765,1,0.0,ARCHS4_Coexpression,0.0
CREB3L4,EMP2,1.17876104654901,1,0.0,ARCHS4_Coexpression,0.0
CREB3L4,F11R,-0.1009197714234441,1,0.0,ARCHS4_Coexpression,-0.0
CREB3L4,FASN,1.2198861454764065,1,0.0,ARCHS4_Coexpression,0.0
CREB3L4,FKBP4,-0.861476507388307,1,0.0,ARCHS4_Coexpression,-0.0
CREB3L4,GABARAPL1,0.4674932905728874,1,0.0,ARCHS4_Coexpression,0.0
CREB3L4,GGCT,-0.1835241510404648,1,0.0,ARCHS4_Coexpression,-0.0
CREB3L4,GSE1,0.9253186435968316,1,0.0,ARCHS4_Coexpression,0.0
CREB3L4,HOMER2,1.5712563957315342,2,0.0,"ARCHS4_Coexpression,GTEx_Coexpression",0.0
CREB3L4,HOOK2,-0.1592198869618204,2,0.0,"ARCHS4_Coexpression,Enrichr_Queries",-0.0
CREB3L4,HSPB1,-1.1569009861218,1,0.0,ARCHS4_Coexpression,-0.0
CREB3L4,IDS,0.3549249145901604,1,0.0,ARCHS4_Coexpression,0.0
CREB3L4,IRX3,0.96858659780917,1,0.0,ARCHS4_Coexpression,0.0
CREB3L4,IRX5,0.8012837669313573,1,0.0,ARCHS4_Coexpression,0.0
CREB3L4,IVD,0.7481216724208805,1,0.0,ARCHS4_Coexpression,0.0
CREB3L4,KLF13,0.3701724275730459,1,0.0,ARCHS4_Coexpression,0.0
CREB3L4,KRT19,-1.0450417482792147,2,0.0,"ARCHS4_Coexpression,Enrichr_Queries",-0.0
CREB3L4,KRTCAP3,-0.5594739429820882,2,0.0,"ARCHS4_Coexpression,GTEx_Coexpression",-0.0
CREB3L4,MCRIP2,-0.4409407982816324,1,0.0,ARCHS4_Coexpression,-0.0
CREB3L4,MRPL24,-0.6667763198539183,1,0.0,ARCHS4_Coexpression,-0.0
CREB3L4,MUCL1,1.4902798588995434,1,0.0,ARCHS4_Coexpression,0.0
CREB3L4,NAXE,-0.3053118948867567,1,0.0,ARCHS4_Coexpression,-0.0
CREB3L4,NECTIN4,1.4937844368111248,1,0.0,ARCHS4_Coexpression,0.0
CREB3L4,NET1,-0.0704095279614828,1,0.0,ARCHS4_Coexpression,-0.0
CREB3L4,PSMD6,-0.9619817000106812,1,0.0,ARCHS4_Coexpression,-0.0
CREB3L4,PTPRF,0.1898510957333299,1,0.0,ARCHS4_Coexpression,0.0
CREB3L4,PXMP4,1.264208336228003,1,0.0,ARCHS4_Coexpression,0.0
CREB3L4,PYGO2,-0.471607229038102,1,0.0,ARCHS4_Coexpression,-0.0
CREB3L4,RAB25,0.4531560458235339,1,0.0,ARCHS4_Coexpression,0.0
CREB3L4,RAB3D,1.6189118170445078,1,0.0,ARCHS4_Coexpression,0.0
CREB3L4,RMND5B,0.2117038556255247,1,0.0,ARCHS4_Coexpression,0.0
CREB3L4,RPS6KB1,0.8857607952238928,1,0.0,ARCHS4_Coexpression,0.0
CREB3L4,SFXN2,1.280766743028206,1,0.0,ARCHS4_Coexpression,0.0
CREB3L4,SLC29A2,-0.1529260512202971,1,0.0,ARCHS4_Coexpression,-0.0
CREB3L4,SLC39A4,-0.5153062980557911,1,0.0,ARCHS4_Coexpression,-0.0
CREB3L4,SLC39A6,1.1470642305516796,2,0.0,"ARCHS4_Coexpression,GTEx_Coexpression",0.0
CREB3L4,SMARCD2,0.1285051838225144,1,0.0,ARCHS4_Coexpression,0.0
CREB3L4,SORD,1.3360460521417703,3,0.0,"ARCHS4_Coexpression,Enrichr_Queries,GTEx_Coexpression",0.0
CREB3L4,SOX13,-0.1333827648834439,1,0.0,ARCHS4_Coexpression,-0.0
CREB3L4,SPATA20,-0.2353151066501906,1,0.0,ARCHS4_Coexpression,-0.0
CREB3L4,SPINT1,1.524711028713685,2,0.0,"ARCHS4_Coexpression,Enrichr_Queries",0.0
CREB3L4,SPTSSB,0.0302868178281903,1,0.0,ARCHS4_Coexpression,0.0
CREB3L4,SREBF1,-0.7332762028462575,1,0.0,ARCHS4_Coexpression,-0.0
CREB3L4,SYCP2,0.3290443233004738,1,0.0,ARCHS4_Coexpression,0.0
CREB3L4,TLN1,-0.0137022553400297,1,0.0,ARCHS4_Coexpression,-0.0
CREB3L4,TMPRSS13,1.668700001423023,1,0.0,ARCHS4_Coexpression,0.0
CREB3L4,TPD52,0.703173495799671,2,0.0,"ARCHS4_Coexpression,Enrichr_Queries",0.0
CREB3L4,TRPS1,0.2609638965879515,1,0.0,ARCHS4_Coexpression,0.0
CREB3L4,TTC6,0.1645862721175713,2,0.0,"ARCHS4_Coexpression,GTEx_Coexpression",0.0
CREB3L4,VWA1,0.935614414740354,1,0.0,ARCHS4_Coexpression,0.0
CREB3L4,ZBTB42,1.168216767788322,2,0.0,"ARCHS4_Coexpression,GTEx_Coexpression",0.0
CREB3L4,ZNF217,0.5359293927656964,1,0.0,ARCHS4_Coexpression,0.0
CREB3L4,SLC44A4,2.1311955401112264,2,0.6536531537915311,"Enrichr_Queries,GTEx_Coexpression",1.3930626861401487
CREB3L4,ATP2A3,3.0871096921140264,1,0.514570566566649,Enrichr_Queries,1.588535783324508
CREB3L4,BIK,1.0683851617052198,2,0.4629311482425335,"Enrichr_Queries,GTEx_Coexpression",0.49458876967348225
CREB3L4,TSPAN1,1.186639685991463,1,0.4524100540166637,Enrichr_Queries,0.5368477244377146
CREB3L4,RBM47,2.0824757532177207,2,0.4334744982730849,"Enrichr_Queries,GTEx_Coexpression",0.902700132291916
CREB3L4,RASEF,1.8577378752588525,2,0.4079356403863262,"Enrichr_Queries,GTEx_Coexpression",0.757837489813653
CREB3L4,EPCAM,1.926681838305972,1,0.3988257015815598,Enrichr_Queries,0.7684102358868287
CREB3L4,FAM174B,1.9633152509361176,2,0.3946532257020655,"Enrichr_Queries,GTEx_Coexpression",0.774828696851999
CREB3L4,GSN,1.3945210668498915,1,0.3916209809145333,Enrichr_Queries,0.546123708105736
CREB3L4,BCAS1,1.230127088364391,1,0.3831419739613543,Enrichr_Queries,0.47131332085926614
CREB3L4,HERPUD1,1.277114625036774,2,0.3545307215730522,"Enrichr_Queries,GTEx_Coexpression",0.4527763695457855
CREB3L4,NUSAP1,-2.023759072797626,1,0.3542603356615473,Enrichr_Queries,-0.7169375684273886
CREB3L4,SYTL2,1.1479538945059078,1,0.3489469206536144,Enrichr_Queries,0.4005749765401606
CREB3L4,VSIG2,2.3887892435059044,1,0.3357425827896791,Enrichr_Queries,0.802018270354876
CREB3L4,SLC2A10,1.982666576616002,1,0.3148426485667501,Enrichr_Queries,0.6242279962065534
CREB3L4,MYC,-1.8708284980429213,1,0.3133562104042739,Enrichr_Queries,-0.5862357284630494
CREB3L4,TOP2A,-1.8106933516390455,1,0.311019437441188,Enrichr_Queries,-0.5631608276052751
CREB3L4,PBK,-1.6522472761997091,1,0.309050435557706,Enrichr_Queries,-0.5106277403585535
CREB3L4,SYBU,1.4716640448765117,1,0.3069877501282168,Enrichr_Queries,0.4517828340812314
CREB3L4,CDKN3,-1.5418699867494194,1,0.3046863190688881,Enrichr_Queries,-0.46978669074547585
CREB3L4,UBE2C,-1.661332124339609,1,0.3040200582079875,Enrichr_Queries,-0.5050782891445275
CREB3L4,CLDN7,1.6283763559158166,1,0.2937849951972389,Enrichr_Queries,0.47839253990202557
CREB3L4,ISG20,1.9926275071116537,1,0.293587605589923,Enrichr_Queries,0.5850107386455277
CREB3L4,SERPINE2,-2.038249029531669,1,0.2908987800529191,Enrichr_Queries,-0.5929241561348088
CREB3L4,RHOU,1.987622390593009,1,0.2903780661690654,Enrichr_Queries,0.5771619460547328
CREB3L4,PRNP,-2.458183740894816,1,0.2889987234459338,Enrichr_Queries,-0.710411963114152
CREB3L4,TYMS,-1.4423766707921322,1,0.2852976669348351,Enrichr_Queries,-0.41150669901823
CREB3L4,FHL2,-2.497868359008291,1,0.2806595962720431,Enrichr_Queries,-0.7010507251799778
CREB3L4,CHEK1,-1.3232260348566496,1,0.2788273679953933,Enrichr_Queries,-0.36895163256206015
CREB3L4,FBP1,2.889502376860571,1,0.2756620893516401,Enrichr_Queries,0.7965262623919152
CREB3L4,MKI67,-1.7049981822697169,1,0.2749604330687166,Enrichr_Queries,-0.46880703857825595
CREB3L4,BIRC5,-1.5456608575752382,1,0.2742654544502962,Enrichr_Queries,-0.42392137752890724
CREB3L4,TSC22D1,-1.564173805537599,1,0.2731179570137187,Enrichr_Queries,-0.4272039541828028
CREB3L4,HES6,0.932408600156117,1,0.2660877084720435,Enrichr_Queries,0.24810246777516703
CREB3L4,SGK1,-0.6984633669324074,1,0.2652921605582555,Enrichr_Queries,-0.18529685568429194
CREB3L4,STMN1,-2.4926886215671233,1,0.248749518422382,Enrichr_Queries,-0.6200550941917731
CREB3L4,MCM7,-1.5351017258416242,1,0.2469352506608208,Enrichr_Queries,-0.3790707294605601
CREB3L4,RAP1GAP,2.598225490470534,1,0.2468119301207235,Enrichr_Queries,0.641273048191896
CREB3L4,CDCA7,-2.2248553412521033,1,0.2467050751296084,Enrichr_Queries,-0.5488831041161106
CREB3L4,NDRG1,-1.0526255726100906,1,0.2464744850180142,Enrichr_Queries,-0.2594453459258644
CREB3L4,FLNB,1.1461754735757133,2,0.244238312416492,"Enrichr_Queries,GTEx_Coexpression",0.2799399633993057
CREB3L4,CREB3L1,1.7829277157965902,2,0.2422812246056313,"Enrichr_Queries,GTEx_Coexpression",0.43196991036651883
CREB3L4,TINAGL1,-1.132513847957363,1,0.2378261507989078,Enrichr_Queries,-0.2693414091861592
CREB3L4,ISG15,1.0631026216168604,1,0.2328279677801117,Enrichr_Queries,0.24752002293276265
CREB3L4,PKN1,1.8226861334910152,1,0.2316244956991228,Enrichr_Queries,0.4221787564876404
CREB3L4,S100A4,1.5188466420170583,1,0.2305008481991255,Enrichr_Queries,0.35009543926932546
CREB3L4,CADPS2,2.006224152698474,1,0.2300635308837295,Enrichr_Queries,0.4615590123140294
CREB3L4,NQO1,-0.0766440031760738,1,0.2286597412949491,Enrichr_Queries,-0.017525397938050292
CREB3L4,RMI2,-1.1922457334873733,1,0.2279798921221373,Enrichr_Queries,-0.2718080537035298
CREB3L4,DHCR24,2.4978683590082893,1,0.2259297204507598,Enrichr_Queries,0.5643427000735409
CREB3L4,ID1,-1.1889709985141808,1,0.2255875530159626,Enrichr_Queries,-0.2682170581617597
CREB3L4,MBOAT2,1.55485072082815,1,0.2248198367815543,Enrichr_Queries,0.3495612852762667
CREB3L4,RRM2,-1.399408899650686,1,0.2234610744578157,Enrichr_Queries,-0.3127134163217719
CREB3L4,CCND1,-0.6031031739405806,1,0.2210902120959559,Enrichr_Queries,-0.13334020864226714
CREB3L4,INSIG1,1.20547440946564,1,0.2207837387582814,Enrichr_Queries,0.2661491470992554
CREB3L4,TCEA3,2.0327651884433102,1,0.2174177265072121,Enrichr_Queries,0.4419591857943491
CREB3L4,PTP4A3,1.2750353261606238,1,0.2167334194290512,Enrichr_Queries,0.27634276613162756
CREB3L4,PRC1,-1.266259188257412,1,0.2155595599250131,Enrichr_Queries,-0.272954273371772
CREB3L4,ST6GAL1,1.237521786095196,1,0.20977331767336,Enrichr_Queries,0.25959905076225137
CREB3L4,TK1,-1.2232855447747402,1,0.2041145537554241,Enrichr_Queries,-0.24969038308715694
CREB3L4,NCOA3,1.0214780144539988,1,0.1990328933342831,Enrichr_Queries,0.20330772469413802
CREB3L4,PSAT1,-2.066630886846788,1,0.1974800833002476,Enrichr_Queries,-0.40811843968536826
CREB3L4,CDC20,-1.313342617133698,1,0.1947453134279765,Enrichr_Queries,-0.2557673196120209
CREB3L4,SLC1A5,-2.697697500246651,1,0.1858214765319655,Enrichr_Queries,-0.5012901327324251
CREB3L4,SORL1,1.430744532834716,1,0.1846737615731374,Enrichr_Queries,0.2642209747287882
CREB3L4,GPRC5A,0.6439402995673559,1,0.1837801133377041,Enrichr_Queries,0.1183434212372038
CREB3L4,THBS1,-0.5792427988206743,1,0.1818303187505202,Enrichr_Queries,-0.10532390274350666
CREB3L4,ELF3,1.5889094153701444,1,0.1815326421947576,Enrichr_Queries,0.2884389243802699
CREB3L4,TP53INP1,1.64329678388581,1,0.1807431634719626,Enrichr_Queries,0.29701465924282333
CREB3L4,FEN1,-1.3111636495051284,1,0.1806692137368954,Enrichr_Queries,-0.23688690563648984
CREB3L4,FKBP5,-1.3594598444102746,1,0.179295817009629,Enrichr_Queries,-0.24374546349532328
CREB3L4,CCNG2,0.3795601670289659,1,0.1764225790946917,Enrichr_Queries,0.06696298358886213
CREB3L4,PMEPA1,-0.9882845270765356,1,0.1728311205001825,Enrichr_Queries,-0.17080632218763062
CREB3L4,CENPF,-1.5203078411158204,1,0.1704203867218142,Enrichr_Queries,-0.2590914502191646
CREB3L4,IGFBP5,-0.0949036412681055,1,0.1697664057651636,Enrichr_Queries,-0.016111450072112725
CREB3L4,CKS2,-1.4669200883893485,1,0.1691741673303728,Enrichr_Queries,-0.2481649844934649
CREB3L4,CD9,-1.687526977387611,1,0.1630074543993921,Enrichr_Queries,-0.275079476814255
CREB3L4,IMPA2,-0.7022891606826017,1,0.1568945188496874,Enrichr_Queries,-0.1101853199586476
CREB3L4,PDCD4,-0.1898510957333299,1,0.1542288113371897,Enrichr_Queries,-0.029280508826014476
CREB3L4,MAL2,1.6172064889307798,1,0.1534652252246787,Enrichr_Queries,0.248184958058574
CREB3L4,CD55,1.841182252016378,1,0.1524471104079972,Enrichr_Queries,0.28068291405438567
CREB3L4,DEPTOR,0.9366851583233582,1,0.1523089028525023,Enrichr_Queries,0.14266548878245308
CREB3L4,CDK1,-1.3382981488356918,1,0.1514395851356041,Enrichr_Queries,-0.20267131644742412
CREB3L4,PHGDH,-1.6441859204843676,1,0.148128894630812,Enrichr_Queries,-0.24355144296889353
CREB3L4,SLC16A3,0.5740759624494064,1,0.1460863884555755,Enrichr_Queries,0.08386468405339235
CREB3L4,PIGU,-1.243985707660086,1,0.1418766743468109,Enrichr_Queries,-0.17649255513777712
CREB3L4,TENT5C,2.680575713177693,1,0.1369668155257415,Enrichr_Queries,0.36714991920959206
CREB3L4,ERBB2,1.8374325006205323,1,0.1362819404615038,Enrichr_Queries,0.25040886665159945
CREB3L4,PDPK1,0.3161872848420144,1,0.1359919873937247,Enrichr_Queries,0.04299893725429126
CREB3L4,VEGFA,0.7459908466325816,1,0.132323644840172,Enrichr_Queries,0.09871222784382895
CREB3L4,ITM2C,0.2774398947409313,1,0.1320013521497176,Enrichr_Queries,0.036622441246078254
CREB3L4,ANXA3,2.1540577237104364,1,0.1299795968936209,Enrichr_Queries,0.27998355461347313
CREB3L4,BAMBI,0.2301098245136095,1,0.1284377057410282,Enrichr_Queries,0.029554777928998615
CREB3L4,BCL3,0.9645452711909056,1,0.1283593237997953,Enrichr_Queries,0.12380837878435483
CREB3L4,CHEK2,-1.7030311367279138,1,0.1260775512947042,Enrichr_Queries,-0.21471399549729195
CREB3L4,CCN1,-0.5137290578660062,1,0.1237482345274887,Enrichr_Queries,-0.06357306393638835
CREB3L4,SLC7A5,0.3237009566945252,1,0.1228531453618467,Enrichr_Queries,0.03976768068656135
CREB3L4,FBXO32,-1.4528827325251767,1,0.1217305171292062,Enrichr_Queries,-0.17686016635838395
CREB3L4,BHLHE40,0.300249122354485,1,0.1210517739180852,Enrichr_Queries,0.036345688878358616
CREB3L4,DUSP6,-0.3065184663724568,1,0.1209843091801265,Enrichr_Queries,-0.03708392490502352
CREB3L4,PRKCSH,-0.1074027746657395,1,0.1203764936825312,Enrichr_Queries,-0.012928769426036713
CREB3L4,UBE2T,-1.7040138353381915,1,0.119712013923912,Enrichr_Queries,-0.20399092798254426
CREB3L4,FAM83D,0.4739248273714576,1,0.1184296821596436,Enrichr_Queries,0.056126766673165684
CREB3L4,GDF15,0.7381057979304039,1,0.1176898402669844,Enrichr_Queries,0.0868675534585643
CREB3L4,EPHX2,-0.5997919120472788,1,0.1169691704661329,Enrichr_Queries,-0.07015716240446594
CREB3L4,EGR1,-0.2779185631896918,1,0.1155057391303888,Enrichr_Queries,-0.03210118905928102
CREB3L4,HOOK1,-1.032010785887923,1,0.1138089605198224,Enrichr_Queries,-0.11745207478714952
CREB3L4,MT2A,0.4368837158630568,1,0.1095148708168122,Enrichr_Queries,0.04784526370471155
CREB3L4,CYP1B1,0.015084095374074,1,0.1090411929195342,Enrichr_Queries,0.0016447877537010562
CREB3L4,ATP1B1,1.2626736796030549,1,0.1078699574225139,Enrichr_Queries,0.1362045560573105
CREB3L4,CTDSP2,-0.6676393965740038,1,0.1072916966259719,Enrichr_Queries,-0.07163216359276496
CREB3L4,CKB,-1.926681838305972,1,0.1060138025186321,Enrichr_Queries,-0.20425486792240438
CREB3L4,LRIG1,0.3867470233259135,1,0.1058329174053251,Enrichr_Queries,0.04093056577640675
CREB3L4,CDT1,-0.1108776525245485,1,0.1054768421456322,Enrichr_Queries,-0.01169502465281006
CREB3L4,KLF4,0.0607168028188406,1,0.1041170121143328,Enrichr_Queries,0.006321652094632783
CREB3L4,SELENOP,0.6890892401894665,1,0.1037784517901699,Enrichr_Queries,0.07151261449212735
CREB3L4,IRF7,0.1377985472649866,1,0.1020436377876601,Enrichr_Queries,0.014061465044774053
CREB3L4,TMEM97,1.1312029441594178,1,0.1002848340235869,Enrichr_Queries,0.11344249950202005
CREB3L4,CITED2,0.7090831922070038,1,0.1000453641290045,Enrichr_Queries,0.07094048616210658
CREB3L4,MRPS12,-1.133388866150011,1,0.0997596686447317,Enrichr_Queries,-0.11306649773275328
CREB3L4,CCNB1,-1.479186444325415,1,0.0987588082159107,Enrichr_Queries,-0.14608269037070853
CREB3L4,PDK4,0.362046329868532,1,0.0984152399498621,Enrichr_Queries,0.0356308764269785
CREB3L4,TM4SF1,0.3699258254258982,1,0.0970550847269486,Enrichr_Queries,0.035903182329396946
CREB3L4,HMGB2,-2.0531800170318264,1,0.0963434432479416,Enrichr_Queries,-0.19781043244871352
CREB3L4,ECT2,0.2039386135083072,1,0.0960322913862218,Enrichr_Queries,0.019584692357331825
CREB3L4,CSTB,0.4695492664443831,1,0.0959659789111448,Enrichr_Queries,0.04506075500134518
CREB3L4,SERPINB8,-0.531945942961324,1,0.0943526902499414,Enrichr_Queries,-0.0501905307859428
CREB3L4,MXI1,-0.4333396603982066,1,0.0937654541293261,Enrichr_Queries,-0.04063229004948579
CREB3L4,TXNIP,-1.5130340296440827,1,0.0894884831131765,Enrichr_Queries,-0.13539912021146588
CREB3L4,EFNA1,0.2592964441951465,1,0.0893466880602618,Enrichr_Queries,0.023167278514638838
CREB3L4,HHAT,-0.2088786786334934,1,0.0878215012295302,Enrichr_Queries,-0.018344039132433983
CREB3L4,GADD45G,0.0976798767252368,1,0.0875561427468219,Enrichr_Queries,0.008552473230046799
CREB3L4,ABAT,0.4572427767438609,1,0.0,Enrichr_Queries,0.0
CREB3L4,ADM,-0.3588517221000381,1,0.0,Enrichr_Queries,-0.0
CREB3L4,ALDH6A1,1.02341996268303,1,0.0,Enrichr_Queries,0.0
CREB3L4,ALDOC,-0.9015528600932036,1,0.0,Enrichr_Queries,-0.0
CREB3L4,APOD,0.4442425272173735,1,0.0,Enrichr_Queries,0.0
CREB3L4,ASNS,0.2509698870163931,1,0.0,Enrichr_Queries,0.0
CREB3L4,ATF3,0.2990448386399649,1,0.0,Enrichr_Queries,0.0
CREB3L4,BCL6,0.7511716161681746,1,0.0,Enrichr_Queries,0.0
CREB3L4,BTG2,-0.6748511705827548,1,0.0,Enrichr_Queries,-0.0
CREB3L4,CCN2,-1.2565645839295845,1,0.0,Enrichr_Queries,-0.0
CREB3L4,CDKN1A,-0.69230472936096,1,0.0,Enrichr_Queries,-0.0
CREB3L4,CHD6,-0.1099508892463984,1,0.0,Enrichr_Queries,-0.0
CREB3L4,CIRBP,-0.9871593252395924,1,0.0,Enrichr_Queries,-0.0
CREB3L4,COQ8A,-1.0099062814595643,1,0.0,Enrichr_Queries,-0.0
CREB3L4,CORO2A,-0.3246717862477146,1,0.0,Enrichr_Queries,-0.0
CREB3L4,CSRP1,-0.5909938000756666,1,0.0,Enrichr_Queries,-0.0
CREB3L4,DDIT4,-0.2733737663949255,1,0.0,Enrichr_Queries,-0.0
CREB3L4,DDOST,0.0473407923678274,1,0.0,Enrichr_Queries,0.0
CREB3L4,DHRS3,-0.3400034531869293,1,0.0,Enrichr_Queries,-0.0
CREB3L4,DPYSL2,1.4682721345295116,1,0.0,Enrichr_Queries,0.0
CREB3L4,DUSP12,-1.0538285609539253,1,0.0,Enrichr_Queries,-0.0
CREB3L4,DUSP5,0.7530049402507445,1,0.0,Enrichr_Queries,0.0
CREB3L4,EZH2,-1.0700165680458311,1,0.0,Enrichr_Queries,-0.0
CREB3L4,FADS1,0.8256490266521799,1,0.0,Enrichr_Queries,0.0
CREB3L4,FMO4,-0.3976896328880264,1,0.0,Enrichr_Queries,-0.0
CREB3L4,FOS,0.1222384809210914,1,0.0,Enrichr_Queries,0.0
CREB3L4,FZR1,-0.0418085048211764,1,0.0,Enrichr_Queries,-0.0
CREB3L4,GPT2,0.4884034128875294,1,0.0,Enrichr_Queries,0.0
CREB3L4,GRB7,0.1060131889118037,1,0.0,Enrichr_Queries,0.0
CREB3L4,ID2,0.6003433315577802,1,0.0,Enrichr_Queries,0.0
CREB3L4,ID3,-0.6298372026838343,1,0.0,Enrichr_Queries,-0.0
CREB3L4,IER3,-0.2865456087931836,1,0.0,Enrichr_Queries,-0.0
CREB3L4,IGFBP2,-2.1493947210031186,1,0.0,Enrichr_Queries,-0.0
CREB3L4,IRS2,0.964912013260914,1,0.0,Enrichr_Queries,0.0
CREB3L4,JUN,-0.1505965506463836,1,0.0,Enrichr_Queries,-0.0
CREB3L4,JUNB,-0.798746705065758,1,0.0,Enrichr_Queries,-0.0
CREB3L4,KLHL24,1.6913650101909394,1,0.0,Enrichr_Queries,0.0
CREB3L4,LAMC2,-1.2860138797150609,1,0.0,Enrichr_Queries,-0.0
CREB3L4,LMNB1,-0.8922566252054449,1,0.0,Enrichr_Queries,-0.0
CREB3L4,MDK,1.826335610220638,1,0.0,Enrichr_Queries,0.0
CREB3L4,MELTF,0.3186090797295828,1,0.0,Enrichr_Queries,0.0
CREB3L4,MGST1,1.6742859505479029,1,0.0,Enrichr_Queries,0.0
CREB3L4,MLF2,-0.4089304240070537,1,0.0,Enrichr_Queries,-0.0
CREB3L4,MRPS7,-0.6136328517438482,1,0.0,Enrichr_Queries,-0.0
CREB3L4,MTHFD2,0.3302600306459414,1,0.0,Enrichr_Queries,0.0
CREB3L4,NR4A1,0.8108440857982315,1,0.0,Enrichr_Queries,0.0
CREB3L4,NUPR1,-1.5913553449315034,1,0.0,Enrichr_Queries,-0.0
CREB3L4,PBX1,-0.9313421228518668,1,0.0,Enrichr_Queries,-0.0
CREB3L4,PIK3IP1,-0.0944410070429601,1,0.0,Enrichr_Queries,-0.0
CREB3L4,PPFIBP2,-0.9463706352401338,1,0.0,Enrichr_Queries,-0.0
CREB3L4,PRSS8,1.8059683151219663,1,0.0,Enrichr_Queries,0.0
CREB3L4,REXO2,0.0153144047754538,1,0.0,Enrichr_Queries,0.0
CREB3L4,RGS2,-0.7165053336755564,1,0.0,Enrichr_Queries,-0.0
CREB3L4,S100A6,1.2252344219011295,1,0.0,Enrichr_Queries,0.0
CREB3L4,SGK3,-0.2843868723263997,1,0.0,Enrichr_Queries,-0.0
CREB3L4,SLC2A1,-1.383044064608321,1,0.0,Enrichr_Queries,-0.0
CREB3L4,SMIM29,-0.1496649798988212,1,0.0,Enrichr_Queries,-0.0
CREB3L4,SOCS2,1.1645794865972054,2,0.0,"Enrichr_Queries,GTEx_Coexpression",0.0
CREB3L4,SOX4,1.15735077497897,1,0.0,Enrichr_Queries,0.0
CREB3L4,SYTL1,-2.4442494056905844,2,0.0,"Enrichr_Queries,GTEx_Coexpression",-0.0
CREB3L4,TMEM79,-0.017156910256564,1,0.0,Enrichr_Queries,-0.0
CREB3L4,TPD52L1,1.0003654780882816,1,0.0,Enrichr_Queries,0.0
CREB3L4,TSC22D3,-0.0692553030004576,1,0.0,Enrichr_Queries,-0.0
CREB3L4,VIM,1.2849616206254482,1,0.0,Enrichr_Queries,0.0
CREB3L4,YPEL3,1.3237789129366937,1,0.0,Enrichr_Queries,0.0
CREB3L4,ZFP36,0.3593429610932167,1,0.0,Enrichr_Queries,0.0
CREB3L4,NANS,1.9585904260554785,1,0.5082938222282183,GTEx_Coexpression,0.9955394138393338
CREB3L4,PLPP5,1.5610510200434196,1,0.4566227637938508,GTEx_Coexpression,0.7128114311954362
CREB3L4,CRACR2A,2.325831136918744,1,0.4020102739876228,GTEx_Coexpression,0.9350080126016485
CREB3L4,SGSM3,2.007950058106471,1,0.3992585735274278,GTEx_Coexpression,0.8016912759139053
CREB3L4,GMPPA,1.859032667921095,1,0.3946237134825384,GTEx_Coexpression,0.7336183749003731
CREB3L4,TMEM63A,2.0627495841060437,1,0.3678709327066368,GTEx_Coexpression,0.7588256134453174
CREB3L4,PART1,1.3705673206894895,1,0.3574345676725027,GTEx_Coexpression,0.48988813773670803
CREB3L4,NAAA,0.924259159180588,1,0.3558642128468149,GTEx_Coexpression,0.32891075814825893
CREB3L4,SEC16A,1.7739707814895211,1,0.3469046246245751,GTEx_Coexpression,0.6153986680475865
CREB3L4,JTB,1.422462421089412,1,0.3395360968999161,GTEx_Coexpression,0.4829773384435038
CREB3L4,MIA3,1.382445041992295,1,0.3367923934536448,GTEx_Coexpression,0.4655969745107095
CREB3L4,COPG1,1.9601605093292809,1,0.3329304710059709,GTEx_Coexpression,0.6525971616183013
CREB3L4,GLMP,1.328216579856099,1,0.3272511517490958,GTEx_Coexpression,0.4346604055301533
CREB3L4,BACE2,2.041939265078605,1,0.3246833946932944,GTEx_Coexpression,0.6629837723432521
CREB3L4,CCDC125,1.5618302892299143,1,0.3219424020944711,GTEx_Coexpression,0.5028193949785812
CREB3L4,CCL28,1.9179154950443076,1,0.3163511138030045,GTEx_Coexpression,0.6067347030373075
CREB3L4,RPS24,-0.1610859278202266,1,0.3159012886555251,GTEx_Coexpression,-0.05088725218268048
CREB3L4,YIPF3,0.8974116262316573,1,0.3100159616795042,GTEx_Coexpression,0.278211928328575
CREB3L4,RHPN2,1.6531496367404457,1,0.3038836677841164,GTEx_Coexpression,0.5023651750086663
CREB3L4,RPL11,-0.3581150259036804,1,0.2994002100790381,GTEx_Coexpression,-0.10721971398802208
CREB3L4,ZNF875,1.3485176058845836,1,0.2914844578230782,GTEx_Coexpression,0.39307192321614326
CREB3L4,SLC39A7,1.9462002956938824,1,0.2898926106599941,GTEx_Coexpression,0.5641890845859521
CREB3L4,RPL18,-0.1424496455262613,1,0.2898025732952536,GTEx_Coexpression,-0.04128227383850724
CREB3L4,RPL7A,-0.3378084001537819,1,0.2895064888842799,GTEx_Coexpression,-0.09779772384413722
CREB3L4,RPL10A,-1.186174196822399,1,0.2882736695824479,GTEx_Coexpression,-0.34194278848200577
CREB3L4,PAK1IP1,-1.2026219597605925,1,0.2813061185118498,GTEx_Coexpression,-0.33830491553736625
CREB3L4,RPS5,-0.6978756910056296,1,0.2795504341293167,GTEx_Coexpression,-0.19509145238892062
CREB3L4,MALT1,-0.3733803111564923,1,0.2758087174637024,GTEx_Coexpression,-0.10298154474627026
CREB3L4,RACK1,-0.8604757019997449,1,0.2751957423538849,GTEx_Coexpression,-0.23679924958930001
CREB3L4,MOGS,1.0655370223400895,1,0.2714756977661834,GTEx_Coexpression,0.2892674066354772
CREB3L4,NOP53,-0.4925588930652952,1,0.2712669965731872,GTEx_Coexpression,-0.1336149715572363
CREB3L4,GALNT7,1.79317829872516,1,0.2710078404513091,GTEx_Coexpression,0.4859653782816581
CREB3L4,CDK5RAP3,0.44297206025411,1,0.2688827378953465,GTEx_Coexpression,0.1191075403722675
CREB3L4,FBXL8,0.5808776426973081,1,0.2672063461336261,GTEx_Coexpression,0.1552141924558617
CREB3L4,TMEM87B,1.6045639402432632,1,0.2643351235029302,GTEx_Coexpression,0.4241426073125513
CREB3L4,NEIL1,0.5490019171862027,1,0.2602473785397879,GTEx_Coexpression,0.142876309761027
CREB3L4,RPS9,-0.8182241381176893,1,0.2581094209065845,GTEx_Coexpression,-0.211191358461346
CREB3L4,SLC35C2,0.8380170460703462,1,0.2508618595356936,GTEx_Coexpression,0.21022651449981608
CREB3L4,SRPRA,2.156406900960356,1,0.247521373110654,GTEx_Coexpression,0.5337567971109974
CREB3L4,COG7,1.495191418833165,1,0.245158405245564,GTEx_Coexpression,0.36655874377799086
CREB3L4,ZKSCAN1,0.4618494991086539,1,0.2364242679063828,GTEx_Coexpression,0.10919242970969309
CREB3L4,SUMF2,0.5160953988861166,1,0.2341587386276387,GTEx_Coexpression,0.1208482476147011
CREB3L4,LARGE2,-1.4111535029633815,1,0.2237476411861005,GTEx_Coexpression,-0.3157422676395595
CREB3L4,RPL10,-0.2192459938278154,1,0.2228095794649436,GTEx_Coexpression,-0.048850107684149165
CREB3L4,ELK4,-0.0983740524047246,1,0.2218833495655903,GTEx_Coexpression,-0.021827564257901208
CREB3L4,ERP29,0.8538255534002431,1,0.2198695132086082,GTEx_Coexpression,0.18773020879118196
CREB3L4,RPL41,-0.600067598995199,1,0.2173640503859245,GTEx_Coexpression,-0.13043312382295316
CREB3L4,CENPN,-1.2683153800409284,1,0.2162627520263476,GTEx_Coexpression,-0.2742893745249941
CREB3L4,CTDSP1,-0.1206145733973966,1,0.2115531773845929,GTEx_Coexpression,-0.025516396241106444
CREB3L4,PLXNB2,1.8695049521122655,1,0.2097558930653491,GTEx_Coexpression,0.39213968082040096
CREB3L4,ANKZF1,-0.002878538971382,1,0.2048256872817809,GTEx_Coexpression,-0.0005895987231807088
CREB3L4,PICK1,0.3057944700466827,1,0.2045243655820378,GTEx_Coexpression,0.06254241998479323
CREB3L4,MESP1,2.8607802152524644,1,0.2024515361510837,GTEx_Coexpression,0.5791693491684893
CREB3L4,BAIAP2L1,1.2276770815876317,1,0.2019884388686943,GTEx_Coexpression,0.24797657714476037
CREB3L4,GOLGB1,0.5479312788595054,1,0.189386670780586,GTEx_Coexpression,0.10377088071975062
CREB3L4,EEF1D,-0.1194548344073069,1,0.1890767344673445,GTEx_Coexpression,-0.022586130006070973
CREB3L4,TM9SF3,1.1448440331252332,1,0.1842718558682101,GTEx_Coexpression,0.21096253466363332
CREB3L4,RCAN3,-0.4242511834401907,1,0.183868803934173,GTEx_Coexpression,-0.07800655766680528
CREB3L4,HMGXB3,0.4824446289356885,1,0.1834615195855453,GTEx_Coexpression,0.08851002474042595
CREB3L4,SPICE1,0.1396586232364582,1,0.1822427479645885,GTEx_Coexpression,0.025451771275563275
CREB3L4,FAAH,-0.436123814838292,1,0.182100951208266,GTEx_Coexpression,-0.07941856152663064
CREB3L4,PIGO,-0.3874916262672268,1,0.1785046435572289,GTEx_Coexpression,-0.06916905462824227
CREB3L4,TCN1,1.5130340296440827,1,0.176875456240892,GTEx_Coexpression,0.26761858430129243
CREB3L4,PATZ1,1.6155058509579368,1,0.1754733924847504,GTEx_Coexpression,0.28347829224655274
CREB3L4,ANAPC2,0.6501863022884301,1,0.1714072724022609,GTEx_Coexpression,0.11144666062857168
CREB3L4,COG3,1.8238999280282224,1,0.160896914723755,GTEx_Coexpression,0.2934598711846198
CREB3L4,HEMK1,0.4029289963300411,1,0.1608737437974262,GTEx_Coexpression,0.06482069612415312
CREB3L4,CFAP44,0.5308851163079596,1,0.1596102509818841,GTEx_Coexpression,0.08473470665646017
CREB3L4,AMD1,-0.353698911605967,1,0.1592449314459077,GTEx_Coexpression,-0.05632475893118438
CREB3L4,OVOL2,0.7742737083233447,1,0.1584120116150503,GTEx_Coexpression,0.12265425567614577
CREB3L4,CHD3,0.3837707498472451,1,0.1570745936733637,GTEx_Coexpression,0.06028063459597813
CREB3L4,ZNF587,1.214572536934273,1,0.1570623665354666,GTEx_Coexpression,0.19076363697988233
CREB3L4,TXNRD2,0.1802464190089492,1,0.1527787574660714,GTEx_Coexpression,0.02753782393389613
CREB3L4,CD46,1.3896663251938504,1,0.1474725460060825,GTEx_Coexpression,0.2049376310752537
CREB3L4,ABCC4,1.5856628903560632,1,0.1439071867057805,GTEx_Coexpression,0.22818828561489757
CREB3L4,COASY,-0.3914664845148787,1,0.1438806498616974,GTEx_Coexpression,-0.056324452191074854
CREB3L4,RABEP2,-0.2531093173085726,1,0.1389573798356658,GTEx_Coexpression,-0.035171407545193385
CREB3L4,KMT5B,1.1160504242131646,1,0.1346941661640601,GTEx_Coexpression,0.15032548128643775
CREB3L4,FAM111A,0.7930570195439575,1,0.1316071988156117,GTEx_Coexpression,0.10437201284323806
CREB3L4,ZNF33A,0.9109276678626316,1,0.1288666523741402,GTEx_Coexpression,0.11738819911243997
CREB3L4,OFD1,0.5071709011222421,1,0.1244281750958554,GTEx_Coexpression,0.0631063496883611
CREB3L4,VPS54,0.9804341856304706,1,0.1237118726183115,GTEx_Coexpression,0.12129134908335475
CREB3L4,MIR200CHG,0.9774594272457552,1,0.1214933668547498,GTEx_Coexpression,0.11875483678000216
CREB3L4,SH3BP4,1.6309830757083208,1,0.1194704439644023,GTEx_Coexpression,0.19485427215329945
CREB3L4,MON1B,1.395130224678202,1,0.1190054043600278,GTEx_Coexpression,0.16602803652272585
CREB3L4,DMXL1,1.1075057375697743,1,0.112059878289228,GTEx_Coexpression,0.12410695815669061
CREB3L4,TBC1D8,0.1036976661367583,1,0.1091094358886352,GTEx_Coexpression,0.011314393855149728
CREB3L4,LRRC14,1.0343669900806298,1,0.1065883482724019,GTEx_Coexpression,0.11025146898019025
CREB3L4,EBF4,1.0068432527247333,1,0.1021867449410091,GTEx_Coexpression,0.10288603466175829
CREB3L4,CTPS2,0.7096755227577078,1,0.1001104150939885,GTEx_Coexpression,0.07104591116531742
CREB3L4,CDH26,0.3907207292147643,1,0.0991736119066809,GTEx_Coexpression,0.038749185963040396
CREB3L4,ZNF282,0.2564396280528068,1,0.0982792653011761,GTEx_Coexpression,0.02520269823913672
CREB3L4,TMCO4,0.6510399931655521,1,0.0976642135550848,GTEx_Coexpression,0.06358330892542143
CREB3L4,TRIM68,1.458863560745601,1,0.0950873735378062,GTEx_Coexpression,0.138719504341311
CREB3L4,TBX3,-0.5857915277366633,1,0.0950839354949942,GTEx_Coexpression,-0.055699363836827005
CREB3L4,KDM4B,0.3929586489919174,1,0.0942137066781663,GTEx_Coexpression,0.037022090892773016
CREB3L4,PLPP1,-0.2067608906793095,1,0.0927828553332177,GTEx_Coexpression,-0.019183865808465612
CREB3L4,NUMA1,0.4980259120806256,1,0.0889227517544689,GTEx_Coexpression,0.044285834547238424
CREB3L4,CLK2,0.8354026420924788,1,0.0851813052720156,GTEx_Coexpression,0.07116068748112783
CREB3L4,DUSP16,2.20087883474294,1,0.0844648197564293,GTEx_Coexpression,0.1858968340823026
CREB3L4,USP43,-0.1816509221415174,1,0.0836573163588271,GTEx_Coexpression,-0.015196428660465592
CREB3L4,ALDH1A3,1.1488444679970469,1,0.0,GTEx_Coexpression,0.0
CREB3L4,ARHGAP8,0.8360557072656845,1,0.0,GTEx_Coexpression,0.0
CREB3L4,ARMCX5,0.1471038274199775,1,0.0,GTEx_Coexpression,0.0
CREB3L4,CBFA2T2,0.0374296928337815,1,0.0,GTEx_Coexpression,0.0
CREB3L4,CDC42EP5,1.092744031912927,1,0.0,GTEx_Coexpression,0.0
CREB3L4,CENPX,-0.585518163824599,1,0.0,GTEx_Coexpression,-0.0
CREB3L4,D2HGDH,-0.7811288962244325,1,0.0,GTEx_Coexpression,-0.0
CREB3L4,DDX39B,-0.0226848012199066,1,0.0,GTEx_Coexpression,-0.0
CREB3L4,DUS1L,0.7064207761602067,1,0.0,GTEx_Coexpression,0.0
CREB3L4,EDF1,0.7594416199982694,1,0.0,GTEx_Coexpression,0.0
CREB3L4,EIF2B5,-0.186100894077658,1,0.0,GTEx_Coexpression,-0.0
CREB3L4,EXOC7,-0.4381507786755446,1,0.0,GTEx_Coexpression,-0.0
CREB3L4,FAM111A-DT,0.0701786755141998,1,0.0,GTEx_Coexpression,0.0
CREB3L4,FOXP4,1.536599707444561,1,0.0,GTEx_Coexpression,0.0
CREB3L4,GCNT2,1.5239751105038852,1,0.0,GTEx_Coexpression,0.0
CREB3L4,HEXD,0.2260918343655144,1,0.0,GTEx_Coexpression,0.0
CREB3L4,IDUA,0.2230217180711489,1,0.0,GTEx_Coexpression,0.0
CREB3L4,IRF3,-0.7699302051669771,1,0.0,GTEx_Coexpression,-0.0
CREB3L4,KCNN4,-0.084267989632156,1,0.0,GTEx_Coexpression,-0.0
CREB3L4,KHDC4,0.2485940883234824,1,0.0,GTEx_Coexpression,0.0
CREB3L4,NEDD4L,1.5449009060976326,1,0.0,GTEx_Coexpression,0.0
CREB3L4,NSMCE4A,-0.2507322436122464,1,0.0,GTEx_Coexpression,-0.0
CREB3L4,PRIM2,-0.6278727918140404,1,0.0,GTEx_Coexpression,-0.0
CREB3L4,RBM39,-0.5984141602674432,1,0.0,GTEx_Coexpression,-0.0
CREB3L4,RDH11,1.0647248543100896,1,0.0,GTEx_Coexpression,0.0
CREB3L4,SIDT2,0.2242022816921601,1,0.0,GTEx_Coexpression,0.0
CREB3L4,SMCO4,1.45953132599311,1,0.0,GTEx_Coexpression,0.0
CREB3L4,SPINT1-AS1,1.7426405792050688,1,0.0,GTEx_Coexpression,0.0
CREB3L4,SRSF6,0.040656111581615,1,0.0,GTEx_Coexpression,0.0
CREB3L4,THUMPD1,-0.0362774965881069,1,0.0,GTEx_Coexpression,-0.0
CREB3L4,TM4SF1-AS1,0.7305670602621331,1,0.0,GTEx_Coexpression,0.0
CREB3L4,TMEM87A,0.5097915310445462,1,0.0,GTEx_Coexpression,0.0
CREB3L4,TNK1,-0.3113492372360327,1,0.0,GTEx_Coexpression,-0.0
CREB3L4,TRPV4,-1.5987508403006183,1,0.0,GTEx_Coexpression,-0.0
CREB3L4,TTC17,0.2671636883806991,1,0.0,GTEx_Coexpression,0.0
CREB3L4,TUT1,-0.1069395565033088,1,0.0,GTEx_Coexpression,-0.0
CREB3L4,VMAC,-0.2338948577529457,1,0.0,GTEx_Coexpression,-0.0
CREB3L4,ZNF350,-0.2041737409286536,1,0.0,GTEx_Coexpression,-0.0
CREB3L4,ZNF761,-0.2263280850804723,1,0.0,GTEx_Coexpression,-0.0
CREB3L4,ZNF789,0.5335383065865816,1,0.0,GTEx_Coexpression,0.0
CREB3L4,ZNF816,-0.4603128405256667,1,0.0,GTEx_Coexpression,-0.0
CREB3L4,ZNF827,0.7755173933680294,1,0.0,GTEx_Coexpression,0.0
XBP1,SPDEF,1.6875269773876114,2,1.0,"ARCHS4_Coexpression,GTEx_Coexpression",1.6875269773876114
XBP1,AZGP1,2.5192862386173536,2,0.995349128865288,"ARCHS4_Coexpression,GTEx_Coexpression",2.507569362970091
XBP1,KDELR2,1.9959921926341724,2,0.8663478926011077,"ARCHS4_Coexpression,ReMap_ChIP-seq",1.7292236297368795
XBP1,GALNT6,1.65586482606262,2,0.7672411417448611,"ARCHS4_Coexpression,GTEx_Coexpression",1.2704476197234404
XBP1,TSPAN13,1.909294110134519,2,0.7456990803365733,"ARCHS4_Coexpression,GTEx_Coexpression",1.4237588620193469
XBP1,HM13,1.797795236151607,3,0.7861299222913513,"ARCHS4_Coexpression,GTEx_Coexpression,ReMap_ChIP-seq",1.4133006292916244
XBP1,NELFCD,-1.5195768360098725,2,0.7875569733088323,"ARCHS4_Coexpression,ReMap_ChIP-seq",-1.196753333678147
XBP1,CRACR2B,3.2629898856619945,1,0.7083104272922089,ARCHS4_Coexpression,2.311209760163403
XBP1,P4HB,1.0753384155533834,4,0.7650621991294235,"ARCHS4_Coexpression,Enrichr_Queries,GTEx_Coexpression,ReMap_ChIP-seq",0.8227007730116214
XBP1,SSR2,1.361784317142153,3,0.739686304135744,"ARCHS4_Coexpression,GTEx_Coexpression,ReMap_ChIP-seq",1.007293208576897
XBP1,CREB3L4,2.185570576925122,2,0.6975894622503426,"ARCHS4_Coexpression,GTEx_Coexpression",1.524631003467367
XBP1,MYDGF,1.570465544263418,2,0.6581108827342123,"ARCHS4_Coexpression,GTEx_Coexpression",1.033540465638863
XBP1,USP32,0.2152377073760134,2,0.6700757145803782,"ARCHS4_Coexpression,ReMap_ChIP-seq",0.14422556057462452
XBP1,THOC7,-1.3204676920163063,1,0.5875435310756432,ARCHS4_Coexpression,-0.7758322504385655
XBP1,TMED3,1.3349225405493044,2,0.5811720856825097,"ARCHS4_Coexpression,GTEx_Coexpression",0.7758197171156338
XBP1,RHOD,-1.8564461896011852,2,0.6179016835516438,"ARCHS4_Coexpression,ReMap_ChIP-seq",-1.1471012259776063
XBP1,HID1,3.037106788760536,1,0.5549530859813605,ARCHS4_Coexpression,1.6854517848775994
XBP1,LDHB,-2.051288488831072,1,0.5416830338533758,ARCHS4_Coexpression,-1.1111481719385217
XBP1,ENSA,-1.708952183716487,1,0.513267811873955,ARCHS4_Coexpression,-0.8771501479333784
XBP1,STARD10,2.088554794187629,1,0.4937447147504877,ARCHS4_Coexpression,1.0312128910969343
XBP1,IGSF3,-1.821475018386336,1,0.4922467544963307,ARCHS4_Coexpression,-0.8966151661968181
XBP1,SRPRA,2.156406900960356,2,0.4884174622335105,"ARCHS4_Coexpression,GTEx_Coexpression",1.0532267861098863
XBP1,GPR160,3.1462736911208387,1,0.4792863301337769,ARCHS4_Coexpression,1.5079659710137592
XBP1,SEC61A1,2.0131639753314734,2,0.4779132675807341,"ARCHS4_Coexpression,GTEx_Coexpression",0.9621177736264849
XBP1,SYNGR2,1.8024508167629345,1,0.4771019844668226,ARCHS4_Coexpression,0.8599528615814414
XBP1,PDIA3,1.2325845013576202,2,0.5183707323695834,"ARCHS4_Coexpression,Enrichr_Queries",0.6389357306761474
XBP1,TFF3,1.834946946157213,1,0.4654430950255629,ARCHS4_Coexpression,0.8540633858271182
XBP1,MLPH,2.3968538481428583,2,0.4557606557998716,"ARCHS4_Coexpression,GTEx_Coexpression",1.0923916816860348
XBP1,AGR2,1.5261853474156784,1,0.4546508808484423,ARCHS4_Coexpression,0.6938815125405241
XBP1,CEP170,-0.8035079342605687,1,0.4467381986896921,ARCHS4_Coexpression,-0.358957687184442
XBP1,TBC1D9,-1.1134784799573323,1,0.4431405622981927,ARCHS4_Coexpression,-0.49342747971522916
XBP1,PTPRF,0.1898510957333299,1,0.441837645917949,ARCHS4_Coexpression,0.08388336121375765
XBP1,JPT2,-1.0018858781688509,1,0.4378395794774604,ARCHS4_Coexpression,-0.4386652915818558
XBP1,SURF4,1.0923257630798158,2,0.4328036033447436,"ARCHS4_Coexpression,GTEx_Coexpression",0.47276252628724097
XBP1,CPT1A,-0.5343349957534635,2,0.4664512339926381,"ARCHS4_Coexpression,ReMap_ChIP-seq",-0.2492412181346541
XBP1,S100P,1.191777131512135,1,0.4237657259809468,ARCHS4_Coexpression,0.5050343013427302
XBP1,PPP1R3D,-0.5931890164737049,2,0.45781733898732513,"ARCHS4_Coexpression,ReMap_ChIP-seq",-0.27157221703850015
XBP1,PPP1R16A,-0.6017226798540767,1,0.419769711411927,ARCHS4_Coexpression,-0.2525849556723571
XBP1,UGDH,-1.338862234750961,1,0.409136901288077,ARCHS4_Coexpression,-0.5477779459776382
XBP1,PSMD6,-0.9619817000106812,1,0.4049132486178917,ARCHS4_Coexpression,-0.38951913526228704
XBP1,BCAS3,-0.040425639461539,1,0.4018096113915244,ARCHS4_Coexpression,-0.01624341048229486
XBP1,F11R,-0.1009197714234441,1,0.3842871102491568,ARCHS4_Coexpression,-0.03878216732732077
XBP1,LLGL2,0.8321426444349782,2,0.3759816313855992,"ARCHS4_Coexpression,GTEx_Coexpression",0.31287034900018973
XBP1,TRIM4,-0.6396960341396771,1,0.3736984032399787,ARCHS4_Coexpression,-0.23905338651694424
XBP1,DOK7,-1.872155329380192,1,0.3735285273386869,ARCHS4_Coexpression,-0.6993034231326575
XBP1,CANT1,1.74580294067812,1,0.37222523081436,ARCHS4_Coexpression,0.6498319025503017
XBP1,CRABP2,0.7780083697872477,1,0.3643568064875244,ARCHS4_Coexpression,0.28347264503624653
XBP1,FAM83H,-0.4690350867110139,1,0.362314993569285,ARCHS4_Coexpression,-0.16993844442547001
XBP1,PKP3,-1.5123110383454532,1,0.3585048953618452,ARCHS4_Coexpression,-0.5421709105566002
XBP1,ATP6AP1,-0.0291348954572194,1,0.3554394667848802,ARCHS4_Coexpression,-0.010355691706147292
XBP1,GNPNAT1,0.9875342535962982,1,0.3519464295549719,ARCHS4_Coexpression,0.3475591546164513
XBP1,TMED2,0.9667476738370624,2,0.3498445697668574,"ARCHS4_Coexpression,GTEx_Coexpression",0.3382114240266373
XBP1,HEATR6,-0.7671456091517777,1,0.3480102760878066,ARCHS4_Coexpression,-0.2669745552404587
XBP1,IRX3,0.96858659780917,1,0.3465565034010634,ARCHS4_Coexpression,0.33566998457787806
XBP1,CYC1,-1.899411936228938,1,0.3459848275397287,ARCHS4_Coexpression,-0.6571677111830713
XBP1,QKI,-0.5071709011222421,1,0.3368258924580047,ARCHS4_Coexpression,-0.17082829139922964
XBP1,DDR1,0.3351277650053531,1,0.3337762497702625,ARCHS4_Coexpression,0.11185768859737656
XBP1,TPD52L1,1.0003654780882816,1,0.333390927346028,ARCHS4_Coexpression,0.3335127744248048
XBP1,GORASP2,1.0827578039768193,1,0.3316434590568213,ARCHS4_Coexpression,0.35908954343164
XBP1,FKBP4,-0.861476507388307,1,0.3303058841248522,ARCHS4_Coexpression,-0.2845507594256845
XBP1,SPINT1,1.524711028713685,1,0.3293402649616362,ARCHS4_Coexpression,0.5021487341864939
XBP1,FAM83B,-1.9793895555118384,1,0.3292879501931232,ARCHS4_Coexpression,-0.6517891293681705
XBP1,TMED9,0.0019574050473133,2,0.3285225357218794,"ARCHS4_Coexpression,GTEx_Coexpression",0.0006430516695781706
XBP1,CDC42BPG,-0.6377193182387015,1,0.3265227435903666,ARCHS4_Coexpression,-0.20822986143187894
XBP1,PRMT6,-0.9909148767118376,1,0.3252887382076973,ARCHS4_Coexpression,-0.3223334499168296
XBP1,PPIB,0.9256720359529896,2,0.3534210746438655,"ARCHS4_Coexpression,Enrichr_Queries",0.3271520057142805
XBP1,RGL2,0.8668287826871082,1,0.321157406043069,ARCHS4_Coexpression,0.2783884833312628
XBP1,NRAS,0.6558865759471448,1,0.317461638254616,ARCHS4_Coexpression,0.2082188269093912
XBP1,MUC1,2.4677455615697816,1,0.310354030105384,ARCHS4_Coexpression,0.7658747803078557
XBP1,NAT1,0.4373904567099609,1,0.3090831753981298,ARCHS4_Coexpression,0.13519003124875295
XBP1,TRIM37,0.5942876969033736,1,0.3076652119082146,ARCHS4_Coexpression,0.18284165020222123
XBP1,TPD52,0.703173495799671,1,0.3073087567671201,ARCHS4_Coexpression,0.21609137278578666
XBP1,PDXDC1,1.9050360976366765,1,0.3028104739479636,ARCHS4_Coexpression,0.5768648836133411
XBP1,PPP4C,0.417457790343585,1,0.3025704433779801,ARCHS4_Coexpression,0.12631038871585037
XBP1,CCDC88A,-1.7651539465360109,1,0.3024458879018007,ARCHS4_Coexpression,-0.5338635526434514
XBP1,VPS37C,0.5232118644550598,1,0.3020079613542447,ARCHS4_Coexpression,0.15801414854042603
XBP1,LURAP1L,1.139979357436776,1,0.3018795969714664,ARCHS4_Coexpression,0.34413650897880516
XBP1,CERS2,-0.4371370722551581,1,0.3017222488857923,ARCHS4_Coexpression,-0.13189398051217738
XBP1,TMC4,1.7773129375701582,2,0.3016304034341519,"ARCHS4_Coexpression,GTEx_Coexpression",0.5360916183880244
XBP1,TMEM184A,1.82878217568334,1,0.2999191074637214,ARCHS4_Coexpression,0.5484867178765099
XBP1,GRHL2,-0.4480582442916418,1,0.2975526558851153,ARCHS4_Coexpression,-0.13332092058019984
XBP1,ERMP1,-0.2424235372064601,1,0.2969413781140925,ARCHS4_Coexpression,-0.07198557922537924
XBP1,HIPK1,0.9316974975414892,1,0.2962968222484117,ARCHS4_Coexpression,0.27605900781834064
XBP1,ELMO3,-0.6231121277580761,1,0.2942677313200641,ARCHS4_Coexpression,-0.183361792193387
XBP1,GRINA,-0.2294004992797939,1,0.2921355266141937,ARCHS4_Coexpression,-0.06701603566266154
XBP1,GNB2,0.1189909838813793,1,0.2910636343741909,ARCHS4_Coexpression,0.03463394822627503
XBP1,ZNF703,-1.4006360951147074,1,0.2903813941814153,ARCHS4_Coexpression,-0.4067186620402221
XBP1,CELSR1,1.3641161712122396,1,0.2888868685944933,ARCHS4_Coexpression,0.3940752491006136
XBP1,NPEPL1,0.7548407987423368,1,0.2856003805097787,ARCHS4_Coexpression,0.21558281934511667
XBP1,SPR,-0.3024179321621892,1,0.2839773842219245,ARCHS4_Coexpression,-0.0858798533172219
XBP1,ERBB3,2.689038075290809,1,0.2835438980443261,ARCHS4_Coexpression,0.7624603378575682
XBP1,RPN2,1.1028404396807026,2,0.30652939117579436,"ARCHS4_Coexpression,ReMap_ChIP-seq",0.33805300853937115
XBP1,SLC25A24,0.5495374723537451,1,0.2781001513006546,ARCHS4_Coexpression,0.1528264542069558
XBP1,MYO1D,1.0790406849715324,1,0.2775125654453349,ARCHS4_Coexpression,0.29944734870634143
XBP1,ERGIC1,1.9193663370561769,1,0.2770722341269084,ARCHS4_Coexpression,0.5318031191161356
XBP1,CIB1,1.4256362813563952,2,0.2768060031322626,"ARCHS4_Coexpression,GTEx_Coexpression",0.39462468096260556
XBP1,RHPN1,0.7826920145780374,1,0.2741687566558751,ARCHS4_Coexpression,0.21458969648134257
XBP1,CELSR2,-1.667774055860016,1,0.2694352332627732,ARCHS4_Coexpression,-0.44935709177024474
XBP1,ZNF664,1.6240562530799316,1,0.2601363367348665,ARCHS4_Coexpression,0.4224760443275667
XBP1,MAL2,1.6172064889307798,1,0.2590772705558553,ARCHS4_Coexpression,0.4189814430774044
XBP1,TRAM1,1.4642240118865706,1,0.2579943845492886,ARCHS4_Coexpression,0.377761572788966
XBP1,BCAM,-1.7863237508190242,1,0.2570692771245186,ARCHS4_Coexpression,-0.4592089553334052
XBP1,ZNF512B,-0.1247909887124753,2,0.2793127100591076,"ARCHS4_Coexpression,ReMap_ChIP-seq",-0.034855709248236985
XBP1,VANGL1,0.480376028068106,1,0.2518768804731602,ARCHS4_Coexpression,0.12099561540388178
XBP1,IRX5,0.8012837669313573,1,0.2477743646663774,ARCHS4_Coexpression,0.19853757626889867
XBP1,LSR,0.8393263980587992,2,0.2474279458727969,"ARCHS4_Coexpression,GTEx_Coexpression",0.20767280658850215
XBP1,KRT8,-0.81951217562982,1,0.2473542508096382,ARCHS4_Coexpression,-0.20270982023229075
XBP1,SREBF1,-0.7332762028462575,1,0.2467056185823545,ARCHS4_Coexpression,-0.18090335921490602
XBP1,JTB,1.422462421089412,2,0.2466844916756417,"ARCHS4_Coexpression,GTEx_Coexpression",0.35089941927414414
XBP1,BMP7,-2.618973635613691,1,0.2466523456617474,ARCHS4_Coexpression,-0.6459759904503914
XBP1,SDF2L1,1.6971692009108554,2,0.2684947445203646,"ARCHS4_Coexpression,Enrichr_Queries",0.45568101100639147
XBP1,RAB1B,0.8806587930368046,1,0.2422348201796084,ARCHS4_Coexpression,0.21332622437086132
XBP1,CGN,1.2218269303509068,1,0.2391204199788225,ARCHS4_Coexpression,0.29216376872694433
XBP1,SLC7A2,0.9074462192740864,1,0.2383764048638031,ARCHS4_Coexpression,0.21631376735780708
XBP1,PROM2,0.558127966099383,1,0.2343195523066581,ARCHS4_Coexpression,0.13078029514623307
XBP1,IDH2,0.9782023052966734,1,0.2333628505623557,ARCHS4_Coexpression,0.22827607839069944
XBP1,PLXNB2,1.8695049521122655,1,0.2330257083877224,ARCHS4_Coexpression,0.4356427158003157
XBP1,ARMT1,0.0563339264042959,1,0.2292764509125881,ARCHS4_Coexpression,0.0129160427119479
XBP1,EFHD1,1.3003610227428428,1,0.2283992439291322,ARCHS4_Coexpression,0.29700147442937835
XBP1,CDS1,0.9474522832228458,1,0.2226420958679018,ARCHS4_Coexpression,0.21094276207156326
XBP1,CDH1,1.4080439634535509,1,0.2224478726586022,ARCHS4_Coexpression,0.313216384280029
XBP1,GSE1,0.9253186435968316,1,0.221388806479591,ARCHS4_Coexpression,0.20485519011921657
XBP1,NCOA3,1.0214780144539988,2,0.24030576895179068,"ARCHS4_Coexpression,Enrichr_Queries",0.24546705973071653
XBP1,ALDH3B2,1.1238109207122011,1,0.2075925098337459,ARCHS4_Coexpression,0.23329472960921863
XBP1,SSH3,-0.4424640737146396,1,0.2069438450959959,ARCHS4_Coexpression,-0.09156521673134568
XBP1,ZNF532,0.0475713346214864,1,0.206640630298723,ARCHS4_Coexpression,0.009830170570335413
XBP1,SEC13,1.5533099501622047,1,0.2047405793126438,ARCHS4_Coexpression,0.3180255790483037
XBP1,SRSF9,-0.1452417779146159,1,0.2016091881362942,ARCHS4_Coexpression,-0.029282076928837657
XBP1,G6PD,-0.7117506440785267,1,0.1932556314328924,ARCHS4_Coexpression,-0.13754982014416353
XBP1,EPS8L2,0.829865898722935,1,0.1913337656892702,ARCHS4_Coexpression,0.1587813674197697
XBP1,FAM120A,1.0550330763150075,1,0.1888307667999206,ARCHS4_Coexpression,0.19922270479984203
XBP1,THEM6,1.0969372807713234,1,0.1840061755627437,ARCHS4_Coexpression,0.20184323386692682
XBP1,NET1,-0.0704095279614828,1,0.1835592557324204,ARCHS4_Coexpression,-0.012924320549080826
XBP1,ATP8B1,1.7260620929749286,1,0.1821538859066391,ARCHS4_Coexpression,0.3144089175515299
XBP1,RHOB,1.0470316537297937,2,0.19587505318542897,"ARCHS4_Coexpression,Enrichr_Queries",0.205087380861151
XBP1,SMARCD2,0.1285051838225144,1,0.1787678247752238,ARCHS4_Coexpression,0.02297259218429118
XBP1,CYB561,2.329287846792842,2,0.1771192501183818,"ARCHS4_Coexpression,GTEx_Coexpression",0.41256171673380837
XBP1,SMIM14,2.422029828840589,1,0.1761311341239234,ARCHS4_Coexpression,0.426594860635665
XBP1,SPINT2,1.332680558488414,1,0.1759350786201964,ARCHS4_Coexpression,0.23446525883326635
XBP1,TJP3,1.7728611202314402,1,0.1721880365162555,ARCHS4_Coexpression,0.3052654753086608
XBP1,TMEM30B,-0.5032464699144996,1,0.1697676643813669,ARCHS4_Coexpression,-0.08543497780555243
XBP1,SEMA3C,1.3741103027155992,1,0.1681770711615935,ARCHS4_Coexpression,0.23109384616368012
XBP1,EEF1D,-0.1194548344073069,1,0.16240358427418,ARCHS4_Coexpression,-0.019399893266625286
XBP1,TMBIM6,1.786323750819023,2,0.17580269104863694,"ARCHS4_Coexpression,Enrichr_Queries",0.314040522478079
XBP1,CLDN7,1.6283763559158166,1,0.1567143100772428,ARCHS4_Coexpression,0.25518987716344194
XBP1,PREB,0.5011566085953603,1,0.1523084390259398,ARCHS4_Coexpression,0.0763303807626932
XBP1,CLTC,2.0400906746072427,1,0.1517286369404099,ARCHS4_Coexpression,0.3095401772929982
XBP1,ESRP1,0.4959414915025183,1,0.1500942303112093,ARCHS4_Coexpression,0.07443795644646363
XBP1,DPP3,-0.3551701791588147,1,0.1494068506767665,ARCHS4_Coexpression,-0.05306485792242144
XBP1,ZNF217,0.5359293927656964,1,0.1467192503271436,ARCHS4_Coexpression,0.07863115873486427
XBP1,LMAN2,0.9274407347565664,2,0.1433153170914759,"ARCHS4_Coexpression,GTEx_Coexpression",0.13291646298518872
XBP1,APPBP2,0.5303549270092426,1,0.1432257077031597,ARCHS4_Coexpression,0.07596045975475638
XBP1,PPM1D,0.4608249391119323,1,0.1394803806415691,ARCHS4_Coexpression,0.06427603791646022
XBP1,SIAH2,0.4212294988150162,1,0.1393185796599919,ARCHS4_Coexpression,0.0586850954857983
XBP1,EMP2,1.17876104654901,1,0.1391627617576096,ARCHS4_Coexpression,0.16403964269005045
XBP1,PLEKHF2,0.4285385517657498,1,0.1354176227836045,ARCHS4_Coexpression,0.05803167195124648
XBP1,FXYD3,-0.4672364326567327,1,0.133125351619475,ARCHS4_Coexpression,-0.06220101438685669
XBP1,SLC2A4RG,-1.917915495044308,1,0.1303105847011351,ARCHS4_Coexpression,-0.24992468956659075
XBP1,SPTSSB,0.0302868178281903,1,0.1298739042135291,ARCHS4_Coexpression,0.003933467277550992
XBP1,CSDE1,0.2607256447833517,1,0.128159833721343,ARCHS4_Coexpression,0.03341455528232429
XBP1,DNAJB11,0.3753563027296253,1,0.1254095597858832,ARCHS4_Coexpression,0.047073268688179015
XBP1,FUCA2,1.8856085362934605,1,0.1246217383704175,ARCHS4_Coexpression,0.23498781367898952
XBP1,SULF2,-1.8474899741521291,1,0.122599496349965,ARCHS4_Coexpression,-0.2265013403426609
XBP1,VMP1,0.4814100710010351,1,0.1201875206679216,ARCHS4_Coexpression,0.057859482858182515
XBP1,CCDC47,0.217595099986288,1,0.1196689813449801,ARCHS4_Coexpression,0.026039383961018178
XBP1,INHBB,2.0646863475468926,1,0.1175716192316571,ARCHS4_Coexpression,0.2427485170865841
XBP1,PIEZO1,0.1629525297664608,1,0.1140962133534252,ARCHS4_Coexpression,0.018592266602714482
XBP1,ELF3,1.5889094153701444,1,0.1125853310888258,ARCHS4_Coexpression,0.17888789259960036
XBP1,AKT1,0.854157163121396,1,0.1107072293007869,ARCHS4_Coexpression,0.09456137291659003
XBP1,ARF1,0.8452363871846432,1,0.1085689417040637,ARCHS4_Coexpression,0.09176642004640294
XBP1,SH3GLB2,1.1452876210300422,1,0.1044994157809083,ARCHS4_Coexpression,0.11968188729874571
XBP1,TTC39A,2.168334953392346,1,0.1018443155051069,ARCHS4_Coexpression,0.22083258911404138
XBP1,TRPS1,0.2609638965879515,1,0.0945515711449208,ARCHS4_Coexpression,0.02467454643449145
XBP1,N4BP3,-0.7308678110891372,1,0.0936347132264207,ARCHS4_Coexpression,-0.06843459789775318
XBP1,KCTD3,1.2345558044183107,1,0.0914246409809363,ARCHS4_Coexpression,0.11286882118987508
XBP1,ADAM15,0.0692553030004576,1,0.0,ARCHS4_Coexpression,0.0
XBP1,AGR3,1.7010706586820066,1,0.0,ARCHS4_Coexpression,0.0
XBP1,ALG2,1.5784186938695766,2,0.0,"ARCHS4_Coexpression,GTEx_Coexpression",0.0
XBP1,AP1M2,1.8036208378917216,1,0.0,ARCHS4_Coexpression,0.0
XBP1,APH1A,-0.1164402608453371,1,0.0,ARCHS4_Coexpression,-0.0
XBP1,AREG,-0.2702674245245924,1,0.0,ARCHS4_Coexpression,-0.0
XBP1,ARFIP2,1.4371828166575418,2,0.0,"ARCHS4_Coexpression,GTEx_Coexpression",0.0
XBP1,ARHGEF16,-2.03276518844331,1,0.0,ARCHS4_Coexpression,-0.0
XBP1,ARRDC1,1.673351328266332,1,0.0,ARCHS4_Coexpression,0.0
XBP1,ATP2C2,0.76683657685631,1,0.0,ARCHS4_Coexpression,0.0
XBP1,BAMBI,0.2301098245136095,1,0.0,ARCHS4_Coexpression,0.0
XBP1,BICDL2,2.1517203741065165,2,0.0,"ARCHS4_Coexpression,GTEx_Coexpression",0.0
XBP1,CA12,-0.4899607259387146,1,0.0,ARCHS4_Coexpression,-0.0
XBP1,CDK2AP2,1.9121521343197816,1,0.0,ARCHS4_Coexpression,0.0
XBP1,CLDN3,2.302380307909411,1,0.0,ARCHS4_Coexpression,0.0
XBP1,COPE,0.7671456091517777,1,0.0,ARCHS4_Coexpression,0.0
XBP1,COPG1,1.9601605093292809,2,0.0,"ARCHS4_Coexpression,GTEx_Coexpression",0.0
XBP1,CORO1B,0.31885136179246,1,0.0,ARCHS4_Coexpression,0.0
XBP1,DNPEP,-1.038306809811793,2,0.0,"ARCHS4_Coexpression,Enrichr_Queries",-0.0
XBP1,EFNA1,0.2592964441951465,1,0.0,ARCHS4_Coexpression,0.0
XBP1,EPCAM,1.926681838305972,1,0.0,ARCHS4_Coexpression,0.0
XBP1,EPN3,-0.0252186394018849,1,0.0,ARCHS4_Coexpression,-0.0
XBP1,ESRP2,1.0806908944602125,1,0.0,ARCHS4_Coexpression,0.0
XBP1,ETFA,-0.7438634025839634,1,0.0,ARCHS4_Coexpression,-0.0
XBP1,FAM174B,1.9633152509361176,2,0.0,"ARCHS4_Coexpression,GTEx_Coexpression",0.0
XBP1,GALNT3,1.6585922780153906,2,0.0,"ARCHS4_Coexpression,GTEx_Coexpression",0.0
XBP1,GOLPH3,2.280131202484949,1,0.0,ARCHS4_Coexpression,0.0
XBP1,HSPB1,-1.1569009861218,2,0.0,"ARCHS4_Coexpression,Enrichr_Queries",-0.0
XBP1,ID1,-1.1889709985141808,2,0.0,"ARCHS4_Coexpression,Enrichr_Queries",-0.0
XBP1,ISOC1,0.0480324267264077,1,0.0,ARCHS4_Coexpression,0.0
XBP1,JUP,-0.926732907350043,1,0.0,ARCHS4_Coexpression,-0.0
XBP1,KRT18,0.2894260046003828,3,0.0,"ARCHS4_Coexpression,Enrichr_Queries,GTEx_Coexpression",0.0
XBP1,KRT19,-1.0450417482792147,1,0.0,ARCHS4_Coexpression,-0.0
XBP1,MYH14,2.0166705660325595,1,0.0,ARCHS4_Coexpression,0.0
XBP1,MYO5C,1.9745135275566263,2,0.0,"ARCHS4_Coexpression,GTEx_Coexpression",0.0
XBP1,NECTIN2,0.59621211630531,1,0.0,ARCHS4_Coexpression,0.0
XBP1,NIPAL2,-0.5224198428792842,1,0.0,ARCHS4_Coexpression,-0.0
XBP1,NMD3,-0.4808929852605272,1,0.0,ARCHS4_Coexpression,-0.0
XBP1,PCK2,-0.5063853916864326,1,0.0,ARCHS4_Coexpression,-0.0
XBP1,PPP1CA,-0.8354026420924788,1,0.0,ARCHS4_Coexpression,-0.0
XBP1,PRELID1,0.1380310305579468,1,0.0,ARCHS4_Coexpression,0.0
XBP1,PRR15,0.4439883765202232,1,0.0,ARCHS4_Coexpression,0.0
XBP1,PRR15L,2.3617241847802113,2,0.0,"ARCHS4_Coexpression,GTEx_Coexpression",0.0
XBP1,PTPA,0.826944959241435,1,0.0,ARCHS4_Coexpression,0.0
XBP1,RAB11FIP1,1.66500476468835,1,0.0,ARCHS4_Coexpression,0.0
XBP1,RAB25,0.4531560458235339,1,0.0,ARCHS4_Coexpression,0.0
XBP1,RHBDD3,0.8041441409242062,1,0.0,ARCHS4_Coexpression,0.0
XBP1,RPN1,2.111531095066008,2,0.0,"ARCHS4_Coexpression,Enrichr_Queries",0.0
XBP1,RPS6KB1,0.8857607952238928,1,0.0,ARCHS4_Coexpression,0.0
XBP1,SCAMP2,1.73325661156733,1,0.0,ARCHS4_Coexpression,0.0
XBP1,SEC16A,1.7739707814895211,2,0.0,"ARCHS4_Coexpression,GTEx_Coexpression",0.0
XBP1,SERP1,1.9712887363563336,3,0.0,"ARCHS4_Coexpression,Enrichr_Queries,GTEx_Coexpression",0.0
XBP1,SLC25A1,0.926732907350043,1,0.0,ARCHS4_Coexpression,0.0
XBP1,SLC25A10,0.2899063034661992,1,0.0,ARCHS4_Coexpression,0.0
XBP1,SLC39A6,1.1470642305516796,1,0.0,ARCHS4_Coexpression,0.0
XBP1,SLC44A4,2.1311955401112264,1,0.0,ARCHS4_Coexpression,0.0
XBP1,ST14,0.9186260024947568,1,0.0,ARCHS4_Coexpression,0.0
XBP1,TC2N,2.1201697587379345,2,0.0,"ARCHS4_Coexpression,GTEx_Coexpression",0.0
XBP1,TMED10,1.7750826314329924,2,0.0,"ARCHS4_Coexpression,GTEx_Coexpression",0.0
XBP1,TMEM64,-0.4605688747210659,1,0.0,ARCHS4_Coexpression,-0.0
XBP1,TSKU,-0.9826709605094672,1,0.0,ARCHS4_Coexpression,-0.0
XBP1,TSPAN1,1.186639685991463,1,0.0,ARCHS4_Coexpression,0.0
XBP1,TSPAN15,1.7415903211865589,1,0.0,ARCHS4_Coexpression,0.0
XBP1,TXNDC11,1.7040138353381915,2,0.0,"ARCHS4_Coexpression,GTEx_Coexpression",0.0
XBP1,YIF1A,1.0053152752619163,1,0.0,ARCHS4_Coexpression,0.0
XBP1,ZBTB42,1.168216767788322,2,0.0,"ARCHS4_Coexpression,GTEx_Coexpression",0.0
XBP1,HSP90AB1,-1.700092866448084,2,1.0,"Enrichr_Queries,ReMap_ChIP-seq",-1.700092866448084
XBP1,VSIG2,2.3887892435059044,1,0.8143566630883301,Enrichr_Queries,1.9453264371627648
XBP1,HERPUD1,1.277114625036774,2,0.7360039429933537,"Enrichr_Queries,GTEx_Coexpression",0.9399613996815441
XBP1,CST3,2.9208264206728582,1,0.7603943158362144,Enrichr_Queries,2.220979807823877
XBP1,MARCKSL1,1.78518945045724,1,0.7100419939666613,Enrichr_Queries,1.267559477010907
XBP1,DNAJB9,1.282337178222971,2,0.6449328113982162,"Enrichr_Queries,GTEx_Coexpression",0.8270213215117962
XBP1,CTSC,2.343400363171229,1,0.6462237509449735,Enrichr_Queries,1.5143609726543248
XBP1,HSPA8,0.0851924333017882,2,0.6427730511502476,"Enrichr_Queries,ReMap_ChIP-seq",0.054759400288304366
XBP1,PCNA,-1.9633152509361176,1,0.6120538736682664,Enrichr_Queries,-1.2016547045674353
XBP1,GPX4,-0.4739248273714576,1,0.6051612141594089,Enrichr_Queries,-0.28680092395239953
XBP1,PRDX1,-1.292888546028923,1,0.5901565568463265,Enrichr_Queries,-0.7630066527104825
XBP1,ATP5F1B,-1.8130711097897376,1,0.5797748627376346,Enrichr_Queries,-1.051173053811916
XBP1,IDH1,2.1223543494495356,1,0.5790950005885914,Enrichr_Queries,1.2290447932436783
XBP1,TOP2A,-1.8106933516390455,1,0.5756164596854664,Enrichr_Queries,-1.0422648966464787
XBP1,RAN,-1.532116053949307,1,0.5698552490239633,Enrichr_Queries,-0.8730843754568944
XBP1,NUPR1,-1.5913553449315034,1,0.569414761170766,Enrichr_Queries,-0.9061412236719939
XBP1,HSPA9,-1.7597123448294707,1,0.5665170420580653,Enrichr_Queries,-0.996907032465854
XBP1,HSPD1,-1.7199656974408617,1,0.5651113675853618,Enrichr_Queries,-0.971972167480716
XBP1,ENO1,-1.831239736888118,2,0.562892285368141,"Enrichr_Queries,ReMap_ChIP-seq",-1.0307907205539057
XBP1,ACTN1,-1.7673452979971729,1,0.5613218764953547,Enrichr_Queries,-0.992049579087015
XBP1,TUBA1B,-1.4149030542727927,1,0.5576986479773878,Enrichr_Queries,-0.789089520387013
XBP1,S100A11,-0.7622098425800599,1,0.5542244079980024,Enrichr_Queries,-0.4224352987741843
XBP1,FLNB,1.1461754735757133,2,0.5525944736103603,"Enrichr_Queries,ReMap_ChIP-seq",0.6333702324856767
XBP1,BAG3,-1.6971692009108554,2,0.5444855311201385,"Enrichr_Queries,ReMap_ChIP-seq",-0.9240840737586882
XBP1,RRM2,-1.399408899650686,1,0.5410388614689218,Enrichr_Queries,-0.7571345977964837
XBP1,TIMP1,1.4230960468357408,1,0.5081200126966733,Enrichr_Queries,0.7231035813867621
XBP1,TRAF3,-0.4946398225877595,1,0.4973274488636964,Enrichr_Queries,-0.24599796107396182
XBP1,LY6E,1.5441418457947975,1,0.4952271059739195,Enrichr_Queries,0.7647008975061839
XBP1,LRIG1,0.3867470233259135,1,0.4785266048127518,Enrichr_Queries,0.1850687399935875
XBP1,CCN2,-1.2565645839295845,1,0.4771532277455855,Enrichr_Queries,-0.5995738470927899
XBP1,HOOK1,-1.032010785887923,1,0.4762407839486017,Enrichr_Queries,-0.491485625714677
XBP1,HNRNPA2B1,-0.5981387462518435,1,0.4741247148499082,Enrichr_Queries,-0.2835923625073369
XBP1,MRPS7,-0.6136328517438482,1,0.4686315722100346,Enrichr_Queries,-0.2875677280724466
XBP1,TXNIP,-1.5130340296440827,1,0.4598455669420922,Enrichr_Queries,-0.6957619911643615
XBP1,CDKN1A,-0.69230472936096,2,0.4590690907080516,"Enrichr_Queries,ReMap_ChIP-seq",-0.31781570260061964
XBP1,MTCH1,-0.5608209342022142,2,0.4557423390988303,"Enrichr_Queries,ReMap_ChIP-seq",-0.2555898443689083
XBP1,NFE2L2,-1.8399294588258464,1,0.4488981482376271,Enrichr_Queries,-0.8259409269547817
XBP1,HSPH1,-0.8498535326424622,1,0.4474224791744034,Enrichr_Queries,-0.3802435745100152
XBP1,S100A10,-1.380650943911461,1,0.4471630435005592,Enrichr_Queries,-0.6173760780913687
XBP1,PHGDH,-1.6441859204843676,1,0.4469468078980476,Enrichr_Queries,-0.7348636487514012
XBP1,CD81,-0.4149466165621812,1,0.4461191881049551,Enrichr_Queries,-0.18511564768761837
XBP1,SLC2A1,-1.383044064608321,1,0.4457092742400929,Enrichr_Queries,-0.6164355662786429
XBP1,TGFBI,-2.388789243505905,1,0.4454345372213814,Enrichr_Queries,-1.0640492312004663
XBP1,CIRBP,-0.9871593252395924,1,0.4387194240220752,Enrichr_Queries,-0.4330859705871344
XBP1,EIF5,-1.3764819070934755,1,0.4353121209223421,Enrichr_Queries,-0.5991992583880911
XBP1,BNIP3,-0.0833436179720249,1,0.431725599725475,Enrichr_Queries,-0.03598157345226333
XBP1,ARF4,1.25453860702649,1,0.430766890868516,Enrichr_Queries,0.5404136952233201
XBP1,GPX1,-0.8711958583356383,1,0.4301536626807313,Enrichr_Queries,-0.3747480893753583
XBP1,GSTP1,0.0824193175204582,1,0.4220111151591262,Enrichr_Queries,0.03478186809746267
XBP1,CXXC1,-0.2614404446552888,1,0.4166702710688068,Enrichr_Queries,-0.10893446094286857
XBP1,HSP90AA1,-0.50533853148948,1,0.4137109420822103,Enrichr_Queries,-0.2090640799329535
XBP1,PSAT1,-2.066630886846788,1,0.4134881057041096,Enrichr_Queries,-0.8545272905918825
XBP1,ISG20,1.9926275071116537,1,0.413112828673702,Enrichr_Queries,0.8231799859559226
XBP1,LGALS1,-1.6733513282663317,1,0.4069313448028376,Enrichr_Queries,-0.6809391063390329
XBP1,LONP1,0.5844251453073703,1,0.4034911920371938,Enrichr_Queries,0.23581039853658106
XBP1,ANXA2,-1.0207023128943198,1,0.396784548546845,Enrichr_Queries,-0.4049989064224932
XBP1,PDPK1,0.3161872848420144,1,0.393163684942774,Enrichr_Queries,0.12431335804053689
XBP1,PGK1,-1.6362300184335887,1,0.386167495732278,Enrichr_Queries,-0.631858848660478
XBP1,PRKCSH,-0.1074027746657395,2,0.3817308811148606,"Enrichr_Queries,ReMap_ChIP-seq",-0.040998955807333565
XBP1,DYNLL1,-0.0245275772519004,1,0.3788821721210621,Enrichr_Queries,-0.009293061746067175
XBP1,ZFP36L2,-1.9281573808785144,1,0.3744672808380904,Enrichr_Queries,-0.7220318514454714
XBP1,KPNA2,-1.2380171758103,1,0.371663876425268,Enrichr_Queries,-0.4601262626427186
XBP1,EIF4A2,-0.7441671168887296,1,0.3704006216928294,Enrichr_Queries,-0.27563996273894587
XBP1,SLC22A5,0.5295599224407913,1,0.3656196129995832,Enrichr_Queries,0.1936174939028914
XBP1,PPP1R15A,-0.487884571831808,2,0.3651224788503734,"Enrichr_Queries,ReMap_ChIP-seq",-0.1781376242600828
XBP1,APP,-0.2983224766462067,1,0.3637306855235803,Enrichr_Queries,-0.10850903893761704
XBP1,SERPINE2,-2.038249029531669,1,0.3605833354541598,Enrichr_Queries,-0.7349586335547336
XBP1,ALDOA,-1.140861836317384,1,0.3551627649280543,Enrichr_Queries,-0.4051916441873794
XBP1,TUBA1A,0.2621553781322931,1,0.3499022753038834,Enrichr_Queries,0.09172876329163929
XBP1,GLRX,1.1212165842196176,1,0.3496352571117224,Enrichr_Queries,0.3920168487015531
XBP1,CLIC4,1.0367289508072643,1,0.3437007209610327,Enrichr_Queries,0.3563244878336318
XBP1,GLUL,-1.3254399798805976,1,0.3432631151291772,Enrichr_Queries,-0.45497465641056783
XBP1,KLF10,-1.3548328074206435,1,0.3427463206276569,Enrichr_Queries,-0.4643639598090644
XBP1,RPS11,-0.6329290559660967,2,0.3399749484938296,"Enrichr_Queries,ReMap_ChIP-seq",-0.2151800232023219
XBP1,IGFBP4,-1.785189450457241,1,0.3348179242024922,Enrichr_Queries,-0.5977134261102812
XBP1,DUSP12,-1.0538285609539253,1,0.3336946323979921,Enrichr_Queries,-0.3516569342580251
XBP1,PLK2,1.3450955008916856,1,0.3307228236714039,Enrichr_Queries,0.44485378216259963
XBP1,PRNP,-2.458183740894816,1,0.3302527452228763,Enrichr_Queries,-0.8118219286927527
XBP1,SH3BGRL3,-1.3100764963758371,1,0.3299189242823144,Enrichr_Queries,-0.43221902841185955
XBP1,VEGFA,0.7459908466325816,1,0.3297113026891874,Enrichr_Queries,0.2459616138374383
XBP1,TAGLN2,-0.5237400612058302,1,0.326051700041743,Enrichr_Queries,-0.17076633733612745
XBP1,PKM,-1.6668495380009305,1,0.3246697773650452,Enrichr_Queries,-0.5411756684037906
XBP1,MYL12A,-0.8230613117940143,1,0.3233116064843532,Enrichr_Queries,-0.26610527495124187
XBP1,EIF4A1,-1.0414703080534038,1,0.3168338439373325,Enrichr_Queries,-0.32997304104715774
XBP1,DNAJA1,-0.1659869722707192,1,0.3157542168461623,Enrichr_Queries,-0.0524110864360066
XBP1,PPIA,-0.8143681419259586,1,0.3119927960605256,Enrichr_Queries,-0.2540769936220948
XBP1,GRN,0.4982866166769531,1,0.303434750832289,Enrichr_Queries,0.15119747537443556
XBP1,DNAJB1,-0.5150433357584971,2,0.3024250679333877,"Enrichr_Queries,ReMap_ChIP-seq",-0.1557620158054021
XBP1,DUSP5,0.7530049402507445,1,0.3005747345389394,Enrichr_Queries,0.22633426002237744
XBP1,MTHFD2,0.3302600306459414,1,0.2990172307115002,Enrichr_Queries,0.09875343977844458
XBP1,RPL4,-1.1225128080703055,1,0.2949584398160433,Enrichr_Queries,-0.331094626541943
XBP1,TPI1,-1.5487096260981874,1,0.2946798960265214,Enrichr_Queries,-0.4563735915938867
XBP1,BCL6,0.7511716161681746,1,0.2888974133262142,Enrichr_Queries,0.21701153687505748
XBP1,CSTB,0.4695492664443831,1,0.2826204614181511,Enrichr_Queries,0.13270423034106593
XBP1,CEBPB,0.1844610066282686,1,0.2797520859143458,Enrichr_Queries,0.0516033513741181
XBP1,TUBB2A,1.0939999869763262,1,0.2786224610137648,Enrichr_Queries,0.30481296872037067
XBP1,UBC,-0.5975880542740535,1,0.2780104537388546,Enrichr_Queries,-0.16613572611764887
XBP1,HIF1A,-1.8202665691419668,1,0.2766328495705216,Enrichr_Queries,-0.5035455279996991
XBP1,EIF1,-0.8028720526578036,1,0.2763879287332562,Enrichr_Queries,-0.22190414367190814
XBP1,ITM2B,-1.26216278770942,1,0.276242024563518,Enrichr_Queries,-0.3486624038055839
XBP1,PRSS23,-0.4282861362282227,1,0.2707969521200445,Enrichr_Queries,-0.11597858032587288
XBP1,FTH1,0.8950029993923013,1,0.2662101296323652,Enrichr_Queries,0.2382588644895802
XBP1,CTDSP2,-0.6676393965740038,1,0.266018095161354,Enrichr_Queries,-0.1776041605312923
XBP1,SLC25A5,-1.9341019262243964,1,0.2659790894348547,Enrichr_Queries,-0.5144306692113635
XBP1,AHNAK,0.0143931719216139,1,0.2648260477014851,Enrichr_Queries,0.0038116868338889985
XBP1,SOX4,1.15735077497897,1,0.2586807575684981,Enrichr_Queries,0.2993843752440484
XBP1,FTL,0.1273443098144878,1,0.2556177660353597,Enrichr_Queries,0.0325514679920941
XBP1,TPT1,1.0114413545268122,1,0.2545739088437336,Enrichr_Queries,0.2574865791880911
XBP1,EEF1A1,0.0332820079037613,1,0.2533179556328244,Enrichr_Queries,0.008430930201536315
XBP1,SPARC,-0.9196799959623426,1,0.2531622334296974,Enrichr_Queries,-0.23282824181844175
XBP1,ID2,0.6003433315577802,1,0.2530581124077307,Enrichr_Queries,0.15192175028058028
XBP1,SQSTM1,-0.1823533079311691,1,0.2530127680699016,Enrichr_Queries,-0.04613771520636823
XBP1,CITED2,0.7090831922070038,1,0.2525312543872398,Enrichr_Queries,0.1790656679929429
XBP1,SOCS2,1.1645794865972054,1,0.2490423468596584,Enrichr_Queries,0.29002960844678416
XBP1,ATP1B1,1.2626736796030549,1,0.2472669926906941,Enrichr_Queries,0.3122175235051404
XBP1,CTSD,-0.4902203935767478,1,0.2466559237570919,Enrichr_Queries,-0.12091576402223789
XBP1,NR4A1,0.8108440857982315,1,0.2455160140183528,Enrichr_Queries,0.19907520793553707
XBP1,SLC3A2,-1.5673119194662024,1,0.2453238675653997,Enrichr_Queries,-0.38449902176479905
XBP1,CLIC1,0.2173593065181944,1,0.2435768272930747,Enrichr_Queries,0.05294369026432472
XBP1,GNPDA1,-2.6723010643741394,1,0.2387567792729077,Enrichr_Queries,-0.6380299953775327
XBP1,NFKBIZ,1.0761598674673785,1,0.2382542657336059,Enrichr_Queries,0.2563996790354149
XBP1,DSTN,1.5736348657007055,1,0.2331713813883769,Enrichr_Queries,0.36692661543634647
XBP1,CD74,2.165924589648916,1,0.2258925355397079,Enrichr_Queries,0.48926619734359494
XBP1,CD9,-1.687526977387611,1,0.2225996729116391,Enrichr_Queries,-0.3756429531960492
XBP1,LAPTM4A,-0.7087871202131668,1,0.218810181821632,Enrichr_Queries,-0.15508983864667397
XBP1,DUSP6,-0.3065184663724568,1,0.2153641248012845,Enrichr_Queries,-0.06601308124573611
XBP1,PDCD4,-0.1898510957333299,2,0.19585122651953796,"Enrichr_Queries,GTEx_Coexpression",-0.03718256995545088
XBP1,TSC22D1,-1.564173805537599,1,0.210751845213138,Enrichr_Queries,-0.3296525157511051
XBP1,MANF,1.1395384507339714,1,0.1916424456994268,Enrichr_Queries,0.21838393566719405
XBP1,KLF4,0.0607168028188406,1,0.1910951747240433,Enrichr_Queries,0.01160268804335163
XBP1,IER3,-0.2865456087931836,1,0.1909614583010067,Enrichr_Queries,-0.0547191673248961
XBP1,ACTB,-0.3510035723624316,1,0.1907747486293541,Enrichr_Queries,-0.0669626182854482
XBP1,YWHAZ,0.2471692831953198,1,0.1859420146580486,Enrichr_Queries,0.04595915447892352
XBP1,GDF15,0.7381057979304039,1,0.1853239353460018,Enrichr_Queries,0.13678867117416324
XBP1,NFIL3,-0.4197200992778895,1,0.1840555291918607,Enrichr_Queries,-0.07725180498505226
XBP1,JUND,0.2887056814316432,1,0.1793509880286655,Enrichr_Queries,0.05177964921425436
XBP1,GADD45A,-1.3068242914318642,1,0.1791450573277805,Enrichr_Queries,-0.23411111260589743
XBP1,DDIT4,-0.2733737663949255,1,0.1767192109460024,Enrichr_Queries,-0.048310396290648025
XBP1,RPS19,-1.2667727341774069,1,0.1765773292692389,Enrichr_Queries,-0.223683346192138
XBP1,SARAF,1.624917849660246,1,0.1760504712487479,Enrichr_Queries,0.28606755317318844
XBP1,SQLE,1.6837136429038082,1,0.1743576159697931,Enrichr_Queries,0.29356829675252355
XBP1,MYH9,-0.5208367816936565,1,0.1710453200540831,Enrichr_Queries,-0.08908669402073009
XBP1,ZFP36L1,0.5890753195527104,1,0.1677416611551025,Enrichr_Queries,0.09881247264724448
XBP1,ANXA1,-0.5420539359435409,1,0.1660142578092304,Enrichr_Queries,-0.08998868186823906
XBP1,PFN1,-0.5375251533311055,1,0.1631035831714357,Enrichr_Queries,-0.08767227855307869
XBP1,TFRC,-0.7603637133361183,1,0.1630888096324671,Enrichr_Queries,-0.12400681289570999
XBP1,BTG1,0.036738369221486,1,0.1628336763986432,Enrichr_Queries,0.005982243725225326
XBP1,INSIG1,1.20547440946564,1,0.1591996516097646,Enrichr_Queries,0.19191110601141662
XBP1,TIMP2,1.0168329817256212,1,0.1527678556201149,Enrichr_Queries,0.15533939414203066
XBP1,CAV1,-0.6598894750481583,1,0.1474382043848926,Enrichr_Queries,-0.09729291929358985
XBP1,CCND2,-2.3089517954692407,1,0.1435213069694504,Enrichr_Queries,-0.3313837794152045
XBP1,STAT1,0.5909938000756667,1,0.1396994270890498,Enrichr_Queries,0.08256149528375108
XBP1,HOOK2,-0.1592198869618204,1,0.1364065644609808,Enrichr_Queries,-0.02171863777432763
XBP1,LITAF,0.9693230851458614,1,0.1363892904275221,Enrichr_Queries,0.13220528777806062
XBP1,HMOX1,1.0359409884011386,1,0.135945964195362,Enrichr_Queries,0.1408319965176891
XBP1,CRELD2,1.5225057451129045,1,0.1252573210112303,Enrichr_Queries,0.19070499085704945
XBP1,ID3,-0.6298372026838343,1,0.124087335785026,Enrichr_Queries,-0.07815482045933042
XBP1,TSPO,-1.7739707814895211,1,0.1224232343761453,Enrichr_Queries,-0.2171752407587253
XBP1,RGS2,-0.7165053336755564,1,0.1200127356723537,Enrichr_Queries,-0.08598976521823613
XBP1,IFITM2,-0.1727616673303222,1,0.118779034638229,Enrichr_Queries,-0.020520464067986535
XBP1,GNAS,1.3371712527323174,1,0.1171481764086881,Enrichr_Queries,0.156647173803712
XBP1,S100A9,0.1592198869618204,1,0.1161384301183841,Enrichr_Queries,0.018491547715372394
XBP1,NPM1,-2.3617241847802104,1,0.1157813685112667,Enrichr_Queries,-0.2734436581600085
XBP1,LGALS3BP,0.1071711627100454,1,0.1142396610250758,Enrichr_Queries,0.01224319729965883
XBP1,ATF3,0.2990448386399649,1,0.1138090008399182,Enrichr_Queries,0.03403399429194897
XBP1,SLC38A1,-0.2006480070141092,1,0.1127406487310901,Enrichr_Queries,-0.022621186477370988
XBP1,MT2A,0.4368837158630568,1,0.1114434268589451,Enrichr_Queries,0.04868781843464872
XBP1,HSP90B1,0.0787228117959921,1,0.1113354641498281,Enrichr_Queries,0.008764640790486344
XBP1,KLF6,0.7414361528092668,1,0.1112167051697994,Enrichr_Queries,0.08246008600921856
XBP1,LDHA,-1.177838949269853,1,0.1108745213791734,Enrichr_Queries,-0.13059232976204346
XBP1,IFITM3,-0.1741643086153841,1,0.1075546100765503,Enrichr_Queries,-0.018732174302379608
XBP1,YBX1,-1.4199336111095564,1,0.1071119629691706,Enrichr_Queries,-0.15209187637184748
XBP1,RPS24,-0.1610859278202266,1,0.1057797031386667,Enrichr_Queries,-0.01703962162464026
XBP1,CFL1,-0.4633872490411423,1,0.1052118192887112,Enrichr_Queries,-0.04875381550680968
XBP1,SOCS3,-0.5522176180971216,1,0.1048758885557186,Enrichr_Queries,-0.05791431337405809
XBP1,ACTG1,-1.2693454897686964,1,0.0,Enrichr_Queries,-0.0
XBP1,ANXA5,0.8501840218750526,1,0.0,Enrichr_Queries,0.0
XBP1,ARID5B,-1.065943370041072,1,0.0,Enrichr_Queries,-0.0
XBP1,ASNS,0.2509698870163931,1,0.0,Enrichr_Queries,0.0
XBP1,ATF4,0.2072314297573863,1,0.0,Enrichr_Queries,0.0
XBP1,B2M,0.7683824717822845,1,0.0,Enrichr_Queries,0.0
XBP1,BTG2,-0.6748511705827548,1,0.0,Enrichr_Queries,-0.0
XBP1,CALR,0.5907195983833201,1,0.0,Enrichr_Queries,0.0
XBP1,CCN1,-0.5137290578660062,1,0.0,Enrichr_Queries,-0.0
XBP1,CCND1,-0.6031031739405806,1,0.0,Enrichr_Queries,-0.0
XBP1,CD44,-2.018433201728075,1,0.0,Enrichr_Queries,-0.0
XBP1,CEBPD,-0.1767367099115387,1,0.0,Enrichr_Queries,-0.0
XBP1,CLU,1.7684441638680002,1,0.0,Enrichr_Queries,0.0
XBP1,CTSB,-0.4313169297670174,1,0.0,Enrichr_Queries,-0.0
XBP1,DDIT3,-0.7191869751883772,1,0.0,Enrichr_Queries,-0.0
XBP1,DDOST,0.0473407923678274,2,0.0,"Enrichr_Queries,GTEx_Coexpression",0.0
XBP1,DPYSL2,1.4682721345295116,1,0.0,Enrichr_Queries,0.0
XBP1,DUSP4,2.219416104488567,2,0.0,"Enrichr_Queries,GTEx_Coexpression",0.0
XBP1,EEF1B2,-0.5816956469261695,1,0.0,Enrichr_Queries,-0.0
XBP1,EEF2,-0.493078925167762,1,0.0,Enrichr_Queries,-0.0
XBP1,EGR1,-0.2779185631896918,1,0.0,Enrichr_Queries,-0.0
XBP1,EMP1,-0.8009663523333204,1,0.0,Enrichr_Queries,-0.0
XBP1,ERRFI1,-0.9946844564841107,1,0.0,Enrichr_Queries,-0.0
XBP1,ETS2,-1.3693901417693235,1,0.0,Enrichr_Queries,-0.0
XBP1,FASN,1.2198861454764065,1,0.0,Enrichr_Queries,0.0
XBP1,FOS,0.1222384809210914,1,0.0,Enrichr_Queries,0.0
XBP1,FOSL2,-0.3654908148096578,1,0.0,Enrichr_Queries,-0.0
XBP1,GADD45B,0.5492696750773282,1,0.0,Enrichr_Queries,0.0
XBP1,GAPDH,-1.5594953193412622,1,0.0,Enrichr_Queries,-0.0
XBP1,HMGCS1,1.4669200883893485,1,0.0,Enrichr_Queries,0.0
XBP1,HSPA5,0.4202231260454272,1,0.0,Enrichr_Queries,0.0
XBP1,ICAM1,0.7643669488982439,1,0.0,Enrichr_Queries,0.0
XBP1,IER2,0.4478036607121402,1,0.0,Enrichr_Queries,0.0
XBP1,IGFBP3,-1.295016164831945,1,0.0,Enrichr_Queries,-0.0
XBP1,IRF1,0.6917195632771882,1,0.0,Enrichr_Queries,0.0
XBP1,ITM2C,0.2774398947409313,1,0.0,Enrichr_Queries,0.0
XBP1,JUN,-0.1505965506463836,1,0.0,Enrichr_Queries,-0.0
XBP1,JUNB,-0.798746705065758,1,0.0,Enrichr_Queries,-0.0
XBP1,KLF9,0.2997673567111052,1,0.0,Enrichr_Queries,0.0
XBP1,LDLR,0.5224198428792841,1,0.0,Enrichr_Queries,0.0
XBP1,LGALS3,1.584853865097673,1,0.0,Enrichr_Queries,0.0
XBP1,MAT2A,-0.3387837777123698,1,0.0,Enrichr_Queries,-0.0
XBP1,MCL1,0.1350093249318887,1,0.0,Enrichr_Queries,0.0
XBP1,MLF2,-0.4089304240070537,1,0.0,Enrichr_Queries,-0.0
XBP1,MRPS12,-1.133388866150011,1,0.0,Enrichr_Queries,-0.0
XBP1,MYC,-1.8708284980429213,1,0.0,Enrichr_Queries,-0.0
XBP1,NDRG1,-1.0526255726100906,1,0.0,Enrichr_Queries,-0.0
XBP1,NFKBIA,-0.4685210309516254,1,0.0,Enrichr_Queries,-0.0
XBP1,NPC2,0.8898590567627203,1,0.0,Enrichr_Queries,0.0
XBP1,PABPC1,-1.1028404396807026,1,0.0,Enrichr_Queries,-0.0
XBP1,PDIA4,1.1773782759600149,1,0.0,Enrichr_Queries,0.0
XBP1,PDIA6,0.2067608906793094,1,0.0,Enrichr_Queries,0.0
XBP1,PHLDA1,-0.8915710827274566,1,0.0,Enrichr_Queries,-0.0
XBP1,PMAIP1,-0.6064210617843341,1,0.0,Enrichr_Queries,-0.0
XBP1,RACK1,-0.8604757019997449,1,0.0,Enrichr_Queries,-0.0
XBP1,RPL10A,-1.186174196822399,1,0.0,Enrichr_Queries,-0.0
XBP1,RPL12,-0.5492696750773279,1,0.0,Enrichr_Queries,-0.0
XBP1,RPL13A,-0.6949409172088942,1,0.0,Enrichr_Queries,-0.0
XBP1,RPL18,-0.1424496455262613,1,0.0,Enrichr_Queries,-0.0
XBP1,RPL19,-0.2903866692189489,1,0.0,Enrichr_Queries,-0.0
XBP1,RPL3,-1.0522249148632945,1,0.0,Enrichr_Queries,-0.0
XBP1,RPL35,-0.7780083697872477,1,0.0,Enrichr_Queries,-0.0
XBP1,RPL7A,-0.3378084001537819,1,0.0,Enrichr_Queries,-0.0
XBP1,RPL8,-0.3937050592549817,1,0.0,Enrichr_Queries,-0.0
XBP1,RPLP0,0.1062447722497721,1,0.0,Enrichr_Queries,0.0
XBP1,RPS14,-0.3275861159655258,1,0.0,Enrichr_Queries,-0.0
XBP1,RPS2,-1.4130257953787533,1,0.0,Enrichr_Queries,-0.0
XBP1,RPS3,-0.7242664680590326,1,0.0,Enrichr_Queries,-0.0
XBP1,RPS5,-0.6978756910056296,1,0.0,Enrichr_Queries,-0.0
XBP1,RPS9,-0.8182241381176893,1,0.0,Enrichr_Queries,-0.0
XBP1,S100A6,1.2252344219011295,1,0.0,Enrichr_Queries,0.0
XBP1,SDC4,1.2030966884164949,1,0.0,Enrichr_Queries,0.0
XBP1,SERPINB8,-0.531945942961324,1,0.0,Enrichr_Queries,-0.0
XBP1,SGK1,-0.6984633669324074,1,0.0,Enrichr_Queries,-0.0
XBP1,SLC38A2,-0.9819248230293232,1,0.0,Enrichr_Queries,-0.0
XBP1,SLC7A5,0.3237009566945252,1,0.0,Enrichr_Queries,0.0
XBP1,SOD2,0.304829390817024,1,0.0,Enrichr_Queries,0.0
XBP1,STAT3,1.1439575324707825,1,0.0,Enrichr_Queries,0.0
XBP1,THBS1,-0.5792427988206743,1,0.0,Enrichr_Queries,-0.0
XBP1,TNFRSF12A,-0.4265199902078169,1,0.0,Enrichr_Queries,-0.0
XBP1,TOB1,0.8350762430850661,1,0.0,Enrichr_Queries,0.0
XBP1,TRIB1,-0.2284549117479702,1,0.0,Enrichr_Queries,-0.0
XBP1,TSC22D3,-0.0692553030004576,1,0.0,Enrichr_Queries,-0.0
XBP1,TUBA1C,-1.111767934379153,1,0.0,Enrichr_Queries,-0.0
XBP1,VIM,1.2849616206254482,1,0.0,Enrichr_Queries,0.0
XBP1,ZFP36,0.3593429610932167,1,0.0,Enrichr_Queries,0.0
XBP1,KCTD14,2.029142974045665,2,0.734511305571141,"GTEx_Coexpression,ReMap_ChIP-seq",1.490428455056789
XBP1,SSR4,2.9048082266126145,1,0.62008324781104,GTEx_Coexpression,1.8012229194261773
XBP1,SEL1L3,3.061152302919879,1,0.6064839585712114,GTEx_Coexpression,1.8565397664642282
XBP1,CREB3L1,1.7829277157965902,1,0.5553204208749127,GTEx_Coexpression,0.9900961695257092
XBP1,PYCR1,1.641522397919624,1,0.5521821970247774,GTEx_Coexpression,0.906419444148639
XBP1,CFTR,2.2709314934997145,1,0.519986842622929,GTEx_Coexpression,1.1808544971178891
XBP1,BACE2,2.041939265078605,1,0.5013102584410364,GTEx_Coexpression,1.0236451006974554
XBP1,EIF3D,-1.654958406884638,1,0.4956887791379114,GTEx_Coexpression,-0.8203443122326689
XBP1,FKBP11,1.8178576144691208,1,0.4815792873895156,GTEx_Coexpression,0.875442574551644
XBP1,GALNT7,1.79317829872516,1,0.4783196287828757,GTEx_Coexpression,0.8577123781877272
XBP1,HSD17B8,-1.071650827203848,1,0.4730068064216842,GTEx_Coexpression,-0.5068981353748483
XBP1,TBC1D30,2.051288488831072,1,0.4437325250530084,GTEx_Coexpression,0.9102234207611815
XBP1,ANAPC5,-0.6993453334277081,1,0.4312451518334099,GTEx_Coexpression,-0.30158928449801864
XBP1,ICA1,2.572193131927818,1,0.4292866536458191,GTEx_Coexpression,1.1042081821360519
XBP1,INTS10,-0.7011109007749599,1,0.4149835387906345,GTEx_Coexpression,-0.29094948268828225
XBP1,SEC11C,2.503115993349681,1,0.396779693654863,GTEx_Coexpression,0.9931855970238744
XBP1,INSR,1.7049981822697169,1,0.3944281500784947,GTEx_Coexpression,0.6724992789198405
XBP1,ZNF33B,0.0918968773997411,1,0.3926041000219218,GTEx_Coexpression,0.03607909084635024
XBP1,TPST2,-1.5188466420170583,1,0.3918616605502831,GTEx_Coexpression,-0.5951777672620259
XBP1,FANCF,0.1361713720159817,1,0.386539663949384,GTEx_Coexpression,0.052635636378584115
XBP1,ANXA4,-0.2350783656133797,1,0.376488865166334,GTEx_Coexpression,-0.08850438709493788
XBP1,SLC44A3,1.2311091614806742,1,0.3704223320813173,GTEx_Coexpression,0.4560303266423464
XBP1,TM7SF3,-1.2296364964140118,1,0.368985812498843,GTEx_Coexpression,-0.4537184217075548
XBP1,SLC39A7,1.9462002956938824,1,0.3593385893262917,GTEx_Coexpression,0.6993448688010515
XBP1,ARPIN,0.6682150574302168,1,0.3537446306696819,GTEx_Coexpression,0.23637748869857234
XBP1,COASY,-0.3914664845148787,1,0.3521286949493996,GTEx_Coexpression,-0.13784658230865357
XBP1,LGR4,-1.3149809441984983,1,0.3463169161645004,GTEx_Coexpression,-0.4554001454099069
XBP1,VAV2,-0.6513246622309093,1,0.3408323360016285,GTEx_Coexpression,-0.22199250612363247
XBP1,SIDT2,0.2242022816921601,1,0.338841826334525,GTEx_Coexpression,0.07596911059693917
XBP1,FOXA1,0.3224878485235738,1,0.3381481042739315,GTEx_Coexpression,0.10904865462962526
XBP1,LINC00339,0.1786082810879199,1,0.3351000462323429,GTEx_Coexpression,0.059851643250041255
XBP1,PDCD2,-0.6343364447082752,1,0.3296572518975686,GTEx_Coexpression,-0.209113609141004
XBP1,SMPDL3B,1.7129330851167426,1,0.3277885484052538,GTEx_Coexpression,0.5614798494857501
XBP1,TMEM214,1.8202665691419668,1,0.3272861426169404,GTEx_Coexpression,0.5957480239490466
XBP1,SPCS1,0.5710916348430106,1,0.3264140907611503,GTEx_Coexpression,0.18641235672858017
XBP1,TTC17,0.2671636883806991,1,0.3230096877151248,GTEx_Coexpression,0.08629645955267053
XBP1,VTCN1,0.8742289758970477,1,0.3224514843041611,GTEx_Coexpression,0.2818964308997097
XBP1,PRSS16,1.2672866144001431,1,0.3197763026864493,GTEx_Coexpression,0.40524822799690574
XBP1,CLDN10,0.2107619433138526,1,0.3193679380534266,GTEx_Coexpression,0.06731060725627828
XBP1,PGM3,1.9761336539474637,1,0.3150498321340926,GTEx_Coexpression,0.6225805759506795
XBP1,CMTM8,1.594631467266004,1,0.3148779650465234,GTEx_Coexpression,0.5021143114118711
XBP1,HOMER2,1.5712563957315342,1,0.3122742607747377,GTEx_Coexpression,0.49066292946464357
XBP1,DAP,2.4926886215671216,1,0.3046409360808912,GTEx_Coexpression,0.7593749950323943
XBP1,SSR1,1.6362300184335892,2,0.32998155936469614,"GTEx_Coexpression,ReMap_ChIP-seq",0.5399257329620413
XBP1,ERICH5,0.158753463616368,1,0.2928362568890305,GTEx_Coexpression,0.04648877005358609
XBP1,GMPPA,1.859032667921095,1,0.2914197077347587,GTEx_Coexpression,0.5417587567549342
XBP1,RPL36AL,0.2791155132156568,1,0.2909830134193872,GTEx_Coexpression,0.08121787312759061
XBP1,COMTD1,0.9572374775595112,1,0.2881282987015682,GTEx_Coexpression,0.2758072058626025
XBP1,ARMCX5,0.1471038274199775,1,0.2831567354798673,GTEx_Coexpression,0.04165343954883462
XBP1,CHID1,0.2046440296482352,1,0.2825344516055998,GTEx_Coexpression,0.05781898869102424
XBP1,DPAGT1,0.1278086387367591,1,0.2742358423533629,GTEx_Coexpression,0.03504970970401178
XBP1,PRDX4,1.2631849012805851,1,0.2742156871146621,GTEx_Coexpression,0.3463851156575223
XBP1,CDC42EP1,1.1104871568700931,1,0.2695864356485074,GTEx_Coexpression,0.29937227445405334
XBP1,MPV17L,-0.2279821946250025,1,0.2651482454801626,GTEx_Coexpression,-0.060449078905536364
XBP1,TAF1D,-0.6078054856407371,1,0.2651256744605541,GTEx_Coexpression,-0.16114483932132503
XBP1,SPCS3,1.592172774288464,1,0.2620675750612986,GTEx_Coexpression,0.417256858036398
XBP1,ZKSCAN1,0.4618494991086539,1,0.2610451547708345,GTEx_Coexpression,0.12056357397565096
XBP1,SRPRB,1.3647002950542435,1,0.2495493395336095,GTEx_Coexpression,0.3405600572921085
XBP1,TOM1L1,2.100949681690017,1,0.2368626568189231,GTEx_Coexpression,0.49763652344796816
XBP1,ACTR3C,0.8063734326364992,1,0.234462286686828,GTEx_Coexpression,0.18906415893946046
XBP1,DNAJC3,1.760796499471016,1,0.232884621716816,GTEx_Coexpression,0.41006242669960136
XBP1,TM9SF2,1.236037436071792,1,0.225368549975806,GTEx_Coexpression,0.2785639646833128
XBP1,RRBP1,1.5954531777134826,1,0.2243021546190854,GTEx_Coexpression,0.35786358535500074
XBP1,TM9SF3,1.1448440331252332,1,0.2225523134409614,GTEx_Coexpression,0.2547876881011013
XBP1,BAIAP2L1,1.2276770815876317,1,0.2173870754502478,GTEx_Coexpression,0.2668811303636305
XBP1,N4BP2,0.0438829536071669,1,0.2079195847530064,GTEx_Coexpression,0.009124125491737587
XBP1,SLC39A9,1.3890617812635535,1,0.2069504927832362,GTEx_Coexpression,0.2874670201388523
XBP1,PLPP6,0.6484803401444367,1,0.2061157088159069,GTEx_Coexpression,0.13366198496205098
XBP1,MIA3,1.382445041992295,1,0.205552715833998,GTEx_Coexpression,0.28416533287276163
XBP1,KRTCAP3,-0.5594739429820882,1,0.2036870100169147,GTEx_Coexpression,-0.11395757462839536
XBP1,AUP1,0.9763461204918024,1,0.1969148498134107,GTEx_Coexpression,0.19225704968254945
XBP1,COG3,1.8238999280282224,1,0.19494728634586,GTEx_Coexpression,0.3555643415355113
XBP1,LRRC59,1.4061847558142455,1,0.1940436444457455,GTEx_Coexpression,0.27286121478224695
XBP1,TP53INP1,1.64329678388581,1,0.1923955858642032,GTEx_Coexpression,0.31616304748447127
XBP1,MARVELD2,1.49097931034037,1,0.1920135626604747,GTEx_Coexpression,0.28628824923151197
XBP1,SND1,1.2194016666436545,1,0.1915865376186625,GTEx_Coexpression,0.23362094327868427
XBP1,XPNPEP1,0.8515069085483801,1,0.1903424097024885,GTEx_Coexpression,0.16207787685141517
XBP1,ALG5,0.4569871329205219,1,0.1869032908294533,GTEx_Coexpression,0.08541239900956234
XBP1,EEF1AKMT3,0.8634807114925988,1,0.1867946183786005,GTEx_Coexpression,0.16129354998054243
XBP1,ARFGAP3,1.809508301356333,1,0.1866759885533512,GTEx_Coexpression,0.3377917509511888
XBP1,ALDH18A1,1.4142767474426956,1,0.1851207579235756,GTEx_Coexpression,0.2618119834002811
XBP1,ARSD,0.8695142515768939,1,0.1836219379459301,GTEx_Coexpression,0.15966189194615427
XBP1,RPH3AL,-0.3465985013143372,1,0.1812362893175416,GTEx_Coexpression,-0.06281622626123154
XBP1,TMEM258,1.2812898703457667,1,0.179546530936513,GTEx_Coexpression,0.2300511513446769
XBP1,LNX2,-0.227273214416158,1,0.1756364198138515,GTEx_Coexpression,-0.03991745369963982
XBP1,ERP29,0.8538255534002431,1,0.1741064487816961,GTEx_Coexpression,0.14865653498158277
XBP1,UBXN4,0.3627840708686076,1,0.1728861406930777,GTEx_Coexpression,0.06272033791739756
XBP1,TM4SF1-AS1,0.7305670602621331,1,0.1684536217757018,GTEx_Coexpression,0.12306666725118373
XBP1,MIR200CHG,0.9774594272457552,1,0.1655075776093608,GTEx_Coexpression,0.1617769420148782
XBP1,EDEM3,2.1635267443017807,1,0.162343967763988,GTEx_Coexpression,0.35123551603345415
XBP1,TM9SF1,1.0253657780861418,1,0.1610993277195009,GTEx_Coexpression,0.1651857375162604
XBP1,ACP2,0.6214352649758484,1,0.1584449728232242,GTEx_Coexpression,0.09846329367049143
XBP1,SUMF2,0.5160953988861166,1,0.1539421291341341,GTEx_Coexpression,0.079448824540859
XBP1,EIF2AK3,1.0442469437569375,1,0.1500230267021795,GTEx_Coexpression,0.15666108712691637
XBP1,BET1L,1.5792195192835747,1,0.1447314073523767,GTEx_Coexpression,0.22856266354425556
XBP1,TMEM39A,1.2550446183801136,1,0.1392236412216974,GTEx_Coexpression,0.17473188166657505
XBP1,TRABD,-1.0939999869763266,1,0.1381779757823258,GTEx_Coexpression,-0.1511667037062796
XBP1,CLPTM1L,0.5863383869410849,1,0.1311922809986155,GTEx_Coexpression,0.07692307041984975
XBP1,DNAJC1,1.2007257497557997,1,0.1307525303360503,GTEx_Coexpression,0.15699793002022194
XBP1,RASEF,1.8577378752588525,1,0.1305583071267507,GTEx_Coexpression,0.24254311207904256
XBP1,SH3BP4,1.6309830757083208,1,0.1302921552357556,GTEx_Coexpression,0.21250430008707866
XBP1,DUS1L,0.7064207761602067,1,0.1210667391344777,GTEx_Coexpression,0.08552405982656301
XBP1,EIF4EBP1,-0.5444560292623883,1,0.1187512503071001,GTEx_Coexpression,-0.0646548342121477
XBP1,NEURL3,-0.0976798767252366,1,0.1168746941196459,GTEx_Coexpression,-0.011416305713906748
XBP1,ARHGEF38,2.7443335228290096,1,0.116224794055751,GTEx_Coexpression,0.31895959851109523
XBP1,SEL1L,0.8581438339475222,1,0.115084580687738,GTEx_Coexpression,0.09875912329961846
XBP1,COPZ1,1.7119353144255025,1,0.111471296076994,GTEx_Coexpression,0.19083164829898702
XBP1,SGSM3,2.007950058106471,1,0.1105551488633165,GTEx_Coexpression,0.2219892175840659
XBP1,FBXL8,0.5808776426973081,1,0.1093204567713512,GTEx_Coexpression,0.06350180922793547
XBP1,ARHGAP8,0.8360557072656845,1,0.1062324010994903,GTEx_Coexpression,0.08881620523576624
XBP1,SRP54,1.0011253888513183,1,0.106025717038895,GTEx_Coexpression,0.10614503719880361
XBP1,SEC61B,1.7209773284292105,1,0.1048493840165331,GTEx_Coexpression,0.18044341279222148
XBP1,ERP27,1.9355987951469151,1,0.1045091929583889,GTEx_Coexpression,0.20228786797203402
XBP1,CCDC186,1.429463970848598,1,0.1036620572276071,GTEx_Coexpression,0.14818117595090988
XBP1,PGGHG,1.3629493177902623,1,0.0983952607884067,GTEx_Coexpression,0.13410775356535384
XBP1,CCNC,0.8925995537381298,1,0.0958748560624591,GTEx_Coexpression,0.08557785373605843
XBP1,FAM3B,-1.0923257630798158,1,0.0957363881570254,GTEx_Coexpression,-0.10457532324812821
XBP1,ERN1,0.968954775780734,1,0.0941486759674303,GTEx_Coexpression,0.0912258092120744
XBP1,MOGS,1.0655370223400895,1,0.0928952679572776,GTEx_Coexpression,0.09898334720868229
XBP1,TRIM27,0.5923654758686617,1,0.0913545833456681,GTEx_Coexpression,0.05411530123634
XBP1,EPB41L4B,2.4263787692750967,1,0.0895415008446434,GTEx_Coexpression,0.2172615966184709
XBP1,AKR1A1,-0.2386308727549482,1,0.0,GTEx_Coexpression,-0.0
XBP1,COPB2,1.6932934066456666,1,0.0,GTEx_Coexpression,0.0
XBP1,DERL2,0.2053495476361893,1,0.0,GTEx_Coexpression,0.0
XBP1,ERO1B,0.1457072428296966,1,0.0,GTEx_Coexpression,0.0
XBP1,ERP44,0.1529260512202969,1,0.0,GTEx_Coexpression,0.0
XBP1,FAAH2,1.2881226805406865,1,0.0,GTEx_Coexpression,0.0
XBP1,FAM136A,0.6239512163533175,1,0.0,GTEx_Coexpression,0.0
XBP1,FNDC3A,1.873485464822766,1,0.0,GTEx_Coexpression,0.0
XBP1,HDLBP,1.6549584068846372,1,0.0,GTEx_Coexpression,0.0
XBP1,LMAN1,0.9306317260941572,1,0.0,GTEx_Coexpression,0.0
XBP1,LMF2,-0.5399213648601746,1,0.0,GTEx_Coexpression,-0.0
XBP1,NAGLU,0.8919138015700274,1,0.0,GTEx_Coexpression,0.0
XBP1,NUCB2,1.796637407998824,1,0.0,GTEx_Coexpression,0.0
XBP1,ODR4,0.9652788851572912,1,0.0,GTEx_Coexpression,0.0
XBP1,OS9,0.4121873436764746,1,0.0,GTEx_Coexpression,0.0
XBP1,PIGM,1.1225128080703055,1,0.0,GTEx_Coexpression,0.0
XBP1,PLEKHS1,1.8668676424819304,1,0.0,GTEx_Coexpression,0.0
XBP1,PLPP5,1.5610510200434196,1,0.0,GTEx_Coexpression,0.0
XBP1,SEC23B,1.5987508403006183,1,0.0,GTEx_Coexpression,0.0
XBP1,SEC63,1.5123110383454532,1,0.0,GTEx_Coexpression,0.0
XBP1,SFXN2,1.280766743028206,1,0.0,GTEx_Coexpression,0.0
XBP1,SH3YL1,0.0104780591132941,1,0.0,GTEx_Coexpression,0.0
XBP1,SLC33A1,1.3117078076672128,1,0.0,GTEx_Coexpression,0.0
XBP1,SLC38A10,0.9946844564841107,1,0.0,GTEx_Coexpression,0.0
XBP1,SLC38A5,-1.0470316537297937,1,0.0,GTEx_Coexpression,-0.0
XBP1,SLC39A14,-0.9105790264412784,1,0.0,GTEx_Coexpression,-0.0
XBP1,SLC50A1,1.4703052504624154,1,0.0,GTEx_Coexpression,0.0
XBP1,SMIM22,2.365485860339532,1,0.0,GTEx_Coexpression,0.0
XBP1,SNHG8,-1.219401666643654,1,0.0,GTEx_Coexpression,-0.0
XBP1,STT3A,1.2444850884819287,1,0.0,GTEx_Coexpression,0.0
XBP1,SYVN1,1.5144823896194062,1,0.0,GTEx_Coexpression,0.0
XBP1,TECPR1,1.6318544500382817,1,0.0,GTEx_Coexpression,0.0
XBP1,TMEM97,1.1312029441594178,1,0.0,GTEx_Coexpression,0.0
XBP1,TPRN,0.3229730347434858,1,0.0,GTEx_Coexpression,0.0
XBP1,TRAF4,1.3456647578638343,1,0.0,GTEx_Coexpression,0.0
XBP1,UBA5,1.072059839428304,1,0.0,GTEx_Coexpression,0.0
XBP1,YIPF3,0.8974116262316573,1,0.0,GTEx_Coexpression,0.0
XBP1,ZNF587,1.214572536934273,1,0.0,GTEx_Coexpression,0.0
XBP1,WFDC2,2.3692813088676936,1,0.723939627475764,ReMap_ChIP-seq,1.7152166281269687
XBP1,PLTP,-1.7706483239967472,1,0.6566263436392771,ReMap_ChIP-seq,-1.1626543348569982
XBP1,RPL26L1,-1.174160534608538,1,0.6498685720047638,ReMap_ChIP-seq,-0.7630500299304006
XBP1,EML2,-1.165941659573182,1,0.6376506867809327,ReMap_ChIP-seq,-0.7434634999733399
XBP1,TRMT112,-1.5579433838063792,1,0.6314091079999371,ReMap_ChIP-seq,-0.9836996422835895
XBP1,FAM50B,-1.2237723283605046,1,0.6277200668923187,ReMap_ChIP-seq,-0.7681864478194246
XBP1,PYCR2,-1.860330584752259,1,0.6214099269343981,ReMap_ChIP-seq,-1.1560278927447274
XBP1,UBXN1,-0.837362908584457,1,0.6173178152059846,ReMap_ChIP-seq,-0.5169190412618856
XBP1,CSE1L,-1.600406211994021,1,0.6135682409544004,ReMap_ChIP-seq,-0.9819584243056667
XBP1,PRPF6,-0.625910800866788,1,0.6012227345308202,ReMap_ChIP-seq,-0.3763118032695059
XBP1,NUDC,-1.0769820461987094,1,0.5973900583571664,ReMap_ChIP-seq,-0.6433783674282675
XBP1,RUVBL2,-1.2844360242126531,1,0.5703583552484487,ReMap_ChIP-seq,-0.7325888181917855
XBP1,GTF2F1,-1.1908407118282835,1,0.5696460993440513,ReMap_ChIP-seq,-0.6783577664330752
XBP1,DDB2,-2.5192862386173536,1,0.5671710240119191,ReMap_ChIP-seq,-1.4288661557357405
XBP1,PTK7,-1.586472954798912,1,0.5666768268675585,ReMap_ChIP-seq,-0.8990174599366471
XBP1,ARL2,-1.4635516532462332,1,0.5666444380548235,ReMap_ChIP-seq,-0.8293134041179197
XBP1,ABCC10,-1.416157335673762,1,0.566128973923384,ReMap_ChIP-seq,-0.8017276993590602
XBP1,TAF6,-0.6518941587768325,1,0.5635731937795475,ReMap_ChIP-seq,-0.36739007306809096
XBP1,COPS6,-1.368214857428804,1,0.5610411734516505,ReMap_ChIP-seq,-0.7676248691458388
XBP1,DHPS,-1.050224154590682,1,0.5602789567252844,ReMap_ChIP-seq,-0.5884184936617611
XBP1,PFDN4,-1.33604605214177,1,0.5599359282067806,ReMap_ChIP-seq,-0.7481001863330069
XBP1,CD109,-1.5381011450572042,1,0.5593535217427942,ReMap_ChIP-seq,-0.8603422922843715
XBP1,WDR83,-0.5229478208182334,1,0.5588486270116417,ReMap_ChIP-seq,-0.2922486716629998
XBP1,LYRM4,-0.8861017484250104,1,0.5565024211603712,ReMap_ChIP-seq,-0.49311776839295646
XBP1,COX8A,-0.7921112345924082,1,0.5561483034744675,ReMap_ChIP-seq,-0.44053131928163375
XBP1,RBM14,-0.9210869119462292,1,0.5552848922651126,ReMap_ChIP-seq,-0.5114656466668671
XBP1,OARD1,-1.0647248543100896,1,0.554876502761069,ReMap_ChIP-seq,-0.5907908035623712
XBP1,PLAAT2,-1.4378299293039465,1,0.5542103381464972,ReMap_ChIP-seq,-0.7968602113166944
XBP1,ATP5PD,-0.6172507267288414,1,0.5530648885020855,ReMap_ChIP-seq,-0.3413797043561179
XBP1,PRDX5,-0.6719622687922471,1,0.5507328939851582,ReMap_ChIP-seq,-0.370071724940787
XBP1,HNRNPM,-1.6301129380156931,1,0.549869192312222,ReMap_ChIP-seq,-0.8963488846043923
XBP1,ZBTB44,-1.4456426912161795,1,0.5496338336063469,ReMap_ChIP-seq,-0.7945741343981451
XBP1,TRNAU1AP,-0.1092558787995087,1,0.5477466454509816,ReMap_ChIP-seq,-0.05984454110822991
XBP1,LINC01564,-1.6087495926319042,1,0.5470730544931458,ReMap_ChIP-seq,-0.8801035535557399
XBP1,PI3,1.6070719521031098,1,0.5403394674630744,ReMap_ChIP-seq,0.8683644027742378
XBP1,NINL,-0.4705779986166035,1,0.5371890495187326,ReMap_ChIP-seq,-0.2527893478012807
XBP1,RPP40,-1.3473751506123777,1,0.5367390376958194,ReMap_ChIP-seq,-0.7231888417549474
XBP1,USP28,-0.8079682403409904,1,0.5339265267741938,ReMap_ChIP-seq,-0.43139567630912207
XBP1,FAXDC2,-0.3356149735646117,1,0.5321042710099172,ReMap_ChIP-seq,-0.17858216084861034
XBP1,MICOS13,-0.1557225488877646,1,0.5315479205750651,ReMap_ChIP-seq,-0.08277399704794018
XBP1,BANF1,-0.6504708132368837,1,0.5302091829820139,ReMap_ChIP-seq,-0.3448855984399743
XBP1,VMO1,1.2242594021021054,1,0.5297626211468818,ReMap_ChIP-seq,0.6485668698213256
XBP1,PSMC6,-1.0935811436126053,1,0.5286070163787177,ReMap_ChIP-seq,-0.5780746654930852
XBP1,DNAJB6,-1.3824450419922951,1,0.5261994479654082,ReMap_ChIP-seq,-0.7274418179388612
XBP1,WRAP53,-0.9070986792738428,1,0.5250763850255024,ReMap_ChIP-seq,-0.47629609537451695
XBP1,MRPL21,-1.3647002950542433,1,0.525037769215309,ReMap_ChIP-seq,-0.7165191985627538
XBP1,NAA40,-0.7814413671252864,1,0.5245785584368706,ReMap_ChIP-seq,-0.40992738586952016
XBP1,UCKL1,-1.2616522250412978,1,0.5224780413272277,ReMap_ChIP-seq,-0.6591855833757161
XBP1,CENPS,-1.086905560927704,1,0.5220408070767038,ReMap_ChIP-seq,-0.567409056242856
XBP1,GADD45GIP1,-0.4432260963879887,1,0.5173637798512719,ReMap_ChIP-seq,-0.229309128556014
XBP1,IL27RA,-2.1931604640014957,1,0.5151423021788688,ReMap_ChIP-seq,-1.1297897304734066
XBP1,SNRPD2,-0.8262968194821744,1,0.514744604528093,ReMap_ChIP-seq,-0.4253318295671729
XBP1,MOCS3,-0.1224704939269909,1,0.5138855456806204,ReMap_ChIP-seq,-0.06293581660144683
XBP1,ZNF584,-0.3244290502055572,1,0.513424421496657,ReMap_ChIP-seq,-0.1665697974184981
XBP1,COX6B1,-0.1830557836955943,1,0.5126738797672287,ReMap_ChIP-seq,-0.09384791884105093
XBP1,DSP,-1.3963500958518282,1,0.5121319069674614,ReMap_ChIP-seq,-0.7151154373827943
XBP1,BUD31,-1.025755407233213,1,0.5117475597230048,ReMap_ChIP-seq,-0.5249278265242737
XBP1,CUL9,-0.4323280739770586,1,0.5108710174654515,ReMap_ChIP-seq,-0.2208638830315389
XBP1,OTUB1,-0.4391649355401721,1,0.5108018063911398,ReMap_ChIP-seq,-0.2243262423775684
XBP1,STIP1,-1.1614094570437676,1,0.5100849340026029,ReMap_ChIP-seq,-0.5924174662461691
XBP1,COPS3,-1.6371089012057836,1,0.5089102997274098,ReMap_ChIP-seq,-0.8331415815990457
XBP1,ZFP64,-1.2875949434266372,1,0.5080662029064227,ReMap_ChIP-seq,-0.6541834737882817
XBP1,C5AR1,-0.6075285077436897,1,0.5080456139224823,ReMap_ChIP-seq,-0.3086521936920524
XBP1,IP6K2,-1.4575299783589712,1,0.5079278390744449,ReMap_ChIP-seq,-0.7403200522940948
XBP1,SEC24D,2.847259631124395,1,0.5060017843437975,ReMap_ChIP-seq,1.4407184538390065
XBP1,PEX6,-0.7212762768410502,1,0.5011860272679654,ReMap_ChIP-seq,-0.3614935917525951
XBP1,CEP250,-0.3220027382072574,1,0.4995856116774894,ReMap_ChIP-seq,-0.16086793492909918
XBP1,ODF2,-0.3909692901506925,1,0.4990268967609134,ReMap_ChIP-seq,-0.19510419159271722
XBP1,CEP164,-0.9221432965577008,1,0.4964459188164858,ReMap_ChIP-seq,-0.4577942761400509
XBP1,MGST3,0.041347540948379,1,0.4951580098400846,ReMap_ChIP-seq,0.020473566087780753
XBP1,L3HYPDH,-0.792426417479849,1,0.4942841879326946,ReMap_ChIP-seq,-0.39168384826044156
XBP1,CDKN2D,-1.2976839598391057,1,0.4931971253226887,ReMap_ChIP-seq,-0.6400139985700104
XBP1,IK,-0.8651535348383795,1,0.4901830882039727,ReMap_ChIP-seq,-0.42408363147766015
XBP1,GCLC,-1.5173886786339286,1,0.487308281035,ReMap_ChIP-seq,-0.7394360686470698
XBP1,DNPH1,-0.2640625237462095,1,0.4871946804156138,ReMap_ChIP-seq,-0.12864985686627495
XBP1,ELP6,-1.0877373586352228,1,0.4867225772539887,ReMap_ChIP-seq,-0.5294263305703819
XBP1,PARK7,-0.5134663088118975,1,0.4860416386822441,ReMap_ChIP-seq,-0.24956600614305785
XBP1,LUC7L2,-0.8445782657283173,1,0.4803908704870598,ReMap_ChIP-seq,-0.40572768826767763
XBP1,CFAP300,-0.8111640380953599,1,0.4788706277734419,ReMap_ChIP-seq,-0.3884426321499651
XBP1,NUDT3,-0.6847159263387623,1,0.4778386320435334,ReMap_ChIP-seq,-0.327183721580135
XBP1,PHF20,-0.4943795894158129,1,0.4777479433678752,ReMap_ChIP-seq,-0.23618883208645916
XBP1,RNF8,-1.3872511886293184,1,0.4774395082064406,ReMap_ChIP-seq,-0.6623285252579819
XBP1,NFRKB,-1.277114625036774,1,0.4771033468318184,ReMap_ChIP-seq,-0.6093156618929076
XBP1,B3GNT3,1.4980142965873982,1,0.4769383542071386,ReMap_ChIP-seq,0.7144604731931581
XBP1,TMEM107,-0.5116280562999959,1,0.4759848203998996,ReMap_ChIP-seq,-0.24352718848950325
XBP1,ALDH5A1,0.1069395565033089,1,0.4758913827399464,ReMap_ChIP-seq,0.0508916134139563
XBP1,RRP12,-0.3519833996794734,1,0.4758215276658589,ReMap_ChIP-seq,-0.16748127894850962
XBP1,RAI14,2.0804663993759727,1,0.4740375130194706,ReMap_ChIP-seq,0.9862191178807588
XBP1,KDM1B,-0.0775678766940452,1,0.4701993228623706,ReMap_ChIP-seq,-0.03647236309741191
XBP1,AP4M1,0.2372095109977696,1,0.4680423848494341,ReMap_ChIP-seq,0.11102410523636415
XBP1,TNFAIP8L1,-0.417457790343585,1,0.467486036603968,ReMap_ChIP-seq,-0.19515568785717277
XBP1,WDR27,-0.638566176642544,1,0.4674077506583267,ReMap_ChIP-seq,-0.2984707802709792
XBP1,JKAMP,-0.6961141071560496,1,0.4656302088965817,ReMap_ChIP-seq,-0.32413175713092884
XBP1,TRERF1,-0.0840368899975266,1,0.4653625474947813,ReMap_ChIP-seq,-0.039107621212787685
XBP1,NUP153,-0.1447763444651429,1,0.4612306139329109,ReMap_ChIP-seq,-0.06677528224062045
XBP1,MRPL4,-0.9837911936270878,1,0.459692259895146,ReMap_ChIP-seq,-0.4522411970633791
XBP1,BCAS4,-0.0339732470386982,1,0.4590371681765491,ReMap_ChIP-seq,-0.015594983114406356
XBP1,MTO1,-0.7714797851047874,1,0.4570693507143025,ReMap_ChIP-seq,-0.3526197644670548
XBP1,SLBP,-1.4819427260432316,1,0.4560344833102615,ReMap_ChIP-seq,-0.6758169853665255
XBP1,UBE2C,-1.661332124339609,1,0.4558181851830007,ReMap_ChIP-seq,-0.7572653939026999
XBP1,KIF13A,-0.2296369281824419,1,0.451757278766447,ReMap_ChIP-seq,-0.10374015377998598
XBP1,RAD23A,-0.9645452711909056,1,0.4511847984167254,ReMap_ChIP-seq,-0.43518816374607444
XBP1,KDM3A,-0.5888014279757405,1,0.4475344359970079,ReMap_ChIP-seq,-0.2635089149833559
XBP1,FBXW9,-0.2317653677298916,1,0.4470926438506024,ReMap_ChIP-seq,-0.10362059101136431
XBP1,MEA1,-0.4394185453074351,1,0.4467000274800046,ReMap_ChIP-seq,-0.1962882762640549
XBP1,FARS2,-0.1950119974247579,1,0.4465900321417722,ReMap_ChIP-seq,-0.08709041419795381
XBP1,STK11,0.0720256008552036,1,0.4437227396095366,ReMap_ChIP-seq,0.03195939693349392
XBP1,DNASE2,-1.0339738907353249,1,0.4436715221821997,ReMap_ChIP-seq,-0.458744769999193
XBP1,CGRRF1,-0.5401878018010716,1,0.4411473487615673,ReMap_ChIP-seq,-0.23830241659788173
XBP1,PRIM2,-0.6278727918140404,1,0.4393724216574182,ReMap_ChIP-seq,-0.27586998903213894
XBP1,RUFY1,-0.6487645360057683,1,0.4391824233443087,ReMap_ChIP-seq,-0.2849259811028593
XBP1,LINC01836,-0.1305951945956376,1,0.4389408359970327,ReMap_ChIP-seq,-0.05732356389300433
XBP1,ORAI2,-0.4718646146793072,1,0.438812170736808,ReMap_ChIP-seq,-0.20705993586131427
XBP1,TRIM28,0.3686931517200593,1,0.4387734053766336,ReMap_ChIP-seq,0.16177274971925426
XBP1,SUN1,0.3395155224020117,1,0.436599036415017,ReMap_ChIP-seq,0.14823214992865943
XBP1,KRI1,-1.615505850957936,1,0.4365412719139979,ReMap_ChIP-seq,-0.705234978961683
XBP1,BIRC5,-1.5456608575752382,1,0.4348791695639401,ReMap_ChIP-seq,-0.6721757101698072
XBP1,ZBTB45,-0.0240668756797296,1,0.4344777958164337,ReMap_ChIP-seq,-0.01045652309751705
XBP1,PLEKHA4,-1.5665259440228612,1,0.4342517550935486,ReMap_ChIP-seq,-0.6802666405915054
XBP1,UBL5,1.1342647529913008,1,0.4327490862079044,ReMap_ChIP-seq,0.49085203537481986
XBP1,DST,-3.037106788760536,1,0.4318893990365541,ReMap_ChIP-seq,-1.3116942258076265
XBP1,GID4,-0.0717947218802306,1,0.4308994517302776,ReMap_ChIP-seq,-0.03093630629531913
XBP1,QTRT1,-1.1417452045614414,1,0.4305856066155205,ReMap_ChIP-seq,-0.49161905150644974
XBP1,FDX2,-0.7545346457664469,1,0.4295927794347204,ReMap_ChIP-seq,-0.3241426356546001
XBP1,SAMD1,-0.3746151345441978,1,0.4287324769449224,ReMap_ChIP-seq,-0.16060967453418928
XBP1,TNPO2,-0.0466491806543589,1,0.4283055034550027,ReMap_ChIP-seq,-0.01998010080592856
XBP1,MXRA7,-1.0049336474921438,1,0.4261015790636061,ReMap_ChIP-seq,-0.42820381405055175
XBP1,MRPS10,-0.9077938689139436,1,0.4256213881519991,ReMap_ChIP-seq,-0.3863764866430266
XBP1,ANKRD16,-0.363030028399659,1,0.4252026211262962,ReMap_ChIP-seq,-0.15436131962308874
XBP1,NCAPG2,-0.8816773569683922,1,0.4245204806541182,ReMap_ChIP-seq,-0.3742900953620744
XBP1,PKIG,-0.382283888603885,1,0.4235863475710037,ReMap_ChIP-seq,-0.1619302361089601
XBP1,METTL27,-0.0789538113683826,1,0.4231891083383349,ReMap_ChIP-seq,-0.033412393032898925
XBP1,TBCC,-0.932408600156117,1,0.4227483053764455,ReMap_ChIP-seq,-0.3941741556344222
XBP1,TRIR,0.2013529528860727,1,0.421471301613541,ReMap_ChIP-seq,0.08486449113662306
XBP1,CDC5L,-0.5008955299511696,1,0.4205968036696934,ReMap_ChIP-seq,-0.2106750588698991
XBP1,ZNF318,0.0660239589639821,1,0.4202839740987563,ReMap_ChIP-seq,0.0277488118591156
XBP1,DPM1,-1.2078589653384504,1,0.4163517099472124,ReMap_ChIP-seq,-0.5028941455937346
XBP1,ZNF507,0.3932074280678231,1,0.4148048794818413,ReMap_ChIP-seq,0.16310435981103816
XBP1,ZBTB4,0.5022012650830879,1,0.4144321329791119,ReMap_ChIP-seq,0.20812834147319254
XBP1,FAM217B,-0.6453576325786534,1,0.4115970197906074,ReMap_ChIP-seq,-0.2656272782684956
XBP1,GPATCH1,-0.6899654840348411,1,0.4115299882311877,ReMap_ChIP-seq,-0.2839414875247839
XBP1,MVB12A,-0.0667163306459643,1,0.4077276487429453,ReMap_ChIP-seq,-0.02720209262703593
XBP1,TK1,-1.2232855447747402,1,0.4044812247570159,ReMap_ChIP-seq,-0.49479603537804034
XBP1,FKBP5,-1.3594598444102746,1,0.4035850997165582,ReMap_ChIP-seq,-0.5486577368669774
XBP1,PROCR,-2.2832411225260953,1,0.4034530187343983,ReMap_ChIP-seq,-0.9211805233816693
XBP1,LMBRD1,0.7946349063633487,1,0.4034026626157178,ReMap_ChIP-seq,0.3205578370343664
XBP1,NT5C3B,-1.2355432574656595,1,0.4032668405467965,ReMap_ChIP-seq,-0.49825362579707366
XBP1,BRIX1,-1.5343540250313097,1,0.4032178104323747,ReMap_ChIP-seq,-0.6186788704012257
XBP1,HSD11B1L,1.061887780687972,1,0.4025704693017977,ReMap_ChIP-seq,0.42748466221740133
XBP1,PTBP1,-0.438657800712136,1,0.4018199293000625,ReMap_ChIP-seq,-0.17626144646907138
XBP1,PPP2R5D,-0.464926095515869,1,0.3997777991563174,ReMap_ChIP-seq,-0.18586713123567392
XBP1,ERGIC3,0.5356635654116557,1,0.3986911699898514,ReMap_ChIP-seq,0.2135643336149083
XBP1,MANBAL,-1.465570718515443,1,0.3979259225330008,ReMap_ChIP-seq,-0.5831885802026104
XBP1,KDM2A,0.3280721075316511,1,0.3972846237053894,ReMap_ChIP-seq,0.13033800378894606
XBP1,OXR1,-0.5218920105303118,1,0.3966981783795513,ReMap_ChIP-seq,-0.20703360988821629
XBP1,FBH1,-0.4868472834245334,1,0.3961561185807159,ReMap_ChIP-seq,-0.19286753014302885
XBP1,TALDO1,-0.4146956433009264,1,0.3954393331912471,ReMap_ChIP-seq,-0.1639869686642336
XBP1,A1BG,0.0754892531739682,1,0.3924991105216938,ReMap_ChIP-seq,0.029629464724729465
XBP1,DNAJC5,0.120846540613877,1,0.3921256984890147,ReMap_ChIP-seq,0.047387034148197595
XBP1,FBXL12,-0.7378034445005252,1,0.3919499268570258,ReMap_ChIP-seq,-0.2891820061068425
XBP1,PLIN3,-1.0118254953492976,1,0.391937022907491,ReMap_ChIP-seq,-0.3965718723491011
XBP1,SLC25A19,-1.0823440521374892,1,0.3918063204417219,ReMap_ChIP-seq,-0.42406924051997286
XBP1,MRPL41,0.2988040339887286,1,0.3917793973521803,ReMap_ChIP-seq,0.1170652643625045
XBP1,DPH7,-0.2521583169527729,1,0.3914014521944854,ReMap_ChIP-seq,-0.09869513143823265
XBP1,FUT2,1.1578007981017604,1,0.3905168769601768,ReMap_ChIP-seq,0.45214075181669966
XBP1,MRPL2,-0.3959456086794868,1,0.3904579337925881,ReMap_ChIP-seq,-0.15460010425924106
XBP1,SWI5,-0.3363459358453564,1,0.3898403870964389,ReMap_ChIP-seq,-0.13112122982826774
XBP1,TPGS1,0.4865880431943368,1,0.3867631776318827,ReMap_ChIP-seq,0.18819433778352151
XBP1,TMED1,-0.6416752527600807,1,0.3864158099632471,ReMap_ChIP-seq,-0.2479534625286579
XBP1,UBE3C,0.0687936389349329,1,0.3859502186062019,ReMap_ChIP-seq,0.026550919985653475
XBP1,TMEM101,-0.9554185039781866,1,0.3844689671378069,ReMap_ChIP-seq,-0.3673287654088421
XBP1,ZSCAN26,-0.2846266663142103,1,0.3840642481146731,ReMap_ChIP-seq,-0.10931492659135313
XBP1,NIN,0.3949495642043845,1,0.3837964829889178,ReMap_ChIP-seq,0.15158025369964853
XBP1,TMCO6,-0.3161872848420144,1,0.3831985067702396,ReMap_ChIP-seq,-0.12116249541119634
XBP1,SMIM13,-0.7745845172515088,1,0.3824355461903618,ReMap_ChIP-seq,-0.29622865292567846
XBP1,PDAP1,-0.7269631874623804,1,0.3823067492542537,ReMap_ChIP-seq,-0.27792293302625326
XBP1,PPP1R35,-0.0358166316600696,1,0.3820392015762589,ReMap_ChIP-seq,-0.013683357362563946
XBP1,ECI2,-0.5846983344357869,1,0.3810284707783082,ReMap_ChIP-seq,-0.2227867122366917
XBP1,ATP5F1E,1.2131293091560709,1,0.3807520862429686,ReMap_ChIP-seq,0.4619015153436652
XBP1,IFT46,-0.7752063597076971,1,0.37898853722003,ReMap_ChIP-seq,-0.29379432430928454
XBP1,FMC1,0.371159061484937,1,0.3787979612079506,ReMap_ChIP-seq,0.1405942957743505
XBP1,ADNP,-0.5811502675618292,1,0.378635659860781,ReMap_ChIP-seq,-0.22004421503654265
XBP1,MCM3,-1.8083257868103877,1,0.3774378912494974,ReMap_ChIP-seq,-0.682530671665801
XBP1,COLGALT1,-0.7323725581859294,1,0.3772480181663256,ReMap_ChIP-seq,-0.27628609613504385
XBP1,DNTTIP1,-0.2781579212884607,1,0.3767712098712936,ReMap_ChIP-seq,-0.10480189653913738
XBP1,SPINDOC,-1.3788612788782697,1,0.3758911799558624,ReMap_ChIP-seq,-0.5183017931130023
XBP1,RAB23,0.0895845487483383,1,0.3751950931552406,ReMap_ChIP-seq,0.033611683112902975
XBP1,ZNF394,-0.1494321075362899,1,0.3744701143436156,ReMap_ChIP-seq,-0.05595785839572195
XBP1,ASXL1,0.4513704821957888,1,0.3730260667883781,ReMap_ChIP-seq,0.16837295563786872
XBP1,DDX39A,-0.7469036424039708,1,0.3711062617556187,ReMap_ChIP-seq,-0.277180618624193
XBP1,LRRC2,-1.6112745752011073,1,0.3710346848300135,ReMap_ChIP-seq,-0.5978387541843567
XBP1,NLRX1,-0.2578677730536423,1,0.3702224805147512,ReMap_ChIP-seq,-0.09546844658473437
XBP1,PCIF1,-0.3539440696164239,1,0.3701103956060895,ReMap_ChIP-seq,-0.13099837962816394
XBP1,RTF2,-0.8708593399929248,1,0.369651553852327,ReMap_ChIP-seq,-0.32191450821519657
XBP1,ICAM3,1.46894916529513,1,0.3677770937475461,ReMap_ChIP-seq,0.5402458548751267
XBP1,SLC27A1,0.2440839218427059,1,0.3662540017568552,ReMap_ChIP-seq,0.08939671313939851
XBP1,GPN2,-0.2286912894483069,1,0.365705198319564,ReMap_ChIP-seq,-0.0836335933616499
XBP1,MCM7,-1.5351017258416242,1,0.364127479227404,ReMap_ChIP-seq,-0.5589727217883481
XBP1,OPA3,-0.1138902951678201,1,0.3638362817037031,ReMap_ChIP-seq,-0.041437421515996886
XBP1,WDR45B,0.01830850536331,1,0.3635428304097168,ReMap_ChIP-seq,0.006655925860349197
XBP1,ESYT2,1.149735953594487,1,0.3628065247335388,ReMap_ChIP-seq,0.4171317056848171
XBP1,EIF3K,-1.4237302444446789,1,0.3622192075959423,ReMap_ChIP-seq,-0.5157024409731288
XBP1,DENR,-0.2383939457247219,1,0.3609063810530794,ReMap_ChIP-seq,-0.0860378962164736
XBP1,BLOC1S5,-0.7870789595994407,1,0.3590929083618587,ReMap_ChIP-seq,-0.2826344727129891
XBP1,TRAPPC9,0.7792556696888261,1,0.3585567515821472,ReMap_ChIP-seq,0.2794073815755962
XBP1,LYST,0.5597432599520714,1,0.3574955498432335,ReMap_ChIP-seq,0.20010572448760974
XBP1,TOP3A,-0.0261400743937805,1,0.3569858617741372,ReMap_ChIP-seq,-0.009331636984303789
XBP1,AFDN,1.1173391690429062,1,0.3569162660231915,ReMap_ChIP-seq,0.3987965240962496
XBP1,BRD9,-0.9005161039925513,1,0.3568437997455276,ReMap_ChIP-seq,-0.3213435882807407
XBP1,RICTOR,-0.0844990937673773,1,0.3560380078311645,ReMap_ChIP-seq,-0.030084889008475783
XBP1,POLR2A,-0.4508605856166488,1,0.3560070333133494,ReMap_ChIP-seq,-0.16050953952330252
XBP1,MRI1,0.3581150259036806,1,0.3559732300701561,ReMap_ChIP-seq,0.1274793625075908
XBP1,DEF6,-2.1564069009603566,1,0.3542797801213087,ReMap_ChIP-seq,-0.7639713627243078
XBP1,MAPK14,-0.7946349063633487,1,0.3529823136278802,ReMap_ChIP-seq,-0.28049206773760876
XBP1,PSMD9,-0.7168030391719629,1,0.3519359436464703,ReMap_ChIP-seq,-0.25226875399964255
XBP1,L2HGDH,-0.5105784024017865,1,0.3518764421949217,ReMap_ChIP-seq,-0.1796605116987077
XBP1,HEXIM2,-0.3927098942342497,1,0.3513466536152777,ReMap_ChIP-seq,-0.13797730718081327
XBP1,TFAP2A,-2.0345863435354,1,0.351244037630459,ReMap_ChIP-seq,-0.7146363222111661
XBP1,RUNDC1,0.7168030391719632,1,0.3495739537818075,ReMap_ChIP-seq,0.25057567248615903
XBP1,ZNF250,-0.2301098245136095,1,0.3494373382030941,ReMap_ChIP-seq,-0.0804089645724168
XBP1,TIMM13,-1.0570440106034065,1,0.3487173911937686,ReMap_ChIP-seq,-0.3686096297546182
XBP1,KLC4,0.2983224766462068,1,0.3486771096341308,ReMap_ChIP-seq,0.10401821889589488
XBP1,TMEM14B,0.7895925976588132,1,0.3478364154873739,ReMap_ChIP-seq,0.2746490588650058
XBP1,TECR,-0.0881973822320046,1,0.3473916091258117,ReMap_ChIP-seq,-0.030639030534260352
XBP1,UQCC3,0.2908671019881396,1,0.3472404613330478,ReMap_ChIP-seq,0.10100082668096826
XBP1,ERCC2,-0.1652865816584136,1,0.3466273993303894,ReMap_ChIP-seq,-0.05729285794446594
XBP1,C2CD2L,0.4131903514677003,1,0.3456951943554541,ReMap_ChIP-seq,0.14283791885642502
XBP1,BPHL,0.7387107073207347,1,0.3455818025724881,ReMap_ChIP-seq,0.2552849778154972
XBP1,PSMG4,0.6899654840348411,1,0.3425786315533753,ReMap_ChIP-seq,0.2363674313397181
XBP1,STK17A,-1.2459850962595893,1,0.3411751163348542,ReMap_ChIP-seq,-0.4250991101678599
XBP1,MSANTD4,-0.7263634601346066,1,0.3406344446059637,ReMap_ChIP-seq,-0.24742441382501779
XBP1,GYS1,-0.3336666159838004,1,0.3403379568077194,ReMap_ChIP-seq,-0.11355941433887254
XBP1,ATPAF2,-0.4762449740819823,1,0.3403234685794831,ReMap_ChIP-seq,-0.16207734147312625
XBP1,SMCR8,0.3356149735646118,1,0.3402532463899716,ReMap_ChIP-seq,0.11419408429244367
XBP1,NDUFB7,0.2001780985104206,1,0.3399961635512963,ReMap_ChIP-seq,0.06805978552053646
XBP1,EZH2,-1.0700165680458311,1,0.3391705482371921,ReMap_ChIP-seq,-0.3629181060069833
XBP1,ACTN4,-0.7795676841074046,1,0.3372431144688125,ReMap_ChIP-seq,-0.2629038337276205
XBP1,PTK2,0.8412931287259567,1,0.336573745672287,ReMap_ChIP-seq,0.28315717954365277
XBP1,SWSAP1,-0.0595633046406871,1,0.3365516868362262,ReMap_ChIP-seq,-0.020046130650363266
XBP1,ROMO1,1.049025713798177,1,0.3365046495384521,ReMap_ChIP-seq,0.35300203017848014
XBP1,DCAKD,-0.6493330849965879,1,0.335734544384642,ReMap_ChIP-seq,-0.21800354744520348
XBP1,EPG5,0.6323664514652477,1,0.3352046761908795,ReMap_ChIP-seq,0.2119721915973839
XBP1,KLHDC3,0.5594739429820883,1,0.3348983396085264,ReMap_ChIP-seq,0.18736689455893674
XBP1,ADGRE5,0.4099320896040824,1,0.3346580774612765,ReMap_ChIP-seq,0.13718708499658594
XBP1,PYGL,-1.3221214904787968,1,0.3344550986491553,ReMap_ChIP-seq,-0.4421902735242542
XBP1,KIAA2013,1.0122097855390375,1,0.3343352986346078,ReMap_ChIP-seq,0.33841746092906644
XBP1,NDUFA2,0.91722226324415,1,0.3338897927236381,ReMap_ChIP-seq,0.3062511513560955
XBP1,CCDC88B,0.1659869722707192,1,0.3333817027081868,ReMap_ChIP-seq,0.05533701944298895
XBP1,UBN2,0.7496457726288895,1,0.3331115558379924,ReMap_ChIP-seq,0.2497156696477833
XBP1,SRF,-0.2891858802096346,1,0.3321835858698121,ReMap_ChIP-seq,-0.09606280267095435
XBP1,PPIL1,-0.7936879371321311,1,0.3318099206688124,ReMap_ChIP-seq,-0.2633535314556058
XBP1,NDUFA7,0.058179211296977,1,0.3314930205812404,ReMap_ChIP-seq,0.01928600248786913
XBP1,ZFAND3,1.0083735845035235,1,0.3314699623393308,ReMap_ChIP-seq,0.33424555407935896
XBP1,LTO1,0.5082187341489255,1,0.3312810010968119,ReMap_ChIP-seq,0.16836321102501053
XBP1,DMAC2L,0.5129409170062701,1,0.3309495400658809,ReMap_ChIP-seq,0.16975756056419627
XBP1,NOM1,-0.5290301053091675,1,0.329773362464349,ReMap_ChIP-seq,-0.17446003667267282
XBP1,TPD52L2,-0.2126459557981071,1,0.327749559598741,ReMap_ChIP-seq,-0.06969461836328296
XBP1,MHENCR,0.9557820456971636,1,0.3264982199205539,ReMap_ChIP-seq,0.3120611365521494
XBP1,GLO1,0.9837911936270878,1,0.3251167429807896,ReMap_ChIP-seq,0.3198469886452221
XBP1,PTPRJ,2.2167209228034115,1,0.3242967664907298,ReMap_ChIP-seq,0.718875427477493
XBP1,RNASET2,0.3132835755081082,1,0.323728511880463,ReMap_ChIP-seq,0.10141882569583052
XBP1,CNBD2,0.8558166228345712,1,0.3229457681320687,ReMap_ChIP-seq,0.2763823566415035
XBP1,CDH26,0.3907207292147643,1,0.3226575212457985,ReMap_ChIP-seq,0.12606898198778668
XBP1,ACOT8,0.900861581767623,1,0.3212113242542804,ReMap_ChIP-seq,0.28936694164938387
XBP1,VAV1,0.168088634162117,1,0.3207589697626162,ReMap_ChIP-seq,0.053915937122645946
XBP1,PRKACA,0.7084911103376005,1,0.3197882968139584,ReMap_ChIP-seq,0.2265671654826915
XBP1,GRPEL1,-1.2474879127847052,1,0.3194817580353528,ReMap_ChIP-seq,-0.39854963150431044
XBP1,ARMC7,-0.558127966099383,1,0.3190159037891691,ReMap_ChIP-seq,-0.1780516975352054
XBP1,UBE2M,0.2211334618867273,1,0.3189179649297957,ReMap_ChIP-seq,0.0705234336427956
XBP1,STXBP1,1.3848441167402572,1,0.3188512905722391,ReMap_ChIP-seq,0.44155933386400353
XBP1,PSAP,-0.15805389331685,1,0.3187145543301508,ReMap_ChIP-seq,-0.05037407616862504
XBP1,SFXN4,-1.377670618041172,1,0.318574789615742,ReMap_ChIP-seq,-0.4388911273022556
XBP1,RFC2,-1.5433836741427425,1,0.3176615029510131,ReMap_ChIP-seq,-0.4902735775582402
XBP1,CUL5,0.0286741374189583,1,0.3175485570716871,ReMap_ChIP-seq,0.00910543096266548
XBP1,CDK5RAP1,-0.148267867010157,1,0.3168927218089616,ReMap_ChIP-seq,-0.0469850079336578
XBP1,UNK,0.7902217868487884,1,0.316697810923845,ReMap_ChIP-seq,0.25026151003934055
XBP1,CDKAL1,0.1055500392794805,1,0.3164628841501563,ReMap_ChIP-seq,0.03340266985254668
XBP1,TBC1D22B,0.7733417299463328,1,0.3163311613764435,ReMap_ChIP-seq,0.24463208757479138
XBP1,FARSA,-0.5833328245512248,1,0.315885931351285,ReMap_ChIP-seq,-0.18426663257113937
XBP1,CDON,0.7162076916684464,1,0.3155961399731468,ReMap_ChIP-seq,0.22603238290963937
XBP1,ATP6V0A2,0.5255899023408755,1,0.3155540128472585,ReMap_ChIP-seq,0.16585200279566198
XBP1,FAM8A1,1.071650827203848,1,0.3140311320086548,ReMap_ChIP-seq,0.3365317223848357
XBP1,SDE2,-0.2562016548068715,1,0.3138894581529577,ReMap_ChIP-seq,-0.08041899860522002
XBP1,SNRPA,-0.5694659627333346,1,0.3137828177776856,ReMap_ChIP-seq,-0.17868863441494823
XBP1,AFG3L2,-1.0969372807713234,1,0.3134821619876401,ReMap_ChIP-seq,-0.34387027034103745
XBP1,ANKH,-1.869504952112265,1,0.3095565940389755,ReMap_ChIP-seq,-0.5787175855148707
XBP1,SPTAN1,0.9098820754256254,1,0.3094923797173756,ReMap_ChIP-seq,0.28160156878566145
XBP1,TYK2,0.8259728797412286,1,0.3089363649262995,ReMap_ChIP-seq,0.2551730589949627
XBP1,EMP3,-2.183068358712734,1,0.3077659000725641,ReMap_ChIP-seq,-0.6718739983391598
XBP1,PAXIP1,-0.0664855365480786,1,0.3074732514705702,ReMap_ChIP-seq,-0.020442524098203154
XBP1,METTL23,-0.3361022618025619,1,0.3073288070266707,ReMap_ChIP-seq,-0.1032939071587471
XBP1,CNPY3,-0.4257634778909848,1,0.3072965789574855,ReMap_ChIP-seq,-0.13083566020094065
XBP1,KHDC4,0.2485940883234824,1,0.3052004209916729,ReMap_ChIP-seq,0.07587102041236794
XBP1,EIF1AD,-0.1669209531580829,1,0.3040269586778273,ReMap_ChIP-seq,-0.050748469728256015
XBP1,SLC44A2,2.034586343535401,1,0.302933803599946,ReMap_ChIP-seq,0.6163449797996854
XBP1,RBM12,0.4219845584017695,1,0.302431618541123,ReMap_ChIP-seq,0.1276214729968082
XBP1,NNT-AS1,-0.4084297450894957,1,0.3012856849680576,ReMap_ChIP-seq,-0.12305403551061786
XBP1,PPP6R3,0.9711666079163096,1,0.3003211046726394,ReMap_ChIP-seq,0.2916618285106062
XBP1,MRPL34,-0.6061443165174072,1,0.2993050184850943,ReMap_ChIP-seq,-0.1814220358598774
XBP1,KIF3B,1.375295137984929,1,0.2966212206958297,ReMap_ChIP-seq,0.40794172264612916
XBP1,CBFA2T2,0.0374296928337815,1,0.296591947560332,ReMap_ChIP-seq,0.01110134549415626
XBP1,ZNF451,0.3912178752440437,1,0.2961272159330786,ReMap_ChIP-seq,0.11585026021927315
XBP1,SNRNP48,-0.6911346339557657,1,0.295567370658378,ReMap_ChIP-seq,-0.20427684652924621
XBP1,KXD1,0.1185271589558199,1,0.2953191897428001,ReMap_ChIP-seq,0.035003344545348807
XBP1,USP49,-0.1106459528079785,1,0.2950385805486233,ReMap_ChIP-seq,-0.03264482485991594
XBP1,MPC1,-0.3397594776833791,1,0.2945719333174044,ReMap_ChIP-seq,-0.10008360620410449
XBP1,STMP1,0.8035079342605687,1,0.2943128228155236,ReMap_ChIP-seq,0.23648268828689814
XBP1,ZNF184,-0.1746319317291691,1,0.294283393140732,ReMap_ChIP-seq,-0.05139127741998054
XBP1,MAML1,-0.1844610066282686,1,0.2938392149320828,ReMap_ChIP-seq,-0.05420187737323216
XBP1,PROSER2,-0.5282356579026134,1,0.2929768754026224,ReMap_ChIP-seq,-0.15476083252855624
XBP1,PC,-0.5092671254739035,1,0.2923604765152939,ReMap_ChIP-seq,-0.1488895794771244
XBP1,CHMP2A,0.6028269832424121,1,0.2922226647670182,ReMap_ChIP-seq,0.1761597074365603
XBP1,YJU2,-0.7748954010242545,1,0.291736775641454,ReMap_ChIP-seq,-0.22606548575420746
XBP1,WDR37,0.6624683580280737,1,0.2910698113809479,ReMap_ChIP-seq,0.19282454001707766
XBP1,NDRG3,-0.4460223869255818,1,0.2887816268982814,ReMap_ChIP-seq,-0.12880307052942427
XBP1,INAFM1,-0.0102477639477352,1,0.2882376401757917,ReMap_ChIP-seq,-0.0029537912973737488
XBP1,PKNOX1,-0.1464054994302841,1,0.2881976202488439,ReMap_ChIP-seq,-0.04219371652715135
XBP1,MROH1,0.6914270690456698,1,0.2863590546434706,ReMap_ChIP-seq,0.19799640184682368
XBP1,PGAM1,-1.8166570824167765,1,0.2861767530564655,ReMap_ChIP-seq,-0.5198850252630649
XBP1,GMEB2,0.3746151345441977,1,0.2850618823755254,ReMap_ChIP-seq,0.1067884954195297
ELF3,CLDN4,0.4277813869853091,3,1.0,"ARCHS4_Coexpression,Enrichr_Queries,GTEx_Coexpression",0.4277813869853091
ELF3,ST14,0.9186260024947568,4,0.953172748630687,"ARCHS4_Coexpression,Enrichr_Queries,GTEx_Coexpression,ReMap_ChIP-seq",0.8756092717615477
ELF3,EPHA2,-0.3171557794770977,4,0.8389097626442417,"ARCHS4_Coexpression,Enrichr_Queries,GTEx_Coexpression,ReMap_ChIP-seq",-0.2660650796823815
ELF3,GIPC1,1.0482275895995297,3,0.7831618813574325,"ARCHS4_Coexpression,GTEx_Coexpression,ReMap_ChIP-seq",0.8209318911615343
ELF3,PRSS22,0.9576016524533012,3,0.7763076321859659,"ARCHS4_Coexpression,GTEx_Coexpression,ReMap_ChIP-seq",0.7433934713933905
ELF3,CTNND1,0.1192229059378829,3,0.7085449995459738,"ARCHS4_Coexpression,GTEx_Coexpression,ReMap_ChIP-seq",0.08447479383362692
ELF3,F2RL1,0.5543645934463336,3,0.6863344755546154,"ARCHS4_Coexpression,Enrichr_Queries,ReMap_ChIP-seq",0.38047953250903693
ELF3,PCDH1,1.409286144288601,3,0.6797842755659111,"ARCHS4_Coexpression,GTEx_Coexpression,ReMap_ChIP-seq",0.9580105606603029
ELF3,SCNN1A,1.3046638105533006,4,0.671740312118001,"ARCHS4_Coexpression,Enrichr_Queries,GTEx_Coexpression,ReMap_ChIP-seq",0.8763952753101347
ELF3,KRT8,-0.81951217562982,3,0.657167134042224,"ARCHS4_Coexpression,Enrichr_Queries,GTEx_Coexpression",-0.5385564677713566
ELF3,RAB11FIP1,1.66500476468835,2,0.6106211860826909,"ARCHS4_Coexpression,GTEx_Coexpression",1.016687184247332
ELF3,GPRC5A,0.6439402995673559,3,0.6219394436325185,"ARCHS4_Coexpression,Enrichr_Queries,ReMap_ChIP-seq",0.4004918716454786
ELF3,TSPAN1,1.186639685991463,3,0.6078741696505406,"ARCHS4_Coexpression,Enrichr_Queries,GTEx_Coexpression",0.7213276137964388
ELF3,ESRP1,0.4959414915025183,3,0.6075972733861968,"ARCHS4_Coexpression,Enrichr_Queries,GTEx_Coexpression",0.30133269799601387
ELF3,NECTIN4,1.4937844368111248,2,0.6184978812373796,"ARCHS4_Coexpression,ReMap_ChIP-seq",0.9239025091930531
ELF3,TMPRSS4,-0.3798076614541018,3,0.5932505566792488,"ARCHS4_Coexpression,Enrichr_Queries,GTEx_Coexpression",-0.22532110658868953
ELF3,MISP,0.7990635564431766,2,0.5894822716625222,"ARCHS4_Coexpression,GTEx_Coexpression",0.47103380045485777
ELF3,GPRC5C,1.3565645435908538,2,0.6088746986851333,"ARCHS4_Coexpression,ReMap_ChIP-seq",0.8259778277258165
ELF3,SEMA4B,-1.0145186730981592,3,0.5986895603559158,"ARCHS4_Coexpression,GTEx_Coexpression,ReMap_ChIP-seq",-0.607381738370004
ELF3,MUC4,1.117769163265482,2,0.5789023606476235,"ARCHS4_Coexpression,GTEx_Coexpression",0.6470792072735064
ELF3,SDC4,1.2030966884164949,3,0.5917176842780346,"ARCHS4_Coexpression,Enrichr_Queries,ReMap_ChIP-seq",0.7118935864323805
ELF3,PLS1,1.1769178523778456,3,0.5566793868818288,"ARCHS4_Coexpression,Enrichr_Queries,GTEx_Coexpression",0.6551659084719779
ELF3,TNFRSF12A,-0.4265199902078169,3,0.5670696678525567,"ARCHS4_Coexpression,Enrichr_Queries,ReMap_ChIP-seq",-0.24186654917962247
ELF3,CAPN5,1.6799246361486195,3,0.5667368217648027,"ARCHS4_Coexpression,GTEx_Coexpression,ReMap_ChIP-seq",0.9520751490952611
ELF3,F11R,-0.1009197714234441,4,0.5636370619842103,"ARCHS4_Coexpression,Enrichr_Queries,GTEx_Coexpression,ReMap_ChIP-seq",-0.0568821234612281
ELF3,RIPK4,-1.5517728582137524,4,0.5633839378026826,"ARCHS4_Coexpression,Enrichr_Queries,GTEx_Coexpression,ReMap_ChIP-seq",-0.8742439034357877
ELF3,EHF,0.6086366993001127,3,0.5459389905230896,"ARCHS4_Coexpression,Enrichr_Queries,GTEx_Coexpression",0.3322785052112087
ELF3,MUC1,2.4677455615697816,3,0.5430234357397067,"ARCHS4_Coexpression,Enrichr_Queries,GTEx_Coexpression",1.3400436733750347
ELF3,LLGL2,0.8321426444349782,2,0.5420391127262333,"ARCHS4_Coexpression,GTEx_Coexpression",0.451053860651197
ELF3,EZR,0.9969530040350496,4,0.5488276953130469,"ARCHS4_Coexpression,Enrichr_Queries,GTEx_Coexpression,ReMap_ChIP-seq",0.547155419539975
ELF3,TMEM45B,0.9834176454648214,3,0.536540234634785,"ARCHS4_Coexpression,Enrichr_Queries,GTEx_Coexpression",0.527643134241683
ELF3,SLC44A4,2.1311955401112264,3,0.5358539942286132,"ARCHS4_Coexpression,Enrichr_Queries,GTEx_Coexpression",1.1420096426508073
ELF3,LSR,0.8393263980587992,3,0.5233610863020504,"ARCHS4_Coexpression,Enrichr_Queries,GTEx_Coexpression",0.4392707754500403
ELF3,ADGRF1,0.765909919011013,3,0.5199128616853174,"ARCHS4_Coexpression,GTEx_Coexpression,ReMap_ChIP-seq",0.39820641778618543
ELF3,TMEM54,1.1927145974116111,2,0.505352576230494,"ARCHS4_Coexpression,GTEx_Coexpression",0.6027413945096742
ELF3,CLDN3,2.302380307909411,3,0.5024988530522384,"ARCHS4_Coexpression,Enrichr_Queries,GTEx_Coexpression",1.1569434640145386
ELF3,CGN,1.2218269303509068,4,0.5038815848233198,"ARCHS4_Coexpression,Enrichr_Queries,GTEx_Coexpression,ReMap_ChIP-seq",0.6156560900450269
ELF3,LIPH,2.1731938208610115,2,0.4948734746489105,"ARCHS4_Coexpression,GTEx_Coexpression",1.0754559772150307
ELF3,RBM47,2.0824757532177207,3,0.4933829936829646,"ARCHS4_Coexpression,Enrichr_Queries,GTEx_Coexpression",1.0274581213947458
ELF3,TJP3,1.7728611202314402,3,0.4811751260285202,"ARCHS4_Coexpression,Enrichr_Queries,GTEx_Coexpression",0.8530566729584267
ELF3,EFNA1,0.2592964441951465,2,0.4765494897717133,"ARCHS4_Coexpression,Enrichr_Queries",0.1235675881808166
ELF3,BICDL2,2.1517203741065165,2,0.4752254280990021,"ARCHS4_Coexpression,GTEx_Coexpression",1.0225522359341142
ELF3,AP1M2,1.8036208378917216,3,0.4722628668536167,"ARCHS4_Coexpression,Enrichr_Queries,GTEx_Coexpression",0.8517831476196667
ELF3,ST6GALNAC1,1.3473751506123777,3,0.48054845066685736,"ARCHS4_Coexpression,GTEx_Coexpression,ReMap_ChIP-seq",0.6474790410938017
ELF3,TACSTD2,-1.6214786709697495,3,0.4658073833574486,"ARCHS4_Coexpression,Enrichr_Queries,GTEx_Coexpression",-0.7552967368943324
ELF3,SDCBP2,0.421732845162086,2,0.4644249901199067,"ARCHS4_Coexpression,GTEx_Coexpression",0.1958632724476419
ELF3,TSPAN15,1.7415903211865589,2,0.47779234687566835,"ARCHS4_Coexpression,ReMap_ChIP-seq",0.832118526855675
ELF3,S100P,1.191777131512135,3,0.46609661679318615,"ARCHS4_Coexpression,Enrichr_Queries,ReMap_ChIP-seq",0.5554832889692942
ELF3,FUT3,1.0977782476899172,2,0.4544753312354003,"ARCHS4_Coexpression,GTEx_Coexpression",0.4989131327418924
ELF3,JUP,-0.926732907350043,3,0.46226721380822716,"ARCHS4_Coexpression,Enrichr_Queries,ReMap_ChIP-seq",-0.4283982390251023
ELF3,RHPN2,1.6531496367404457,3,0.4477747723802448,"ARCHS4_Coexpression,Enrichr_Queries,GTEx_Coexpression",0.7402387023019374
ELF3,SPINT1,1.524711028713685,4,0.4427782755635521,"ARCHS4_Coexpression,Enrichr_Queries,GTEx_Coexpression,ReMap_ChIP-seq",0.675108920026575
ELF3,GMDS,1.3428228200127106,3,0.44440731598673855,"ARCHS4_Coexpression,GTEx_Coexpression,ReMap_ChIP-seq",0.5967602852875921
ELF3,CDC42BPG,-0.6377193182387015,2,0.44837342868811203,"ARCHS4_Coexpression,ReMap_ChIP-seq",-0.28593639725933184
ELF3,MVP,1.2414934439034666,2,0.4333197783951083,"ARCHS4_Coexpression,Enrichr_Queries",0.53796366399123
ELF3,TMEM184A,1.82878217568334,2,0.4312215266491644,"ARCHS4_Coexpression,GTEx_Coexpression",0.7886102417069503
ELF3,MYO5B,1.4250003604096515,2,0.4308652196448194,"ARCHS4_Coexpression,GTEx_Coexpression",0.6139830932818513
ELF3,ATP8B1,1.7260620929749286,3,0.44039244298907415,"ARCHS4_Coexpression,GTEx_Coexpression,ReMap_ChIP-seq",0.7601447018760633
ELF3,PLPP2,1.2535275468361586,2,0.4276144658526406,"ARCHS4_Coexpression,GTEx_Coexpression",0.5360265123719149
ELF3,ALDH1A3,1.1488444679970469,2,0.4220864450744901,"ARCHS4_Coexpression,Enrichr_Queries",0.48491167744036734
ELF3,GPX2,-2.165924589648916,3,0.4219810100905403,"ARCHS4_Coexpression,Enrichr_Queries,GTEx_Coexpression",-0.9139790461199885
ELF3,NR1D1,-0.906056716000737,2,0.4354580059518627,"ARCHS4_Coexpression,ReMap_ChIP-seq",-0.3945496508289741
ELF3,MAL2,1.6172064889307798,4,0.40964784471547133,"ARCHS4_Coexpression,Enrichr_Queries,GTEx_Coexpression,ReMap_ChIP-seq",0.6624851526503687
ELF3,SERINC2,0.5602820157394717,3,0.40095821651819347,"ARCHS4_Coexpression,Enrichr_Queries,GTEx_Coexpression",0.22464967777811695
ELF3,ZC3H12A,0.2353151066501906,1,0.398795016786602,ARCHS4_Coexpression,0.0938424919067038
ELF3,ANXA11,1.3106198793124657,2,0.40115933697008255,"ARCHS4_Coexpression,ReMap_ChIP-seq",0.5257674018047983
ELF3,ITPKC,0.1417517867661925,1,0.3864855562972311,ARCHS4_Coexpression,0.05478501816445838
ELF3,PLEKHS1,1.8668676424819304,2,0.3832584575567895,"ARCHS4_Coexpression,GTEx_Coexpression",0.7154928131203045
ELF3,CAPN1,-1.726062092974928,2,0.3826883565674403,"ARCHS4_Coexpression,GTEx_Coexpression",-0.6605438656939315
ELF3,KRT18,0.2894260046003828,4,0.38538637253155766,"ARCHS4_Coexpression,Enrichr_Queries,GTEx_Coexpression,ReMap_ChIP-seq",0.11154083802924346
ELF3,VWA1,0.935614414740354,1,0.3751823538718534,ARCHS4_Coexpression,0.3510260184387225
ELF3,LCN2,1.964899977535007,2,0.3718048059820921,"ARCHS4_Coexpression,Enrichr_Queries",0.7305592549216203
ELF3,AGR2,1.5261853474156784,3,0.3661410162092901,"ARCHS4_Coexpression,Enrichr_Queries,GTEx_Coexpression",0.558799054026505
ELF3,BAIAP2L1,1.2276770815876317,2,0.3657617354949912,"ARCHS4_Coexpression,GTEx_Coexpression",0.44903729998891806
ELF3,CDH1,1.4080439634535509,2,0.3653572864912265,"ARCHS4_Coexpression,GTEx_Coexpression",0.5144391217477411
ELF3,CRB3,0.8648187765837141,2,0.3638585746457083,"ARCHS4_Coexpression,GTEx_Coexpression",0.3146717273745955
ELF3,CEACAM5,0.4343516904534929,2,0.3599389701923878,"ARCHS4_Coexpression,GTEx_Coexpression",0.15634010016315303
ELF3,DDR1,0.3351277650053531,2,0.3543489590855679,"ARCHS4_Coexpression,Enrichr_Queries",0.11875217469031968
ELF3,EPCAM,1.926681838305972,3,0.3487427009330318,"ARCHS4_Coexpression,Enrichr_Queries,GTEx_Coexpression",0.6719162281294435
ELF3,TRPM4,1.994307027655388,2,0.3460614378585783,"ARCHS4_Coexpression,GTEx_Coexpression",0.6901527575218911
ELF3,TMC4,1.7773129375701582,2,0.3440398121385449,"ARCHS4_Coexpression,GTEx_Coexpression",0.6114664091530426
ELF3,GALNT3,1.6585922780153906,2,0.3367898486136144,"ARCHS4_Coexpression,GTEx_Coexpression",0.5585970422245132
ELF3,PLEKHA7,0.9434916386018852,2,0.3348437874216673,"ARCHS4_Coexpression,GTEx_Coexpression",0.31592231367013024
ELF3,ESRP2,1.0806908944602125,2,0.3332909791831461,"ARCHS4_Coexpression,GTEx_Coexpression",0.3601845264089542
ELF3,B3GNT3,1.4980142965873982,2,0.3328022776718174,"ARCHS4_Coexpression,GTEx_Coexpression",0.4985425698892315
ELF3,FAM83E,1.754322356553203,2,0.3208766172302686,"ARCHS4_Coexpression,GTEx_Coexpression",0.5629210233022249
ELF3,SSH3,-0.4424640737146396,3,0.32596866540347263,"ARCHS4_Coexpression,GTEx_Coexpression,ReMap_ChIP-seq",-0.1442294235977448
ELF3,EPS8L1,1.507989599968135,1,0.3182374502771295,ARCHS4_Coexpression,0.4798987653382878
ELF3,EPS8L2,0.829865898722935,2,0.3181642698204586,"ARCHS4_Coexpression,GTEx_Coexpression",0.26403367771608127
ELF3,SPINT2,1.332680558488414,2,0.3180453583487123,"ARCHS4_Coexpression,Enrichr_Queries",0.42385286578880965
ELF3,TJP2,1.5001393151282492,1,0.3049238671006518,ARCHS4_Coexpression,0.45742828115862905
ELF3,RSPH1,0.263347231956239,2,0.3071171820467543,"ARCHS4_Coexpression,ReMap_ChIP-seq",0.08087845977821309
ELF3,PTPRF,0.1898510957333299,3,0.2970255368937125,"ARCHS4_Coexpression,Enrichr_Queries,GTEx_Coexpression",0.05639062364005193
ELF3,FAM83H,-0.4690350867110139,2,0.2949192371783944,"ARCHS4_Coexpression,GTEx_Coexpression",-0.1383274699827143
ELF3,DSG2,-2.011419922016726,3,0.300030948941833,"ARCHS4_Coexpression,GTEx_Coexpression,ReMap_ChIP-seq",-0.6034882279231861
ELF3,ERBB3,2.689038075290809,3,0.291959964057779,"ARCHS4_Coexpression,Enrichr_Queries,GTEx_Coexpression",0.7850914598119039
ELF3,MYH14,2.0166705660325595,1,0.2914468915679657,ARCHS4_Coexpression,0.5877523677867994
ELF3,CDC42EP5,1.092744031912927,2,0.2900307016721707,"ARCHS4_Coexpression,GTEx_Coexpression",0.31692931832378307
ELF3,PLEKHG6,0.7767622791047979,2,0.2883126186376707,"ARCHS4_Coexpression,GTEx_Coexpression",0.22395036674766952
ELF3,ARHGEF5,-0.7314695111663728,1,0.2878163085517665,ARCHS4_Coexpression,-0.21052885452207057
ELF3,DHRS9,0.4389113540159364,2,0.2929328692069158,"ARCHS4_Coexpression,ReMap_ChIP-seq",0.12857156225938063
ELF3,ARHGEF16,-2.03276518844331,2,0.2821099620536621,"ARCHS4_Coexpression,GTEx_Coexpression",-0.5734633101757475
ELF3,TMPRSS2,2.1289696030254452,3,0.2819619846708621,"ARCHS4_Coexpression,Enrichr_Queries,GTEx_Coexpression",0.6002884945729919
ELF3,PTK6,-0.4790841961601197,2,0.2802158680674356,"ARCHS4_Coexpression,GTEx_Coexpression",-0.13424699390439754
ELF3,MST1R,-0.5592046665855498,2,0.2793794861902364,"ARCHS4_Coexpression,GTEx_Coexpression",-0.15623031242585336
ELF3,RASSF7,1.395739900642453,2,0.2693823984276649,"ARCHS4_Coexpression,GTEx_Coexpression",0.3759877620162547
ELF3,PLXNB2,1.8695049521122655,1,0.2690983768992504,ARCHS4_Coexpression,0.5030807482185216
ELF3,KLF5,-1.0696084495682423,2,0.267758148439142,"ARCHS4_Coexpression,Enrichr_Queries",-0.28639637801125395
ELF3,WFDC2,2.3692813088676936,2,0.2661123852057378,"ARCHS4_Coexpression,Enrichr_Queries",0.6304951003261544
ELF3,GRHL2,-0.4480582442916418,2,0.2583422283096353,"ARCHS4_Coexpression,Enrichr_Queries",-0.11575236524280569
ELF3,AQP3,-2.448841521186704,2,0.2574769687104645,"ARCHS4_Coexpression,Enrichr_Queries",-0.6305202917274753
ELF3,CFB,1.8513101787347104,1,0.2570594847253085,ARCHS4_Coexpression,0.4758968406122634
ELF3,TM4SF1,0.3699258254258982,3,0.2601080353587866,"ARCHS4_Coexpression,Enrichr_Queries,ReMap_ChIP-seq",0.09622067968000786
ELF3,GCNT3,1.2045225038170573,3,0.25718374987080445,"ARCHS4_Coexpression,GTEx_Coexpression,ReMap_ChIP-seq",0.30978361433544116
ELF3,AMN,0.9597893745580348,1,0.2503950929970956,ARCHS4_Coexpression,0.24032654970008335
ELF3,RAB25,0.4531560458235339,3,0.2495975502824613,"ARCHS4_Coexpression,Enrichr_Queries,GTEx_Coexpression",0.11310663893324084
ELF3,ALDH3B1,1.5328611914571704,2,0.2512243488532264,"ARCHS4_Coexpression,ReMap_ChIP-seq",0.38509205470620844
ELF3,KRT23,-0.2913476019033953,1,0.2393561709548786,ARCHS4_Coexpression,-0.069735846408483
ELF3,PRR15,0.4439883765202232,2,0.2375755629642814,"ARCHS4_Coexpression,GTEx_Coexpression",0.10548078850138937
ELF3,NET1,-0.0704095279614828,1,0.2345704986033027,ARCHS4_Coexpression,-0.016515998080348204
ELF3,GOLM1,2.137937464950853,1,0.2343451810548661,ARCHS4_Coexpression,0.501015342307889
ELF3,ATP2C2,0.76683657685631,1,0.229313541584661,ARCHS4_Coexpression,0.17584601125557853
ELF3,DUOX1,-0.2360254089552781,1,0.226264407696797,ARCHS4_Coexpression,-0.05340414935866029
ELF3,CLDN23,0.6411095055246638,1,0.2255831074336439,ARCHS4_Coexpression,0.14462347446150056
ELF3,CDS1,0.9474522832228458,1,0.2245628703826869,ARCHS4_Coexpression,0.21276260427115268
ELF3,PKP3,-1.5123110383454532,1,0.2221834627778124,ARCHS4_Coexpression,-0.33601050329670185
ELF3,CAPS,-0.2519206025263287,1,0.214189968594585,ARCHS4_Coexpression,-0.05395886594344328
ELF3,CYB561,2.329287846792842,1,0.2123251413664016,ARCHS4_Coexpression,0.49456637135333137
ELF3,CD164L2,-0.2395787149856923,1,0.211677083535892,ARCHS4_Coexpression,-0.050713323665448055
ELF3,ANO9,-0.7090831922070037,1,0.2096074483479396,ARCHS4_Coexpression,-0.14862911858492164
ELF3,CLDN1,-2.9553085872762788,2,0.2091711656447692,"ARCHS4_Coexpression,Enrichr_Queries",-0.6181653420405754
ELF3,FXYD3,-0.4672364326567327,3,0.208511031058531,"ARCHS4_Coexpression,Enrichr_Queries,GTEx_Coexpression",-0.09742395032136522
ELF3,KIAA1217,0.2258555962690629,1,0.2082152410245425,ARCHS4_Coexpression,0.047026577413904695
ELF3,LRRC23,0.0321299778535608,1,0.2042833692042384,ARCHS4_Coexpression,0.006563620128382965
ELF3,TUBB4B,-0.8772701575985861,1,0.2013008695085633,ARCHS4_Coexpression,-0.17659524551850972
ELF3,CAST,-1.1355802172213938,1,0.2003344472526189,ARCHS4_Coexpression,-0.22749583512805682
ELF3,TPPP3,-0.2662092115728442,1,0.1942883723611229,ARCHS4_Coexpression,-0.0517213544240257
ELF3,GNA11,1.3332404258739898,1,0.1932369444768696,ARCHS4_Coexpression,0.25763130614893015
ELF3,KRT7,2.308951795469241,3,0.19601548409531086,"ARCHS4_Coexpression,Enrichr_Queries,ReMap_ChIP-seq",0.45259030394164046
ELF3,TMEM190,0.544990254186772,1,0.1911121639917617,ARCHS4_Coexpression,0.10415426683205427
ELF3,DNAAF1,0.2697897579115431,1,0.1876313161119011,ARCHS4_Coexpression,0.05062100735045401
ELF3,TFCP2L1,0.5142546624153594,2,0.1873377832810751,"ARCHS4_Coexpression,Enrichr_Queries",0.09633932849885103
ELF3,SHROOM3,2.6189736356136932,2,0.1868835047143844,"ARCHS4_Coexpression,GTEx_Coexpression",0.48944297177806007
ELF3,PRR15L,2.3617241847802113,3,0.1859133544787908,"ARCHS4_Coexpression,Enrichr_Queries,GTEx_Coexpression",0.4390760655461766
ELF3,ZBTB7C,0.0295956596808432,1,0.1828126145251093,ARCHS4_Coexpression,0.005410459924850308
ELF3,PIGR,3.1153302159771337,4,0.18528369677485154,"ARCHS4_Coexpression,Enrichr_Queries,GTEx_Coexpression,ReMap_ChIP-seq",0.57721989909064
ELF3,B4GALNT3,2.1245491161740104,1,0.1815413338989751,ARCHS4_Coexpression,0.38569348048411844
ELF3,SMIM22,2.365485860339532,2,0.1812426341497998,"ARCHS4_Coexpression,GTEx_Coexpression",0.42872688837204226
ELF3,BPIFA1,1.7020500799819531,1,0.1806299142846647,ARCHS4_Coexpression,0.3074411600553469
ELF3,TMEM30B,-0.5032464699144996,2,0.1796830178861828,"ARCHS4_Coexpression,GTEx_Coexpression",-0.09042484445480539
ELF3,MYO1D,1.0790406849715324,1,0.1776537573151697,ARCHS4_Coexpression,0.19169563198112707
ELF3,ERN2,1.9523578968202184,2,0.1767666033397296,"ARCHS4_Coexpression,GTEx_Coexpression",0.3451116739244083
ELF3,ELMO3,-0.6231121277580761,2,0.1766105288731234,"ARCHS4_Coexpression,GTEx_Coexpression",-0.11004816243061105
ELF3,ZMYND10,0.656457774151541,1,0.1759178805448893,ARCHS4_Coexpression,0.11548266029595472
ELF3,CLCA4,-1.2434866368723274,2,0.175519246662356,"ARCHS4_Coexpression,GTEx_Coexpression",-0.21825583773853754
ELF3,ALS2CL,-0.9568734295735306,1,0.1739777857969671,ARCHS4_Coexpression,-0.166474720565153
ELF3,CNKSR1,0.2736128246843633,1,0.1730690784204421,ARCHS4_Coexpression,0.04735391941213676
ELF3,MUC20,1.7240228361723426,2,0.17201354207425,"ARCHS4_Coexpression,GTEx_Coexpression",0.29655527466689907
ELF3,CLMN,0.6470601454890624,1,0.1703254923191075,ARCHS4_Coexpression,0.1102108378404979
ELF3,GGT6,1.1329512486222024,2,0.1699765034574026,"ARCHS4_Coexpression,GTEx_Coexpression",0.19257509182850038
ELF3,PRSS8,1.8059683151219663,3,0.1678075898591971,"ARCHS4_Coexpression,Enrichr_Queries,GTEx_Coexpression",0.3030551903226922
ELF3,CEACAM6,2.584990367510143,2,0.1623819723625398,"ARCHS4_Coexpression,GTEx_Coexpression",0.4197558344144636
ELF3,EPB41L4B,2.4263787692750967,1,0.1598196805805059,ARCHS4_Coexpression,0.387783079872867
ELF3,TSPAN8,2.20348101580667,3,0.1595494627246174,"ARCHS4_Coexpression,Enrichr_Queries,GTEx_Coexpression",0.3515642121958484
ELF3,MUC5AC,1.1555530218008152,1,0.1586454134739041,ARCHS4_Coexpression,0.18332318693460964
ELF3,ALOX15,-1.258595731677474,1,0.1501456197137127,ARCHS4_Coexpression,-0.18897263610174803
ELF3,AGR3,1.7010706586820066,2,0.1488775147586016,"ARCHS4_Coexpression,GTEx_Coexpression",0.25325117209335457
ELF3,CELSR1,1.3641161712122396,2,0.1479810062391317,"ARCHS4_Coexpression,Enrichr_Queries",0.2018632836430589
ELF3,MS4A8,1.922280201195298,1,0.1412273349044625,ARCHS4_Coexpression,0.2714785097544259
ELF3,SPATA18,-0.7052390866829421,1,0.1367193422826916,ARCHS4_Coexpression,-0.09641982408333798
ELF3,CLIC6,2.4488415211867034,1,0.1363198314733324,ARCHS4_Coexpression,0.33382566347307036
ELF3,PROM2,0.558127966099383,2,0.135374061104451,"ARCHS4_Coexpression,GTEx_Coexpression",0.07555604938684082
ELF3,CMTM4,1.2596132555059585,1,0.1232378062956963,ARCHS4_Coexpression,0.15523197438953473
ELF3,TMEM125,3.454547419973036,1,0.1170917629456006,ARCHS4_Coexpression,0.4044990475838189
ELF3,GSTA2,1.9664896541224943,1,0.1155809675294812,ARCHS4_Coexpression,0.22728877686019275
ELF3,ALDH3A1,-2.0096819655052576,1,0.1139160302249179,ARCHS4_Coexpression,-0.22893499152496935
ELF3,CXCL17,2.821684405481538,2,0.1086246760536481,"ARCHS4_Coexpression,GTEx_Coexpression",0.30650455447106273
ELF3,NWD1,-0.6762977347704017,1,0.1069287673036132,ARCHS4_Coexpression,-0.072315683109225
ELF3,AQP5,0.1067079560328217,1,0.1062182129628463,ARCHS4_Coexpression,0.011334328398724294
ELF3,SCGB1A1,2.874844910042051,1,0.1054610493422935,ARCHS4_Coexpression,0.30318416090938605
ELF3,RAPGEFL1,-1.4689491652951294,1,0.1049649024804152,ARCHS4_Coexpression,-0.15418810588389056
ELF3,CYP4F12,-0.4967228962425509,1,0.1019472581130153,ARCHS4_Coexpression,-0.050639537313883855
ELF3,ATP12A,1.6724181654067705,1,0.0980548517194175,ARCHS4_Coexpression,0.16398871522182112
ELF3,BPIFB1,2.2248553412521033,1,0.0941533663919473,ARCHS4_Coexpression,0.2094776201139902
ELF3,GSTA1,2.0437948598956472,1,0.0915929407740608,ARCHS4_Coexpression,0.1871971815567519
ELF3,ADH1C,-0.1268800083461996,1,0.0889242073799677,ARCHS4_Coexpression,-0.011282704174549487
ELF3,EVPL,-0.6713851615589522,1,0.0748239059446968,ARCHS4_Coexpression,-0.05023566018115211
ELF3,MSMB,1.414903054272792,1,0.0745349845311577,ARCHS4_Coexpression,0.10545977726331034
ELF3,ABCC3,-1.3354840856264685,2,0.0,"ARCHS4_Coexpression,Enrichr_Queries",-0.0
ELF3,ADH7,-2.078465410475062,1,0.0,ARCHS4_Coexpression,-0.0
ELF3,ANXA4,-0.2350783656133797,1,0.0,ARCHS4_Coexpression,-0.0
ELF3,CAPN8,3.3143101428861494,1,0.0,ARCHS4_Coexpression,0.0
ELF3,CBLC,-1.1815333703859556,2,0.0,"ARCHS4_Coexpression,GTEx_Coexpression",-0.0
ELF3,CEACAM1,0.4126887956751981,3,0.0,"ARCHS4_Coexpression,Enrichr_Queries,GTEx_Coexpression",0.0
ELF3,CHP2,0.4051778197847899,1,0.0,ARCHS4_Coexpression,0.0
ELF3,CHST9,-0.1380310305579468,1,0.0,ARCHS4_Coexpression,-0.0
ELF3,CRACR2B,3.2629898856619945,2,0.0,"ARCHS4_Coexpression,GTEx_Coexpression",0.0
ELF3,CYP2F1,2.7754715183572585,1,0.0,ARCHS4_Coexpression,0.0
ELF3,CYP4B1,1.2059507721657217,1,0.0,ARCHS4_Coexpression,0.0
ELF3,FAM3B,-1.0923257630798158,2,0.0,"ARCHS4_Coexpression,GTEx_Coexpression",-0.0
ELF3,FAM3D,0.9119742571334396,2,0.0,"ARCHS4_Coexpression,GTEx_Coexpression",0.0
ELF3,KIAA1671,-0.2119393630211273,1,0.0,ARCHS4_Coexpression,-0.0
ELF3,KRT19,-1.0450417482792147,2,0.0,"ARCHS4_Coexpression,Enrichr_Queries",-0.0
ELF3,LGALS3BP,0.1071711627100454,2,0.0,"ARCHS4_Coexpression,Enrichr_Queries",0.0
ELF3,MALL,1.4326697863599285,2,0.0,"ARCHS4_Coexpression,GTEx_Coexpression",0.0
ELF3,PPP1R16A,-0.6017226798540767,1,0.0,ARCHS4_Coexpression,-0.0
ELF3,PRDX5,-0.6719622687922471,1,0.0,ARCHS4_Coexpression,-0.0
ELF3,SCGB3A1,3.1805588654143877,1,0.0,ARCHS4_Coexpression,0.0
ELF3,SCNN1B,2.9739608878787114,2,0.0,"ARCHS4_Coexpression,GTEx_Coexpression",0.0
ELF3,SELENBP1,2.6334592325615516,2,0.0,"ARCHS4_Coexpression,Enrichr_Queries",0.0
ELF3,SLPI,2.4177262200778524,2,0.0,"ARCHS4_Coexpression,Enrichr_Queries",0.0
ELF3,STAP2,-0.4938592234728685,2,0.0,"ARCHS4_Coexpression,GTEx_Coexpression",-0.0
ELF3,TFF3,1.834946946157213,1,0.0,ARCHS4_Coexpression,0.0
ELF3,TNFRSF21,-0.2988040339887288,2,0.0,"ARCHS4_Coexpression,Enrichr_Queries",-0.0
ELF3,VSIG2,2.3887892435059044,2,0.0,"ARCHS4_Coexpression,Enrichr_Queries",0.0
ELF3,IER5,0.2913476019033953,2,0.7273151674923485,"Enrichr_Queries,ReMap_ChIP-seq",0.21190152987686203
ELF3,KLF6,0.7414361528092668,2,0.7127868419987755,"Enrichr_Queries,ReMap_ChIP-seq",0.5284859339046388
ELF3,GRB7,0.1060131889118037,3,0.6925685343631302,"Enrichr_Queries,GTEx_Coexpression,ReMap_ChIP-seq",0.07342139886780953
ELF3,JUND,0.2887056814316432,2,0.6843552169483642,"Enrichr_Queries,ReMap_ChIP-seq",0.1975772392503775
ELF3,MAFF,0.6656263228574861,2,0.6724627466564104,"Enrichr_Queries,ReMap_ChIP-seq",0.4476089053155517
ELF3,IRF1,0.6917195632771882,2,0.6645464436235622,"Enrichr_Queries,ReMap_ChIP-seq",0.459679775760699
ELF3,JUN,-0.1505965506463836,2,0.6492213753594858,"Enrichr_Queries,ReMap_ChIP-seq",-0.09777049973503962
ELF3,ZFP36,0.3593429610932167,2,0.6337673755666426,"Enrichr_Queries,ReMap_ChIP-seq",0.2277398453803941
ELF3,SOCS3,-0.5522176180971216,2,0.6165197254712262,"Enrichr_Queries,ReMap_ChIP-seq",-0.3404530543096118
ELF3,DUSP5,0.7530049402507445,2,0.6019735968164883,"Enrichr_Queries,ReMap_ChIP-seq",0.45328909230332554
ELF3,ADM,-0.3588517221000381,2,0.5987128330274936,"Enrichr_Queries,ReMap_ChIP-seq",-0.21484913117530863
ELF3,BCL3,0.9645452711909056,2,0.5872506180655765,"Enrichr_Queries,ReMap_ChIP-seq",0.5664298066590885
ELF3,FOSL2,-0.3654908148096578,2,0.5770705314354339,"Enrichr_Queries,ReMap_ChIP-seq",-0.21091397873697895
ELF3,SOX4,1.15735077497897,2,0.5619636288306507,"Enrichr_Queries,ReMap_ChIP-seq",0.6503890413371478
ELF3,CLDN7,1.6283763559158166,2,0.5368565720343764,"Enrichr_Queries,GTEx_Coexpression",0.874204548418795
ELF3,ATP1B1,1.2626736796030549,2,0.5408610943033983,"Enrichr_Queries,ReMap_ChIP-seq",0.6829310680982068
ELF3,LIF,0.2805523814473286,2,0.5321335953089551,"Enrichr_Queries,ReMap_ChIP-seq",0.14929134741205635
ELF3,TUFT1,-0.4368837158630568,2,0.5299009698262509,"Enrichr_Queries,ReMap_ChIP-seq",-0.23150510473713004
ELF3,TRIB1,-0.2284549117479702,2,0.5219006522244878,"Enrichr_Queries,ReMap_ChIP-seq",-0.11923076744515344
ELF3,ETS2,-1.3693901417693235,2,0.5189149217231943,"Enrichr_Queries,ReMap_ChIP-seq",-0.7105969782247424
ELF3,SLC2A1,-1.383044064608321,2,0.5188281226095734,"Enrichr_Queries,ReMap_ChIP-seq",-0.7175621555270488
ELF3,ANXA1,-0.5420539359435409,2,0.5053471270003981,"Enrichr_Queries,ReMap_ChIP-seq",-0.2739253992083262
ELF3,TNFAIP2,1.3676279233156885,2,0.5011622014299151,"Enrichr_Queries,ReMap_ChIP-seq",0.6854034207859135
ELF3,LMNA,-1.3583003575608197,2,0.49835148008611774,"Enrichr_Queries,ReMap_ChIP-seq",-0.6769109935919374
ELF3,FOSB,0.0579485399801186,2,0.4951978348230609,"Enrichr_Queries,ReMap_ChIP-seq",0.02869599152931231
ELF3,JUNB,-0.798746705065758,2,0.4925228858029138,"Enrichr_Queries,ReMap_ChIP-seq",-0.39340103220455597
ELF3,IER2,0.4478036607121402,2,0.49212053051486654,"Enrichr_Queries,ReMap_ChIP-seq",0.22037337507615773
ELF3,PLAU,-1.1104871568700931,2,0.4798338354435224,"Enrichr_Queries,ReMap_ChIP-seq",-0.5328493116917493
ELF3,FOS,0.1222384809210914,2,0.4666328639501648,"Enrichr_Queries,ReMap_ChIP-seq",0.05704049243712646
ELF3,PPP1R15A,-0.487884571831808,1,0.4500103622358711,Enrichr_Queries,-0.2195531128993248
ELF3,GDF15,0.7381057979304039,1,0.4487778959457018,Enrichr_Queries,0.33124556698053
ELF3,AREG,-0.2702674245245924,2,0.4603813676143464,"Enrichr_Queries,ReMap_ChIP-seq",-0.12442608652423899
ELF3,TNFAIP3,0.123862710861122,1,0.4283507539603487,Enrichr_Queries,0.05305668558493428
ELF3,DHRS3,-0.3400034531869293,2,0.4408124509379667,"Enrichr_Queries,ReMap_ChIP-seq",-0.14987775552670254
ELF3,CD55,1.841182252016378,2,0.4390029636204503,"Enrichr_Queries,ReMap_ChIP-seq",0.8082844652005649
ELF3,CXCL2,0.7851969901238879,2,0.43890009092006915,"Enrichr_Queries,ReMap_ChIP-seq",0.34462303035553904
ELF3,BCL6,0.7511716161681746,2,0.434748223171155,"Enrichr_Queries,ReMap_ChIP-seq",0.3265705254257188
ELF3,ATF3,0.2990448386399649,1,0.4145438339707382,Enrichr_Queries,0.12396719393897179
ELF3,RGS2,-0.7165053336755564,2,0.42359194486011403,"Enrichr_Queries,ReMap_ChIP-seq",-0.3035058877942739
ELF3,ANXA2,-1.0207023128943198,2,0.42272424663498015,"Enrichr_Queries,ReMap_ChIP-seq",-0.4314756162568331
ELF3,NFKBIA,-0.4685210309516254,2,0.4180649279402452,"Enrichr_Queries,ReMap_ChIP-seq",-0.19587221104328065
ELF3,NFKBIZ,1.0761598674673785,1,0.4016841808078312,Enrichr_Queries,0.4322763947818981
ELF3,BTG1,0.036738369221486,2,0.40531182137932165,"Enrichr_Queries,ReMap_ChIP-seq",0.014890495343666503
ELF3,SOX9,0.0916656226261728,2,0.4005956897917752,"Enrichr_Queries,ReMap_ChIP-seq",0.03672085332612424
ELF3,RHOB,1.0470316537297937,1,0.382636225442771,Enrichr_Queries,0.40063223990227065
ELF3,COL1A1,0.9619817000106812,1,0.3820658995717278,Enrichr_Queries,0.3675404035861209
ELF3,RND3,-0.5263832419290109,1,0.3800509814886703,Enrichr_Queries,-0.20005246773430876
ELF3,BTG2,-0.6748511705827548,1,0.377894176762974,Enrichr_Queries,-0.25502232754489945
ELF3,ERRFI1,-0.9946844564841107,2,0.38513201562840127,"Enrichr_Queries,ReMap_ChIP-seq",-0.3830848296399664
ELF3,EDN1,-0.1980640555769694,2,0.3785234796511353,"Enrichr_Queries,ReMap_ChIP-seq",-0.07497189551081031
ELF3,GADD45A,-1.3068242914318642,1,0.3541252736946902,Enrichr_Queries,-0.4627795098741785
ELF3,HMOX1,1.0359409884011386,1,0.3534708599493505,Enrichr_Queries,0.3661749520269306
ELF3,KCNK1,0.8745664854497858,1,0.3525276874934743,Enrichr_Queries,0.30830890067490824
ELF3,IER3,-0.2865456087931836,1,0.3491474709391469,Enrichr_Queries,-0.10004667461885822
ELF3,KLF4,0.0607168028188406,1,0.3485861111250287,Enrichr_Queries,0.021165034174564824
ELF3,NR4A1,0.8108440857982315,1,0.3452661015059045,Enrichr_Queries,0.27995697643267453
ELF3,CEBPB,0.1844610066282686,1,0.3447982865007641,Enrichr_Queries,0.0636018390116331
ELF3,ID1,-1.1889709985141808,2,0.3471067025494199,"Enrichr_Queries,ReMap_ChIP-seq",-0.4126998027211485
ELF3,GSN,1.3945210668498915,1,0.3351164185911409,Enrichr_Queries,0.4673269055726326
ELF3,MYOF,-1.0458372135181695,2,0.34059041689591824,"Enrichr_Queries,ReMap_ChIP-seq",-0.3562021325574188
ELF3,PLAUR,-0.5367271022046683,1,0.3283890572824161,Enrichr_Queries,-0.17625530711091403
ELF3,CEBPD,-0.1767367099115387,1,0.3245970752153411,Enrichr_Queries,-0.05736821912046765
ELF3,GADD45B,0.5492696750773282,1,0.3183003998707817,Enrichr_Queries,0.17483275721400787
ELF3,LGALS3,1.584853865097673,3,0.3228325462805342,"Enrichr_Queries,GTEx_Coexpression,ReMap_ChIP-seq",0.511642408752028
ELF3,AHNAK,0.0143931719216139,2,0.31716489189347585,"Enrichr_Queries,ReMap_ChIP-seq",0.004565008816522885
ELF3,S100A10,-1.380650943911461,2,0.31650978171471106,"Enrichr_Queries,ReMap_ChIP-seq",-0.4369895288816263
ELF3,EMP1,-0.8009663523333204,2,0.3110808913209082,"Enrichr_Queries,ReMap_ChIP-seq",-0.24916532680190592
ELF3,DUSP6,-0.3065184663724568,2,0.30738070571782705,"Enrichr_Queries,ReMap_ChIP-seq",-0.09421786250911181
ELF3,LAMB3,-2.322401996613413,3,0.30070243741648844,"Enrichr_Queries,GTEx_Coexpression,ReMap_ChIP-seq",-0.6983519410425726
ELF3,FOXA1,0.3224878485235738,2,0.2904911943049999,"Enrichr_Queries,GTEx_Coexpression",0.09367988026646286
ELF3,CDKN1A,-0.69230472936096,1,0.2787702106208672,Enrichr_Queries,-0.1929939352177773
ELF3,ISG15,1.0631026216168604,2,0.2871927573700438,"Enrichr_Queries,ReMap_ChIP-seq",0.30531537326946845
ELF3,ITGB6,-0.0888909441093307,2,0.28650836348301734,"Enrichr_Queries,ReMap_ChIP-seq",-0.025467998925224698
ELF3,TOB1,0.8350762430850661,1,0.277260030024242,Enrichr_Queries,0.23153326423029663
ELF3,SERPINB8,-0.531945942961324,1,0.276236445747947,Enrichr_Queries,-0.1469428566136763
ELF3,S100A9,0.1592198869618204,1,0.2744698730133388,Enrichr_Queries,0.043701062155609004
ELF3,HBEGF,-0.964912013260914,1,0.2656257028914213,Enrichr_Queries,-0.2563054317508067
ELF3,FZR1,-0.0418085048211764,1,0.2654417797479546,Enrichr_Queries,-0.011097723928334004
ELF3,CSTB,0.4695492664443831,1,0.2615244496686746,Enrichr_Queries,0.12279861349919716
ELF3,NCOA3,1.0214780144539988,1,0.2585370913879315,Enrichr_Queries,0.2640899547736563
ELF3,LAMC2,-1.2860138797150609,2,0.25957244586473704,"Enrichr_Queries,ReMap_ChIP-seq",-0.3338137681736381
ELF3,EGR1,-0.2779185631896918,1,0.2511699147360977,Enrichr_Queries,-0.06980478181993367
ELF3,GBP2,-0.2046440296482352,1,0.2503985143076195,Enrichr_Queries,-0.05124256098584253
ELF3,KLF9,0.2997673567111052,1,0.2503826017710058,Enrichr_Queries,0.0750565306993437
ELF3,VEGFA,0.7459908466325816,1,0.2488081588490472,Enrichr_Queries,0.18560860906889456
ELF3,PHLDA2,-0.0033391068004716,1,0.2484253329578223,Enrichr_Queries,-0.000829518718688886
ELF3,BIRC3,0.8146890120747272,1,0.247820799252923,Enrichr_Queries,0.20189688211493312
ELF3,CCN1,-0.5137290578660062,1,0.2449959206743726,Enrichr_Queries,-0.1258615235090602
ELF3,PRKCSH,-0.1074027746657395,1,0.244213003808681,Enrichr_Queries,-0.026229154218507147
ELF3,ADGRG1,-0.6175293591293173,1,0.2399482584039373,Enrichr_Queries,-0.14817509423637923
ELF3,TGIF1,-1.494487558011518,1,0.2335090629233187,Enrichr_Queries,-0.34897638922182844
ELF3,CCL20,0.8561487976287422,1,0.2285849177099291,Enrichr_Queries,0.19570270245342075
ELF3,DSP,-1.3963500958518282,1,0.2282683939202267,Enrichr_Queries,-0.31874259373045144
ELF3,PTGS2,0.5877063029478939,1,0.226745085072115,Enrichr_Queries,0.1332595156593384
ELF3,S100A4,1.5188466420170583,2,0.23358391689187924,"Enrichr_Queries,ReMap_ChIP-seq",0.3547781478004224
ELF3,TAGLN2,-0.5237400612058302,1,0.2259256343503389,Enrichr_Queries,-0.1183263055626125
ELF3,NQO1,-0.0766440031760738,1,0.2245694744228426,Enrichr_Queries,-0.017211903510913572
ELF3,MELTF,0.3186090797295828,1,0.2234030906756282,Enrichr_Queries,0.07117825312890644
ELF3,FBXO32,-1.4528827325251767,1,0.2225173670965798,Enrichr_Queries,-0.3232916403415867
ELF3,PMEPA1,-0.9882845270765356,2,0.22761544840293413,"Enrichr_Queries,ReMap_ChIP-seq",-0.22494882578020733
ELF3,PROM1,2.332772615116836,3,0.22081546927151488,"Enrichr_Queries,GTEx_Coexpression,ReMap_ChIP-seq",0.5151122797107631
ELF3,ZFP36L2,-1.9281573808785144,1,0.2157352173502725,Enrichr_Queries,-0.4159714516493585
ELF3,ISG20,1.9926275071116537,1,0.2139810896139468,Enrichr_Queries,0.4263846051664742
ELF3,MYC,-1.8708284980429213,2,0.2186356159591645,"Enrichr_Queries,ReMap_ChIP-seq",-0.4090297410235727
ELF3,TGM2,2.376976215649366,2,0.2183278745119446,"Enrichr_Queries,ReMap_ChIP-seq",0.5189601649281718
ELF3,DUSP4,2.219416104488567,1,0.2072653992070396,Enrichr_Queries,0.46000816490335555
ELF3,CD24,-0.0395037723312718,1,0.2067876487534876,Enrichr_Queries,-0.008168892197276775
ELF3,ID3,-0.6298372026838343,1,0.2051386343791468,Enrichr_Queries,-0.12920394363974366
ELF3,LONP1,0.5844251453073703,1,0.204813651528766,Enrichr_Queries,0.11969824805563217
ELF3,WWC1,2.094712011509307,2,0.20218014391413697,"Enrichr_Queries,ReMap_ChIP-seq",0.42350917594562304
ELF3,MLPH,2.3968538481428583,2,0.19724300943885925,"Enrichr_Queries,ReMap_ChIP-seq",0.47276266619280793
ELF3,PHLDA1,-0.8915710827274566,1,0.1901672109114119,Enrichr_Queries,-0.1695475861315481
ELF3,PDK4,0.362046329868532,1,0.1899930629457624,Enrichr_Queries,0.06878629113999427
ELF3,CXCL1,0.7833177975656483,1,0.1869973256397435,Enrichr_Queries,0.1464783332707902
ELF3,SLC7A5,0.3237009566945252,1,0.1855153781523462,Enrichr_Queries,0.060051505389461086
ELF3,ID2,0.6003433315577802,1,0.1802336787297519,Enrichr_Queries,0.10820208714753389
ELF3,MAFB,-0.7384082188512041,1,0.1793462621492176,Enrichr_Queries,-0.1324307539912249
ELF3,PPL,-0.7792556696888261,1,0.1775325828177724,Enrichr_Queries,-0.1383432717152502
ELF3,SGK1,-0.6984633669324074,1,0.1713103039396301,Enrichr_Queries,-0.11965397167988809
ELF3,NDRG1,-1.0526255726100906,1,0.1708198620723212,Enrichr_Queries,-0.1798093551270538
ELF3,FLNB,1.1461754735757133,1,0.1700998183886266,Enrichr_Queries,0.1949642398967269
ELF3,C3,2.626147555942906,2,0.17420650198010915,"Enrichr_Queries,ReMap_ChIP-seq",0.45749197940442665
ELF3,ANXA3,2.1540577237104364,2,0.1678669787345759,"Enrichr_Queries,ReMap_ChIP-seq",0.36159516209914877
ELF3,PFKFB3,-0.2564396280528068,1,0.1623036333011294,Enrichr_Queries,-0.04162108335536077
ELF3,TXNIP,-1.5130340296440827,2,0.16734200955198786,"Enrichr_Queries,ReMap_ChIP-seq",-0.25319415504118276
ELF3,THBS1,-0.5792427988206743,1,0.1607643334248855,Enrichr_Queries,-0.09312158244357076
ELF3,SMIM29,-0.1496649798988212,2,0.1657948312067896,"Enrichr_Queries,ReMap_ChIP-seq",-0.024813680079892615
ELF3,TSC22D3,-0.0692553030004576,1,0.1601749875803881,Enrichr_Queries,-0.011092967297974309
ELF3,NEDD9,-0.6011708032943229,1,0.1593945201686352,Enrichr_Queries,-0.09582333173049158
ELF3,GLUL,-1.3254399798805976,1,0.1591651306163113,Enrichr_Queries,-0.21096382752177634
ELF3,CCN2,-1.2565645839295845,1,0.1579720952452844,Enrichr_Queries,-0.1985021401343755
ELF3,VIM,1.2849616206254482,2,0.1586209173424611,"Enrichr_Queries,ReMap_ChIP-seq",0.20382179101346407
ELF3,PTGES,1.465570718515443,1,0.1434954826838531,Enrichr_Queries,0.21030277766069488
ELF3,S100A6,1.2252344219011295,2,0.14787334870824248,"Enrichr_Queries,ReMap_ChIP-seq",0.18117951691912762
ELF3,CD44,-2.018433201728075,1,0.1426668353950614,Enrichr_Queries,-0.287963477346866
ELF3,MPZL2,-2.247297224824576,3,0.1453813418731764,"Enrichr_Queries,GTEx_Coexpression,ReMap_ChIP-seq",-0.3267150861328622
ELF3,CXXC1,-0.2614404446552888,1,0.1381242220115506,Enrichr_Queries,-0.036111258020365626
ELF3,S100A11,-0.7622098425800599,1,0.1375061419391968,Enrichr_Queries,-0.10480853480126656
ELF3,CKB,-1.926681838305972,1,0.1359397777771744,Enrichr_Queries,-0.26191270094663166
ELF3,PLK2,1.3450955008916856,1,0.1354821400847687,Enrichr_Queries,0.18223641707919946
ELF3,HSPB1,-1.1569009861218,1,0.123710192768664,Enrichr_Queries,-0.14312044400738536
ELF3,PDLIM1,-1.5995779782408537,1,0.1221758690042527,Enrichr_Queries,-0.19542982953164192
ELF3,PERP,-2.2359355305738333,1,0.1215384573620472,Enrichr_Queries,-0.27175215514693424
ELF3,MRTFA,0.5830598531303218,1,0.121024489228949,Enrichr_Queries,0.07056452091500322
ELF3,CYP1B1,0.015084095374074,1,0.1208777002808061,Enrichr_Queries,0.0018233307596344109
ELF3,TINAGL1,-1.132513847957363,1,0.1191787122531145,Enrichr_Queries,-0.13497154200837802
ELF3,MT2A,0.4368837158630568,1,0.1181451207892086,Enrichr_Queries,0.05161567938147913
ELF3,GPX3,1.3794573430349124,1,0.1175919433728334,Enrichr_Queries,0.16221306976740063
ELF3,SLC38A1,-0.2006480070141092,1,0.1170686881362032,Enrichr_Queries,-0.023489598958285465
ELF3,INHBB,2.0646863475468926,1,0.1165060699894243,Enrichr_Queries,0.2405484921135071
ELF3,IRF6,-3.219047086605289,1,0.1155784010055134,Enrichr_Queries,-0.3720523150312957
ELF3,IGFBP3,-1.295016164831945,1,0.1136355596938372,Enrichr_Queries,-0.1471598867032446
ELF3,CRABP2,0.7780083697872477,1,0.1118829991050446,Enrichr_Queries,0.08704590974062384
ELF3,ITM2C,0.2774398947409313,1,0.1116785896446722,Enrichr_Queries,0.030984096155833512
ELF3,LRIG1,0.3867470233259135,1,0.1081524798229174,Enrichr_Queries,0.04182764963682922
ELF3,ITGB4,-2.754418626409173,1,0.1069403234256954,Enrichr_Queries,-0.29455841875795663
ELF3,TPM1,-1.0614831818117676,1,0.1054794396520314,Enrichr_Queries,-0.1119646512175606
ELF3,CD9,-1.687526977387611,1,0.1051717164039319,Enrichr_Queries,-0.17748010868979422
ELF3,ICAM1,0.7643669488982439,1,0.1040771866099919,Enrichr_Queries,0.07955316157899267
ELF3,LAD1,-2.0608205273760896,1,0.1005833647582266,Enrichr_Queries,-0.20728426280631013
ELF3,STAT1,0.5909938000756667,1,0.100332818451064,Enrichr_Queries,0.05929607364869628
ELF3,PRNP,-2.458183740894816,1,0.0951949454592389,Enrichr_Queries,-0.23400666714326987
ELF3,FHL2,-2.497868359008291,1,0.0918455500150899,Enrichr_Queries,-0.22941809329840654
ELF3,GPNMB,-0.9246122053301068,1,0.0863087451931387,Enrichr_Queries,-0.07980211923230224
ELF3,SDC1,-1.2479894781998042,1,0.0846625828500184,Enrichr_Queries,-0.10565801259404216
ELF3,DSC3,-3.3143101428861756,1,0.0842988507815958,Enrichr_Queries,-0.27939253617909116
ELF3,UPP1,-1.6415223979196252,1,0.0788280801234134,Enrichr_Queries,-0.1293980591075859
ELF3,CTSH,-0.0491852018825706,1,0.0766690465267164,Enrichr_Queries,-0.003770982531560744
ELF3,ARID5B,-1.065943370041072,1,0.0738607598148077,Enrichr_Queries,-0.07873138723079032
ELF3,ASS1,1.409908050994165,1,0.0727287040983361,Enrichr_Queries,0.10254078544661639
ELF3,MLF2,-0.4089304240070537,1,0.0718464365893981,Enrichr_Queries,-0.029380193777898463
ELF3,CCND1,-0.6031031739405806,1,0.0,Enrichr_Queries,-0.0
ELF3,CHEK2,-1.7030311367279138,1,0.0,Enrichr_Queries,-0.0
ELF3,CITED2,0.7090831922070038,1,0.0,Enrichr_Queries,0.0
ELF3,CLU,1.7684441638680002,1,0.0,Enrichr_Queries,0.0
ELF3,CTDSP2,-0.6676393965740038,1,0.0,Enrichr_Queries,-0.0
ELF3,DDIT4,-0.2733737663949255,1,0.0,Enrichr_Queries,-0.0
ELF3,DNPEP,-1.038306809811793,1,0.0,Enrichr_Queries,-0.0
ELF3,DUSP12,-1.0538285609539253,1,0.0,Enrichr_Queries,-0.0
ELF3,EPAS1,-0.0877350312362688,1,0.0,Enrichr_Queries,-0.0
ELF3,FTH1,0.8950029993923013,1,0.0,Enrichr_Queries,0.0
ELF3,HOOK1,-1.032010785887923,1,0.0,Enrichr_Queries,-0.0
ELF3,HOOK2,-0.1592198869618204,1,0.0,Enrichr_Queries,-0.0
ELF3,IFITM1,-0.707603452900934,1,0.0,Enrichr_Queries,-0.0
ELF3,IGFBP5,-0.0949036412681055,1,0.0,Enrichr_Queries,-0.0
ELF3,LGALS1,-1.6733513282663317,1,0.0,Enrichr_Queries,-0.0
ELF3,MAPK13,-0.7221726560295796,2,0.0,"Enrichr_Queries,GTEx_Coexpression",-0.0
ELF3,MGST1,1.6742859505479029,1,0.0,Enrichr_Queries,0.0
ELF3,NUPR1,-1.5913553449315034,1,0.0,Enrichr_Queries,-0.0
ELF3,PDZK1IP1,1.6121185232620132,1,0.0,Enrichr_Queries,0.0
ELF3,PPARG,-1.717947699799256,1,0.0,Enrichr_Queries,-0.0
ELF3,PRSS23,-0.4282861362282227,1,0.0,Enrichr_Queries,-0.0
ELF3,PTP4A3,1.2750353261606238,1,0.0,Enrichr_Queries,0.0
ELF3,RAP1GAP,2.598225490470534,1,0.0,Enrichr_Queries,0.0
ELF3,REXO2,0.0153144047754538,1,0.0,Enrichr_Queries,0.0
ELF3,TGFBI,-2.388789243505905,1,0.0,Enrichr_Queries,-0.0
ELF3,TIMP1,1.4230960468357408,1,0.0,Enrichr_Queries,0.0
ELF3,TNFSF10,1.3259944823145364,1,0.0,Enrichr_Queries,0.0
ELF3,TOP2A,-1.8106933516390455,1,0.0,Enrichr_Queries,-0.0
ELF3,VPS37B,0.9999857392527252,2,0.6997047377437582,"GTEx_Coexpression,ReMap_ChIP-seq",0.6996947594313262
ELF3,TRAF4,1.3456647578638343,2,0.6288946529622252,"GTEx_Coexpression,ReMap_ChIP-seq",0.846281370900273
ELF3,MACC1,1.3315620751783928,2,0.4522838574235163,"GTEx_Coexpression,ReMap_ChIP-seq",0.6022440317605456
ELF3,CDCP1,-0.7764509448734426,2,0.4115525287302021,"GTEx_Coexpression,ReMap_ChIP-seq",-0.31955034979762004
ELF3,SPINT1-AS1,1.7426405792050688,2,0.39700462960345084,"GTEx_Coexpression,ReMap_ChIP-seq",0.6918363776792513
ELF3,CDKN2B,0.9102304956664494,1,0.3643552068683293,GTEx_Coexpression,0.3316472205464111
ELF3,CD2AP,1.2781563481781848,2,0.35371031142660847,"GTEx_Coexpression,ReMap_ChIP-seq",0.45209707996600235
ELF3,NR2F6,1.4476097288007028,1,0.3359633953997215,GTEx_Coexpression,0.48634387970155407
ELF3,CIB1,1.4256362813563952,2,0.34137512085547994,"GTEx_Coexpression,ReMap_ChIP-seq",0.4866767578439964
ELF3,SLC37A1,1.8071457955260697,2,0.3409840587195052,"GTEx_Coexpression,ReMap_ChIP-seq",0.6162079080563683
ELF3,ABHD11,0.7206790125659639,1,0.3284695509122645,GTEx_Coexpression,0.23672111160943637
ELF3,TMC5,2.5477952908520165,2,0.3274840314129732,"GTEx_Coexpression,ReMap_ChIP-seq",0.834362273063207
ELF3,ZSWIM4,0.266686419606988,1,0.3155446773880467,GTEx_Coexpression,0.08415148023866029
ELF3,SIRT7,-0.6003433315577802,1,0.3072562677894944,GTEx_Coexpression,-0.1844592514467545
ELF3,PRDM1,0.4089304240070539,1,0.3071375848004186,GTEx_Coexpression,0.12559790278093766
ELF3,PRKAB1,-0.1266478678750079,2,0.30970307193671626,"GTEx_Coexpression,ReMap_ChIP-seq",-0.039223233735125304
ELF3,CLINT1,1.4635516532462332,1,0.2986543384486751,GTEx_Coexpression,0.4370960507857185
ELF3,RASEF,1.8577378752588525,1,0.294675990650679,GTEx_Coexpression,0.5474307487611899
ELF3,SH2D3A,-0.3904721924162114,2,0.3032440959852126,"GTEx_Coexpression,ReMap_ChIP-seq",-0.11840838699661801
ELF3,IL1RN,-0.9228481250284876,1,0.2889587708527378,GTEx_Coexpression,-0.26666505989198547
ELF3,SQOR,-0.1926654973636204,2,0.29208993250577925,"GTEx_Coexpression,ReMap_ChIP-seq",-0.05627565212113227
ELF3,RREB1,0.2256193707765871,1,0.2700172924431752,GTEx_Coexpression,0.060921131619826895
ELF3,SCAMP2,1.73325661156733,1,0.2623469944539306,GTEx_Coexpression,0.45471466266209287
ELF3,ABHD17C,0.4842563494244665,1,0.2611403239686293,GTEx_Coexpression,0.12645885997257092
ELF3,PARD6B,0.7257639939463316,2,0.26981868694756495,"GTEx_Coexpression,ReMap_ChIP-seq",0.19582468788041968
ELF3,SLC50A1,1.4703052504624154,1,0.2573473869631726,GTEx_Coexpression,0.37837921424473564
ELF3,ARFIP2,1.4371828166575418,1,0.2572054108787655,GTEx_Coexpression,0.3696511968663045
ELF3,CORO1B,0.31885136179246,1,0.2561263298486029,GTEx_Coexpression,0.08166622906313183
ELF3,MARVELD3,1.0724690310774077,1,0.2510437461812219,GTEx_Coexpression,0.26923664322501767
ELF3,MYO6,2.1072701842717776,1,0.2430714853855781,GTEx_Coexpression,0.5122172937996818
ELF3,MGAT4B,0.113658517072685,1,0.2420974256765402,GTEx_Coexpression,0.027516434389510132
ELF3,LGALS9B,0.0415780217804256,1,0.2348039085297594,GTEx_Coexpression,0.009762682022979396
ELF3,TMEM238,0.6217146206602207,1,0.2289767923481464,GTEx_Coexpression,0.14235821959472197
ELF3,GSKIP,-0.0787228117959921,1,0.2280886127992182,GTEx_Coexpression,-0.017955776938201766
ELF3,TNK1,-0.3113492372360327,1,0.2273377617398639,GTEx_Coexpression,-0.07078143871265356
ELF3,ARHGAP27,-0.2483565858314296,1,0.2267670379297382,GTEx_Coexpression,-0.05631908731933608
ELF3,SCIN,0.932764328327206,1,0.2246772468099088,GTEx_Coexpression,0.20957092121105048
ELF3,CD46,1.3896663251938504,1,0.2233507705588689,GTEx_Coexpression,0.3103830445517582
ELF3,TMEM87B,1.6045639402432632,1,0.2220777068432103,GTEx_Coexpression,0.35633788033252983
ELF3,FUT2,1.1578007981017604,1,0.2205950565726064,GTEx_Coexpression,0.25540513255706665
ELF3,NADSYN1,0.311107526991384,1,0.2180350145288797,GTEx_Coexpression,0.06783233416761024
ELF3,INAVA,-0.7049438181871949,2,0.2236674209618523,"GTEx_Coexpression,ReMap_ChIP-seq",-0.1576729657369308
ELF3,PRRG2,0.2707451528112806,1,0.2148408224652757,GTEx_Coexpression,0.05816711130846227
ELF3,SH2D4A,-0.2034683924760964,1,0.2126707719547005,GTEx_Coexpression,-0.043271780096273395
ELF3,LYPLA2,-0.9616159914888188,1,0.2111759207913222,GTEx_Coexpression,-0.20307014245031155
ELF3,TTC22,0.0003454242064048,1,0.2101801013194326,GTEx_Coexpression,7.260129470034546e-05
ELF3,GOLPH3L,1.7169413189501903,1,0.2085571804359216,GTEx_Coexpression,0.3580804404541841
ELF3,ARHGEF38,2.7443335228290096,1,0.2073256865697743,GTEx_Coexpression,0.5689708317969717
ELF3,GALNT12,1.505124212390855,1,0.2063955630654683,GTEx_Coexpression,0.31065095929988
ELF3,GSS,-0.0953662958064109,1,0.2055049311645014,GTEx_Coexpression,-0.01959824405510995
ELF3,TOX3,1.685617246218612,2,0.21214124881157476,"GTEx_Coexpression,ReMap_ChIP-seq",0.35758894763114407
ELF3,PAK4,0.7308678110891372,1,0.2037563944354575,GTEx_Coexpression,0.1489189899964577
ELF3,MARVELD2,1.49097931034037,1,0.2015907659018548,GTEx_Coexpression,0.3005676611153344
ELF3,AFDN,1.1173391690429062,1,0.2009928596849623,GTEx_Coexpression,0.22457719482395322
ELF3,CASP7,1.7618827276970888,1,0.1975885592978779,GTEx_Coexpression,0.3481278698174831
ELF3,SRC,-1.3073653657029776,1,0.1948631325663656,GTEx_Coexpression,-0.25475731056965434
ELF3,CORO2A,-0.3246717862477146,1,0.192518914458057,GTEx_Coexpression,-0.06250545984356833
ELF3,FAM110C,-1.013363554043233,1,0.1843895530457487,GTEx_Coexpression,-0.18685365280288316
ELF3,ZDHHC13,1.170041217565311,1,0.1836161566255575,GTEx_Coexpression,0.21483847146283014
ELF3,GALNT7,1.79317829872516,1,0.1775275249305367,GTEx_Coexpression,0.31833850513182826
ELF3,SLC35A3,1.6567726077375848,1,0.1723299191842962,GTEx_Coexpression,0.28551148959817363
ELF3,RNPEP,-0.1347769374409116,1,0.1695188791673566,GTEx_Coexpression,-0.022847235372592273
ELF3,ARRDC1,1.673351328266332,1,0.1654685926340164,GTEx_Coexpression,0.27688708927049194
ELF3,DOLPP1,0.8929425872726479,1,0.1619293273148665,GTEx_Coexpression,0.14459359248785636
ELF3,SLC22A23,0.2474067157961099,1,0.158568664992377,GTEx_Coexpression,0.03923095263393758
ELF3,OVOL2,0.7742737083233447,1,0.1573438763155002,GTEx_Coexpression,0.12182722659677203
ELF3,VILL,0.4603128405256667,1,0.1513930325298817,GTEx_Coexpression,0.06968815683962451
ELF3,CASP6,0.3140092542863793,1,0.1464118313405918,GTEx_Coexpression,0.045974669977962374
ELF3,CHMP4C,0.1336151088998705,1,0.1461441804995075,GTEx_Coexpression,0.019527070592524023
ELF3,ABO,1.5962759668382884,1,0.1446294340728997,GTEx_Coexpression,0.23086848970799245
ELF3,VPS4B,-0.702878656355493,1,0.1424834880242365,GTEx_Coexpression,-0.10014860261531931
ELF3,EYA2,-1.7564722310089138,1,0.14146147635276,GTEx_Coexpression,-0.24847315497114705
ELF3,BCL2L15,0.6812266838498809,1,0.1399219346368727,GTEx_Coexpression,0.09531855553053657
ELF3,TXN,-0.924259159180588,1,0.1285667360717107,GTEx_Coexpression,-0.11882898338023191
ELF3,GABRP,0.0157750260273835,1,0.1283441299866537,GTEx_Coexpression,0.0020246319910013533
ELF3,PAX9,-1.3366084409060015,1,0.128239602713387,GTEx_Coexpression,-0.17140613544514524
ELF3,TP53I3,-0.0979112633719238,1,0.1227820327864033,GTEx_Coexpression,-0.012021743949489716
ELF3,GALE,1.6540533453773187,1,0.1193348870144474,GTEx_Coexpression,0.19738626908647108
ELF3,FUT6,1.467595776108535,1,0.1172409558043266,GTEx_Coexpression,0.17206233152535713
ELF3,CANT1,1.74580294067812,1,0.1127475907410994,GTEx_Coexpression,0.1968350754701845
ELF3,OCLN,1.937100013611759,1,0.1092898696687289,GTEx_Coexpression,0.21170540802292215
ELF3,ARSD,0.8695142515768939,1,0.1064261162828751,GTEx_Coexpression,0.09253902484793962
ELF3,RASSF6,-2.3769762156493672,1,0.1055752024401551,GTEx_Coexpression,-0.2509497451626157
ELF3,SH3BGRL2,2.65628074593458,1,0.1040755344328482,GTEx_Coexpression,0.27645383823682607
ELF3,PLA2G10,2.13343208720203,1,0.1021006022167729,GTEx_Coexpression,0.21782470089191402
ELF3,CES2,-2.2589566467665145,1,0.1013454430971151,GTEx_Coexpression,-0.22893496230372573
ELF3,DENND1B,1.6087495926319035,1,0.0994597354815241,GTEx_Coexpression,0.1600058089391788
ELF3,B3GALT5,1.746860951302902,1,0.089111357013433,GTEx_Coexpression,0.15566514988437813
ELF3,CHP1,1.024976304538588,1,0.088389631049301,GTEx_Coexpression,0.09059727739244178
ELF3,ILDR1,1.3171708859817697,1,0.0873413251317588,GTEx_Coexpression,0.11504345060662054
ELF3,TM9SF2,1.236037436071792,1,0.0853736335033621,GTEx_Coexpression,0.10552500706362855
ELF3,KRTCAP3,-0.5594739429820882,1,0.0851170972584555,GTEx_Coexpression,-0.047620798018377986
ELF3,XBP1,2.7978314902808212,1,0.0834014262872283,GTEx_Coexpression,0.233343136800742
ELF3,NANS,1.9585904260554785,1,0.0828842817935277,GTEx_Coexpression,0.16233636079128777
ELF3,HDAC1,-1.3138883343471792,1,0.0799687270101447,GTEx_Coexpression,-0.1050699775312233
ELF3,EPN3,-0.0252186394018849,1,0.0796078425669654,GTEx_Coexpression,-0.002007601475258324
ELF3,BIK,1.0683851617052198,1,0.073423019167934,GTEx_Coexpression,0.07844406420661863
ELF3,COMTD1,0.9572374775595112,1,0.0666763489870211,GTEx_Coexpression,0.06382510011721375
ELF3,AKR1A1,-0.2386308727549482,1,0.0,GTEx_Coexpression,-0.0
ELF3,ARHGAP8,0.8360557072656845,1,0.0,GTEx_Coexpression,0.0
ELF3,CLDN8,0.5213643235440686,1,0.0,GTEx_Coexpression,0.0
ELF3,EPHA1,-1.1950628601666116,1,0.0,GTEx_Coexpression,-0.0
ELF3,ETHE1,-1.393912426051929,1,0.0,GTEx_Coexpression,-0.0
ELF3,KDF1,-0.7643669488982442,1,0.0,GTEx_Coexpression,-0.0
ELF3,LINC01133,-0.5468612682399993,1,0.0,GTEx_Coexpression,-0.0
ELF3,LNX2,-0.227273214416158,1,0.0,GTEx_Coexpression,-0.0
ELF3,PRSS16,1.2672866144001431,1,0.0,GTEx_Coexpression,0.0
ELF3,RAB27B,2.009681965505258,1,0.0,GTEx_Coexpression,0.0
ELF3,RNF43,-0.887466592646638,1,0.0,GTEx_Coexpression,-0.0
ELF3,S100A14,-0.8214467854207138,1,0.0,GTEx_Coexpression,-0.0
ELF3,SCNN1G,2.070543574404504,1,0.0,GTEx_Coexpression,0.0
ELF3,SLC25A5,-1.9341019262243964,1,0.0,GTEx_Coexpression,-0.0
ELF3,SLC44A3,1.2311091614806742,1,0.0,GTEx_Coexpression,0.0
ELF3,SMAGP,1.5396060580636406,1,0.0,GTEx_Coexpression,0.0
ELF3,SMIM31,2.188086554507698,1,0.0,GTEx_Coexpression,0.0
ELF3,SMPDL3B,1.7129330851167426,1,0.0,GTEx_Coexpression,0.0
ELF3,STX19,1.9728985673689836,1,0.0,GTEx_Coexpression,0.0
ELF3,TXNDC17,-1.2385128695348775,1,0.0,GTEx_Coexpression,-0.0
ELF3,VAMP8,1.9401156144770857,1,0.0,GTEx_Coexpression,0.0
ELF3,ZNF562,0.2662092115728442,1,0.0,GTEx_Coexpression,0.0
ELF3,NEAT1,-0.0035693909745233,1,0.4629622797790076,ReMap_ChIP-seq,-0.0016524933829879208
ELF3,DNAJB1,-0.5150433357584971,1,0.4555600603681827,ReMap_ChIP-seq,-0.23463317313037116
ELF3,DUSP1,-0.0782608252406415,1,0.440172188254422,ReMap_ChIP-seq,-0.03444823870077007
ELF3,MIDN,0.5508770505940463,1,0.4249030296144903,ReMap_ChIP-seq,0.23406932774250513
ELF3,SAT1,1.2976839598391057,1,0.412855059746138,ReMap_ChIP-seq,0.535755388770979
ELF3,CBX4,0.4427180527039324,1,0.4056370021406753,ReMap_ChIP-seq,0.1795828236923806
ELF3,ARHGAP30,0.2829484512199511,1,0.4001492782558998,ReMap_ChIP-seq,0.11322161853928811
ELF3,SERPINB1,-0.214059460290316,1,0.3997531458662309,ReMap_ChIP-seq,-0.08557094265348135
ELF3,UBC,-0.5975880542740535,1,0.3985804883808469,ReMap_ChIP-seq,-0.2381869385231123
ELF3,PMAIP1,-0.6064210617843341,1,0.3947178504492669,ReMap_ChIP-seq,-0.23936521797467442
ELF3,SBNO2,0.3176401383180839,1,0.3939303746871576,ReMap_ChIP-seq,0.12512809870332336
ELF3,SLC20A1,-0.9012071670984104,1,0.384103235474872,ReMap_ChIP-seq,-0.3461565887156431
ELF3,JOSD1,0.3546796713700526,1,0.3831314768883885,ReMap_ChIP-seq,0.13588894631429652
ELF3,TRA2B,-0.6422412054510582,1,0.3665350890734715,ReMap_ChIP-seq,-0.23540393744665733
ELF3,ZNF217,0.5359293927656964,1,0.3662955330969181,ReMap_ChIP-seq,0.19630854262541836
ELF3,DUSP10,0.6705199196951273,1,0.3630600034750451,ReMap_ChIP-seq,0.24343896437459986
ELF3,SLC9A8,1.8436965430159744,1,0.3601040054146284,ReMap_ChIP-seq,0.6639225099091561
ELF3,GSK3A,0.2954345805704027,1,0.3584571483113282,ReMap_ChIP-seq,0.10590063726381989
ELF3,MED24,1.6761595949718242,1,0.3564960245250763,ReMap_ChIP-seq,0.5975442320770173
ELF3,ZNF598,0.3295305477825065,1,0.3554479626391717,ReMap_ChIP-seq,0.11713096183666216
ELF3,ACTN4,-0.7795676841074046,1,0.355397738412905,ReMap_ChIP-seq,-0.27705659187155757
ELF3,LRP10,1.2434866368723274,1,0.3521562814872573,ReMap_ChIP-seq,0.43790163012005423
ELF3,IFFO2,-0.709675522757708,1,0.3509990470595049,ReMap_ChIP-seq,-0.2490954322094115
ELF3,DENND3,0.6745620272238481,1,0.3488430341146641,ReMap_ChIP-seq,0.2353162642753058
ELF3,CSNK1E,0.0992996937816668,1,0.3463465598960895,ReMap_ChIP-seq,0.0343921073400154
ELF3,DEPP1,1.721990723733598,1,0.3461405203462078,ReMap_ChIP-seq,0.5960507651444906
ELF3,FOXC1,0.285346146546639,1,0.345891250158156,ReMap_ChIP-seq,0.09869873535682935
ELF3,VPS18,0.9882845270765356,1,0.345839657263735,ReMap_ChIP-seq,0.3417879821232015
ELF3,EHD4,0.6144670316464729,1,0.3448192097145092,ReMap_ChIP-seq,0.2118800362479571
ELF3,ESRRA,-0.893972318935042,1,0.343437350656155,ReMap_ChIP-seq,-0.3070234847749901
ELF3,EHBP1L1,0.0902781964880265,1,0.3425663370862148,ReMap_ChIP-seq,0.03092627108965282
ELF3,TMEM51,-0.3135254500848842,1,0.3394757758449455,ReMap_ChIP-seq,-0.10643429541470179
ELF3,MIR222HG,-0.6521789863427861,1,0.339147517273503,ReMap_ChIP-seq,-0.22118488403610576
ELF3,TMBIM1,-0.0969857481125297,1,0.3381764991151082,ReMap_ChIP-seq,-0.03279830076075501
ELF3,CXCL8,0.4346047674522612,1,0.3364927482367768,ReMap_ChIP-seq,0.14624135259681664
ELF3,TCF7L2,0.5001124987374169,1,0.3331780506528148,ReMap_ChIP-seq,0.16662650743644086
ELF3,EHD1,-0.2166519985620097,1,0.3330529796615472,ReMap_ChIP-seq,-0.07215659367070656
ELF3,B4GALT5,1.184314805097061,1,0.3327495239667979,ReMap_ChIP-seq,0.3940801876228781
ELF3,BAIAP2,-0.6914270690456698,1,0.3320169749697557,ReMap_ChIP-seq,-0.22956552387674767
ELF3,MCL1,0.1350093249318887,1,0.3317404594392515,ReMap_ChIP-seq,0.04478805548148795
ELF3,PML,0.1557225488877645,1,0.3314793184175807,ReMap_ChIP-seq,0.051618804367564566
ELF3,CTBP2,-0.123862710861122,1,0.3284628093813388,ReMap_ChIP-seq,-0.0406842939870326
ELF3,CITED4,0.5800600269671105,1,0.3271149827105295,ReMap_ChIP-seq,0.18974632569241562
ELF3,DEDD2,-0.8311663687334713,1,0.3186783009315411,ReMap_ChIP-seq,-0.2648746861794214
ELF3,HNRNPL,0.2714618611528192,1,0.317683213044237,ReMap_ChIP-seq,0.08623887626999614
ELF3,LTBR,0.2626320748805052,1,0.3173335872036721,ReMap_ChIP-seq,0.08334197843657415
ELF3,PPP1R15B,0.2901464779736159,1,0.3160014512682963,ReMap_ChIP-seq,0.09168670812004741
ELF3,FAM89B,-0.3019358518399151,1,0.3142461192986397,ReMap_ChIP-seq,-0.09488216971782237
ELF3,PTP4A1,0.7150177574652015,1,0.3119080706833566,ReMap_ChIP-seq,0.22301980923531117
ELF3,FOSL1,-0.5203093847525265,1,0.3110144309964143,ReMap_ChIP-seq,-0.16182372724090144
ELF3,YOD1,0.2246745945560109,1,0.3088744402641988,ReMap_ChIP-seq,0.06939623963507367
ELF3,UNC93B1,0.553827610384681,1,0.3073092904364297,ReMap_ChIP-seq,0.17019636997141974
ELF3,CHD2,0.7153151460488693,1,0.3061658284702681,ReMap_ChIP-seq,0.21900505430738287
ELF3,ZSWIM6,-0.6083595813819577,1,0.3059559081933244,ReMap_ChIP-seq,-0.1861312082298275
ELF3,TK2,0.5306200030138947,1,0.3057411658235596,ReMap_ChIP-seq,0.16223237833076887
ELF3,ELL2,1.2860138797150609,1,0.3051430100174356,ReMap_ChIP-seq,0.39241814618045406
ELF3,DHX8,0.2223135291744647,1,0.3039549039195351,ReMap_ChIP-seq,0.06757328740023719
ELF3,SERTAD1,-0.4044279848310634,1,0.3035266051070593,ReMap_ChIP-seq,-0.12275465324606195
ELF3,PDLIM5,0.9586949399510134,1,0.3030624691578059,ReMap_ChIP-seq,0.29054445567064857
ELF3,GRAMD2B,2.078465410475062,1,0.3024138882276183,ReMap_ChIP-seq,0.6285568063283761
ELF3,ITPRIP,-1.151521671439921,1,0.300869020333958,ReMap_ChIP-seq,-0.3464571971794509
ELF3,HES1,-0.4493315983004581,1,0.3004638022611835,ReMap_ChIP-seq,-0.13500788050145038
ELF3,GATAD2A,0.7490359237675056,1,0.2990038876413262,ReMap_ChIP-seq,0.2239646531894962
ELF3,TNIP1,1.279721538570052,1,0.2982684828790419,ReMap_ChIP-seq,0.3817006018169227
ELF3,STRN3,0.1823533079311693,1,0.2972442754857199,ReMap_ChIP-seq,0.0542034768984248
ELF3,B4GALT4,0.1980640555769693,1,0.2972037387534944,ReMap_ChIP-seq,0.05886537783015517
ELF3,TCIM,1.3548328074206435,1,0.295731425802628,ReMap_ChIP-seq,0.40066663786268425
ELF3,PPP1R14B,-0.2533471031357997,1,0.2948511605439818,ReMap_ChIP-seq,-0.0746996873800464
ELF3,SMAD3,-0.6879217373606277,1,0.2941422013681707,ReMap_ChIP-seq,-0.2023468141962716
ELF3,GTPBP1,0.5767934307698952,1,0.2919426500068059,ReMap_ChIP-seq,0.16839060268548034
ELF3,TTC9,1.2570718847431892,1,0.291252002023443,ReMap_ChIP-seq,0.3661247031188366
ELF3,TCIRG1,0.6774560057735639,1,0.2911145424770575,ReMap_ChIP-seq,0.19721729516910586
ELF3,BAG3,-1.6971692009108554,1,0.2905933632361664,ReMap_ChIP-seq,-0.49318610607352253
ELF3,FEM1C,1.378265704218428,1,0.2900239694480823,ReMap_ChIP-seq,0.399730090491585
ELF3,TSPAN14,0.1987686377391486,1,0.2854047130805377,ReMap_ChIP-seq,0.05672950602335105
ELF3,SRPX2,-1.085659272520573,1,0.2840046396067979,ReMap_ChIP-seq,-0.30833227042798367
ELF3,NAGLU,0.8919138015700274,1,0.2819019850926673,ReMap_ChIP-seq,0.2514322711941381
ELF3,PLEKHG2,0.4313169297670174,1,0.281341442215095,ReMap_ChIP-seq,0.12134732707243952
ELF3,MSL1,0.2341315330642927,1,0.2810955564990007,ReMap_ChIP-seq,0.06581333358067154
ELF3,GRK6,-0.4651826769024043,1,0.2810236944810516,ReMap_ChIP-seq,-0.13072735447169898
ELF3,RAI1,0.6320852242677939,1,0.2802818522899741,ReMap_ChIP-seq,0.17716201746290097
ELF3,NT5C2,1.8721553293801925,1,0.279033270743785,ReMap_ChIP-seq,0.5223936248973632
ELF3,CAPN2,1.2902372253133545,1,0.2786972525170503,ReMap_ChIP-seq,0.3595855697900543
ELF3,TOP1,1.1130505382239853,1,0.2781167146755206,ReMap_ChIP-seq,0.3095579589586748
ELF3,INF2,-0.6476280665896632,1,0.2777373345483167,ReMap_ChIP-seq,-0.17987049299329283
ELF3,CXCL3,0.8772701575985861,1,0.2767984274968356,ReMap_ChIP-seq,0.24282700011318975
ELF3,TMC6,1.7662485620715502,1,0.2751443189553621,ReMap_ChIP-seq,0.48597325771706434
ELF3,UBALD2,-0.3118327123169601,1,0.2750375468516154,ReMap_ChIP-seq,-0.08576570422374222
ELF3,USP53,0.6245108528714978,1,0.2739052818051726,ReMap_ChIP-seq,0.17105682114615628
ELF3,KHDC4,0.2485940883234824,1,0.2719383921279413,ReMap_ChIP-seq,0.06760227667119922
ELF3,PYGB,-0.0203814387699797,1,0.2711298893086878,ReMap_ChIP-seq,-0.005526017237656394
ELF3,HDGF,-0.1779063689314205,1,0.2703806364558745,ReMap_ChIP-seq,-0.0481024372612311
ELF3,CPEB4,2.175642623556909,1,0.2703511162167557,ReMap_ChIP-seq,0.5881874117673612
ELF3,CDC42BPB,0.8548206645155152,1,0.2698011217364065,ReMap_ChIP-seq,0.23063157416974644
ELF3,BCL9L,0.4318224466844454,1,0.2693391174007365,ReMap_ChIP-seq,0.11630667666381513
ELF3,MYH9,-0.5208367816936565,1,0.2687933638040728,ReMap_ChIP-seq,-0.1399974705443255
ELF3,ZC3H4,0.6765872174107972,1,0.2674924559106986,ReMap_ChIP-seq,0.1809819764229999
ELF3,ZMYND8,1.460199742695902,1,0.2671805978303472,ReMap_ChIP-seq,0.39013704020521023
ELF3,ZFP36L1,0.5890753195527104,1,0.2668968436733901,ReMap_ChIP-seq,0.15722234347451208
ELF3,SYVN1,1.5144823896194062,1,0.2656639375900815,ReMap_ChIP-seq,0.4023433550371274
ELF3,EPB41L1,-0.0054116722071593,1,0.2651074552142117,ReMap_ChIP-seq,-0.0014346746472934783
ELF3,BACH1,-0.1236306581055158,1,0.2645522953110187,ReMap_ChIP-seq,-0.032706774372626
ELF3,TNFRSF10B,-0.5508770505940463,1,0.2628871068548759,ReMap_ChIP-seq,-0.14481847406341591
ELF3,CUEDC1,-0.935971210034661,1,0.2623263198663525,ReMap_ChIP-seq,-0.2455298830292495
ELF3,NUAK2,0.4450051515885297,1,0.2614656093610815,ReMap_ChIP-seq,0.11635354312891535
ELF3,STK11,0.0720256008552036,1,0.2613316262148458,ReMap_ChIP-seq,0.018822567400591746
ELF3,TEDC1,0.2631088313166508,1,0.2604563829781813,ReMap_ChIP-seq,0.0685283745343513
ELF3,CFLAR,0.6192021618350632,1,0.2574417498004979,ReMap_ChIP-seq,0.15940848802306973
ELF3,PPP2R5A,1.2708931846201352,1,0.2566807833659421,ReMap_ChIP-seq,0.3262138582027332
ELF3,GGA1,0.2438466829418075,1,0.2564053126153036,ReMap_ChIP-seq,0.06252358496989897
ELF3,PFKFB2,0.7046486111381177,1,0.2542306583682502,ReMap_ChIP-seq,0.1791432803279168
ELF3,FAM200B,0.8314917059074731,1,0.2541119816321238,ReMap_ChIP-seq,0.2112920050988231
ELF3,HEXIM1,-0.6464924330109572,1,0.25335192585456,ReMap_ChIP-seq,-0.16379010295372612
ELF3,SGMS2,1.4847103124246477,1,0.2528814151351158,ReMap_ChIP-seq,0.3754556448716448
ELF3,ELOVL5,1.732223322848652,1,0.2516667736163046,ReMap_ChIP-seq,0.4359430548442346
ELF3,PTPN1,-0.421732845162086,1,0.251553851043638,ReMap_ChIP-seq,-0.10608852131211302
ELF3,CDC25B,-0.6479121054785912,1,0.2508162654573785,ReMap_ChIP-seq,-0.16250689464076737
ELF3,KLHL2,1.1320766638570656,1,0.2468757034626876,ReMap_ChIP-seq,0.2794822227634056
ELF3,TLCD1,0.8591426339078383,1,0.2463859872840962,ReMap_ChIP-seq,0.21168070607324155
ELF3,ABCB8,-0.1475694192491263,1,0.245611879185985,ReMap_ChIP-seq,-0.036244802372162384
ELF3,CLCF1,0.8912284685734573,1,0.2453865527350814,ReMap_ChIP-seq,0.21869548160260652
ELF3,MTA2,-0.3924611637746769,1,0.245200081070397,ReMap_ChIP-seq,-0.09623150917453313
ELF3,PTTG1IP,1.8994119362289372,1,0.2450564599394364,ReMap_ChIP-seq,0.4654631650589739
ELF3,SNRPD2,-0.8262968194821744,1,0.2443166723159411,ReMap_ChIP-seq,-0.2018780892811307
ELF3,CSRP1,-0.5909938000756666,1,0.2442169070181389,ReMap_ChIP-seq,-0.14433067792137563
ELF3,TMCC1,1.670556196540697,1,0.2439813524292107,ReMap_ChIP-seq,0.4075845601409976
ELF3,GRK2,0.7212762768410499,1,0.2436957166417756,ReMap_ChIP-seq,0.1757719391814914
ELF3,NUMB,1.266259188257412,1,0.2434132917346083,ReMap_ChIP-seq,0.3082243172029297
ELF3,PLAC8,0.6166936056277431,1,0.2429963468509162,ReMap_ChIP-seq,0.14985429329386118
ELF3,AMPD3,-0.4346047674522612,1,0.2427127624028797,ReMap_ChIP-seq,-0.10548412366179945
ELF3,HDAC7,0.4878845718318081,1,0.2420485932380814,ReMap_ChIP-seq,0.11809177427445283
ELF3,SAMD4A,0.3429327430765654,1,0.24106711963688,ReMap_ChIP-seq,0.08266980860264182
ELF3,SNX33,0.5234759445747572,1,0.2410655397655892,ReMap_ChIP-seq,0.12619201113321551
ELF3,IKBKB,-0.1566549843869719,1,0.2401622032374281,ReMap_ChIP-seq,-0.037622606198500066
ELF3,STX10,1.1969462261066317,1,0.2399923168729265,ReMap_ChIP-seq,0.2872578979756363
ELF3,RIPK2,0.8544888667965628,1,0.239363672381022,ReMap_ChIP-seq,0.20453359316512318
ELF3,RDH10,1.6613321243396095,1,0.239274049023375,ReMap_ChIP-seq,0.3975136641633435
ELF3,CXXC5,1.173243409913356,1,0.2391198388471977,ReMap_ChIP-seq,0.2805457751070184
ELF3,SYS1,0.4659526049298645,1,0.2390020727741577,ReMap_ChIP-seq,0.11136363839275583
ELF3,ARFGEF2,0.9228481250284876,1,0.238207770005746,ReMap_ChIP-seq,0.2198295939170199
ELF3,SESTD1,1.989285230247746,1,0.2362403072191859,ReMap_ChIP-seq,0.46994935394031645
ELF3,CHKA,2.1158306899521286,1,0.2361418616934419,ReMap_ChIP-seq,0.4996361981534153
ELF3,CENPB,0.2573916664229877,1,0.236099061089428,ReMap_ChIP-seq,0.06076993077471065
ELF3,ALCAM,1.9281573808785148,1,0.2355955751653818,ReMap_ChIP-seq,0.4542653471574498
ELF3,KRT13,-0.9420550690619536,1,0.2350667719885498,ReMap_ChIP-seq,-0.22144584411984378
ELF3,SUPT5H,0.8728799322797924,1,0.2343997540753483,ReMap_ChIP-seq,0.20460284146369
ELF3,TCP11L2,0.148267867010157,1,0.2339355279252251,ReMap_ChIP-seq,0.034685121743368144
ELF3,STOML1,-0.1041607258174614,1,0.2310039681123748,ReMap_ChIP-seq,-0.02406154098529867
ELF3,SHB,0.2810314661236619,1,0.2307005867478275,ReMap_ChIP-seq,0.06483412412933101
ELF3,ANKRD13D,-0.3021768832227593,1,0.2298027193592259,ReMap_ChIP-seq,-0.06944106949208534
ELF3,SP1,0.7203804768205541,1,0.2291656231612767,ReMap_ChIP-seq,0.16508644088379992
ELF3,CP,2.697697500246651,1,0.2280702991048561,ReMap_ChIP-seq,0.6152646757756763
ELF3,IVNS1ABP,-0.032590784670988,1,0.2275847063169836,ReMap_ChIP-seq,-0.007417164157986855
ELF3,PFKP,-1.162766610418552,1,0.2271775279374596,ReMap_ChIP-seq,-0.2641544441231058
ELF3,RARA,-0.3334231604736615,1,0.2271446178608006,ReMap_ChIP-seq,-0.07573527637173023
ELF3,TSPAN5,0.1240947702867388,1,0.227081855627468,ReMap_ChIP-seq,0.028179670710377025
ELF3,YPEL2,2.086519870504312,1,0.2266494813071723,ReMap_ChIP-seq,0.47290864638691066
ELF3,BAK1,-0.7808165015728828,1,0.2263820999595555,ReMap_ChIP-seq,-0.17676287930914278
ELF3,PTP4A2,1.856446189601186,1,0.2263561923607887,ReMap_ChIP-seq,0.42021809080081923
ELF3,USP25,0.8671641242301146,1,0.2259636536756294,ReMap_ChIP-seq,0.19594757384746408
ELF3,HNMT,1.7651539465360115,1,0.2257264318593788,ReMap_ChIP-seq,0.3984419020340746
ELF3,KLF3,0.1408214157341097,1,0.2251024622591313,ReMap_ChIP-seq,0.03169924742056487
ELF3,RPL7,-0.8745664854497858,1,0.2249591374553621,ReMap_ChIP-seq,-0.19674172221415132
ELF3,CHMP4B,1.4086647821725355,1,0.2242685724917472,ReMap_ChIP-seq,0.3159192398172326
ELF3,MUL1,0.217123525134346,1,0.2242276342977373,ReMap_ChIP-seq,0.0486850943912597
ELF3,NRIP1,0.9920442704801196,1,0.2234416424275823,ReMap_ChIP-seq,0.22166400115695062
ELF3,CCDC88C,-0.0722564836695727,1,0.2232493738871665,ReMap_ChIP-seq,-0.016131214738520378
ELF3,COASY,-0.3914664845148787,1,0.2230077204165873,ReMap_ChIP-seq,-0.08730004833115837
ELF3,ERBIN,0.7588272496927482,1,0.2212934970195693,ReMap_ChIP-seq,0.16792353571825014
ELF3,PIK3C2B,1.3068242914318642,1,0.2210257182828518,ReMap_ChIP-seq,0.2888417776832066
ELF3,CYB5B,-0.7615941777913479,1,0.220928785811821,ReMap_ChIP-seq,-0.1682580769807946
ELF3,TRIB2,-0.7914811047536698,1,0.2202287660254733,ReMap_ChIP-seq,-0.17430690703237908
ELF3,ADAM15,0.0692553030004576,1,0.2201700621940657,ReMap_ChIP-seq,0.015247944368879614
ELF3,TNFRSF10A,0.5748907569948658,1,0.2196933322417271,ReMap_ChIP-seq,0.12629966607917106
ELF3,CFL1,-0.4633872490411423,1,0.2178392244762037,ReMap_ChIP-seq,-0.10094391896328392
ELF3,PELO,-0.1431475736671886,1,0.2176429184413208,ReMap_ChIP-seq,-0.031155055700720892
ELF3,TLE3,-0.6490487842757163,1,0.2172966865093283,ReMap_ChIP-seq,-0.14103615020602098
ELF3,PDZD8,0.3195783203588516,1,0.2170816953675548,ReMap_ChIP-seq,0.06937460358621506
ELF3,ESYT1,-1.2886507766493052,1,0.2170493617076269,ReMap_ChIP-seq,-0.2797008285357694
ELF3,IRF2BP2,-0.4567315189595241,1,0.2170487664675375,ReMap_ChIP-seq,-0.09913301279700942
ELF3,MAP3K9,0.8253252601347355,1,0.2166886094168083,ReMap_ChIP-seq,0.1788385829351614
ELF3,KIF13B,2.530444098786424,1,0.2159962701812731,ReMap_ChIP-seq,0.5465664872400806
ELF3,STK40,0.7405270599065378,1,0.2159807511152727,ReMap_ChIP-seq,0.15993959061979857
ELF3,TEAD3,0.0339732470386982,1,0.2159113781949551,ReMap_ChIP-seq,0.007335210589883006
ELF3,ELOVL1,1.1524159088809622,1,0.2153839950484118,ReMap_ChIP-seq,0.24821194241212816
ELF3,TMEM129,-0.3659832373121712,1,0.2144467870980079,ReMap_ChIP-seq,-0.07848392937332288
ELF3,SFXN3,-0.0803398977150487,1,0.2143922813234036,ReMap_ChIP-seq,-0.01722425395241819
ELF3,PSMD12,-0.995062192123127,1,0.214183718117445,ReMap_ChIP-seq,-0.21312612006702672
ELF3,LINC02300,2.380877071085423,1,0.2135552263493857,ReMap_ChIP-seq,0.50844874182571
ELF3,LASP1,1.140861836317384,1,0.2130524322482891,ReMap_ChIP-seq,0.24306338908666814
ELF3,FAU,-0.1624858263038186,1,0.2117196896728481,ReMap_ChIP-seq,-0.03440144872128077
ELF3,PAF1,-0.3879881475840476,1,0.2115569312408213,ReMap_ChIP-seq,-0.08208158186069199
ELF3,CHST15,0.3951985385527926,1,0.2112257131912165,ReMap_ChIP-seq,0.08347609315794008
ELF3,STARD3,1.0041708306915595,1,0.2099263972791447,ReMap_ChIP-seq,0.21080196473988508
ELF3,TSC2,1.2385128695348775,1,0.2094703628584188,ReMap_ChIP-seq,0.2594317401862923
ELF3,C2CD2L,0.4131903514677003,1,0.2082399511066241,ReMap_ChIP-seq,0.08604273858736274
ELF3,TMCO4,0.6510399931655521,1,0.2080254590300606,ReMap_ChIP-seq,0.13543289342519146
ELF3,RPL19,-0.2903866692189489,1,0.2073301865917566,ReMap_ChIP-seq,-0.06020592231292338
ELF3,CAB39,0.9785739468339972,1,0.2063833742517058,ReMap_ChIP-seq,0.2019613931024097
ELF3,DNAJC4,0.4232435261270835,1,0.2058621931470907,ReMap_ChIP-seq,0.0871298405238294
ELF3,TERF2,-0.3173979495897576,1,0.2053066146512825,ReMap_ChIP-seq,-0.06516389852753154
ELF3,NABP1,-0.2459823288885742,1,0.2052580752306026,ReMap_ChIP-seq,-0.050489859368409794
ELF3,TNFRSF1A,-0.8551525563681427,1,0.205220850843356,ReMap_ChIP-seq,-0.1754951352187412
ELF3,TRIM8,1.032010785887923,1,0.2047598574459896,ReMap_ChIP-seq,0.21131438140113482
ELF3,RHOV,1.6301129380156931,1,0.2046864593988424,ReMap_ChIP-seq,0.3336620457026769
ELF3,RPLP1,-0.9309868657436188,1,0.2044984359233478,ReMap_ChIP-seq,-0.1903853579097498
ELF3,MTFP1,-0.1912581071823801,1,0.203483234526338,ReMap_ChIP-seq,-0.038917818278855744
ELF3,GABRE,0.6097456388210318,1,0.2030851450616953,ReMap_ChIP-seq,0.12383028151070533
ELF3,ENSA,-1.708952183716487,1,0.202933444884212,ReMap_ChIP-seq,-0.3468035537839834
ELF3,MPZL3,1.2355432574656595,1,0.2017224965589704,ReMap_ChIP-seq,0.2492368705025756
ELF3,PIP4K2A,0.4590331216447323,1,0.2011293915631415,ReMap_ChIP-seq,0.09232505246373453
ELF3,TNK2,-0.2008829778752208,1,0.2007205489542287,ReMap_ChIP-seq,-0.040321341594674494
ELF3,IRS1,-1.1212165842196176,1,0.2005458304468247,ReMap_ChIP-seq,-0.22485531099307537
ELF3,ITGA6,-1.7405419807088065,1,0.2000776243390867,ReMap_ChIP-seq,-0.3482435045626665
ELF3,GALNT6,1.65586482606262,1,0.2000140277621087,ReMap_ChIP-seq,0.3311961932903882
ELF3,TMEM154,-1.2360374360717925,1,0.1997914783686148,ReMap_ChIP-seq,-0.24694974667173564
ELF3,TMEM53,0.4041780903900404,1,0.1993463987183051,ReMap_ChIP-seq,0.08057144676009614
ELF3,GLRX,1.1212165842196176,1,0.1989291407881227,ReMap_ChIP-seq,0.22304265173620236
ELF3,PITPNC1,0.0639470324733969,1,0.1985439870774755,ReMap_ChIP-seq,0.012696298789041022
ELF3,SPSB1,-1.723005890563191,1,0.1968811174572562,ReMap_ChIP-seq,-0.3392273251195159
ELF3,VPS13C,1.4358903937829557,1,0.1967806123991727,ReMap_ChIP-seq,0.28255539102669924
ELF3,DPAGT1,0.1278086387367591,1,0.1963419516361217,ReMap_ChIP-seq,0.025094197565531304
ELF3,PNMA1,0.0632547853795867,1,0.1953090347355734,ReMap_ChIP-seq,0.01235423107489294
ELF3,P4HA2,0.2081726456876357,1,0.1950772328732238,ReMap_ChIP-seq,0.04060974368064201
ELF3,DHX15,-0.3125580616705278,1,0.1950361034240027,ReMap_ChIP-seq,-0.06096010644197888
ELF3,VAV1,0.168088634162117,1,0.1949409436671984,ReMap_ChIP-seq,0.032767356963293574
ELF3,MMP24OS,1.6459681034193463,1,0.1947407674647208,ReMap_ChIP-seq,0.3205370916823344
ELF3,RPS27,-0.6728283495423925,1,0.1943571202627124,ReMap_ChIP-seq,-0.13076898044817306
ELF3,MTAP,-0.1933693354139546,1,0.1927456572929446,ReMap_ChIP-seq,-0.03727109965466255
ELF3,NR2F2,-1.308990889427045,1,0.1927240861349186,ReMap_ChIP-seq,-0.2522740729237615
ELF3,CDC42EP1,1.1104871568700931,1,0.192291384793815,ReMap_ChIP-seq,0.21353711319029667
ELF3,JADE2,0.1152810926737823,1,0.1921434840167867,ReMap_ChIP-seq,0.022150510787602593
ELF3,ATP9A,1.7436927629547505,1,0.1912318814860245,ReMap_ChIP-seq,0.33344964779340147
ELF3,RPL23A,-0.4139428801399709,1,0.1900848829301593,ReMap_ChIP-seq,-0.07868428391117932
ELF3,AFF1,1.211208927178247,1,0.1898381450704133,ReMap_ChIP-seq,0.2299336560282437
ELF3,NFE2L2,-1.8399294588258464,1,0.1898112628502364,ReMap_ChIP-seq,-0.3492393341350859
ELF3,ELF3-AS1,2.001081985541176,1,0.1895358369840868,ReMap_ChIP-seq,0.37927674900332503
ELF3,PGS1,-0.4363770871770764,1,0.1895192554213929,ReMap_ChIP-seq,-0.08270186064475578
ELF3,TMEM63A,2.0627495841060437,1,0.1894453847394351,ReMap_ChIP-seq,0.3907783885820792
ELF3,ATXN1,-0.1461727393154997,1,0.188646238706925,ReMap_ChIP-seq,-0.02757493747335688
ELF3,TPD52L2,-0.2126459557981071,1,0.1871738990057244,ReMap_ChIP-seq,-0.03980177265453064
ELF3,CLIP4,-1.5696756738186086,1,0.1867946437869641,ReMap_ChIP-seq,-0.2932070083520098
ELF3,ACTN1,-1.7673452979971729,1,0.1867666965641099,ReMap_ChIP-seq,-0.3300812429950444
ELF3,RECQL5,1.1587015484864749,1,0.1856477038274159,ReMap_ChIP-seq,0.21511028189778528
ELF3,ARHGAP12,0.7615941777913479,1,0.1851902205936706,ReMap_ChIP-seq,0.14103979378803488
ELF3,QSOX1,3.7403843272708497,1,0.1850482466441706,ReMap_ChIP-seq,0.6921515615368063
ELF3,SERPINB6,1.5563951915377128,1,0.1847442243331452,ReMap_ChIP-seq,0.28753502241647166
ELF3,USP3,1.1993064205176045,1,0.1844300679450855,ReMap_ChIP-seq,0.22118816462303909
ELF3,ISG20L2,0.1868038559608411,1,0.1844107644262501,ReMap_ChIP-seq,0.03444864187550982
ELF3,ZNFX1,1.5152077625367584,1,0.1843113544712566,ReMap_ChIP-seq,0.2792699950185121
ELF3,WBP2,1.103263565667651,1,0.1842687429641902,ReMap_ChIP-seq,0.2032969904037684
ELF3,MALAT1,-0.0229151438828466,1,0.1840637934465644,ReMap_ChIP-seq,-0.004217848310450581
ELF3,SCARB2,1.3416890759437512,1,0.1840637934465644,ReMap_ChIP-seq,0.24695638094402247
ELF3,SLC4A2,-0.2748083510111835,1,0.1835068031717607,ReMap_ChIP-seq,-0.05042920197896538
ELF3,TRIM41,0.2562016548068714,1,0.1829348007718599,ReMap_ChIP-seq,0.04686819867951584
ELF3,ADAM9,0.3892298697831964,1,0.1829288725068704,ReMap_ChIP-seq,0.07120138122543611
ELF3,SLC25A37,1.2097715667348503,1,0.1828201974219411,ReMap_ChIP-seq,0.22117067666591633
ELF3,MMP14,-1.4180429456854688,1,0.182263776589604,ReMap_ChIP-seq,-0.25845786264688025
ELF3,SLC35B2,-0.2690733733568938,1,0.1820088426034378,ReMap_ChIP-seq,-0.04897373326009094
ELF3,FLAD1,-0.209820217952853,1,0.18144965214329,ReMap_ChIP-seq,-0.03807180556017447
ELF3,AMOTL2,-0.0526439257036021,1,0.1810370188912302,ReMap_ChIP-seq,-0.009530499372111532
ELF3,TPCN1,1.4320274453196251,1,0.1805722578675979,ReMap_ChIP-seq,0.2585844291297328
ELF3,MAML2,0.4419562013275172,1,0.1803498737439898,ReMap_ChIP-seq,0.07970674510979106
ELF3,SH3RF1,1.3354840856264685,1,0.1803431394497288,ReMap_ChIP-seq,0.24084539268702776
ELF3,RGS14,-1.9976830449328375,1,0.1796200484308831,ReMap_ChIP-seq,-0.3588239252803903
ELF3,ARHGEF12,0.1464054994302839,1,0.1791184575488305,ReMap_ChIP-seq,0.02622392723461863
ELF3,ITGA3,-0.942414029108324,1,0.178756806554613,ReMap_ChIP-seq,-0.1684629222956701
ELF3,TRIP10,-0.739315887137538,1,0.1786082056959281,ReMap_ChIP-seq,-0.13204788404412895
ELF3,RASA2,0.1454745064323868,1,0.178531684407466,ReMap_ChIP-seq,0.025971808671718763
ELF3,FHDC1,0.2528715457918165,1,0.1782170534425451,ReMap_ChIP-seq,0.045066021790479145
ELF3,PBXIP1,-0.1429149232227255,1,0.1772337963622207,ReMap_ChIP-seq,-0.025329354399578938
ELF3,CRTC2,0.0734109557676571,1,0.1770152440323992,ReMap_ChIP-seq,0.012994858249863487
ELF3,CAMK2G,1.316622808448278,1,0.1768342233459657,ReMap_ChIP-seq,0.23282397177153544
ELF3,ASAP2,0.7789437311146841,1,0.1760689276664697,ReMap_ChIP-seq,0.13714778744988132
ELF3,RPL22,-0.1964204122064816,1,0.1760216794572953,ReMap_ChIP-seq,-0.034574250836279116
ELF3,AGPS,0.7281634273114139,1,0.1757871479602185,ReMap_ChIP-seq,0.12800177213601133
ELF3,ARHGEF28,0.8601422916863859,1,0.1757165770831074,ReMap_ChIP-seq,0.15114125929955147
ELF3,PLCB3,-0.4993297740415999,1,0.1746871322075376,ReMap_ChIP-seq,-0.08722648625316483
ELF3,SOX2,-0.1203826126708589,1,0.174591326870185,ReMap_ChIP-seq,-0.0210177600783048
ELF3,MAML3,0.3045881653993374,1,0.1739087517395619,ReMap_ChIP-seq,0.05297054763924199
ELF3,FAAP20,-0.0678703546899077,1,0.1736836031129804,ReMap_ChIP-seq,-0.011787967747099136
ELF3,NOP9,0.8439205098758157,1,0.1733995367020604,ReMap_ChIP-seq,0.14633542542583303
ELF3,REEP5,1.2247467664613452,1,0.1721620438325624,ReMap_ChIP-seq,0.21085490649130717
ELF3,BMPR1B-DT,1.5602726976699757,1,0.1720763196249352,ReMap_ChIP-seq,0.26848598342631863
ELF3,CDKN1B,0.6524638668277276,1,0.1719843251686477,ReMap_ChIP-seq,0.11221355783329316
ELF3,GPR137,-0.8564810669173286,1,0.1715485552972242,ReMap_ChIP-seq,-0.14692808966909293
ELF3,BAD,-0.1552563819554524,1,0.1711109952715886,ReMap_ChIP-seq,-0.02656607403866337
ELF3,VEGFB,-0.309174497910166,1,0.1705351574266699,ReMap_ChIP-seq,-0.052725121673421776
ELF3,ZBTB7B,0.496462394318462,1,0.1689996865796104,ReMap_ChIP-seq,0.08390198903838303
ELF3,KIAA0040,-0.8732170441890009,1,0.1685950198190096,ReMap_ChIP-seq,-0.14722004487134158
ELF3,SH3BP2,-0.3048293908170239,1,0.1681417490070139,ReMap_ChIP-seq,-0.05125454692071699
ELF3,ATP1A1,0.0697169818270946,1,0.167840583840129,ReMap_ChIP-seq,0.011701338933431222
ELF3,ABLIM1,1.2179499446346669,1,0.1675568296831718,ReMap_ChIP-seq,0.2040758314357794
ELF3,POLR3GL,-0.2329482873699724,1,0.1669589191381551,ReMap_ChIP-seq,-0.03889279427437494
ELF3,TM7SF2,2.4009453379132184,1,0.1666621354535826,ReMap_ChIP-seq,0.4001466771239405
ELF3,INPP5F,-0.5061236246503001,1,0.166469136266263,ReMap_ChIP-seq,-0.08425396263948576
ELF3,DNTTIP1,-0.2781579212884607,1,0.1654015128047847,ReMap_ChIP-seq,-0.04600774097974562
ELF3,STRA6,0.5629782399105688,1,0.165292710684405,ReMap_ChIP-seq,0.0930561993311532
ELF3,SFR1,-0.2697897579115431,1,0.1650114940783681,ReMap_ChIP-seq,-0.044518411040024956
ELF3,LBR,-1.0919076852605445,1,0.1647033631354041,ReMap_ChIP-seq,-0.17984086799580598
ELF3,SRSF10,-0.240289737889309,1,0.1646222905191307,ReMap_ChIP-seq,-0.03955704703957959
ELF3,FLYWCH2,-0.4572427767438609,1,0.1644110086283416,ReMap_ChIP-seq,-0.07517574611248178
ELF3,SHC1,-1.0064610380645878,1,0.1636140818413413,ReMap_ChIP-seq,-0.1646711986520208
ELF3,NSD3,-0.0312083845880806,1,0.1630992835134222,ReMap_ChIP-seq,-0.005090065165927274
ELF3,MDM4,0.2237300188379362,1,0.1614361849369495,ReMap_ChIP-seq,0.03611812069706826
ELF3,TANK,0.2178309055529767,1,0.1611297375408046,ReMap_ChIP-seq,0.03509903664002693
ELF3,NIT1,0.4943795894158129,1,0.1610435136007738,ReMap_ChIP-seq,0.07961662613203042
ELF3,TCN1,1.5130340296440827,1,0.1600993719247192,ReMap_ChIP-seq,0.24223579784674462
ELF3,HAUS4,-1.0466333410773982,1,0.1596355971188602,ReMap_ChIP-seq,-0.16707993836739812
ELF3,ITGB1,-1.1466197388509112,1,0.1590731594802705,ReMap_ChIP-seq,-0.1823964245814571
ELF3,ENDOD1,1.4509006270110083,1,0.1589783486445532,ReMap_ChIP-seq,0.23066178572955692
ELF3,PTGER4,-0.7977966316626222,1,0.1579052785587049,ReMap_ChIP-seq,-0.12597629935588284
ELF3,ZBTB1,-0.7487311037859942,1,0.1563521268857849,ReMap_ChIP-seq,-0.11706570054248154
ELF3,DSTN,1.5736348657007055,1,0.1563152428016823,ReMap_ChIP-seq,0.2459831161131985
ELF3,ZFYVE19,-0.0017271218563313,1,0.1561175910947593,ReMap_ChIP-seq,-0.0002696341037375515
ELF3,KLHL5,1.8001181493978973,1,0.1558332317946083,ReMap_ChIP-seq,0.28051822883280386
ELF3,BCL2L1,1.4750729718278492,1,0.1550673036011873,ReMap_ChIP-seq,0.22873558835633473
ELF3,RHOF,0.9313421228518668,1,0.153570763018904,ReMap_ChIP-seq,0.143026920438007
ELF3,RNF24,-1.2802439659734373,1,0.1535372124234718,ReMap_ChIP-seq,-0.19656508975753162
ELF3,LAMC1,-1.206427408679187,1,0.1534142844884788,ReMap_ChIP-seq,-0.18508319768980708
ELF3,TRUB1,-0.6510399931655521,1,0.1533693998388648,ReMap_ChIP-seq,-0.09984961302289937
ELF3,CREB3L4,2.185570576925122,1,0.1517824149168216,ReMap_ChIP-seq,0.33173118013684605
ELF3,ZMIZ1,0.4860696608000873,1,0.1515436362996528,ReMap_ChIP-seq,0.07366076389258404
