tf,rank,viper,prior_chipseq,prior_expression,min_fdr,mean_nes,n_methods_supporting,method_consistency,both_families_positive,prior_plausible_club_tf,tier
CREB3L4,1,11.816325005005465,,11.816325005005465,8.951948646088466e-12,11.816325005005465,1,,False,False,candidate
MITF,2,11.097938628311145,9.131520543915151,4.467879802936173,5.6493692507642934e-14,11.097938628311145,1,,True,False,candidate
XBP1,3,9.100540751000555,4.898757105910831,7.657587160450701,7.5070530722245795e-06,9.100540751000555,1,,True,True,candidate
FOXA1,4,8.460486376558942,6.131131414669945,5.80585802805085,0.000262915311994,8.460486376558942,1,,True,False,candidate
FOXA2,5,8.14490507823268,6.710527017700088,4.256543828943559,1.372216000068136e-05,8.14490507823268,1,,True,True,candidate
CREB3L2,6,7.32192560381209,,7.32192560381209,1.686613925007275e-05,7.32192560381209,1,,False,False,candidate
MECOM,7,7.061885285453607,3.349428498527896,6.246905179556186,2.7254928515755856e-06,7.061885285453607,1,,True,False,candidate
ELF3,8,6.719828869794449,2.4143759494453123,6.242167073533788,0.0007181666781508,6.719828869794449,1,,True,True,candidate
FOXP4,9,6.5635755746524795,,6.5635755746524795,4.510696492217727e-05,6.5635755746524795,1,,False,False,candidate
ZNF189,10,6.306022063213826,,6.306022063213826,0.0012703326632112,6.306022063213826,1,,False,False,candidate
STAT1,11,6.053531857761092,4.206319252510983,4.357726742434033,0.0045504623478401,6.053531857761092,1,,True,False,candidate
ZNF587,12,6.046786150028056,,6.046786150028056,7.04905808753589e-05,6.046786150028056,1,,False,False,candidate
NCOA2,13,5.837983505709347,2.387680020473859,5.311591467155804,0.0012218621939517,5.837983505709347,1,,True,False,candidate
STAT3,14,5.73410429334807,4.841558489471112,2.29694395703747,0.0051394374267228,5.73410429334807,1,,True,False,candidate
SMAD4,15,5.7231924826982175,4.246599239958477,3.6938532379306674,0.0010276870770901,5.7231924826982175,1,,True,False,candidate
DMRTA1,16,5.720665805948201,,5.720665805948201,0.0002175092216455,5.720665805948201,1,,False,False,candidate
MESP1,17,5.5090918269630675,,5.5090918269630675,0.0001088043920951,5.5090918269630675,1,,False,False,candidate
NFE2,18,5.450859163975911,3.979163931672154,3.5138565807585582,0.0109456811307691,5.450859163975911,1,,True,False,candidate
ZNF69,19,5.371385654573095,,5.371385654573095,0.0004686107222374,5.371385654573095,1,,False,False,candidate
HNF4G,20,5.330469328666509,2.1104405835528217,4.723054866025012,0.0136537015678839,5.330469328666509,1,,True,False,candidate
NCOA1,21,5.244728379280547,1.986167115713637,4.843285078861744,0.0029370018775125,5.244728379280547,1,,True,False,candidate
SREBF2,22,5.240343918090591,4.132434390178762,3.0760285466099644,0.0199734679846197,5.240343918090591,1,,True,False,candidate
NR3C2,23,5.134361114893411,,5.134361114893411,0.0034160196587326,5.134361114893411,1,,False,False,candidate
ZNF236,24,5.071894286567631,,5.071894286567631,0.0072648222771635,5.071894286567631,1,,False,False,candidate
ZNF704,25,4.990388311858323,,4.990388311858323,0.0036971162960191,4.990388311858323,1,,False,False,candidate
ZKSCAN1,26,4.985800090734102,3.335376303372214,3.7248219987189137,0.0143162743755324,4.985800090734102,1,,True,False,candidate
ETV6,27,4.9799798968765066,3.047981700973982,3.8605188415447556,0.0081332940358078,4.9799798968765066,1,,True,False,candidate
ZNF407,28,4.898541573717342,,4.898541573717342,0.0027801453416192,4.898541573717342,1,,False,False,candidate
NCOA3,29,4.734280804859045,2.170780785774877,4.328272659534439,0.0219508802409547,4.734280804859045,1,,True,False,candidate
FOXO3,30,4.720498482362666,2.537325398886681,3.9373454805493666,0.0124729660423195,4.720498482362666,1,,True,False,candidate
NR2C2,31,4.71526506665046,1.8957630189719825,4.122353130908915,0.0234381343294237,4.71526506665046,1,,True,False,candidate
ZNF710,32,4.585347259209942,,4.585347259209942,0.0167280152198649,4.585347259209942,1,,False,False,candidate
ZNF117,33,4.5538221731078306,,4.5538221731078306,0.0085532068161581,4.5538221731078306,1,,False,False,candidate
ZNF552,34,4.530127666969847,,4.530127666969847,0.0021585679475918,4.530127666969847,1,,False,False,candidate
HIVEP1,35,4.505905019550144,,4.505905019550144,0.0082574872291735,4.505905019550144,1,,False,False,candidate
CLOCK,36,4.478256784200151,-0.7090523266843962,3.9576596688816235,0.0355021861224079,4.478256784200151,1,,False,False,candidate
PRDM8,37,4.472343009300929,,4.472343009300929,0.0025953988735622,4.472343009300929,1,,False,False,candidate
SP1,38,4.452023269103216,3.6323028356929554,2.6332344574877693,0.0264677530305992,4.452023269103216,1,,True,False,candidate
ZNF875,39,4.376663346380791,,4.376663346380791,0.0084817463811641,4.376663346380791,1,,False,False,candidate
NR2F6,40,4.355153332231725,2.617983764333101,3.385965072241578,0.0265353040317724,4.355153332231725,1,,True,False,candidate
BHLHA15,41,4.350436594101715,,4.350436594101715,0.0092205994998521,4.350436594101715,1,,False,False,candidate
ZSCAN16,42,4.343762319873368,,4.343762319873368,0.0104107322651755,4.343762319873368,1,,False,False,candidate
ZNF609,43,4.274702877821252,,4.274702877821252,0.0301409159315056,4.274702877821252,1,,False,False,candidate
OVOL2,44,4.162315864772456,,4.162315864772456,0.0421587710278612,4.162315864772456,1,,False,False,candidate
ZBTB42,45,4.082460406924707,,4.082460406924707,0.0114438382846191,4.082460406924707,1,,False,False,candidate
ZBTB41,46,3.961662298297661,,3.961662298297661,0.0214334228615753,3.961662298297661,1,,False,False,candidate
ZNF81,47,3.9495330344972377,,3.9495330344972377,0.0370067759186414,3.9495330344972377,1,,False,False,candidate
FOXO4,48,3.9478962502826116,,3.9478962502826116,0.0357431772310572,3.9478962502826116,1,,False,False,candidate
CUX1,49,3.913905937387569,2.3393362401808733,3.1309700651725545,0.0805545988399891,3.913905937387569,1,,True,False,candidate
CREB3L1,50,3.9030218663317635,0.3509325437628396,3.566923630373946,0.0409137020044644,3.9030218663317635,1,,True,True,candidate
CASZ1,51,3.901160203251521,,3.901160203251521,0.0207993884758835,3.901160203251521,1,,False,False,candidate
STAT2,52,3.815661523104946,2.383731266853968,2.9810756654508266,0.0856649787409087,3.815661523104946,1,,True,False,candidate
ZNF592,53,3.8088855926568836,0.3633161948434026,3.4838947776332794,0.07660334117463,3.8088855926568836,1,,True,False,candidate
ELF5,54,3.8029264700686345,2.274603118662187,3.046559248697457,0.1112424755906608,3.8029264700686345,1,,True,False,weak
KDM5B,55,3.7584113276051183,3.3211945569528725,0.9288671271515117,0.0688025474215136,3.7584113276051183,1,,True,False,candidate
FOXA3,56,3.683264126445435,,3.683264126445435,0.0241043410759635,3.683264126445435,1,,False,False,candidate
ZNF664,57,3.6587166186736515,,3.6587166186736515,0.0584954510549955,3.6587166186736515,1,,False,False,candidate
ZNF316,58,3.6363935286092186,,3.6363935286092186,0.0237762001101289,3.6363935286092186,1,,False,False,candidate
ZBTB46,59,3.6127620765469186,,3.6127620765469186,0.0445579635566951,3.6127620765469186,1,,False,False,candidate
ZNF510,60,3.5538418379191654,,3.5538418379191654,0.0305298113686292,3.5538418379191654,1,,False,False,candidate
MBNL2,61,3.54432689124281,,3.54432689124281,0.0492287148841122,3.54432689124281,1,,False,False,candidate
ZFHX3,62,3.5415822599037683,,3.5415822599037683,0.0353181108033505,3.5415822599037683,1,,False,False,candidate
USF1,63,3.541495856760347,2.9508174207662856,1.3749109371031414,0.0335614074546259,3.541495856760347,1,,True,False,candidate
NFATC2,64,3.528721102073503,,3.528721102073503,0.077071425682943,3.528721102073503,1,,False,False,candidate
MYB,65,3.4649994692468784,2.533637366026366,2.3557606369552215,0.0907578513655834,3.4649994692468784,1,,True,False,candidate
ZFAT,66,3.4609160379201582,,3.4609160379201582,0.0551523874275149,3.4609160379201582,1,,False,False,candidate
PATZ1,67,3.4517738912005798,,3.4517738912005798,0.0772187940018128,3.4517738912005798,1,,False,False,candidate
ESRRG,68,3.4485369619631756,,3.4485369619631756,0.0627676938526892,3.4485369619631756,1,,False,False,candidate
MLXIP,69,3.4430247477536997,,3.4430247477536997,0.0492287148841122,3.4430247477536997,1,,False,False,candidate
LCOR,70,3.439144328456025,,3.439144328456025,0.0673728320322242,3.439144328456025,1,,False,False,candidate
ZNF75D,71,3.439109043510845,,3.439109043510845,0.0316404334848954,3.439109043510845,1,,False,False,candidate
LBX2,72,3.4267475132000755,,3.4267475132000755,0.0707156470663877,3.4267475132000755,1,,False,False,candidate
ZNF396,73,3.4254803145819896,,3.4254803145819896,0.010677088134454,3.4254803145819896,1,,False,False,candidate
ZBTB40,74,3.4119824790175555,,3.4119824790175555,0.0474534353640657,3.4119824790175555,1,,False,False,candidate
CXXC4,75,3.409028547113284,2.6696480141609733,1.5459596235055681,0.023514053714492,3.409028547113284,1,,True,False,candidate
ZNF341,76,3.407236238375998,,3.407236238375998,0.0357431772310572,3.407236238375998,1,,False,False,candidate
ZNF776,77,3.350635732455668,,3.350635732455668,0.0345342392487924,3.350635732455668,1,,False,False,candidate
AHR,78,3.3395730567414157,1.6137562201688767,3.2360938325197988,0.1494788910373082,3.3395730567414157,1,,True,False,weak
ZBTB10,79,3.327117741907839,,3.327117741907839,0.0452769707538528,3.327117741907839,1,,False,False,candidate
RORC,80,3.3119565368315675,,3.3119565368315675,0.0936585449801153,3.3119565368315675,1,,False,False,candidate
HIVEP2,81,3.296006179313149,,3.296006179313149,0.0796597760165706,3.296006179313149,1,,False,False,candidate
THRB,82,3.2950134742364465,,3.2950134742364465,0.1125459822600272,3.2950134742364465,1,,False,False,weak
ZNF646,83,3.261622567998471,,3.261622567998471,0.0832241475130714,3.261622567998471,1,,False,False,candidate
ZNF780A,84,3.2566004837422775,,3.2566004837422775,0.0300087718309088,3.2566004837422775,1,,False,False,candidate
MESP2,85,3.247589549508353,,3.247589549508353,0.0386552807247791,3.247589549508353,1,,False,False,candidate
ZNF780B,86,3.224300805888138,,3.224300805888138,0.0597701812770709,3.224300805888138,1,,False,False,candidate
SOX5,87,3.220492563019216,,3.220492563019216,0.0418949574101664,3.220492563019216,1,,False,False,candidate
SRCAP,88,3.216510559075512,,3.216510559075512,0.0827231490111701,3.216510559075512,1,,False,False,candidate
CREB3,89,3.1952668404641624,2.1485244136377823,2.171722409049692,0.0773014431924704,3.1952668404641624,1,,True,False,candidate
STAT5A,90,3.185005259403534,2.5970989041201684,1.4708387683183368,0.0790291400882936,3.185005259403534,1,,True,False,candidate
BACH1,91,3.1838693912047256,0.5761270417688861,3.1532020462711627,0.0886732562225101,3.1838693912047256,1,,True,False,candidate
FOXJ3,92,3.1477110340351695,,3.1477110340351695,0.071621115013949,3.1477110340351695,1,,False,False,candidate
TET2,93,3.132072607531721,,3.132072607531721,0.0437177458522362,3.132072607531721,1,,False,False,candidate
ZBTB37,94,3.128429385498707,,3.128429385498707,0.1017481847295967,3.128429385498707,1,,False,False,weak
GZF1,95,3.1011759541871156,,3.1011759541871156,0.0805696286950918,3.1011759541871156,1,,False,False,candidate
OLIG1,96,3.0886813676925566,,3.0886813676925566,0.1168761392786703,3.0886813676925566,1,,False,False,weak
ZNF778,97,3.0284197478501453,,3.0284197478501453,0.0479030310585496,3.0284197478501453,1,,False,False,candidate
MYSM1,98,3.0104157828497278,,3.0104157828497278,0.0964371799170792,3.0104157828497278,1,,False,False,candidate
MXD4,99,3.009184387528113,,3.009184387528113,0.0679092750082344,3.009184387528113,1,,False,False,candidate
SGSM2,100,3.0064856401171722,,3.0064856401171722,0.0443373360596744,3.0064856401171722,1,,False,False,candidate
GLIS3,101,2.913767724855285,,2.913767724855285,0.1421133253319595,2.913767724855285,1,,False,False,weak
SPDEF,102,2.908409848320935,,2.908409848320935,0.1064854294462974,2.908409848320935,1,,False,False,weak
RUNX1,103,2.9032971136570205,2.9120615087227426,0.3592214516095252,0.0407191308918859,2.9032971136570205,1,,True,False,candidate
TET3,104,2.8949825443850417,,2.8949825443850417,0.0534894559557859,2.8949825443850417,1,,False,False,candidate
ZNF564,105,2.893497217511228,,2.893497217511228,0.0679641950859813,2.893497217511228,1,,False,False,candidate
ZNF782,106,2.8866308487332737,,2.8866308487332737,0.1483861361908355,2.8866308487332737,1,,False,False,weak
E2F5,107,2.882761579291957,2.0160982619324983,0.9861415515644303,0.1000907469053023,2.882761579291957,1,,True,False,weak
KMT2B,108,2.8732124898932905,-0.0299169807007762,2.0615850160942064,0.1243647608244762,2.8732124898932905,1,,False,False,weak
CREBL2,109,2.8651460338170165,,2.8651460338170165,0.1023292798195961,2.8651460338170165,1,,False,False,weak
IRF1,110,2.8640127423609365,2.035473775509124,2.0136783190518575,0.352766056289904,2.8640127423609365,1,,True,False,weak
ZNF687,111,2.839431506985301,,2.839431506985301,0.1456260792820268,2.839431506985301,1,,False,False,weak
ZFHX2,112,2.8386442824942737,,2.8386442824942737,0.0979701404556529,2.8386442824942737,1,,False,False,candidate
CXXC5,113,2.8352893024593513,,2.8352893024593513,0.0825998148144577,2.8352893024593513,1,,False,False,candidate
ASH1L,114,2.8174942692291074,,2.8174942692291074,0.1231761890424771,2.8174942692291074,1,,False,False,weak
GATAD2B,115,2.8162671096804557,,2.8162671096804557,0.107268011835908,2.8162671096804557,1,,False,False,weak
KDM2A,116,2.808586570127815,,2.808586570127815,0.1004366820488453,2.808586570127815,1,,False,False,weak
ARHGAP35,117,2.8030479916604043,,2.8030479916604043,0.0403835652392385,2.8030479916604043,1,,False,False,candidate
ZNF808,118,2.774016218023709,,2.774016218023709,0.0974141604323349,2.774016218023709,1,,False,False,candidate
NFAT5,119,2.7679135904882117,,2.7679135904882117,0.1072937818581906,2.7679135904882117,1,,False,False,weak
GLMP,120,2.765051762990908,,2.765051762990908,0.1366011685921245,2.765051762990908,1,,False,False,weak
ZNF507,121,2.7628635786693176,,2.7628635786693176,0.1710810950637996,2.7628635786693176,1,,False,False,weak
ZNF621,122,2.7592394006495002,,2.7592394006495002,0.0795365267960101,2.7592394006495002,1,,False,False,candidate
NACC2,123,2.75080958042524,,2.75080958042524,0.0856649787409087,2.75080958042524,1,,False,False,candidate
ZNF70,124,2.745420587063581,,2.745420587063581,0.1384183408200542,2.745420587063581,1,,False,False,weak
ZNF20,125,2.728480932939915,,2.728480932939915,0.1155612081466414,2.728480932939915,1,,False,False,weak
JAZF1,126,2.726987062435832,,2.726987062435832,0.1633226268894014,2.726987062435832,1,,False,False,weak
PRDM2,127,2.7177373590614087,,2.7177373590614087,0.183060633233941,2.7177373590614087,1,,False,False,weak
ATF6,128,2.716103295900403,,2.716103295900403,0.1190839198305875,2.716103295900403,1,,False,False,weak
GLYR1,129,2.707529976706214,0.4944099992483915,2.591351750474335,0.1659303149666952,2.707529976706214,1,,True,False,weak
KMT2A,130,2.6976239662557626,0.933120432299686,2.485865175004636,0.1125459822600272,2.6976239662557626,1,,True,False,weak
ZNF24,131,2.696969527889851,1.3296952358764738,2.3497184803475326,0.2520684057361571,2.696969527889851,1,,True,False,weak
IRX5,132,2.693630180874236,,2.693630180874236,0.1327565490144773,2.693630180874236,1,,False,False,weak
ZNF432,133,2.689562246578898,,2.689562246578898,0.1478670500082564,2.689562246578898,1,,False,False,weak
GPBP1L1,134,2.674229161738399,,2.674229161738399,0.1110886827812936,2.674229161738399,1,,False,False,weak
MZF1,135,2.6614777610496603,,2.6614777610496603,0.1519536234571439,2.6614777610496603,1,,False,False,weak
ZSCAN5A,136,2.660260481153705,,2.660260481153705,0.0604163308750489,2.660260481153705,1,,False,False,candidate
ZBTB4,137,2.652865914676479,,2.652865914676479,0.1389263173324593,2.652865914676479,1,,False,False,weak
MGA,138,2.6466341676527714,,2.6466341676527714,0.2240973251921273,2.6466341676527714,1,,False,False,weak
USF3,139,2.6275497922778297,,2.6275497922778297,0.0996891306122522,2.6275497922778297,1,,False,False,candidate
ZNF484,140,2.6215563404309568,,2.6215563404309568,0.1648586049985163,2.6215563404309568,1,,False,False,weak
BARHL1,141,2.620497644326991,,2.620497644326991,0.2045951446271646,2.620497644326991,1,,False,False,weak
ZNF384,142,2.6081019905588425,1.8356404042589678,1.846666046784999,0.2236984833064618,2.6081019905588425,1,,True,False,weak
MEF2D,143,2.604140617410111,,2.604140617410111,0.1570736942386133,2.604140617410111,1,,False,False,weak
ZNF33A,144,2.6018151938667193,,2.6018151938667193,0.2352059444374461,2.6018151938667193,1,,False,False,weak
ZBTB21,145,2.5965891192877097,,2.5965891192877097,0.1548332821961001,2.5965891192877097,1,,False,False,weak
PRR12,146,2.59603408374745,,2.59603408374745,0.1795395805121989,2.59603408374745,1,,False,False,weak
ZNF37A,147,2.5956977249912003,,2.5956977249912003,0.1461108707173087,2.5956977249912003,1,,False,False,weak
ARID2,148,2.5840590876038694,0.7767611293300152,2.540761370985668,0.1528417981900901,2.5840590876038694,1,,True,False,weak
ZKSCAN8,149,2.5755988154897684,,2.5755988154897684,0.0998715488810425,2.5755988154897684,1,,False,False,candidate
ZNF444,150,2.572901643030186,,2.572901643030186,0.2432628780566714,2.572901643030186,1,,False,False,weak
ZNF585B,151,2.56174616195254,,2.56174616195254,0.247195186421408,2.56174616195254,1,,False,False,weak
RLF,152,2.5446995103657413,,2.5446995103657413,0.1366011685921245,2.5446995103657413,1,,False,False,weak
IRX3,153,2.52535157061861,,2.52535157061861,0.1407676597231185,2.52535157061861,1,,False,False,weak
BAZ2A,154,2.5140886874649055,,2.5140886874649055,0.1589878284490134,2.5140886874649055,1,,False,False,weak
HNF1B,155,2.508136990976161,1.4903298007191708,2.0166570283612706,0.2613840777072671,2.508136990976161,1,,True,False,weak
ZNF254,156,2.5070869032197556,,2.5070869032197556,0.1241707784598976,2.5070869032197556,1,,False,False,weak
ZNF417,157,2.5031236089902924,,2.5031236089902924,0.1424478206017455,2.5031236089902924,1,,False,False,weak
ARNT,158,2.4997403540480083,1.576541323034674,1.9390307997043699,0.319627467776334,2.4997403540480083,1,,True,False,weak
ZNF555,159,2.4947192308626787,,2.4947192308626787,0.1873697748249755,2.4947192308626787,1,,False,False,weak
ZNF736,160,2.4742033409313606,,2.4742033409313606,0.1245634146519206,2.4742033409313606,1,,False,False,weak
ZNF652,161,2.472555119103866,0.2543177800959619,2.293282700757921,0.2812812341432752,2.472555119103866,1,,True,False,weak
ZBTB34,162,2.453373268581267,,2.453373268581267,0.243462135064781,2.453373268581267,1,,False,False,weak
PURA,163,2.445951753295271,,2.445951753295271,0.0998715488810425,2.445951753295271,1,,False,False,candidate
ZXDB,164,2.4434266227703003,,2.4434266227703003,0.3082933925755953,2.4434266227703003,1,,False,False,weak
ZXDC,165,2.4315261465514064,,2.4315261465514064,0.1998804119719649,2.4315261465514064,1,,False,False,weak
ZNF264,166,2.4056959439776597,,2.4056959439776597,0.1097169184506315,2.4056959439776597,1,,False,False,weak
ZNF282,167,2.3967030303838763,,2.3967030303838763,0.2279316810277647,2.3967030303838763,1,,False,False,weak
ZNF76,168,2.3620520766375117,,2.3620520766375117,0.322040410222862,2.3620520766375117,1,,False,False,weak
ZNF493,169,2.359560943204807,,2.359560943204807,0.1401533145525928,2.359560943204807,1,,False,False,weak
RBAK,170,2.3593858347344137,,2.3593858347344137,0.2088460071137456,2.3593858347344137,1,,False,False,weak
ZNF445,171,2.358665735371084,,2.358665735371084,0.197070636729512,2.358665735371084,1,,False,False,weak
MEF2A,172,2.3502874317475215,1.5703472588245808,1.749035193643599,0.3753974508257286,2.3502874317475215,1,,True,False,weak
ZBTB18,173,2.338920274799622,,2.338920274799622,0.1689726675891797,2.338920274799622,1,,False,False,weak
MBD1,174,2.335289465995684,,2.335289465995684,0.350584802154588,2.335289465995684,1,,False,False,weak
SP140L,175,2.3295716524184695,,2.3295716524184695,0.1615717488519767,2.3295716524184695,1,,False,False,weak
ZNF800,176,2.325075366040543,,2.325075366040543,0.2505821189286888,2.325075366040543,1,,False,False,weak
TEAD1,177,2.3197208223189585,1.5665141061121122,1.437652214730668,0.2307334301845425,2.3197208223189585,1,,True,False,weak
REPIN1,178,2.3030112585925266,,2.3030112585925266,0.1519536234571439,2.3030112585925266,1,,False,False,weak
ZNF449,179,2.2934246215871728,,2.2934246215871728,0.3147806849528491,2.2934246215871728,1,,False,False,weak
RFX3,180,2.2829450083167404,,2.2829450083167404,0.2307444041153033,2.2829450083167404,1,,False,False,weak
SP110,181,2.277032834347181,,2.277032834347181,0.3274431886641361,2.277032834347181,1,,False,False,weak
ZNF585A,182,2.269508334493323,,2.269508334493323,0.1833870039160623,2.269508334493323,1,,False,False,weak
ZBTB11,183,2.2580423497344286,-0.0687101897748382,2.004949430753134,0.2024898877204199,2.2580423497344286,1,,False,False,weak
PURB,184,2.2559731407565358,,2.2559731407565358,0.2683118798946348,2.2559731407565358,1,,False,False,weak
LHX8,185,2.2503950301316524,,2.2503950301316524,0.2976871691789622,2.2503950301316524,1,,False,False,weak
GTF2I,186,2.2413744357868137,,2.2413744357868137,0.0890580444315988,2.2413744357868137,1,,False,False,candidate
ZNF142,187,2.2402701230829787,,2.2402701230829787,0.351641277796698,2.2402701230829787,1,,False,False,weak
ZMAT1,188,2.2400925549510924,,2.2400925549510924,0.1648586049985163,2.2400925549510924,1,,False,False,weak
ZFPM1,189,2.237885517843764,,2.237885517843764,0.3162290681222516,2.237885517843764,1,,False,False,weak
ZNF398,190,2.2345161181178734,,2.2345161181178734,0.2241221845498163,2.2345161181178734,1,,False,False,weak
ZNF3,191,2.222029780569752,,2.222029780569752,0.3344834793147634,2.222029780569752,1,,False,False,weak
ZNF217,192,2.2071483080689056,2.1763068227511675,0.9628661207764923,0.1625199209495071,2.2071483080689056,1,,True,False,weak
IKZF2,193,2.203546079155244,,2.203546079155244,0.1851034208959564,2.203546079155244,1,,False,False,weak
PRDM4,194,2.2004257455944014,,2.2004257455944014,0.0746546727311412,2.2004257455944014,1,,False,False,candidate
MBD6,195,2.1942415915769593,,2.1942415915769593,0.2762885106540786,2.1942415915769593,1,,False,False,weak
ZNF740,196,2.190393979320431,0.6013602988570794,2.049133155557107,0.3178196312132561,2.190393979320431,1,,True,False,weak
LTF,197,2.1787082826720705,,2.1787082826720705,0.296790679016769,2.1787082826720705,1,,False,False,weak
IRF9,198,2.172012535825088,-0.4081452518450564,2.1877469901142126,0.3064531939548053,2.172012535825088,1,,False,False,weak
OLIG2,199,2.13087531566547,1.2075964990418402,1.6848859766986977,0.3593509031741665,2.13087531566547,1,,True,False,weak
ZNF429,200,2.127328357236402,,2.127328357236402,0.1641098736003282,2.127328357236402,1,,False,False,weak
CREBZF,201,2.1128557626526288,,2.1128557626526288,0.324487530460877,2.1128557626526288,1,,False,False,weak
TBXT,202,2.0938204137239786,1.3277140918586436,1.5668028508491436,0.3316906375511324,2.0938204137239786,1,,True,False,weak
ZNF274,203,2.0743157060511774,1.647455466262531,1.0973988854168657,0.4652044019745309,2.0743157060511774,1,,True,False,weak
ZNF486,204,2.0706114022496593,,2.0706114022496593,0.3147806849528491,2.0706114022496593,1,,False,False,weak
BCL6,205,2.0681250583734956,1.9419371788092092,1.1154666143204444,0.2768625023370079,2.0681250583734956,1,,True,False,weak
ZNF737,206,2.0550274497879526,,2.0550274497879526,0.2562778412380043,2.0550274497879526,1,,False,False,weak
ZBTB22,207,2.054266841525174,,2.054266841525174,0.1331417643236112,2.054266841525174,1,,False,False,weak
ZNF529,208,2.0516950514734,,2.0516950514734,0.2151897501852491,2.0516950514734,1,,False,False,weak
MECP2,209,2.04608653047278,,2.04608653047278,0.320389254909745,2.04608653047278,1,,False,False,weak
ZNF148,210,2.0333871579067355,,2.0333871579067355,0.2934335955074733,2.0333871579067355,1,,False,False,weak
DOT1L,211,2.0315688112860273,,2.0315688112860273,0.2900949466980573,2.0315688112860273,1,,False,False,weak
FOXJ1,212,2.022248257128987,,2.022248257128987,0.3573014898419734,2.022248257128987,1,,False,False,weak
SP100,213,2.0107299614366685,,2.0107299614366685,0.3078701349789393,2.0107299614366685,1,,False,False,weak
ZBTB38,214,2.009754145821045,,2.009754145821045,0.2543955510205108,2.009754145821045,1,,False,False,weak
SPEN,215,2.008735087451686,,2.008735087451686,0.2326777232407178,2.008735087451686,1,,False,False,weak
RUNX2,216,2.0050398534142473,1.9570130335820357,0.5730637934173535,0.1661116712064103,2.0050398534142473,1,,True,False,weak
HES6,217,1.9970015741222642,,1.9970015741222642,0.3009771627878303,1.9970015741222642,1,,False,False,weak
ZNF44,218,1.9864953266845182,,1.9864953266845182,0.2335716989322982,1.9864953266845182,1,,False,False,weak
TMF1,219,1.9840257300588193,,1.9840257300588193,0.2543955510205108,1.9840257300588193,1,,False,False,weak
BAZ2B,220,1.9821247799234152,,1.9821247799234152,0.321540466172012,1.9821247799234152,1,,False,False,weak
ZNF799,221,1.9786441868127378,,1.9786441868127378,0.4000641224917389,1.9786441868127378,1,,False,False,weak
FIZ1,222,1.9750513239327305,,1.9750513239327305,0.2906525843166148,1.9750513239327305,1,,False,False,weak
ZNF599,223,1.972198036606224,,1.972198036606224,0.2307509028448731,1.972198036606224,1,,False,False,weak
KLF12,224,1.9702512047196028,,1.9702512047196028,0.2949762677717304,1.9702512047196028,1,,False,False,weak
SNAPC4,225,1.9678840445511585,1.063317894255808,1.6334594079300861,0.3772657595271952,1.9678840445511585,1,,True,False,weak
E4F1,226,1.9658646018410746,,1.9658646018410746,0.3153036849498991,1.9658646018410746,1,,False,False,weak
PLSCR1,227,1.9635068740591535,,1.9635068740591535,0.2582246124813568,1.9635068740591535,1,,False,False,weak
JRK,228,1.9555610475339935,,1.9555610475339935,0.2506502706381091,1.9555610475339935,1,,False,False,weak
AKNA,229,1.9507277608648068,,1.9507277608648068,0.3278183587090293,1.9507277608648068,1,,False,False,weak
STAT5B,230,1.9451804308490561,1.1935076441621624,1.4986455130661172,0.392244258636951,1.9451804308490561,1,,True,False,weak
ZNF280D,231,1.9352183811389159,,1.9352183811389159,0.3053228492497003,1.9352183811389159,1,,False,False,weak
GRHL2,232,1.9168603206972423,0.5081204722959649,1.5683743370926437,0.1426676013852377,1.9168603206972423,1,,True,False,weak
GMEB2,233,1.9151326952154817,,1.9151326952154817,0.3110922514734237,1.9151326952154817,1,,False,False,weak
ZNF746,234,1.9150166607877521,,1.9150166607877521,0.3252160039733676,1.9150166607877521,1,,False,False,weak
WIZ,235,1.9084480477157504,,1.9084480477157504,0.4577852478490857,1.9084480477157504,1,,False,False,weak
ZNF12,236,1.903073769039826,,1.903073769039826,0.4249786045714229,1.903073769039826,1,,False,False,weak
MEF2C,237,1.8926192819946177,1.2577126876017497,1.41354674785918,0.4455045015928748,1.8926192819946177,1,,True,False,weak
ZNF787,238,1.87662684648489,,1.87662684648489,0.4269309909444219,1.87662684648489,1,,False,False,weak
NRL,239,1.8714508392289348,,1.8714508392289348,0.4198055320030254,1.8714508392289348,1,,False,False,weak
PRDM10,240,1.8673883512990388,,1.8673883512990388,0.2688530592214657,1.8673883512990388,1,,False,False,weak
ZNF841,241,1.8643121980396116,,1.8643121980396116,0.34994420767458,1.8643121980396116,1,,False,False,weak
ZNF182,242,1.8449529935829345,,1.8449529935829345,0.4275848510474412,1.8449529935829345,1,,False,False,weak
DMTF1,243,1.8447728676703024,,1.8447728676703024,0.3314553180609314,1.8447728676703024,1,,False,False,weak
ZNF165,244,1.842084965704547,0.4384141112116769,1.770684319249651,0.3789994461343387,1.842084965704547,1,,True,False,weak
RBSN,245,1.8394045437019642,,1.8394045437019642,0.3070811759412215,1.8394045437019642,1,,False,False,weak
THRA,246,1.8252092574209169,-0.4440986314879709,2.0311734948804325,0.2949762677717304,1.8252092574209169,1,,False,False,weak
ZNF451,247,1.8037498463426132,,1.8037498463426132,0.3363089892539311,1.8037498463426132,1,,False,False,weak
ZBTB26,248,1.7984417816267204,,1.7984417816267204,0.3278183587090293,1.7984417816267204,1,,False,False,weak
ZBED6,249,1.7975595084510745,,1.7975595084510745,0.1994327467461521,1.7975595084510745,1,,False,False,weak
ZSCAN29,250,1.7729574413672682,,1.7729574413672682,0.3873337712119575,1.7729574413672682,1,,False,False,weak
ZNF10,251,1.772935915480227,,1.772935915480227,0.4591447278112076,1.772935915480227,1,,False,False,weak
GRHL1,252,1.7703807549747337,,1.7703807549747337,0.3791749837671533,1.7703807549747337,1,,False,False,weak
HMBOX1,253,1.7579134551392612,0.8046959089005836,1.5667016235795868,0.3731887316949678,1.7579134551392612,1,,True,False,weak
ZNF91,254,1.7495509053189897,,1.7495509053189897,0.4771926347803168,1.7495509053189897,1,,False,False,weak
ZNF440,255,1.741435251464369,,1.741435251464369,0.3274431886641361,1.741435251464369,1,,False,False,weak
JUND,256,1.7407683720704845,2.565746874735699,-0.29306876372691204,0.1966475894362802,1.7407683720704845,1,,False,False,weak
HOXD1,257,1.7379654027619507,,1.7379654027619507,0.3489921299217287,1.7379654027619507,1,,False,False,weak
NPAS3,258,1.723734467770125,,1.723734467770125,0.4858706860830458,1.723734467770125,1,,False,False,weak
ZBTB6,259,1.7088374014884378,,1.7088374014884378,0.2852271325544933,1.7088374014884378,1,,False,False,weak
CCDC17,260,1.7056480207280673,,1.7056480207280673,0.3842572970409339,1.7056480207280673,1,,False,False,weak
NPAS2,261,1.6954212225522496,,1.6954212225522496,0.5280082493392617,1.6954212225522496,1,,False,False,weak
THAP12,262,1.6944524547102098,,1.6944524547102098,0.3806998805865146,1.6944524547102098,1,,False,False,weak
IRF7,263,1.6830832232076844,,1.6830832232076844,0.4011603785585528,1.6830832232076844,1,,False,False,weak
ZNF548,264,1.6766344273845082,,1.6766344273845082,0.4240687381162007,1.6766344273845082,1,,False,False,weak
ZNF497,265,1.675851392933424,,1.675851392933424,0.3776905187982057,1.675851392933424,1,,False,False,weak
ZNF611,266,1.6676729151424372,,1.6676729151424372,0.3574621768136959,1.6676729151424372,1,,False,False,weak
GTF2IRD2B,267,1.6665080116645832,,1.6665080116645832,0.367799224956614,1.6665080116645832,1,,False,False,weak
ZNF708,268,1.662630020452456,,1.662630020452456,0.3540526737036204,1.662630020452456,1,,False,False,weak
RFX1,269,1.6571378478124543,-0.1888020821806755,1.6053131718428584,0.4736212569507104,1.6571378478124543,1,,False,False,weak
CSRNP2,270,1.656002821479022,,1.656002821479022,0.3772657595271952,1.656002821479022,1,,False,False,weak
PRDM5,271,1.6548641973261022,0.96566716044555,1.3278868000198816,0.4652044019745309,1.6548641973261022,1,,True,False,weak
ZNF827,272,1.645049010405692,,1.645049010405692,0.4790213129352519,1.645049010405692,1,,False,False,weak
RREB1,273,1.6340984741319307,,1.6340984741319307,0.0734473874045141,1.6340984741319307,1,,False,False,candidate
FBXL19,274,1.6323670963536097,,1.6323670963536097,0.4269309909444219,1.6323670963536097,1,,False,False,weak
ZNF418,275,1.6113587120662884,,1.6113587120662884,0.3996203038601232,1.6113587120662884,1,,False,False,weak
LYL1,276,1.6098089684239674,1.2713032822541293,0.6614738623178845,0.4649736739018955,1.6098089684239674,1,,True,False,weak
ZNF28,277,1.6011456666647537,,1.6011456666647537,0.3525326345860149,1.6011456666647537,1,,False,False,weak
ZNF653,278,1.5960112151054244,,1.5960112151054244,0.4771956868370408,1.5960112151054244,1,,False,False,weak
ZBTB33,279,1.5930431096518234,0.46425186427899845,1.4736652521127402,0.5047057583217446,1.5930431096518234,1,,True,False,weak
ZBTB7A,280,1.5842146410098243,2.0012712208101417,0.02140666498526838,0.2199637647916961,1.5842146410098243,1,,True,False,weak
PHF21A,281,1.5798508487201675,,1.5798508487201675,0.4377771636670566,1.5798508487201675,1,,False,False,weak
ZNF268,282,1.5711500163396883,,1.5711500163396883,0.4235936902258151,1.5711500163396883,1,,False,False,weak
ZNF594,283,1.5679206561004986,,1.5679206561004986,0.4130127016403449,1.5679206561004986,1,,False,False,weak
ZNF333,284,1.5641521277754296,,1.5641521277754296,0.3796233891503326,1.5641521277754296,1,,False,False,weak
SP140,285,1.5511320705679967,,1.5511320705679967,0.4541596255926515,1.5511320705679967,1,,False,False,weak
NR2F1,286,1.5506822408894432,0.8966247817193049,1.2505759271317207,0.5463421584467548,1.5506822408894432,1,,True,False,weak
ZNF33B,287,1.5474466443823138,,1.5474466443823138,0.5113836922975751,1.5474466443823138,1,,False,False,weak
ZFP91,288,1.5459269174679555,,1.5459269174679555,0.4310221666012657,1.5459269174679555,1,,False,False,weak
ZNF605,289,1.5458057114805301,,1.5458057114805301,0.4520507568835341,1.5458057114805301,1,,False,False,weak
ZNF606,290,1.5357849255728222,,1.5357849255728222,0.5167162855363884,1.5357849255728222,1,,False,False,weak
ZSCAN18,291,1.5343114468331567,,1.5343114468331567,0.4817357859649917,1.5343114468331567,1,,False,False,weak
CREM,292,1.5229932999622622,0.9808974399470709,1.1258167069894658,0.6150773498959687,1.5229932999622622,1,,True,False,weak
ZNF682,293,1.518823255228183,,1.518823255228183,0.5069131840413885,1.518823255228183,1,,False,False,weak
ZFP14,294,1.512978065157072,,1.512978065157072,0.4293395534606063,1.512978065157072,1,,False,False,weak
ZNF135,295,1.506868624888093,,1.506868624888093,0.4585280478300255,1.506868624888093,1,,False,False,weak
MYRFL,296,1.5066533850782182,,1.5066533850782182,0.4159185519814556,1.5066533850782182,1,,False,False,weak
ZNF491,297,1.5045558935246044,,1.5045558935246044,0.5429177343079624,1.5045558935246044,1,,False,False,weak
ZSCAN1,298,1.5016624920076895,,1.5016624920076895,0.4841988628339419,1.5016624920076895,1,,False,False,weak
ZNF335,299,1.4900606752937902,,1.4900606752937902,0.5397708959872729,1.4900606752937902,1,,False,False,weak
BATF2,300,1.4892009192207247,,1.4892009192207247,0.4963878144997786,1.4892009192207247,1,,False,False,weak
ZNF337,301,1.4886479954329532,,1.4886479954329532,0.4980709840342144,1.4886479954329532,1,,False,False,weak
POU2AF1,302,1.486977173502103,,1.486977173502103,0.4473677397365351,1.486977173502103,1,,False,False,weak
SOX30,303,1.4834540200111923,,1.4834540200111923,0.2587117233475342,1.4834540200111923,1,,False,False,weak
ZNF197,304,1.4632731395513512,-0.6744782601604412,2.117729559382072,0.2329854537726257,1.4632731395513512,1,,False,False,weak
PEG3,305,1.449315311385724,,1.449315311385724,0.4409240856960816,1.449315311385724,1,,False,False,weak
ZNF446,306,1.4443025115348516,,1.4443025115348516,0.5324205057356494,1.4443025115348516,1,,False,False,weak
ZNF334,307,1.4360920539702333,,1.4360920539702333,0.5452691180513913,1.4360920539702333,1,,False,False,weak
ZNF23,308,1.4325315840774548,,1.4325315840774548,0.5202069464848065,1.4325315840774548,1,,False,False,weak
GABPA,309,1.4269756657916262,1.4181216911202892,0.0943873556706254,0.3411248537711421,1.4269756657916262,1,,True,False,weak
ZNF763,310,1.4255875518242893,,1.4255875518242893,0.4570632174866225,1.4255875518242893,1,,False,False,weak
FOXN2,311,1.4207477083627273,,1.4207477083627273,0.4820482060577534,1.4207477083627273,1,,False,False,weak
ZHX3,312,1.4165325835491316,,1.4165325835491316,0.58783008200656,1.4165325835491316,1,,False,False,weak
ANKZF1,313,1.4138033611754055,,1.4138033611754055,0.5868951035322054,1.4138033611754055,1,,False,False,weak
IKZF4,314,1.413525064121465,,1.413525064121465,0.4925602376355785,1.413525064121465,1,,False,False,weak
ZNF627,315,1.4129459104367692,,1.4129459104367692,0.5727775839954323,1.4129459104367692,1,,False,False,weak
ZGPAT,316,1.4051750543410024,,1.4051750543410024,0.5797606881743468,1.4051750543410024,1,,False,False,weak
PLAGL2,317,1.3981495413602032,,1.3981495413602032,0.5405915507577753,1.3981495413602032,1,,False,False,weak
ZNF506,318,1.3862701577667695,,1.3862701577667695,0.4743912305285545,1.3862701577667695,1,,False,False,weak
ZNF441,319,1.3844238577353636,,1.3844238577353636,0.4988365638742422,1.3844238577353636,1,,False,False,weak
ELF2,320,1.3719331524861154,,1.3719331524861154,0.5077294638771174,1.3719331524861154,1,,False,False,weak
ARX,321,1.368400322402472,,1.368400322402472,0.4526554177661128,1.368400322402472,1,,False,False,weak
ZNF292,322,1.3650378727654717,,1.3650378727654717,0.4069263343628388,1.3650378727654717,1,,False,False,weak
IRF5,323,1.3623743982803407,,1.3623743982803407,0.5790706624071246,1.3623743982803407,1,,False,False,weak
ZNF329,324,1.3622473444921306,,1.3622473444921306,0.4094290185209258,1.3622473444921306,1,,False,False,weak
PRDM15,325,1.3615759199975173,,1.3615759199975173,0.3065691735387847,1.3615759199975173,1,,False,False,weak
ZEB2,326,1.3544270046944313,0.4102719570355923,1.2790493119325321,0.5814007969764082,1.3544270046944313,1,,True,False,weak
CC2D1A,327,1.3500863807272108,,1.3500863807272108,0.4876643409679599,1.3500863807272108,1,,False,False,weak
ZNF524,328,1.344237090592236,,1.344237090592236,0.5840023585004569,1.344237090592236,1,,False,False,weak
MXI1,329,1.331131574369061,-1.6337254832219585,2.436135672637633,0.0635547342855233,1.331131574369061,1,,False,False,candidate
ZNF608,330,1.3270264521877386,,1.3270264521877386,0.5600324599863769,1.3270264521877386,1,,False,False,weak
KLF2,331,1.3243672798887332,0.3664980309868694,1.2378643927775534,0.6260250921542989,1.3243672798887332,1,,True,False,weak
USF2,332,1.32319585381948,1.8245150098694864,0.06151007846178127,0.2641542077828175,1.32319585381948,1,,True,False,weak
SATB1,333,1.3188868943292902,0.403090495971146,1.261600222027521,0.6026545820007673,1.3188868943292902,1,,True,False,weak
BATF3,334,1.3123815334960132,,1.3123815334960132,0.6084052885347038,1.3123815334960132,1,,False,False,weak
ZNF98,335,1.3051444251910416,,1.3051444251910416,0.510939442584599,1.3051444251910416,1,,False,False,weak
ZNF169,336,1.2963885099789059,,1.2963885099789059,0.5944396573474512,1.2963885099789059,1,,False,False,weak
NFX1,337,1.2910164009200729,,1.2910164009200729,0.50470337731634,1.2910164009200729,1,,False,False,weak
TIGD4,338,1.284747365270881,,1.284747365270881,0.4710645368309942,1.284747365270881,1,,False,False,weak
ZNF514,339,1.2789851448112222,,1.2789851448112222,0.5462617506543799,1.2789851448112222,1,,False,False,weak
NR2C1,340,1.2740084708066926,,1.2740084708066926,0.5936070346125817,1.2740084708066926,1,,False,False,weak
TIGD6,341,1.2649560112608853,,1.2649560112608853,0.4355754495481123,1.2649560112608853,1,,False,False,weak
ZNF700,342,1.2604467592043864,,1.2604467592043864,0.6486965304275055,1.2604467592043864,1,,False,False,weak
PROX1,343,1.2567006803723362,-0.0515547157208643,1.1128796787197657,0.4748825162176364,1.2567006803723362,1,,False,False,weak
BPTF,344,1.2524030103653938,,1.2524030103653938,0.5317977384725214,1.2524030103653938,1,,False,False,weak
PPARD,345,1.2238108654153799,1.0883995595316078,0.7244606980787526,0.3570638036160705,1.2238108654153799,1,,True,False,weak
ZNF141,346,1.218230376950721,,1.218230376950721,0.5270497938279294,1.218230376950721,1,,False,False,weak
GATA6,347,1.2092285943529137,1.2268182333074291,0.49169040137386666,0.4472201079531235,1.2092285943529137,1,,True,False,weak
ZNF160,348,1.209032248895178,,1.209032248895178,0.5004658652837333,1.209032248895178,1,,False,False,weak
RARA,349,1.1812436326133313,0.6869580074178034,0.9561254795466233,0.6930135156977018,1.1812436326133313,1,,True,False,weak
ZNF528,350,1.1789077536138575,,1.1789077536138575,0.5520890856339543,1.1789077536138575,1,,False,False,weak
ZNF654,351,1.1757398970309882,,1.1757398970309882,0.5888679151409514,1.1757398970309882,1,,False,False,weak
ZNF19,352,1.1512920872683998,,1.1512920872683998,0.4069263343628388,1.1512920872683998,1,,False,False,weak
PBX4,353,1.1471249760086646,,1.1471249760086646,0.714983347198983,1.1471249760086646,1,,False,False,weak
ZNF844,354,1.1147687138476432,,1.1147687138476432,0.6739131870479466,1.1147687138476432,1,,False,False,weak
ZNF382,355,1.106043400730883,,1.106043400730883,0.5980437628496232,1.106043400730883,1,,False,False,weak
ZNF391,356,1.1018935098033333,,1.1018935098033333,0.5511384549690543,1.1018935098033333,1,,False,False,weak
ZNF319,357,1.0999015109247288,,1.0999015109247288,0.6303192415613249,1.0999015109247288,1,,False,False,weak
RFX7,358,1.0979005697941415,,1.0979005697941415,0.4404288744862902,1.0979005697941415,1,,False,False,weak
ZNF672,359,1.0975264829915639,,1.0975264829915639,0.3919247049749376,1.0975264829915639,1,,False,False,weak
CIC,360,1.0929074152901257,,1.0929074152901257,0.4361042028346571,1.0929074152901257,1,,False,False,weak
EBF4,361,1.090936300126948,,1.090936300126948,0.6667444973045471,1.090936300126948,1,,False,False,weak
ZSCAN30,362,1.0906333247242919,,1.0906333247242919,0.6257104909130417,1.0906333247242919,1,,False,False,weak
SETDB1,363,1.0900502700590304,-0.816778378982908,1.7857172934236956,0.3630647589003765,1.0900502700590304,1,,False,False,weak
ZNF783,364,1.080266562823655,,1.080266562823655,0.6038515998477904,1.080266562823655,1,,False,False,weak
ZNF518A,365,1.071050473211404,,1.071050473211404,0.5794525152720119,1.071050473211404,1,,False,False,weak
POU2F1,366,1.0685847681905631,0.4438444620207318,0.9922643698389415,0.6136319075780716,1.0685847681905631,1,,True,False,weak
ZNF626,367,1.0670528806339912,,1.0670528806339912,0.6043694567699747,1.0670528806339912,1,,False,False,weak
KLF15,368,1.0616824300448813,,1.0616824300448813,0.7144468979943658,1.0616824300448813,1,,False,False,weak
IKZF5,369,1.0466216155177364,,1.0466216155177364,0.6647149609504484,1.0466216155177364,1,,False,False,weak
ZNF324,370,1.0420578752985616,,1.0420578752985616,0.705218449578248,1.0420578752985616,1,,False,False,weak
ZNF678,371,1.0344438456348248,,1.0344438456348248,0.5270497938279294,1.0344438456348248,1,,False,False,weak
HES4,372,1.0336242522606522,,1.0336242522606522,0.7262272759283894,1.0336242522606522,1,,False,False,weak
SMAD9,373,1.0254288336725683,,1.0254288336725683,0.6876047301531055,1.0254288336725683,1,,False,False,weak
ZNF791,374,1.0181659409709913,,1.0181659409709913,0.6033229745056177,1.0181659409709913,1,,False,False,weak
RFX6,375,1.003908952296457,,1.003908952296457,0.6879904405718124,1.003908952296457,1,,False,False,weak
POU6F1,376,1.0009614597998433,,1.0009614597998433,0.7134449257342627,1.0009614597998433,1,,False,False,weak
DZIP1,377,0.9974097156442492,,0.9974097156442492,0.7380147292214145,0.9974097156442492,1,,False,False,weak
ZNF8,378,0.9969250313526647,,0.9969250313526647,0.5645521974391343,0.9969250313526647,1,,False,False,weak
ZNF83,379,0.9864442005009733,0.5147575055691365,0.8393688738342583,0.6908138172037499,0.9864442005009733,1,,True,False,weak
ZNF433,380,0.9790956760668617,,0.9790956760668617,0.5866972981454354,0.9790956760668617,1,,False,False,weak
SON,381,0.9764031415249826,,0.9764031415249826,0.6661615957053334,0.9764031415249826,1,,False,False,weak
ZNF709,382,0.9726265209625714,,0.9726265209625714,0.476166144695852,0.9726265209625714,1,,False,False,weak
MTF1,383,0.9719038613426797,,0.9719038613426797,0.7170432655488637,0.9719038613426797,1,,False,False,weak
ZNF865,384,0.954962036202508,,0.954962036202508,0.2229500299368484,0.954962036202508,1,,False,False,weak
MAFK,385,0.942285225998193,1.1997957858003847,0.37441760591975315,0.4269309909444219,0.942285225998193,1,,True,False,weak
ZNF397,386,0.9380025674101958,,0.9380025674101958,0.6885139289832399,0.9380025674101958,1,,False,False,weak
ZNF318,387,0.9373796760907596,0.715333657189522,0.7366737746212129,0.1798616602811929,0.9373796760907596,1,,True,False,weak
ZNF101,388,0.9332399815495777,,0.9332399815495777,0.6450352469073147,0.9332399815495777,1,,False,False,weak
ZNF214,389,0.9297740989979684,,0.9297740989979684,0.5466293948822946,0.9297740989979684,1,,False,False,weak
ZFX,390,0.9281608687858718,-0.49293284653597647,1.3511610115570925,0.4859454302731029,0.9281608687858718,1,,False,False,weak
GTF2IRD2,391,0.9233581798670539,,0.9233581798670539,0.7226592677604663,0.9233581798670539,1,,False,False,weak
ZNF596,392,0.9211499917889215,,0.9211499917889215,0.6248093176082945,0.9211499917889215,1,,False,False,weak
ZFP90,393,0.9117503601787293,,0.9117503601787293,0.6392298372685999,0.9117503601787293,1,,False,False,weak
CPXCR1,394,0.9098252268846296,,0.9098252268846296,0.5236452237061864,0.9098252268846296,1,,False,False,weak
ZFP3,395,0.8849885503453742,,0.8849885503453742,0.6962969528675289,0.8849885503453742,1,,False,False,weak
L3MBTL1,396,0.8847521540357752,,0.8847521540357752,0.6931465826809091,0.8847521540357752,1,,False,False,weak
ZNF211,397,0.882217933442826,,0.882217933442826,0.674934265278328,0.882217933442826,1,,False,False,weak
ZNF226,398,0.8765648073675593,,0.8765648073675593,0.7610836721487982,0.8765648073675593,1,,False,False,weak
ZNF579,399,0.8754040483234004,,0.8754040483234004,0.6850418745619995,0.8754040483234004,1,,False,False,weak
REL,400,0.8720850182525209,,0.8720850182525209,0.7434261874335333,0.8720850182525209,1,,False,False,weak
ZNF853,401,0.8647984255018839,,0.8647984255018839,0.7235231187094161,0.8647984255018839,1,,False,False,weak
ZNF513,402,0.8599984273804043,,0.8599984273804043,0.5718241082565642,0.8599984273804043,1,,False,False,weak
THAP5,403,0.8443033351645292,,0.8443033351645292,0.4007296527487425,0.8443033351645292,1,,False,False,weak
ZFY,404,0.8127491102900206,,0.8127491102900206,0.7527496321440494,0.8127491102900206,1,,False,False,weak
ZNF175,405,0.8107446884582152,0.0926817468796973,0.7572560034037392,0.7908647552894236,0.8107446884582152,1,,True,False,weak
SCX,406,0.808132536171365,,0.808132536171365,0.6661615957053334,0.808132536171365,1,,False,False,weak
ZNF516,407,0.7945141678806328,,0.7945141678806328,0.7609403217340589,0.7945141678806328,1,,False,False,weak
RXRB,408,0.7922715325932236,,0.7922715325932236,0.6367436182238186,0.7922715325932236,1,,False,False,weak
ZNF439,409,0.7895068945171592,,0.7895068945171592,0.7247229456190222,0.7895068945171592,1,,False,False,weak
CARF,410,0.7792389582760031,,0.7792389582760031,0.7732415353848121,0.7792389582760031,1,,False,False,weak
BHLHE41,411,0.7721392618350675,,0.7721392618350675,0.7082452614538031,0.7721392618350675,1,,False,False,weak
NFYA,412,0.7652673612965869,1.6837823480713934,-0.8723248579451892,0.3411248537711421,0.7652673612965869,1,,False,False,weak
ZNF470,413,0.7634272578366741,,0.7634272578366741,0.6851124936660309,0.7634272578366741,1,,False,False,weak
ZNF266,414,0.7632472307754478,,0.7632472307754478,0.688388509147985,0.7632472307754478,1,,False,False,weak
RXRA,415,0.762010074875502,-0.3105071538329133,1.127895798299768,0.434909777438878,0.762010074875502,1,,False,False,weak
ZNF727,416,0.7581216076375015,,0.7581216076375015,0.7906567366839079,0.7581216076375015,1,,False,False,weak
ZBTB20,417,0.7534000968664473,,0.7534000968664473,0.7186539797075835,0.7534000968664473,1,,False,False,weak
ZNF500,418,0.7520252875801992,,0.7520252875801992,0.4377771636670566,0.7520252875801992,1,,False,False,weak
ZBTB25,419,0.7322312200043568,,0.7322312200043568,0.7974255583293065,0.7322312200043568,1,,False,False,weak
MBD2,420,0.7284969872794218,-0.27274190015375,0.7863625734679365,0.4819534091159495,0.7284969872794218,1,,False,False,weak
ZNF260,421,0.7202218316075322,,0.7202218316075322,0.70357092594118,0.7202218316075322,1,,False,False,weak
ZNF549,422,0.7156060944120864,,0.7156060944120864,0.8346972634943929,0.7156060944120864,1,,False,False,weak
ZKSCAN7,423,0.704984418580475,,0.704984418580475,0.799548690183844,0.704984418580475,1,,False,False,weak
RBCK1,424,0.7026872892529136,,0.7026872892529136,0.7942420016532812,0.7026872892529136,1,,False,False,weak
ZNF66,425,0.7025474354783195,,0.7025474354783195,0.7773600425624587,0.7025474354783195,1,,False,False,weak
ZNF154,426,0.7022066854435788,,0.7022066854435788,0.7768129862116931,0.7022066854435788,1,,False,False,weak
ZNF619,427,0.701253328798127,,0.701253328798127,0.3197697291994421,0.701253328798127,1,,False,False,weak
KLF16,428,0.6830197969361368,,0.6830197969361368,0.395146102149532,0.6830197969361368,1,,False,False,weak
ZNF793,429,0.6778515205890209,,0.6778515205890209,0.8041709863995222,0.6778515205890209,1,,False,False,weak
ZBED5,430,0.6712561682035396,,0.6712561682035396,0.7961543904123864,0.6712561682035396,1,,False,False,weak
ZNF487,431,0.6671097546883666,,0.6671097546883666,0.7923744572942543,0.6671097546883666,1,,False,False,weak
ZNF320,432,0.6663760217611651,,0.6663760217611651,0.6543765007847224,0.6663760217611651,1,,False,False,weak
IKZF1,433,0.6503963930726498,-0.08389861849241069,0.9984054177887426,0.6837293443770966,0.6503963930726498,1,,False,False,weak
ZNF688,434,0.6361360798414843,,0.6361360798414843,0.822569421143351,0.6361360798414843,1,,False,False,weak
ZNF613,435,0.6281784694227743,,0.6281784694227743,0.7228470859886009,0.6281784694227743,1,,False,False,weak
ZNF764,436,0.62793596999062,,0.62793596999062,0.8412342969372971,0.62793596999062,1,,False,False,weak
RFX2,437,0.6202827735781181,-0.2458834505614189,0.8008814907385122,0.7993368759749181,0.6202827735781181,1,,False,False,weak
STAT6,438,0.6101569639495537,0.4042690708756928,0.489895323466975,0.6487847750567355,0.6101569639495537,1,,True,False,weak
RBPJ,439,0.604539160940153,0.8288164002894102,0.23826025566321826,0.619856962294557,0.604539160940153,1,,True,False,weak
ZFP41,440,0.6034233877597622,,0.6034233877597622,0.6243512605882907,0.6034233877597622,1,,False,False,weak
ZNF692,441,0.6012539367203248,,0.6012539367203248,0.7095230066473358,0.6012539367203248,1,,False,False,weak
ZNF713,442,0.5927451423283397,,0.5927451423283397,0.7221228578360193,0.5927451423283397,1,,False,False,weak
ZBTB44,443,0.5810186382584619,,0.5810186382584619,0.6615410816960644,0.5810186382584619,1,,False,False,weak
ZNF132,444,0.577742062658646,,0.577742062658646,0.6962969528675289,0.577742062658646,1,,False,False,weak
GATA1,445,0.5727249497115202,1.2530655076085966,-1.1035596764248847,0.5539433541182788,0.5727249497115202,1,,False,False,weak
TCF20,446,0.5681969115102607,,0.5681969115102607,0.1256216004549345,0.5681969115102607,1,,False,False,weak
VEZF1,447,0.5517547198700306,,0.5517547198700306,0.8612051030708808,0.5517547198700306,1,,False,False,weak
ZNF490,448,0.5344662616193443,,0.5344662616193443,0.4972580312868013,0.5344662616193443,1,,False,False,weak
ZNF474,449,0.5338926698200211,,0.5338926698200211,0.8490594352155891,0.5338926698200211,1,,False,False,weak
SP3,450,0.5320474380147375,,0.5320474380147375,0.317949082284181,0.5320474380147375,1,,False,False,weak
ZNF681,451,0.5238286437447819,,0.5238286437447819,0.510939442584599,0.5238286437447819,1,,False,False,weak
THAP6,452,0.5225490967329194,,0.5225490967329194,0.5521952653646929,0.5225490967329194,1,,False,False,weak
ZNF671,453,0.5201898262847792,,0.5201898262847792,0.6171255662986921,0.5201898262847792,1,,False,False,weak
ZNF234,454,0.517609182434383,,0.517609182434383,0.4618691079362039,0.517609182434383,1,,False,False,weak
ZNF655,455,0.515239274431598,,0.515239274431598,0.6850418745619995,0.515239274431598,1,,False,False,weak
TCF7L2,456,0.5109902341305401,1.8046100709339246,-1.4790426331408493,0.2140725320400268,0.5109902341305401,1,,False,False,weak
ZNF768,457,0.49805181146276106,,0.49805181146276106,0.4802679664122457,0.49805181146276106,1,,False,False,weak
ZNF302,458,0.48882642135136545,,0.48882642135136545,0.8190516304071589,0.48882642135136545,1,,False,False,weak
ATOH8,459,0.486954899405055,,0.486954899405055,0.8316507256481632,0.486954899405055,1,,False,False,weak
LHX9,460,0.48365531078450197,,0.48365531078450197,0.8465049724120105,0.48365531078450197,1,,False,False,weak
ZNF248,461,0.48352967825224435,,0.48352967825224435,0.8440763694347733,0.48352967825224435,1,,False,False,weak
TRAFD1,462,0.4771771419422845,,0.4771771419422845,0.6573810108085336,0.4771771419422845,1,,False,False,weak
SATB2,463,0.4735489690182202,,0.4735489690182202,0.0352651002217455,0.4735489690182202,1,,False,False,candidate
ZNF496,464,0.4669743959361595,,0.4669743959361595,0.8334168941322232,0.4669743959361595,1,,False,False,weak
ESR1,465,0.46134006977063996,1.164837612474356,-0.35472016388174765,0.4936631442833678,0.46134006977063996,1,,False,False,weak
ZNF517,466,0.46019116808060434,,0.46019116808060434,0.8218738196767066,0.46019116808060434,1,,False,False,weak
ZKSCAN3,467,0.4546133281133624,,0.4546133281133624,0.8612051030708808,0.4546133281133624,1,,False,False,weak
NRF1,468,0.4530888770973156,0.2367790606414106,0.3933207515836292,0.8472340914192088,0.4530888770973156,1,,True,False,weak
POU5F2,469,0.4484498220108475,,0.4484498220108475,0.8274537619061889,0.4484498220108475,1,,False,False,weak
ZNF628,470,0.44675945798280453,,0.44675945798280453,0.6879275785380486,0.44675945798280453,1,,False,False,weak
ZNF136,471,0.41904787166531576,,0.41904787166531576,0.8749608614345679,0.41904787166531576,1,,False,False,weak
ZNF230,472,0.39543572521245746,,0.39543572521245746,0.6995717481257155,0.39543572521245746,1,,False,False,weak
ZNF251,473,0.39170304028271424,,0.39170304028271424,0.8543105226588885,0.39170304028271424,1,,False,False,weak
ZSCAN25,474,0.3881999689832687,,0.3881999689832687,0.9006739960459239,0.3881999689832687,1,,False,False,weak
PHF1,475,0.38522284314266597,,0.38522284314266597,0.9087112733277992,0.38522284314266597,1,,False,False,weak
ZNF460,476,0.370637104244299,,0.370637104244299,0.2917852163637994,0.370637104244299,1,,False,False,weak
ZNF777,477,0.3694909869939428,,0.3694909869939428,0.349691615180904,0.3694909869939428,1,,False,False,weak
MAZ,478,0.36472576345335217,0.8248021992785468,-0.18122815892935062,0.5277897475084181,0.36472576345335217,1,,False,False,weak
ZNF718,479,0.35704758137251935,,0.35704758137251935,0.8198289871381619,0.35704758137251935,1,,False,False,weak
ZNF580,480,0.34843193510655995,,0.34843193510655995,0.7427281450134239,0.34843193510655995,1,,False,False,weak
ZNF546,481,0.34746347221724316,,0.34746347221724316,0.6043694567699747,0.34746347221724316,1,,False,False,weak
CENPB,482,0.34358131669684056,,0.34358131669684056,0.1733973906899709,0.34358131669684056,1,,False,False,weak
ZNF527,483,0.3316911799306915,,0.3316911799306915,0.5349393715247849,0.3316911799306915,1,,False,False,weak
FAM200B,484,0.31435772146677055,,0.31435772146677055,0.784744362190652,0.31435772146677055,1,,False,False,weak
ZFP30,485,0.3027005482402136,,0.3027005482402136,0.8110187408239544,0.3027005482402136,1,,False,False,weak
CSRNP1,486,0.2993842099554276,,0.2993842099554276,0.8913844003273559,0.2993842099554276,1,,False,False,weak
NR1D2,487,0.2991920352330351,,0.2991920352330351,0.446841651770117,0.2991920352330351,1,,False,False,weak
ZNF717,488,0.28939344606901335,,0.28939344606901335,0.4865684421933368,0.28939344606901335,1,,False,False,weak
ATF2,489,0.28617963585785494,-1.6479499739934735,1.4964297068805095,0.3896045016896211,0.28617963585785494,1,,False,False,weak
ZNF471,490,0.27740507206464043,,0.27740507206464043,0.9250756084785576,0.27740507206464043,1,,False,False,weak
ZNF267,491,0.26225215883146763,,0.26225215883146763,0.7698635812209583,0.26225215883146763,1,,False,False,weak
LIN54,492,0.2578714584952465,,0.2578714584952465,0.8307144264903324,0.2578714584952465,1,,False,False,weak
ZNF765,493,0.2520617087396054,,0.2520617087396054,0.2826740514805492,0.2520617087396054,1,,False,False,weak
SIX4,494,0.24646514472202244,,0.24646514472202244,0.8198289871381619,0.24646514472202244,1,,False,False,weak
NFE2L1,495,0.2425895152371938,0.3336485531769929,0.15791746909921983,0.5393893442128018,0.2425895152371938,1,,True,False,weak
ZNF607,496,0.2384631271063005,,0.2384631271063005,0.4674625247448369,0.2384631271063005,1,,False,False,weak
ZNF785,497,0.23435023335894462,,0.23435023335894462,0.9450356642772304,0.23435023335894462,1,,False,False,weak
SOX9,498,0.19958483467758187,1.2711730833204187,-0.30352513806279185,0.2514278703758947,0.19958483467758187,1,,False,False,weak
ZBTB14,499,0.1911249939397134,,0.1911249939397134,0.736958576165456,0.1911249939397134,1,,False,False,weak
ZNF229,500,0.1600790439089629,,0.1600790439089629,0.8166502555459948,0.1600790439089629,1,,False,False,weak
ZNF483,501,0.15892233773338568,,0.15892233773338568,0.8360931828989026,0.15892233773338568,1,,False,False,weak
ZNF805,502,0.13556708538675283,,0.13556708538675283,0.0966028582943527,0.13556708538675283,1,,False,False,candidate
AHCTF1,503,0.12356355171301049,,0.12356355171301049,0.6033229745056177,0.12356355171301049,1,,False,False,weak
ELK3,504,0.12047545485555294,0.5593786510399924,-0.5763549593541051,0.7028741408461273,0.12047545485555294,1,,False,False,weak
ZNF610,505,0.11711609539529703,,0.11711609539529703,0.4106514589485979,0.11711609539529703,1,,False,False,weak
ZBTB3,506,0.09865824682446603,,0.09865824682446603,0.7994973069770385,0.09865824682446603,1,,False,False,weak
NR4A3,507,0.0958050336105746,,0.0958050336105746,0.8996994484056033,0.0958050336105746,1,,False,False,weak
ZNF544,508,0.08782115882088816,,0.08782115882088816,0.6473127059280523,0.08782115882088816,1,,False,False,weak
GATAD2A,509,0.07568958015745728,,0.07568958015745728,0.5592357155529281,0.07568958015745728,1,,False,False,weak
ZNF629,510,0.02258707209438335,,0.02258707209438335,0.26942263188692,0.02258707209438335,1,,False,False,weak
ZNF789,511,0.019473663013199836,,0.019473663013199836,0.8665894486688046,0.019473663013199836,1,,False,False,weak
MTERF2,512,0.0031009718242523934,,0.0031009718242523934,0.8665894486688046,0.0031009718242523934,1,,False,False,weak
L3MBTL4,513,0.0003009890786594561,,0.0003009890786594561,0.8833729605808649,0.0003009890786594561,1,,False,False,weak
DUX4,514,-0.03138430574414765,-0.3483756372766592,0.3261835818621405,0.8314949675131201,-0.03138430574414765,0,,False,False,weak
SIX3,515,-0.05986532836362036,,-0.05986532836362036,0.8040594919683139,-0.05986532836362036,0,,False,False,weak
ZNF253,516,-0.06512435920592008,,-0.06512435920592008,0.8750809729833869,-0.06512435920592008,0,,False,False,weak
KLF6,517,-0.07094342151445751,0.2839933082453651,-0.1976911800604912,0.7277200730223039,-0.07094342151445751,0,,False,False,weak
ATMIN,518,-0.07922133763628023,,-0.07922133763628023,0.3635691450515505,-0.07922133763628023,0,,False,False,weak
BATF,519,-0.08911230261671406,-1.0382924751440439,0.997842336253792,0.5539433541182788,-0.08911230261671406,0,,False,False,weak
ZSCAN23,520,-0.09087946375534037,,-0.09087946375534037,0.8043712716969734,-0.09087946375534037,0,,False,False,weak
ATF5,521,-0.10224810995322502,,-0.10224810995322502,0.2959213263235707,-0.10224810995322502,0,,False,False,weak
ZNF461,522,-0.10574136099352764,,-0.10574136099352764,0.872948990871848,-0.10574136099352764,0,,False,False,weak
ZNF157,523,-0.11885412137368964,,-0.11885412137368964,0.7044958441562403,-0.11885412137368964,0,,False,False,weak
ZNF213,524,-0.13543995018794205,,-0.13543995018794205,0.7767611663530976,-0.13543995018794205,0,,False,False,weak
SOX13,525,-0.13950296720923752,0.0234725187669556,-0.12240821622036079,0.4491588589005186,-0.13950296720923752,0,,False,False,weak
ZNF345,526,-0.14153103293356845,,-0.14153103293356845,0.9040594781301696,-0.14153103293356845,0,,False,False,weak
CPEB1,527,-0.14589484739115505,,-0.14589484739115505,0.9542370815061856,-0.14589484739115505,0,,False,False,weak
ZNF354B,528,-0.1516104617612169,,-0.1516104617612169,0.3774024977479803,-0.1516104617612169,0,,False,False,weak
ZNF415,529,-0.15772031174503623,,-0.15772031174503623,0.8419532149934617,-0.15772031174503623,0,,False,False,weak
ZNF454,530,-0.17587506817853626,,-0.17587506817853626,0.7469553374134168,-0.17587506817853626,0,,False,False,weak
ZNF597,531,-0.17700045823696214,,-0.17700045823696214,0.8082053337215942,-0.17700045823696214,0,,False,False,weak
ZNF644,532,-0.19110446653830138,-0.4145127769372973,0.03426647220187105,0.7375302307987806,-0.19110446653830138,0,,False,False,weak
NR3C1,533,-0.1926226813906287,-0.5792394046238288,0.14402139980458725,0.6889567278453894,-0.1926226813906287,0,,False,False,weak
ZNF563,534,-0.2035638304901235,,-0.2035638304901235,0.9531057811454596,-0.2035638304901235,0,,False,False,weak
MYRF,535,-0.2223130844475861,,-0.2223130844475861,0.8422141755067968,-0.2223130844475861,0,,False,False,weak
HMG20B,536,-0.24876329667055733,,-0.24876329667055733,0.7247229456190222,-0.24876329667055733,0,,False,False,weak
ZNF467,537,-0.27036911650931095,,-0.27036911650931095,0.5330104688175549,-0.27036911650931095,0,,False,False,weak
ZNF772,538,-0.27069013034535033,,-0.27069013034535033,0.4636145935337485,-0.27069013034535033,0,,False,False,weak
MXD1,539,-0.27459824402383937,,-0.27459824402383937,0.9450356642772304,-0.27459824402383937,0,,False,False,weak
KLF13,540,-0.2770013538299194,-0.8429089894196622,0.2296565774235132,0.5691836189671823,-0.2770013538299194,0,,False,False,weak
NFIL3,541,-0.29567208686305846,,-0.29567208686305846,0.5342516064923387,-0.29567208686305846,0,,False,False,weak
ZNF25,542,-0.29623820707398235,,-0.29623820707398235,0.370573937334122,-0.29623820707398235,0,,False,False,weak
ZNF630,543,-0.2989961343259362,,-0.2989961343259362,0.9045726264756072,-0.2989961343259362,0,,False,False,weak
ZNF347,544,-0.3077823671926449,,-0.3077823671926449,0.9199769996760114,-0.3077823671926449,0,,False,False,weak
MKX,545,-0.3169823051512323,,-0.3169823051512323,0.8793304670547699,-0.3169823051512323,0,,False,False,weak
ZNF536,546,-0.32927163916429675,,-0.32927163916429675,0.8100173175874624,-0.32927163916429675,0,,False,False,weak
MAFG,547,-0.34816765996396337,-0.4797069889001738,-0.2013615820413035,0.3260660198292801,-0.34816765996396337,0,,False,False,weak
HINFP,548,-0.34927121228198016,-0.2012999247790237,-0.28542693408910885,0.9134099987813094,-0.34927121228198016,0,,False,False,weak
NR4A2,549,-0.3600743766895472,0.3151468822298446,-0.6628220465559551,0.6976844833062664,-0.3600743766895472,0,,False,False,weak
GTF2IRD1,550,-0.36187148843606476,,-0.36187148843606476,0.9006739960459239,-0.36187148843606476,0,,False,False,weak
TBX10,551,-0.3631289128693159,,-0.3631289128693159,0.7021420916207964,-0.3631289128693159,0,,False,False,weak
ZNF559,552,-0.38791561202663255,,-0.38791561202663255,0.9006739960459239,-0.38791561202663255,0,,False,False,weak
DACH1,553,-0.3955130608707838,0.0483266786247212,-0.3604645709037122,0.8922172338705265,-0.3955130608707838,0,,False,False,weak
ZNF721,554,-0.4150662387124593,,-0.4150662387124593,0.8489459124951036,-0.4150662387124593,0,,False,False,weak
ZNF658,555,-0.44557444068958557,,-0.44557444068958557,0.7906214453029873,-0.44557444068958557,0,,False,False,weak
AKAP8L,556,-0.4471822673611756,,-0.4471822673611756,0.1943414440653203,-0.4471822673611756,0,,False,False,weak
CAMTA2,557,-0.47760605366915265,,-0.47760605366915265,0.6360209784421424,-0.47760605366915265,0,,False,False,weak
ZNF224,558,-0.48525267014263235,,-0.48525267014263235,0.714983347198983,-0.48525267014263235,0,,False,False,weak
TBX22,559,-0.4867168941794932,,-0.4867168941794932,0.5936070346125817,-0.4867168941794932,0,,False,False,weak
PIN1,560,-0.5089944748946768,,-0.5089944748946768,0.7228470859886009,-0.5089944748946768,0,,False,False,weak
SETBP1,561,-0.5117537429609251,,-0.5117537429609251,0.8148627299957769,-0.5117537429609251,0,,False,False,weak
ZNF674,562,-0.5222457740233913,,-0.5222457740233913,0.7705643788695093,-0.5222457740233913,0,,False,False,weak
ZNF410,563,-0.5344756124645428,,-0.5344756124645428,0.7046959794478643,-0.5344756124645428,0,,False,False,weak
ZNF431,564,-0.5375515296732095,,-0.5375515296732095,0.293416432361871,-0.5375515296732095,0,,False,False,weak
SPI1,565,-0.5381613079635276,-0.3733786170183151,-0.3859645531120412,0.8525391764432019,-0.5381613079635276,0,,False,False,weak
ZBTB48,566,-0.5393884149695745,,-0.5393884149695745,0.7247229456190222,-0.5393884149695745,0,,False,False,weak
RELA,567,-0.5549714197012957,-1.02685712759763,-0.047264874084527016,0.3493701494459953,-0.5549714197012957,0,,False,False,weak
ATF6B,568,-0.5554797944904362,,-0.5554797944904362,0.8419532149934617,-0.5554797944904362,0,,False,False,weak
KAT7,569,-0.5669625408474842,,-0.5669625408474842,0.8408147713637927,-0.5669625408474842,0,,False,False,weak
IRF8,570,-0.5930818535673522,-0.8847842150834268,0.4654906826502131,0.5146236150089952,-0.5930818535673522,0,,False,False,weak
ZNF852,571,-0.5970741254828255,,-0.5970741254828255,0.8307551133034806,-0.5970741254828255,0,,False,False,weak
FOXP1,572,-0.6023382139242045,-0.6422756822613006,-0.3729987940607735,0.5488002465310396,-0.6023382139242045,0,,False,False,weak
FOXK2,573,-0.6287597785867594,0.0787658019866644,-0.5673505014760832,0.5250629161210034,-0.6287597785867594,0,,False,False,weak
ZBTB1,574,-0.6372308657915929,,-0.6372308657915929,0.5328141414812813,-0.6372308657915929,0,,False,False,weak
ZBED3,575,-0.6482220418321228,,-0.6482220418321228,0.2812812341432752,-0.6482220418321228,0,,False,False,weak
ZNF598,576,-0.6508015099683557,,-0.6508015099683557,0.519184374869837,-0.6508015099683557,0,,False,False,weak
SAFB2,577,-0.6585328140304985,,-0.6585328140304985,0.7942420016532812,-0.6585328140304985,0,,False,False,weak
SNAI3,578,-0.6620556592159592,,-0.6620556592159592,0.7553119390010952,-0.6620556592159592,0,,False,False,weak
GMEB1,579,-0.6977023080350302,,-0.6977023080350302,0.7740938616578324,-0.6977023080350302,0,,False,False,weak
ZBTB45,580,-0.6990269584753805,,-0.6990269584753805,0.6980624948478242,-0.6990269584753805,0,,False,False,weak
FOXR1,581,-0.7006916345015899,,-0.7006916345015899,0.7965724935878727,-0.7006916345015899,0,,False,False,weak
HOXB2,582,-0.7045581643878595,,-0.7045581643878595,0.799548690183844,-0.7045581643878595,0,,False,False,weak
ZNF276,583,-0.7085821755454935,,-0.7085821755454935,0.8264244107758196,-0.7085821755454935,0,,False,False,weak
ZBTB43,584,-0.7268278153969032,,-0.7268278153969032,0.7017746298940186,-0.7268278153969032,0,,False,False,weak
ZNF747,585,-0.7273192379284195,,-0.7273192379284195,0.6216499355169687,-0.7273192379284195,0,,False,False,weak
NFKB2,586,-0.7275231422541064,-0.6654590625895294,-0.02357732981367254,0.6774790356654307,-0.7275231422541064,0,,False,False,weak
ZNF468,587,-0.729581990820482,,-0.729581990820482,0.4736212569507104,-0.729581990820482,0,,False,False,weak
POGK,588,-0.7339196088107517,,-0.7339196088107517,0.3278183587090293,-0.7339196088107517,0,,False,False,weak
KDM2B,589,-0.7417988074058509,,-0.7417988074058509,0.3252787343650368,-0.7417988074058509,0,,False,False,weak
ZNF43,590,-0.7419313037256865,,-0.7419313037256865,0.6431275076280087,-0.7419313037256865,0,,False,False,weak
SETDB2,591,-0.7446676364003604,,-0.7446676364003604,0.7781789546970102,-0.7446676364003604,0,,False,False,weak
ZNF235,592,-0.7552168849398783,,-0.7552168849398783,0.7992858736954289,-0.7552168849398783,0,,False,False,weak
TRERF1,593,-0.7803164735740334,,-0.7803164735740334,0.5761767374557365,-0.7803164735740334,0,,False,False,weak
ZNF568,594,-0.7903355685467727,,-0.7903355685467727,0.6521844198095096,-0.7903355685467727,0,,False,False,weak
HOXC4,595,-0.8005669842753371,,-0.8005669842753371,0.4698094772878106,-0.8005669842753371,0,,False,False,weak
ZNF48,596,-0.8122762354249287,,-0.8122762354249287,0.6583568379440111,-0.8122762354249287,0,,False,False,weak
ZNF571,597,-0.8226052019621385,,-0.8226052019621385,0.7819015067023519,-0.8226052019621385,0,,False,False,weak
ZNF200,598,-0.8286254046978332,,-0.8286254046978332,0.8100173175874624,-0.8286254046978332,0,,False,False,weak
ZSCAN2,599,-0.8287041805109996,,-0.8287041805109996,0.4591447278112076,-0.8287041805109996,0,,False,False,weak
TCF12,600,-0.8436240029949281,-0.6045417562493489,-0.4514693480228315,0.4192348321599494,-0.8436240029949281,0,,False,False,weak
TFEC,601,-0.8633535787043594,,-0.8633535787043594,0.6846726420547086,-0.8633535787043594,0,,False,False,weak
ZNF75A,602,-0.8670570136142028,,-0.8670570136142028,0.5936070346125817,-0.8670570136142028,0,,False,False,weak
NFIA,603,-0.8680938713206847,,-0.8680938713206847,0.7442149471499132,-0.8680938713206847,0,,False,False,weak
PRDM16,604,-0.8737882501377543,-0.3564119296998603,-0.8054467155308825,0.7767665146988068,-0.8737882501377543,0,,False,False,weak
MSANTD4,605,-0.8758422467120425,,-0.8758422467120425,0.714983347198983,-0.8758422467120425,0,,False,False,weak
TBP,606,-0.8867583948865936,-0.26400209021035614,-0.684383461869183,0.504290013966989,-0.8867583948865936,0,,False,False,weak
SKIL,607,-0.903144730030467,,-0.903144730030467,0.7228470859886009,-0.903144730030467,0,,False,False,weak
ARID5A,608,-0.9054018792420121,,-0.9054018792420121,0.7215612303440231,-0.9054018792420121,0,,False,False,weak
GPBP1,609,-0.9166025484695149,,-0.9166025484695149,0.7465205433402813,-0.9166025484695149,0,,False,False,weak
ZNF419,610,-0.9177986186934918,,-0.9177986186934918,0.7044958441562403,-0.9177986186934918,0,,False,False,weak
SIX5,611,-0.922034544709098,-0.07290904153273185,-0.9444872548793798,0.4491588589005186,-0.922034544709098,0,,False,False,weak
IRF3,612,-0.9324845816412493,-0.9409710942375601,-0.29938146002648724,0.5870809413942457,-0.9324845816412493,0,,False,False,weak
ZFP2,613,-0.9357105660487822,,-0.9357105660487822,0.7271217730642248,-0.9357105660487822,0,,False,False,weak
ZNF623,614,-0.9599211389347425,,-0.9599211389347425,0.4821907940354715,-0.9599211389347425,0,,False,False,weak
NR4A1,615,-0.9642409546922954,-0.1687981345402454,-0.9372530813335662,0.6451203920176827,-0.9642409546922954,0,,False,False,weak
DPF1,616,-0.9722920224465696,,-0.9722920224465696,0.6248093176082945,-0.9722920224465696,0,,False,False,weak
ZNF358,617,-0.9777445684857983,,-0.9777445684857983,0.5511384549690543,-0.9777445684857983,0,,False,False,weak
SOX12,618,-1.0005225039427939,,-1.0005225039427939,0.6355824779182396,-1.0005225039427939,0,,False,False,weak
ZBTB17,619,-1.0044367940957482,,-1.0044367940957482,0.396509311385389,-1.0044367940957482,0,,False,False,weak
ZNF317,620,-1.0063699075194616,,-1.0063699075194616,0.6976387811558137,-1.0063699075194616,0,,False,False,weak
ZNF140,621,-1.0079499467035469,,-1.0079499467035469,0.7101840037456472,-1.0079499467035469,0,,False,False,weak
ZNF425,622,-1.014564731157999,,-1.014564731157999,0.7017746298940186,-1.014564731157999,0,,False,False,weak
CGGBP1,623,-1.021118068266701,,-1.021118068266701,0.6658480945523625,-1.021118068266701,0,,False,False,weak
ZNF577,624,-1.0311060238669905,,-1.0311060238669905,0.6779164473643067,-1.0311060238669905,0,,False,False,weak
ZNF814,625,-1.0357197554345614,,-1.0357197554345614,0.7054713461684674,-1.0357197554345614,0,,False,False,weak
CXXC1,626,-1.0434209058316573,,-1.0434209058316573,0.4591447278112076,-1.0434209058316573,0,,False,False,weak
ZKSCAN2,627,-1.0545125261584276,,-1.0545125261584276,0.519184374869837,-1.0545125261584276,0,,False,False,weak
ZGLP1,628,-1.069410366092604,,-1.069410366092604,0.5357880463915874,-1.069410366092604,0,,False,False,weak
ZSCAN31,629,-1.082630332662041,,-1.082630332662041,0.6353031890792804,-1.082630332662041,0,,False,False,weak
FOXO1,630,-1.0936014223277508,-0.5193648614029956,-0.900564999107253,0.2088330903383106,-1.0936014223277508,0,,False,False,weak
ZNF404,631,-1.1095688460488284,,-1.1095688460488284,0.6070990882000216,-1.1095688460488284,0,,False,False,weak
TERB1,632,-1.1146478112386078,,-1.1146478112386078,0.6087757287834682,-1.1146478112386078,0,,False,False,weak
ZNF829,633,-1.1302089015519599,,-1.1302089015519599,0.4941987678240542,-1.1302089015519599,0,,False,False,weak
NFXL1,634,-1.1367946840997054,,-1.1367946840997054,0.5520890856339543,-1.1367946840997054,0,,False,False,weak
LCORL,635,-1.1414772166109792,,-1.1414772166109792,0.1361031601172572,-1.1414772166109792,0,,False,False,weak
ZNF550,636,-1.1489235260280792,,-1.1489235260280792,0.6379864316656201,-1.1489235260280792,0,,False,False,weak
ZNF566,637,-1.1596587451936213,,-1.1596587451936213,0.54077312748882,-1.1596587451936213,0,,False,False,weak
ZNF479,638,-1.1622331728111108,,-1.1622331728111108,0.3983537403955719,-1.1622331728111108,0,,False,False,weak
ZBED1,639,-1.1826241777821718,-1.1470864870595885,-0.6679037728174064,0.3806998805865146,-1.1826241777821718,0,,False,False,weak
ZNF662,640,-1.1844329409691126,,-1.1844329409691126,0.5199945613856848,-1.1844329409691126,0,,False,False,weak
ZNF790,641,-1.198994966821695,,-1.198994966821695,0.6491458596378271,-1.198994966821695,0,,False,False,weak
ZNF512,642,-1.1998038312288941,,-1.1998038312288941,0.5378636362188318,-1.1998038312288941,0,,False,False,weak
ZNF304,643,-1.200782548095074,,-1.200782548095074,0.5322510655719208,-1.200782548095074,0,,False,False,weak
RELB,644,-1.2092445111349517,-0.7492219876103178,-0.8250167269701483,0.6343317699016146,-1.2092445111349517,0,,False,False,weak
SAFB,645,-1.2132192735348364,,-1.2132192735348364,0.6369763710291038,-1.2132192735348364,0,,False,False,weak
PREB,646,-1.2195048009322291,,-1.2195048009322291,0.54077312748882,-1.2195048009322291,0,,False,False,weak
IRX2,647,-1.2282183762014731,,-1.2282183762014731,0.6217955580820723,-1.2282183762014731,0,,False,False,weak
SP2,648,-1.2310057960512741,-1.6557954759540505,0.9023077817541748,0.303653728088258,-1.2310057960512741,0,,False,False,weak
NME2,649,-1.2663345077758597,-0.8582806318290274,-0.7857811794800424,0.564167974354969,-1.2663345077758597,0,,False,False,weak
ZNF225,650,-1.2691381158457498,,-1.2691381158457498,0.532676144168893,-1.2691381158457498,0,,False,False,weak
YBX3,651,-1.2778463533405608,,-1.2778463533405608,0.4505878777985619,-1.2778463533405608,0,,False,False,weak
TCF24,652,-1.2816312573551987,,-1.2816312573551987,0.4508918485311972,-1.2816312573551987,0,,False,False,weak
ZNF616,653,-1.309893686824256,,-1.309893686824256,0.5438409930840801,-1.309893686824256,0,,False,False,weak
ZNF554,654,-1.3248997809551801,,-1.3248997809551801,0.5911073102669397,-1.3248997809551801,0,,False,False,weak
ZNF660,655,-1.332370925282724,,-1.332370925282724,0.4672363653474298,-1.332370925282724,0,,False,False,weak
ZNF572,656,-1.3447532159719557,,-1.3447532159719557,0.6087757287834682,-1.3447532159719557,0,,False,False,weak
MAFF,657,-1.3561463570089134,-0.7004540990832584,-1.143085431316249,0.6561432494699753,-1.3561463570089134,0,,False,False,weak
JRKL,658,-1.3574129029748303,,-1.3574129029748303,0.4279772383757688,-1.3574129029748303,0,,False,False,weak
ZNF99,659,-1.364008548755516,,-1.364008548755516,0.6084497453533924,-1.364008548755516,0,,False,False,weak
ESR2,660,-1.3701791377729273,-1.0075755151249088,-0.9241171738736303,0.518621295253873,-1.3701791377729273,0,,False,False,weak
GLI4,661,-1.3759341682595823,,-1.3759341682595823,0.4951530069875564,-1.3759341682595823,0,,False,False,weak
RHOXF2B,662,-1.385762326231296,,-1.385762326231296,0.5724851345519836,-1.385762326231296,0,,False,False,weak
ZFP82,663,-1.3899742669132515,,-1.3899742669132515,0.5752108144051852,-1.3899742669132515,0,,False,False,weak
ZNF420,664,-1.3945749744675522,,-1.3945749744675522,0.5901609039755935,-1.3945749744675522,0,,False,False,weak
MTERF4,665,-1.4037527825590588,,-1.4037527825590588,0.4697613149368346,-1.4037527825590588,0,,False,False,weak
ZSCAN22,666,-1.4100533046469306,,-1.4100533046469306,0.537714108137179,-1.4100533046469306,0,,False,False,weak
NFATC3,667,-1.4133160881392108,,-1.4133160881392108,0.6121398391375092,-1.4133160881392108,0,,False,False,weak
PHF20,668,-1.4156368480568415,,-1.4156368480568415,0.546142271088652,-1.4156368480568415,0,,False,False,weak
ZNF283,669,-1.4162948772778903,,-1.4162948772778903,0.5563595205459146,-1.4162948772778903,0,,False,False,weak
KCMF1,670,-1.4213421332498388,,-1.4213421332498388,0.2329854537726257,-1.4213421332498388,0,,False,False,weak
MBD3,671,-1.4250509822017894,0.0800141181340471,-1.2732083430087415,0.1861851709046841,-1.4250509822017894,0,,False,False,weak
HSF2,672,-1.4335096676183743,,-1.4335096676183743,0.6043694567699747,-1.4335096676183743,0,,False,False,weak
ZNF761,673,-1.4587793023880977,,-1.4587793023880977,0.476166144695852,-1.4587793023880977,0,,False,False,weak
ERF,674,-1.4598132897377667,,-1.4598132897377667,0.3420933418347427,-1.4598132897377667,0,,False,False,weak
ZNF534,675,-1.4604464546347375,,-1.4604464546347375,0.4784616524984529,-1.4604464546347375,0,,False,False,weak
MSANTD1,676,-1.4687319740292624,,-1.4687319740292624,0.448378917516009,-1.4687319740292624,0,,False,False,weak
BBX,677,-1.4740385354584842,,-1.4740385354584842,0.5501486686937413,-1.4740385354584842,0,,False,False,weak
MYPOP,678,-1.4740558106372192,,-1.4740558106372192,0.4647746186867304,-1.4740558106372192,0,,False,False,weak
NAIF1,679,-1.4775467737398835,,-1.4775467737398835,0.5395867541009061,-1.4775467737398835,0,,False,False,weak
ZNF180,680,-1.482023600347442,,-1.482023600347442,0.5289962725444508,-1.482023600347442,0,,False,False,weak
HSF4,681,-1.4905677590982083,,-1.4905677590982083,0.2490867007117356,-1.4905677590982083,0,,False,False,weak
ZNF233,682,-1.497840693499296,,-1.497840693499296,0.4323726193018503,-1.497840693499296,0,,False,False,weak
ZNF879,683,-1.498833430498275,,-1.498833430498275,0.4187492012690307,-1.498833430498275,0,,False,False,weak
ZNF558,684,-1.50217985460714,,-1.50217985460714,0.3996203038601232,-1.50217985460714,0,,False,False,weak
ZNF181,685,-1.50917335946409,,-1.50917335946409,0.5405915507577753,-1.50917335946409,0,,False,False,weak
ZSCAN26,686,-1.5233530314336132,,-1.5233530314336132,0.4473677397365351,-1.5233530314336132,0,,False,False,weak
SKI,687,-1.53022957950458,,-1.53022957950458,0.4711325179094375,-1.53022957950458,0,,False,False,weak
ZNF112,688,-1.5335534729538056,,-1.5335534729538056,0.4098375557252981,-1.5335534729538056,0,,False,False,weak
TERF2,689,-1.5342926785889446,0.1779461827854458,-1.5141414526571408,0.4491588589005186,-1.5342926785889446,0,,False,False,weak
ZNF774,690,-1.5353208357560555,,-1.5353208357560555,0.511989245975925,-1.5353208357560555,0,,False,False,weak
ZNF680,691,-1.5419589895370607,,-1.5419589895370607,0.3809890149838357,-1.5419589895370607,0,,False,False,weak
FOXB1,692,-1.5444881312494263,,-1.5444881312494263,0.4377771636670566,-1.5444881312494263,0,,False,False,weak
ZNF701,693,-1.547874957182834,,-1.547874957182834,0.5747825430644438,-1.547874957182834,0,,False,False,weak
ZFP62,694,-1.554477722366656,,-1.554477722366656,0.5061965994831003,-1.554477722366656,0,,False,False,weak
ZNF570,695,-1.5613188437038161,,-1.5613188437038161,0.2520684057361571,-1.5613188437038161,0,,False,False,weak
SNAPC5,696,-1.5799773088726468,,-1.5799773088726468,0.4292541524552609,-1.5799773088726468,0,,False,False,weak
ZNF134,697,-1.5843327447818558,,-1.5843327447818558,0.4473677397365351,-1.5843327447818558,0,,False,False,weak
ZNF749,698,-1.5850655938530054,,-1.5850655938530054,0.5153859241453367,-1.5850655938530054,0,,False,False,weak
ZNF540,699,-1.5888903069136706,,-1.5888903069136706,0.5627701277362479,-1.5888903069136706,0,,False,False,weak
HOXA11,700,-1.5986561302279616,,-1.5986561302279616,0.4651919270944022,-1.5986561302279616,0,,False,False,weak
SMAD5,701,-1.6028103605311406,-1.4115605448892894,-0.7327519732250733,0.2956290015330826,-1.6028103605311406,0,,False,False,weak
MEIS2,702,-1.6284196038223233,0.0604444398930477,-1.4416750864275658,0.4069263343628388,-1.6284196038223233,0,,False,False,weak
ARID3B,703,-1.6290761841026422,,-1.6290761841026422,0.3797934209455575,-1.6290761841026422,0,,False,False,weak
MSX2,704,-1.6307126544715178,,-1.6307126544715178,0.4821907940354715,-1.6307126544715178,0,,False,False,weak
PLAG1,705,-1.6436861282542132,,-1.6436861282542132,0.3975227882921388,-1.6436861282542132,0,,False,False,weak
ZNF205,706,-1.6451345575267708,,-1.6451345575267708,0.2318051416327134,-1.6451345575267708,0,,False,False,weak
ADNP,707,-1.6540544752607051,-0.6261715365486384,-1.5193567097867637,0.4539923529352269,-1.6540544752607051,0,,False,False,weak
ZNF84,708,-1.6558070199257793,,-1.6558070199257793,0.1344694183827677,-1.6558070199257793,0,,False,False,weak
TIGD7,709,-1.6574503205854694,,-1.6574503205854694,0.4246180424020722,-1.6574503205854694,0,,False,False,weak
ZNF285,710,-1.6574897721950845,,-1.6574897721950845,0.4713676631956529,-1.6574897721950845,0,,False,False,weak
HAND2,711,-1.6578675385064094,,-1.6578675385064094,0.3731887316949678,-1.6578675385064094,0,,False,False,weak
ZKSCAN5,712,-1.6609926419323349,,-1.6609926419323349,0.492461870876415,-1.6609926419323349,0,,False,False,weak
ZNF469,713,-1.6862574827068806,,-1.6862574827068806,0.4209352870994757,-1.6862574827068806,0,,False,False,weak
FOXC1,714,-1.7000701776097102,,-1.7000701776097102,0.3635691450515505,-1.7000701776097102,0,,False,False,weak
ZNF615,715,-1.7065606974023702,,-1.7065606974023702,0.4907227613720122,-1.7065606974023702,0,,False,False,weak
ZNF395,716,-1.7148611490173573,,-1.7148611490173573,0.3209569808786906,-1.7148611490173573,0,,False,False,weak
FLYWCH1,717,-1.7235714666716067,,-1.7235714666716067,0.3902323945649375,-1.7235714666716067,0,,False,False,weak
ZNF816,718,-1.741114071010004,,-1.741114071010004,0.3702088193161327,-1.741114071010004,0,,False,False,weak
ZNF557,719,-1.7527267847785992,,-1.7527267847785992,0.4711325179094375,-1.7527267847785992,0,,False,False,weak
BARX2,720,-1.7613662034284048,,-1.7613662034284048,0.4236909870065141,-1.7613662034284048,0,,False,False,weak
ZNF569,721,-1.794423342038214,,-1.794423342038214,0.3906183375881477,-1.794423342038214,0,,False,False,weak
IRF2,722,-1.8051791932347385,-1.2402593116188492,-0.23384970754898687,0.3691945867036753,-1.8051791932347385,0,,False,False,weak
TIGD1,723,-1.8366791148131145,,-1.8366791148131145,0.4247012660000954,-1.8366791148131145,0,,False,False,weak
ZNF860,724,-1.8371618018732958,,-1.8371618018732958,0.2600605095321608,-1.8371618018732958,0,,False,False,weak
THAP8,725,-1.8491404375811233,,-1.8491404375811233,0.2133740685532872,-1.8491404375811233,0,,False,False,weak
HIC2,726,-1.8617766227251302,,-1.8617766227251302,0.4016278878917869,-1.8617766227251302,0,,False,False,weak
MLXIPL,727,-1.873321096998524,,-1.873321096998524,0.2907368585777241,-1.873321096998524,0,,False,False,weak
TCFL5,728,-1.8773929671489498,,-1.8773929671489498,0.284495897874143,-1.8773929671489498,0,,False,False,weak
ZNF473,729,-1.8928234044530416,,-1.8928234044530416,0.2240973251921273,-1.8928234044530416,0,,False,False,weak
ZNF620,730,-1.9108373111098118,,-1.9108373111098118,0.3120275853505259,-1.9108373111098118,0,,False,False,weak
KLF7,731,-1.9139485711125666,,-1.9139485711125666,0.2879224301273851,-1.9139485711125666,0,,False,False,weak
HNF4A,732,-1.9308662653476243,-1.4250485132546995,-1.260454760013506,0.5077294638771174,-1.9308662653476243,0,,False,False,weak
NPAS1,733,-1.9310484080110564,,-1.9310484080110564,0.3666405809697376,-1.9310484080110564,0,,False,False,weak
FOXP2,734,-1.9328853642985628,-1.0371978077870083,-1.6675144222215081,0.4745889446526332,-1.9328853642985628,0,,False,False,weak
DDIT3,735,-1.9439338382139288,,-1.9439338382139288,0.2595873795527308,-1.9439338382139288,0,,False,False,weak
TBPL1,736,-1.946345362089653,,-1.946345362089653,0.2543955510205108,-1.946345362089653,0,,False,False,weak
AEBP2,737,-1.957388594060062,,-1.957388594060062,0.3509719159117181,-1.957388594060062,0,,False,False,weak
ZHX1,738,-1.9592667840873852,-2.0177022031599137,-0.1291092629031544,0.1000907469053023,-1.9592667840873852,0,,False,False,weak
ZNF133,739,-1.969746665060442,,-1.969746665060442,0.2454162799931031,-1.969746665060442,0,,False,False,weak
TFDP2,740,-1.9697800548456417,,-1.9697800548456417,0.3911589782535651,-1.9697800548456417,0,,False,False,weak
EEA1,741,-1.9754928488206094,,-1.9754928488206094,0.3385004661845627,-1.9754928488206094,0,,False,False,weak
TIGD2,742,-1.9771807943252069,,-1.9771807943252069,0.3866991224306196,-1.9771807943252069,0,,False,False,weak
ZNF331,743,-1.9796164503305387,,-1.9796164503305387,0.3053228492497003,-1.9796164503305387,0,,False,False,weak
ZNF850,744,-1.9826155197280202,,-1.9826155197280202,0.2551368133216535,-1.9826155197280202,0,,False,False,weak
ZNF573,745,-1.9941916351329638,,-1.9941916351329638,0.3890504551791545,-1.9941916351329638,0,,False,False,weak
PBX2,746,-2.0096274861666736,-1.7617796985207566,-0.16623059573025192,0.1630049240277657,-2.0096274861666736,0,,False,False,weak
GATA5,747,-2.0152479283674856,,-2.0152479283674856,0.3291076122214906,-2.0152479283674856,0,,False,False,weak
NFATC1,748,-2.0266504181659437,-1.5591594657517176,-0.7137043548872858,0.3621486662276486,-2.0266504181659437,0,,False,False,weak
TEF,749,-2.0279752876317874,,-2.0279752876317874,0.2651903339347651,-2.0279752876317874,0,,False,False,weak
TP73,750,-2.0308293904795574,,-2.0308293904795574,0.3998023280160161,-2.0308293904795574,0,,False,False,weak
ARNT2,751,-2.033744682821901,,-2.033744682821901,0.3136943554803748,-2.033744682821901,0,,False,False,weak
TRPS1,752,-2.033750766815724,,-2.033750766815724,0.0148310717194494,-2.033750766815724,0,,False,False,candidate
ZNF775,753,-2.0357215653396348,,-2.0357215653396348,0.2351566556871084,-2.0357215653396348,0,,False,False,weak
FOXN3,754,-2.0394993472514753,,-2.0394993472514753,0.3522399094557488,-2.0394993472514753,0,,False,False,weak
ZNF14,755,-2.0401656771014767,,-2.0401656771014767,0.3314553180609314,-2.0401656771014767,0,,False,False,weak
SIX1,756,-2.055048839490156,,-2.055048839490156,0.335580239144836,-2.055048839490156,0,,False,False,weak
ZNF107,757,-2.0559584397501482,,-2.0559584397501482,0.3706716658842815,-2.0559584397501482,0,,False,False,weak
ZNF587B,758,-2.065039039011423,,-2.065039039011423,0.1883464176517159,-2.065039039011423,0,,False,False,weak
SOX4,759,-2.0660334821043067,,-2.0660334821043067,0.2441753770497923,-2.0660334821043067,0,,False,False,weak
ZNF426,760,-2.0736572873404717,,-2.0736572873404717,0.3316863738591442,-2.0736572873404717,0,,False,False,weak
ZNF726,761,-2.074206465781485,,-2.074206465781485,0.3095970380854953,-2.074206465781485,0,,False,False,weak
ZNF284,762,-2.0752188231921225,,-2.0752188231921225,0.3095970380854953,-2.0752188231921225,0,,False,False,weak
ZNF773,763,-2.085750453794251,,-2.085750453794251,0.3484915022530907,-2.085750453794251,0,,False,False,weak
ZNF30,764,-2.0866608496276937,,-2.0866608496276937,0.3274431886641361,-2.0866608496276937,0,,False,False,weak
ZNF462,765,-2.0868502412790453,,-2.0868502412790453,0.2852271325544933,-2.0868502412790453,0,,False,False,weak
HMGN3,766,-2.0909712962359563,-1.3285910870406128,-1.584221918588058,0.3773323752833579,-2.0909712962359563,0,,False,False,weak
KLF9,767,-2.0965424076682977,-1.29267445925972,-1.5084675335093818,0.3465252661184743,-2.0965424076682977,0,,False,False,weak
ZSCAN9,768,-2.1074305397121798,,-2.1074305397121798,0.1998804119719649,-2.1074305397121798,0,,False,False,weak
ZBTB49,769,-2.137419318553804,,-2.137419318553804,0.2171000263049553,-2.137419318553804,0,,False,False,weak
TFEB,770,-2.1403058263840915,-0.3691351367204212,-2.0449728286703057,0.2329854537726257,-2.1403058263840915,0,,False,False,weak
TCF3,771,-2.142551236961784,-1.3469110942915588,-1.6416910469528614,0.3924587127884195,-2.142551236961784,0,,False,False,weak
SMYD3,772,-2.1441725536352907,,-2.1441725536352907,0.2098025735139999,-2.1441725536352907,0,,False,False,weak
ZNF322,773,-2.146466478277965,,-2.146466478277965,0.1883561567382109,-2.146466478277965,0,,False,False,weak
ZNF788P,774,-2.150590590786975,,-2.150590590786975,0.2261193798475451,-2.150590590786975,0,,False,False,weak
ZNF583,775,-2.1622847889100387,,-2.1622847889100387,0.2721120329777435,-2.1622847889100387,0,,False,False,weak
MNT,776,-2.163654549465239,-1.135083771135527,-1.8023538103824954,0.4192348321599494,-2.163654549465239,0,,False,False,weak
DLX4,777,-2.181556703305284,,-2.181556703305284,0.2752993968216145,-2.181556703305284,0,,False,False,weak
PBX1,778,-2.1932351396239973,-0.8732019015143042,-2.0400022972839715,0.3581576319100236,-2.1932351396239973,0,,False,False,weak
TFE3,779,-2.1974167424630098,,-2.1974167424630098,0.2329854537726257,-2.1974167424630098,0,,False,False,weak
FOSB,780,-2.231548709616736,,-2.231548709616736,0.2968651296844645,-2.231548709616736,0,,False,False,weak
JDP2,781,-2.258950467247304,,-2.258950467247304,0.2334171448557212,-2.258950467247304,0,,False,False,weak
KCNIP3,782,-2.2641783617730997,,-2.2641783617730997,0.2543955510205108,-2.2641783617730997,0,,False,False,weak
SOX6,783,-2.2645309708253265,-1.0526316788489811,-2.0137318048833497,0.3857825255197893,-2.2645309708253265,0,,False,False,weak
ZNF614,784,-2.2841189201551417,,-2.2841189201551417,0.152720242578379,-2.2841189201551417,0,,False,False,weak
ZNF383,785,-2.292812370295099,,-2.292812370295099,0.2626922869220127,-2.292812370295099,0,,False,False,weak
ST18,786,-2.3026770608992413,,-2.3026770608992413,0.1717331441422602,-2.3026770608992413,0,,False,False,weak
ZNF843,787,-2.305998993717398,,-2.305998993717398,0.2696579847879143,-2.305998993717398,0,,False,False,weak
ZNF891,788,-2.3139934553756887,,-2.3139934553756887,0.2025769332864563,-2.3139934553756887,0,,False,False,weak
ZBED4,789,-2.320539471135279,,-2.320539471135279,0.1990761869593367,-2.320539471135279,0,,False,False,weak
ZZZ3,790,-2.328840628338037,-1.2418824789686305,-2.0362656773037546,0.3291076122214906,-2.328840628338037,0,,False,False,weak
EGR2,791,-2.3333556433714597,,-2.3333556433714597,0.2917713651267499,-2.3333556433714597,0,,False,False,weak
ZNF705D,792,-2.3338863158837846,,-2.3338863158837846,0.0514640067628709,-2.3338863158837846,0,,False,False,candidate
SREBF1,793,-2.341737776824707,-1.8424208544306309,-1.454448965167075,0.1873697748249755,-2.341737776824707,0,,False,False,weak
THAP2,794,-2.3480165322542654,,-2.3480165322542654,0.2339365935599637,-2.3480165322542654,0,,False,False,weak
ZNF641,795,-2.350549722423326,,-2.350549722423326,0.1658584043429991,-2.350549722423326,0,,False,False,weak
ZNF275,796,-2.354321385741395,,-2.354321385741395,0.086512088969322,-2.354321385741395,0,,False,False,candidate
ZNF221,797,-2.370944292269364,,-2.370944292269364,0.3711291103456061,-2.370944292269364,0,,False,False,weak
ZNF561,798,-2.3772625945207624,,-2.3772625945207624,0.2006236136647093,-2.3772625945207624,0,,False,False,weak
ZSCAN32,799,-2.3815237214035276,,-2.3815237214035276,0.2278588344043514,-2.3815237214035276,0,,False,False,weak
ZFP69,800,-2.385089972569532,,-2.385089972569532,0.1639240594704082,-2.385089972569532,0,,False,False,weak
EGR1,801,-2.3857052843604167,-1.8791611753488258,-1.3137808605191916,0.3658426069342279,-2.3857052843604167,0,,False,False,weak
HSFX1,802,-2.388700605904561,,-2.388700605904561,0.138472447665975,-2.388700605904561,0,,False,False,weak
ATF7,803,-2.392923127282844,-2.244966659700042,-0.1768480291771919,0.0631313152073171,-2.392923127282844,0,,False,False,candidate
ZNF696,804,-2.4024564449620933,,-2.4024564449620933,0.327823900306135,-2.4024564449620933,0,,False,False,weak
ZNF428,805,-2.405024925528119,,-2.405024925528119,0.1283054880232974,-2.405024925528119,0,,False,False,weak
ZNF845,806,-2.406110826028932,,-2.406110826028932,0.2334562451622873,-2.406110826028932,0,,False,False,weak
ZNF707,807,-2.4129016305118647,,-2.4129016305118647,0.1413073413259918,-2.4129016305118647,0,,False,False,weak
ZNF385B,808,-2.419954702848371,,-2.419954702848371,0.1833870039160623,-2.419954702848371,0,,False,False,weak
HOXC5,809,-2.4228192946721596,,-2.4228192946721596,0.1283054880232974,-2.4228192946721596,0,,False,False,weak
ZNF586,810,-2.423002047637717,,-2.423002047637717,0.1508791365469968,-2.423002047637717,0,,False,False,weak
PRRX2,811,-2.431435072473195,,-2.431435072473195,0.256248842847736,-2.431435072473195,0,,False,False,weak
NANOGNB,812,-2.4386244571706097,,-2.4386244571706097,0.1331417643236112,-2.4386244571706097,0,,False,False,weak
PLAGL1,813,-2.43978471516969,,-2.43978471516969,0.2299152523184073,-2.43978471516969,0,,False,False,weak
LMX1A,814,-2.4431630778394795,,-2.4431630778394795,0.2668452422195856,-2.4431630778394795,0,,False,False,weak
ZNF324B,815,-2.4572984733610816,,-2.4572984733610816,0.1031917798464868,-2.4572984733610816,0,,False,False,weak
IKZF3,816,-2.4683273845968925,,-2.4683273845968925,0.207160082411566,-2.4683273845968925,0,,False,False,weak
ZXDA,817,-2.4812742813074307,,-2.4812742813074307,0.1464693544254862,-2.4812742813074307,0,,False,False,weak
ZNF17,818,-2.4902415039705574,,-2.4902415039705574,0.2496062985460339,-2.4902415039705574,0,,False,False,weak
ZNF501,819,-2.5003039850536326,,-2.5003039850536326,0.2310394789629027,-2.5003039850536326,0,,False,False,weak
NFIX,820,-2.5030192370003426,,-2.5030192370003426,0.1168761392786703,-2.5030192370003426,0,,False,False,weak
ZNF784,821,-2.505620127844887,,-2.505620127844887,0.201762517990244,-2.505620127844887,0,,False,False,weak
MYT1L,822,-2.508366757064466,,-2.508366757064466,0.2803611238132991,-2.508366757064466,0,,False,False,weak
ZNF625,823,-2.5199231331540446,,-2.5199231331540446,0.2168808815944286,-2.5199231331540446,0,,False,False,weak
ZNF624,824,-2.5534933764278644,,-2.5534933764278644,0.0700676842073439,-2.5534933764278644,0,,False,False,candidate
FOXD4L6,825,-2.5889709340063702,,-2.5889709340063702,0.0681452620902051,-2.5889709340063702,0,,False,False,candidate
SNAPC2,826,-2.6134966571145037,,-2.6134966571145037,0.1546200845606455,-2.6134966571145037,0,,False,False,weak
ZNF350,827,-2.6221346831269914,,-2.6221346831269914,0.1150647645713139,-2.6221346831269914,0,,False,False,weak
PKNOX1,828,-2.6231963416932276,-1.3465026104943698,-2.224611776163467,0.2599478286232212,-2.6231963416932276,0,,False,False,weak
FEZF1,829,-2.6235468552591628,,-2.6235468552591628,0.173152991211033,-2.6235468552591628,0,,False,False,weak
HEY1,830,-2.6368848651831884,,-2.6368848651831884,0.1032002117010254,-2.6368848651831884,0,,False,True,weak
THAP7,831,-2.649746778519398,,-2.649746778519398,0.175631226678242,-2.649746778519398,0,,False,False,weak
TBX19,832,-2.6554469255807236,,-2.6554469255807236,0.1384183408200542,-2.6554469255807236,0,,False,False,weak
ZNF7,833,-2.6561039111942883,,-2.6561039111942883,0.09084518145955,-2.6561039111942883,0,,False,False,candidate
REST,834,-2.676342884430782,-2.257379466128574,-0.8297585038159312,0.2652160886437582,-2.676342884430782,0,,False,False,weak
NFATC4,835,-2.6802583133578364,,-2.6802583133578364,0.219359116509824,-2.6802583133578364,0,,False,False,weak
FOXN4,836,-2.6952564615905485,,-2.6952564615905485,0.0973570522028017,-2.6952564615905485,0,,False,False,candidate
ZNF835,837,-2.6970871027908165,,-2.6970871027908165,0.1839621423518817,-2.6970871027908165,0,,False,False,weak
FOXJ2,838,-2.7008021938419384,-1.8574868145709231,-1.405952295445575,0.1379823826668099,-2.7008021938419384,0,,False,False,weak
CENPX,839,-2.701876691854624,,-2.701876691854624,0.0344514486924838,-2.701876691854624,0,,False,False,candidate
TTF1,840,-2.705079902092005,,-2.705079902092005,0.1328680156869384,-2.705079902092005,0,,False,False,weak
NFE4,841,-2.70837524132606,,-2.70837524132606,0.0341268999848494,-2.70837524132606,0,,False,False,candidate
ZNF442,842,-2.710092232335574,,-2.710092232335574,0.13291890782932,-2.710092232335574,0,,False,False,weak
ZNF354C,843,-2.711661894406918,,-2.711661894406918,0.0874851542919542,-2.711661894406918,0,,False,False,candidate
ZBTB8B,844,-2.712874886509642,,-2.712874886509642,0.0785368714754808,-2.712874886509642,0,,False,False,candidate
ZNF74,845,-2.7166498009937974,,-2.7166498009937974,0.173152991211033,-2.7166498009937974,0,,False,False,weak
KLF11,846,-2.7294216947951884,,-2.7294216947951884,0.0800272471405003,-2.7294216947951884,0,,False,False,candidate
ZBTB12,847,-2.7415798659528217,,-2.7415798659528217,0.1179274104052545,-2.7415798659528217,0,,False,False,weak
DPRX,848,-2.7584656896238244,,-2.7584656896238244,0.2237068243935439,-2.7584656896238244,0,,False,False,weak
TOPORS,849,-2.760027182235573,,-2.760027182235573,0.0736250323685135,-2.760027182235573,0,,False,False,candidate
ZNF665,850,-2.7656012185796883,,-2.7656012185796883,0.1211318724316014,-2.7656012185796883,0,,False,False,weak
ZNF346,851,-2.774170435390129,,-2.774170435390129,0.0916530867383789,-2.774170435390129,0,,False,False,candidate
ZNF232,852,-2.7905061589796736,,-2.7905061589796736,0.1383433367348533,-2.7905061589796736,0,,False,False,weak
CSRNP3,853,-2.794515288307346,,-2.794515288307346,0.1125459822600272,-2.794515288307346,0,,False,False,weak
ZNF525,854,-2.8117517575014523,,-2.8117517575014523,0.0693246138687689,-2.8117517575014523,0,,False,False,candidate
KLF17,855,-2.815775177768285,,-2.815775177768285,0.0480607183072622,-2.815775177768285,0,,False,False,candidate
ZNF526,856,-2.8157976645870484,,-2.8157976645870484,0.1711101555166335,-2.8157976645870484,0,,False,False,weak
ELF4,857,-2.8246132561294215,,-2.8246132561294215,0.1011458286983872,-2.8246132561294215,0,,False,False,weak
THYN1,858,-2.827695887245718,,-2.827695887245718,0.08511969584001,-2.827695887245718,0,,False,False,candidate
ZNF714,859,-2.828688291413766,,-2.828688291413766,0.1407241557968393,-2.828688291413766,0,,False,False,weak
ZSCAN21,860,-2.82880632676271,,-2.82880632676271,0.1634855361151949,-2.82880632676271,0,,False,False,weak
NR1H3,861,-2.8308645580974208,-2.118056519686265,-1.2468787086859692,0.1456268625860708,-2.8308645580974208,0,,False,False,weak
PBX3,862,-2.831422522176773,-1.9482059726656835,-1.9856230984314684,0.2199637647916961,-2.831422522176773,0,,False,False,weak
ZNF212,863,-2.8373037037956896,,-2.8373037037956896,0.13291890782932,-2.8373037037956896,0,,False,False,weak
TSHZ1,864,-2.838226203928018,,-2.838226203928018,0.1004986291044398,-2.838226203928018,0,,False,False,weak
ZNF518B,865,-2.8439757347625316,,-2.8439757347625316,0.0676272936691175,-2.8439757347625316,0,,False,False,candidate
HOXB6,866,-2.8451046153480055,,-2.8451046153480055,0.0538875868227102,-2.8451046153480055,0,,False,False,candidate
ZBTB16,867,-2.8451654589693574,-2.0866483242009815,-1.536126741569818,0.0886078455492506,-2.8451654589693574,0,,False,False,candidate
ZNF250,868,-2.8607412463653255,,-2.8607412463653255,0.0612800210682804,-2.8607412463653255,0,,False,False,candidate
GLI2,869,-2.8693549189773915,,-2.8693549189773915,0.0678406905160668,-2.8693549189773915,0,,False,False,candidate
ATF3,870,-2.8700560857703277,-2.38066773412724,-1.356317260541971,0.1542037727678837,-2.8700560857703277,0,,False,False,weak
ZNF846,871,-2.878382730247695,,-2.878382730247695,0.0904394521899908,-2.878382730247695,0,,False,False,candidate
ZBTB24,872,-2.889520482119295,,-2.889520482119295,0.1008878392802392,-2.889520482119295,0,,False,False,weak
POU6F2,873,-2.8993767736397986,,-2.8993767736397986,0.0672446219366858,-2.8993767736397986,0,,False,False,candidate
SP9,874,-2.8996010010186946,,-2.8996010010186946,0.0615891464337601,-2.8996010010186946,0,,False,False,candidate
ZNF880,875,-2.903293196834777,,-2.903293196834777,0.1099895546087113,-2.903293196834777,0,,False,False,weak
ZNF565,876,-2.917916770345497,,-2.917916770345497,0.1344694183827677,-2.917916770345497,0,,False,False,weak
FOS,877,-2.931292162010293,-2.0615763560100775,-2.025108325458363,0.193003954969696,-2.931292162010293,0,,False,False,weak
ZNF648,878,-2.944674853179189,,-2.944674853179189,0.0347035886326551,-2.944674853179189,0,,False,False,candidate
L3MBTL3,879,-2.9449469836621174,,-2.9449469836621174,0.054506557002193,-2.9449469836621174,0,,False,False,candidate
ZNF728,880,-2.94673569057587,,-2.94673569057587,0.0539943709471569,-2.94673569057587,0,,False,False,candidate
ZNF781,881,-2.9487036277482876,,-2.9487036277482876,0.072880665482796,-2.9487036277482876,0,,False,False,candidate
ZNF567,882,-2.95579724356032,,-2.95579724356032,0.0924999347566066,-2.95579724356032,0,,False,False,candidate
ZNF683,883,-2.9803144423053136,,-2.9803144423053136,0.0780094801567815,-2.9803144423053136,0,,False,False,candidate
ZNF227,884,-2.982972226724139,,-2.982972226724139,0.0936536664816888,-2.982972226724139,0,,False,False,candidate
ZNF766,885,-2.9849425533196863,-2.0521005403008425,-1.6308166899514647,0.0955871820472489,-2.9849425533196863,0,,False,False,candidate
VDR,886,-2.990337789550961,-1.7291602764724698,-2.4633151353678073,0.1190893011562643,-2.990337789550961,0,,False,False,weak
STAT4,887,-2.9930814941934942,-2.05562754849069,-1.8427529268766227,0.078124768342613,-2.9930814941934942,0,,False,False,candidate
ZNF502,888,-3.0128733437301514,,-3.0128733437301514,0.0598265132276757,-3.0128733437301514,0,,False,False,candidate
ZNF2,889,-3.015712007141333,,-3.015712007141333,0.0732934496837806,-3.015712007141333,0,,False,False,candidate
CHAMP1,890,-3.032096151256954,,-3.032096151256954,0.064700047481562,-3.032096151256954,0,,False,False,candidate
ZNF582,891,-3.0351656913223297,,-3.0351656913223297,0.1215338336972507,-3.0351656913223297,0,,False,False,weak
NR1H2,892,-3.0426270083609346,-1.82521324216776,-2.328474451547926,0.1463130992228399,-3.0426270083609346,0,,False,False,weak
POU3F3,893,-3.053296119578503,,-3.053296119578503,0.1084302704569975,-3.053296119578503,0,,False,False,weak
SNAI1,894,-3.0555282397151253,,-3.0555282397151253,0.0590769960780968,-3.0555282397151253,0,,False,False,candidate
CEBPB,895,-3.0564741197914076,-2.03352449575405,-2.3436929002541658,0.1369224175978531,-3.0564741197914076,0,,False,True,weak
ZNF669,896,-3.063314111881532,,-3.063314111881532,0.1010449428093947,-3.063314111881532,0,,False,False,weak
UBP1,897,-3.074801925806722,,-3.074801925806722,0.0803627295042423,-3.074801925806722,0,,False,False,candidate
ZBTB8A,898,-3.0803128679837815,,-3.0803128679837815,0.0430334960274233,-3.0803128679837815,0,,False,False,candidate
RAX2,899,-3.0836553451701545,,-3.0836553451701545,0.1056623256118194,-3.0836553451701545,0,,False,False,weak
ZNF888,900,-3.0873021390817663,,-3.0873021390817663,0.0128094684955041,-3.0873021390817663,0,,False,False,candidate
HOXB3,901,-3.0925827671495703,,-3.0925827671495703,0.0698025393767522,-3.0925827671495703,0,,False,False,candidate
HNF1A,902,-3.1131148414978105,,-3.1131148414978105,0.0838464825246068,-3.1131148414978105,0,,False,False,candidate
ZBTB39,903,-3.1244296576550434,,-3.1244296576550434,0.0998715488810425,-3.1244296576550434,0,,False,False,candidate
ZNF677,904,-3.1273704472738917,,-3.1273704472738917,0.0231592868964668,-3.1273704472738917,0,,False,False,candidate
ZNF100,905,-3.1339809979722095,,-3.1339809979722095,0.1506616195874655,-3.1339809979722095,0,,False,False,weak
ZNF273,906,-3.1359748395839007,,-3.1359748395839007,0.0718591484461307,-3.1359748395839007,0,,False,False,candidate
SPIC,907,-3.1394284270224047,,-3.1394284270224047,0.1274945335261599,-3.1394284270224047,0,,False,False,weak
FOXD1,908,-3.155925227492556,,-3.155925227492556,0.0668841501759079,-3.155925227492556,0,,False,False,candidate
ZSCAN20,909,-3.1633930678334483,,-3.1633930678334483,0.0689385190206029,-3.1633930678334483,0,,False,False,candidate
ZNF45,910,-3.1778868983176873,,-3.1778868983176873,0.0653884837614158,-3.1778868983176873,0,,False,False,candidate
ZNF618,911,-3.182981345087171,,-3.182981345087171,0.0694546957244758,-3.182981345087171,0,,False,False,candidate
NR2E3,912,-3.1862314442214874,,-3.1862314442214874,0.0256882492101161,-3.1862314442214874,0,,False,False,candidate
GCM2,913,-3.191981973726624,,-3.191981973726624,0.1265527915259542,-3.191981973726624,0,,False,False,weak
RHOXF1,914,-3.1930865473842815,,-3.1930865473842815,0.0570092439174207,-3.1930865473842815,0,,False,False,candidate
ZNF697,915,-3.216234433244889,,-3.216234433244889,0.0564073085061686,-3.216234433244889,0,,False,False,candidate
PROX2,916,-3.2198286955718807,,-3.2198286955718807,0.051242549947982,-3.2198286955718807,0,,False,False,candidate
ZNF138,917,-3.2267988138982897,,-3.2267988138982897,0.0573053233008786,-3.2267988138982897,0,,False,False,candidate
SCML4,918,-3.2491957511364036,,-3.2491957511364036,0.0634497741875751,-3.2491957511364036,0,,False,False,candidate
ZNF831,919,-3.267166394436963,,-3.267166394436963,0.1034239905961837,-3.267166394436963,0,,False,False,weak
ADNP2,920,-3.270851981700891,,-3.270851981700891,0.0570522800081605,-3.270851981700891,0,,False,False,candidate
TFAP2E,921,-3.2779184520791174,,-3.2779184520791174,0.1062291118916923,-3.2779184520791174,0,,False,False,weak
ZNF286A,922,-3.2929638236888557,,-3.2929638236888557,0.0998715488810425,-3.2929638236888557,0,,False,False,candidate
RORB,923,-3.2955924020490257,,-3.2955924020490257,0.0803114667247917,-3.2955924020490257,0,,False,False,candidate
PPARA,924,-3.298062137685212,,-3.298062137685212,0.0847070407521808,-3.298062137685212,0,,False,False,candidate
HELT,925,-3.3012500598094587,,-3.3012500598094587,0.0612800210682804,-3.3012500598094587,0,,False,False,candidate
DNTTIP1,926,-3.3033542478380897,,-3.3033542478380897,0.043910214856755,-3.3033542478380897,0,,False,False,candidate
CUX2,927,-3.3122585658494588,,-3.3122585658494588,0.0719824314598358,-3.3122585658494588,0,,False,False,candidate
FAM170A,928,-3.314158801718485,,-3.314158801718485,0.0323154411572666,-3.314158801718485,0,,False,False,candidate
ELF1,929,-3.3194745346039354,-2.7939099903823315,-0.9013832221445287,0.1411419551922357,-3.3194745346039354,0,,False,False,weak
PRDM1,930,-3.3281563441972155,-0.6313638818798746,-3.050408000264895,0.0747888072592472,-3.3281563441972155,0,,False,False,candidate
ZNF414,931,-3.3477225222842493,,-3.3477225222842493,0.0726305387333636,-3.3477225222842493,0,,False,False,candidate
EN2,932,-3.3493186777513038,,-3.3493186777513038,0.0321132158580872,-3.3493186777513038,0,,False,False,candidate
MLX,933,-3.3528617218533294,,-3.3528617218533294,0.0370416876523427,-3.3528617218533294,0,,False,False,candidate
ZNF836,934,-3.3578625027772055,,-3.3578625027772055,0.074862814616237,-3.3578625027772055,0,,False,False,candidate
JUNB,935,-3.3613382301524144,-2.2044413874301765,-2.3644409847681795,0.0694568026709236,-3.3613382301524144,0,,False,False,candidate
NHLH2,936,-3.376626585187897,,-3.376626585187897,0.0391848559232706,-3.376626585187897,0,,False,False,candidate
CEBPD,937,-3.3786715470012965,-2.954466285590069,-0.6792416272721142,0.0909922956919871,-3.3786715470012965,0,,False,True,candidate
ZNF26,938,-3.3895326254008276,,-3.3895326254008276,0.0590752026246003,-3.3895326254008276,0,,False,False,candidate
RARB,939,-3.3930216302966576,-1.8124297615828893,-2.856635666252392,0.1275008440305873,-3.3930216302966576,0,,False,False,weak
ZNF143,940,-3.4058631649666977,-2.7072263506806786,-1.6654874455844775,0.0549593090309088,-3.4058631649666977,0,,False,False,candidate
SMAD1,941,-3.4064884203937393,-2.376825475615694,-2.446113524181192,0.0994747830772591,-3.4064884203937393,0,,False,False,candidate
TFCP2,942,-3.4138921471792805,,-3.4138921471792805,0.0587330489871425,-3.4138921471792805,0,,False,False,candidate
SCMH1,943,-3.4144914124422825,,-3.4144914124422825,0.0290374230904412,-3.4144914124422825,0,,False,False,candidate
ZNF287,944,-3.418607336826515,,-3.418607336826515,0.0914638152541511,-3.418607336826515,0,,False,False,candidate
ZNF155,945,-3.4210424996840834,,-3.4210424996840834,0.0377319136903672,-3.4210424996840834,0,,False,False,candidate
ZNF394,946,-3.42251246221377,,-3.42251246221377,0.0239154846491681,-3.42251246221377,0,,False,False,candidate
TBX1,947,-3.4242110300824904,,-3.4242110300824904,0.0217141818044371,-3.4242110300824904,0,,False,False,candidate
LMX1B,948,-3.4275201602107206,,-3.4275201602107206,0.0430029633717675,-3.4275201602107206,0,,False,False,candidate
ZNF286B,949,-3.4532188445478385,,-3.4532188445478385,0.0333455112578307,-3.4532188445478385,0,,False,False,candidate
ZNF326,950,-3.4577933649429227,,-3.4577933649429227,0.0094674797190275,-3.4577933649429227,0,,False,False,candidate
TIGD5,951,-3.459823088754049,,-3.459823088754049,0.0658858048531588,-3.459823088754049,0,,False,False,candidate
NR1I2,952,-3.476852191694901,-1.46968000330435,-3.143565008641338,0.0612800210682804,-3.476852191694901,0,,False,False,candidate
ZNF281,953,-3.4868698458280574,,-3.4868698458280574,0.0235907127192202,-3.4868698458280574,0,,False,False,candidate
FOXD4L3,954,-3.492348995192428,,-3.492348995192428,0.0252906317794225,-3.492348995192428,0,,False,False,candidate
GFI1,955,-3.505608682621638,,-3.505608682621638,0.0267772687309243,-3.505608682621638,0,,False,False,candidate
SCRT1,956,-3.522385154373057,,-3.522385154373057,0.0172694015261234,-3.522385154373057,0,,False,False,candidate
KLF10,957,-3.532224032954769,,-3.532224032954769,0.0250023679567798,-3.532224032954769,0,,False,False,candidate
ZNF438,958,-3.53992799324454,,-3.53992799324454,0.0170186329554117,-3.53992799324454,0,,False,False,candidate
CREB5,959,-3.5399909062948955,,-3.5399909062948955,0.0187130954237588,-3.5399909062948955,0,,False,False,candidate
SHOX,960,-3.557391884512324,,-3.557391884512324,0.0234702119150561,-3.557391884512324,0,,False,False,candidate
BHLHE40,961,-3.565024948586454,-1.7318889350214148,-3.2279918196430706,0.0567926449505571,-3.565024948586454,0,,False,False,candidate
ZSCAN12,962,-3.566171129361748,,-3.566171129361748,0.0161208544226516,-3.566171129361748,0,,False,False,candidate
ZNF184,963,-3.5825097889087463,,-3.5825097889087463,0.0504328222683169,-3.5825097889087463,0,,False,False,candidate
SRF,964,-3.5874007328546815,-2.9602453467380663,-1.9816142521451066,0.0745596281381203,-3.5874007328546815,0,,False,False,candidate
SALL4,965,-3.5911599812373227,-2.367029322134184,-2.439400220163853,0.0386025607279977,-3.5911599812373227,0,,False,False,candidate
ZNF595,966,-3.603121223804827,,-3.603121223804827,0.0098007482803194,-3.603121223804827,0,,False,False,candidate
ZNF443,967,-3.6091304266641644,,-3.6091304266641644,0.0550102621245453,-3.6091304266641644,0,,False,False,candidate
ZNF551,968,-3.6361124036110506,,-3.6361124036110506,0.0155373630115509,-3.6361124036110506,0,,False,False,candidate
ZNF562,969,-3.638252544493333,,-3.638252544493333,0.0918365431029397,-3.638252544493333,0,,False,False,candidate
ZNF512B,970,-3.64451737152748,,-3.64451737152748,0.0249975458083636,-3.64451737152748,0,,False,False,candidate
ZBTB32,971,-3.6580283806910034,,-3.6580283806910034,0.068258452788799,-3.6580283806910034,0,,False,False,candidate
ZNF280C,972,-3.6692349819690775,,-3.6692349819690775,0.0354918614202212,-3.6692349819690775,0,,False,False,candidate
ASCL3,973,-3.6808240211212193,,-3.6808240211212193,0.0317854744427818,-3.6808240211212193,0,,False,False,candidate
IRX1,974,-3.6869929472646987,,-3.6869929472646987,0.0430029633717675,-3.6869929472646987,0,,False,False,candidate
NFIB,975,-3.714614073072833,-1.1203127294820137,-3.483120409947076,0.0227767923979557,-3.714614073072833,0,,False,False,candidate
ZNF532,976,-3.7257060076316297,,-3.7257060076316297,0.0208113635370115,-3.7257060076316297,0,,False,False,candidate
HLX,977,-3.74452932347181,,-3.74452932347181,0.0126203321914458,-3.74452932347181,0,,False,False,candidate
ZNF770,978,-3.747032060638177,,-3.747032060638177,0.0431750259905487,-3.747032060638177,0,,False,False,candidate
ZNF222,979,-3.751254919147653,,-3.751254919147653,0.0284918942029625,-3.751254919147653,0,,False,False,candidate
ZBTB5,980,-3.7611240997777835,,-3.7611240997777835,0.018057427738732,-3.7611240997777835,0,,False,False,candidate
REXO4,981,-3.773523069997625,,-3.773523069997625,0.0138171155314713,-3.773523069997625,0,,False,False,candidate
ETV2,982,-3.786736732335695,-2.996584109693681,-2.25349428952836,0.007261733052478,-3.786736732335695,0,,False,False,candidate
ZNF676,983,-3.7971880835551657,,-3.7971880835551657,0.0445579635566951,-3.7971880835551657,0,,False,False,candidate
ATF4,984,-3.812707317377833,-1.3492106551685852,-3.6182475691694345,0.030908356007203,-3.812707317377833,0,,False,False,candidate
ZNF343,985,-3.8188194620929607,,-3.8188194620929607,0.0182210856664584,-3.8188194620929607,0,,False,False,candidate
ZNF576,986,-3.8232410384915605,,-3.8232410384915605,0.0100650830176617,-3.8232410384915605,0,,False,False,candidate
ZNF837,987,-3.8343599396271606,,-3.8343599396271606,0.0312710358150916,-3.8343599396271606,0,,False,False,candidate
ZNF699,988,-3.8381510364944202,,-3.8381510364944202,0.0385529555713659,-3.8381510364944202,0,,False,False,candidate
NHLH1,989,-3.8652025907127245,,-3.8652025907127245,0.0167178237066273,-3.8652025907127245,0,,False,False,candidate
PAX8,990,-3.8684596709815624,-1.6493759842141926,-3.554233942215332,0.020687769820666,-3.8684596709815624,0,,False,False,candidate
ZNF71,991,-3.8753926980059856,,-3.8753926980059856,0.0445579635566951,-3.8753926980059856,0,,False,False,candidate
NR5A2,992,-3.878780178245938,-2.0437953207773085,-3.2873344531749926,0.0800272471405003,-3.878780178245938,0,,False,False,candidate
RHOXF2,993,-3.8795123246991343,,-3.8795123246991343,0.0202098567074037,-3.8795123246991343,0,,False,False,candidate
ZBTB2,994,-3.8799006065434396,,-3.8799006065434396,0.0207846516485637,-3.8799006065434396,0,,False,False,candidate
TFDP3,995,-3.880602595500647,,-3.880602595500647,0.0095298038755081,-3.880602595500647,0,,False,False,candidate
ZNF18,996,-3.8891347317465343,,-3.8891347317465343,0.0106029761354219,-3.8891347317465343,0,,False,False,candidate
ZNF480,997,-3.8981755475180737,,-3.8981755475180737,0.0382268177901919,-3.8981755475180737,0,,False,False,candidate
ZNF547,998,-3.9075482799417696,,-3.9075482799417696,0.0128751219831728,-3.9075482799417696,0,,False,False,candidate
INSM1,999,-3.929113696844884,,-3.929113696844884,0.0076621870124989,-3.929113696844884,0,,False,False,candidate
SOX3,1000,-3.934466721410541,,-3.934466721410541,0.030206601293348,-3.934466721410541,0,,False,False,candidate
TBR1,1001,-3.9627563456224615,,-3.9627563456224615,0.0377006223685129,-3.9627563456224615,0,,False,False,candidate
ZNF684,1002,-3.9673415628637922,,-3.9673415628637922,0.0213083456135948,-3.9673415628637922,0,,False,False,candidate
ZSCAN4,1003,-3.9689197728654295,,-3.9689197728654295,0.0513404793068417,-3.9689197728654295,0,,False,False,candidate
ZNF385C,1004,-3.9806692519428974,,-3.9806692519428974,0.0068695535711267,-3.9806692519428974,0,,False,False,candidate
ZNF667,1005,-3.9830986176355907,,-3.9830986176355907,0.0187130954237588,-3.9830986176355907,0,,False,False,candidate
DMRT3,1006,-4.0309966812115015,,-4.0309966812115015,0.0120375709173305,-4.0309966812115015,0,,False,False,candidate
NFYC,1007,-4.032164303627755,,-4.032164303627755,0.007020888642771,-4.032164303627755,0,,False,False,candidate
GCM1,1008,-4.047523580648454,,-4.047523580648454,0.0077449776476837,-4.047523580648454,0,,False,False,candidate
HBP1,1009,-4.055629689819462,-2.859167836344934,-2.4099990735640113,0.0140608217366138,-4.055629689819462,0,,False,False,candidate
ZNF716,1010,-4.057685830188201,,-4.057685830188201,0.0084627783872388,-4.057685830188201,0,,False,False,candidate
ZKSCAN4,1011,-4.0649013843198,,-4.0649013843198,0.0149959579281025,-4.0649013843198,0,,False,False,candidate
ZNF366,1012,-4.085997593927504,,-4.085997593927504,0.0234702119150561,-4.085997593927504,0,,False,False,candidate
THAP10,1013,-4.090731945195085,,-4.090731945195085,0.020564169289516,-4.090731945195085,0,,False,False,candidate
OVOL3,1014,-4.09184347257294,,-4.09184347257294,0.0040154192069027,-4.09184347257294,0,,False,False,candidate
SOX21,1015,-4.136123653937235,,-4.136123653937235,0.01472713357831,-4.136123653937235,0,,False,False,candidate
THAP3,1016,-4.137851237602312,,-4.137851237602312,0.0302253220001006,-4.137851237602312,0,,False,False,candidate
HES5,1017,-4.140036564142651,,-4.140036564142651,0.0133206386423621,-4.140036564142651,0,,False,False,candidate
NFKB1,1018,-4.1421986972310165,-2.5952862527312943,-2.935241734827751,0.0277750046121692,-4.1421986972310165,0,,False,False,candidate
ZNF813,1019,-4.150470109236472,,-4.150470109236472,0.0075727260213276,-4.150470109236472,0,,False,False,candidate
ZNF584,1020,-4.1709217993606424,0.437071844501455,-4.072502987318453,0.0156314619353566,-4.1709217993606424,0,,False,False,candidate
EOMES,1021,-4.1975244445622035,-3.3299813354288386,-2.3672280947978517,0.0121094487161131,-4.1975244445622035,0,,False,False,candidate
OSR1,1022,-4.2089225802509285,,-4.2089225802509285,0.0102357398852973,-4.2089225802509285,0,,False,False,candidate
JUN,1023,-4.232528340905222,-3.333287970553347,-2.434903340011118,0.0909922956919871,-4.232528340905222,0,,False,False,candidate
HSF1,1024,-4.233117357010589,-3.325415376816968,0.05754302642590548,0.0594886339874925,-4.233117357010589,0,,False,False,candidate
ZNF223,1025,-4.233512594910723,,-4.233512594910723,0.0084570738219549,-4.233512594910723,0,,False,False,candidate
ZNF277,1026,-4.238831470673312,,-4.238831470673312,0.0113430542269247,-4.238831470673312,0,,False,False,candidate
VENTX,1027,-4.240063553369015,,-4.240063553369015,0.0042654561625729,-4.240063553369015,0,,False,False,candidate
EN1,1028,-4.240577153941585,,-4.240577153941585,0.0130985275861979,-4.240577153941585,0,,False,False,candidate
ETS2,1029,-4.263935359730611,-0.6802032391212058,-4.0657076640725665,0.0266902878985438,-4.263935359730611,0,,False,False,candidate
TEAD2,1030,-4.264070092550446,-1.783380933032832,-3.868310527615343,0.0124606079051519,-4.264070092550446,0,,False,False,candidate
EHF,1031,-4.27161783765572,-1.470598294074986,-3.9555941976930735,0.0312986537242438,-4.27161783765572,0,,False,True,candidate
HEY2,1032,-4.27514719094308,,-4.27514719094308,0.0156731149388971,-4.27514719094308,0,,False,False,candidate
TSHZ2,1033,-4.275739405191552,,-4.275739405191552,0.0144229142367311,-4.275739405191552,0,,False,False,candidate
CDC5L,1034,-4.28664911929837,,-4.28664911929837,0.0054865786249694,-4.28664911929837,0,,False,False,candidate
HOMEZ,1035,-4.287681788842057,,-4.287681788842057,0.0038169064802904,-4.287681788842057,0,,False,False,candidate
INSM2,1036,-4.297803487462961,,-4.297803487462961,0.0220006107415247,-4.297803487462961,0,,False,False,candidate
ZNF408,1037,-4.304498965667569,,-4.304498965667569,0.0085007498845504,-4.304498965667569,0,,False,False,candidate
SP4,1038,-4.305993281729719,-3.3350749924383942,-1.825395078520427,0.028131304648021,-4.305993281729719,0,,False,False,candidate
ZNF79,1039,-4.314275850851726,,-4.314275850851726,0.0269402063029818,-4.314275850851726,0,,False,False,candidate
GLIS1,1040,-4.315036337663835,,-4.315036337663835,0.0178264370544872,-4.315036337663835,0,,False,False,candidate
CEBPG,1041,-4.327223293371449,-1.5285922364456723,-4.005367724153845,0.0198763974750484,-4.327223293371449,0,,False,False,candidate
ZNF174,1042,-4.330009581837778,,-4.330009581837778,0.0064370202150415,-4.330009581837778,0,,False,False,candidate
EGR4,1043,-4.350945647837547,,-4.350945647837547,0.0147111335978618,-4.350945647837547,0,,False,False,candidate
ZNF556,1044,-4.358656630583325,,-4.358656630583325,0.0144229142367311,-4.358656630583325,0,,False,False,candidate
ARID5B,1045,-4.364558776732963,,-4.364558776732963,0.0204600086037835,-4.364558776732963,0,,False,False,candidate
POU5F1B,1046,-4.377974922694513,,-4.377974922694513,0.0025806112869283,-4.377974922694513,0,,False,False,candidate
HOXB1,1047,-4.381578626502134,,-4.381578626502134,0.0049616538985613,-4.381578626502134,0,,False,False,candidate
MEF2B,1048,-4.382204101291584,-2.346154148041793,-3.670692004562918,0.0140643297501013,-4.382204101291584,0,,False,False,candidate
HMG20A,1049,-4.38392466656506,,-4.38392466656506,0.0088264313008567,-4.38392466656506,0,,False,False,candidate
THAP1,1050,-4.388577304497991,-2.9669266983502545,-3.2183068521811427,0.0705914540837407,-4.388577304497991,0,,False,False,candidate
TFCP2L1,1051,-4.397523521575676,,-4.397523521575676,0.0074692122182388,-4.397523521575676,0,,False,False,candidate
TBX5,1052,-4.403503863248038,-2.1197551780914363,-3.8783082712911248,0.0156326495134573,-4.403503863248038,0,,False,False,candidate
ZNF823,1053,-4.405508661029274,,-4.405508661029274,0.0129113779108504,-4.405508661029274,0,,False,False,candidate
TGIF1,1054,-4.410361719000199,,-4.410361719000199,0.0150936399969881,-4.410361719000199,0,,False,False,candidate
CAMTA1,1055,-4.423458277220287,,-4.423458277220287,0.0022064890544311,-4.423458277220287,0,,False,False,candidate
ZNF80,1056,-4.424308198175891,,-4.424308198175891,0.0208326647324433,-4.424308198175891,0,,False,False,candidate
ZNF600,1057,-4.437951226703842,,-4.437951226703842,0.0076633833869067,-4.437951226703842,0,,False,False,candidate
HDX,1058,-4.461325590873247,,-4.461325590873247,0.0082403513268696,-4.461325590873247,0,,False,False,candidate
YY2,1059,-4.462065265349193,,-4.462065265349193,0.0255947904418359,-4.462065265349193,0,,False,False,candidate
ZNF639,1060,-4.475655136085425,-0.9768029402813216,-4.364729080098938,0.0070025913092657,-4.475655136085425,0,,False,False,candidate
EMX2,1061,-4.49873076523029,,-4.49873076523029,0.0071359949596509,-4.49873076523029,0,,False,False,candidate
TLX3,1062,-4.506325016201692,,-4.506325016201692,0.0051471009831553,-4.506325016201692,0,,False,False,candidate
SOX18,1063,-4.510112907367068,,-4.510112907367068,0.0220517033890569,-4.510112907367068,0,,False,False,candidate
DRGX,1064,-4.516483412376104,,-4.516483412376104,0.0146232967274555,-4.516483412376104,0,,False,False,candidate
AKAP8,1065,-4.527286096002049,,-4.527286096002049,0.0083946220923674,-4.527286096002049,0,,False,False,candidate
SOX2,1066,-4.5287447345136815,-2.970620896674991,-3.389671969646653,0.0286618393184538,-4.5287447345136815,0,,False,True,candidate
ZNF195,1067,-4.530432911039352,,-4.530432911039352,0.0041579994221254,-4.530432911039352,0,,False,False,candidate
ZNF668,1068,-4.533764440388182,,-4.533764440388182,0.0068399329358178,-4.533764440388182,0,,False,False,candidate
HOXC8,1069,-4.550701737214872,,-4.550701737214872,0.0213083456135948,-4.550701737214872,0,,False,False,candidate
PRDM6,1070,-4.577892341743634,,-4.577892341743634,0.0084817463811641,-4.577892341743634,0,,False,False,candidate
NFE2L3,1071,-4.593701959333998,,-4.593701959333998,0.0031476995725497,-4.593701959333998,0,,False,False,candidate
GTF2B,1072,-4.5993190929023475,-3.682200652358428,-1.9182145034278244,0.0111658844695814,-4.5993190929023475,0,,False,False,candidate
POU2F2,1073,-4.6004342964859815,-3.5127761206913934,-1.1611756322915252,0.013415536274173,-4.6004342964859815,0,,False,False,candidate
ZNF578,1074,-4.6318679394101725,,-4.6318679394101725,0.0056436459622591,-4.6318679394101725,0,,False,False,candidate
YY1,1075,-4.644415767265515,-1.6132095412337701,-4.193786091411794,0.0123413291064566,-4.644415767265515,0,,False,False,candidate
ZNF121,1076,-4.646480726914311,,-4.646480726914311,0.0069936651358554,-4.646480726914311,0,,False,False,candidate
HOXA3,1077,-4.6537074999721595,,-4.6537074999721595,0.0064454239287103,-4.6537074999721595,0,,False,False,candidate
ZNF202,1078,-4.660377955683717,,-4.660377955683717,0.0095398974965859,-4.660377955683717,0,,False,False,candidate
ZUP1,1079,-4.677463767080228,,-4.677463767080228,0.0067471304903261,-4.677463767080228,0,,False,False,candidate
THAP9,1080,-4.686361475099582,,-4.686361475099582,0.0012196937629974,-4.686361475099582,0,,False,False,candidate
ZIM3,1081,-4.690422609985084,,-4.690422609985084,0.0018511930241077,-4.690422609985084,0,,False,False,candidate
MBD4,1082,-4.697026777590493,-2.7335692152973787,-4.031623037200306,0.0281706273452354,-4.697026777590493,0,,False,False,candidate
NR1I3,1083,-4.701300096777783,,-4.701300096777783,0.0028316232782446,-4.701300096777783,0,,False,False,candidate
HIF3A,1084,-4.7066327970003465,,-4.7066327970003465,0.0063612765780843,-4.7066327970003465,0,,False,False,candidate
MAFA,1085,-4.717316016171048,,-4.717316016171048,0.0018301359024389,-4.717316016171048,0,,False,False,candidate
GSC,1086,-4.732183339520016,,-4.732183339520016,0.0113762883250133,-4.732183339520016,0,,False,False,candidate
HES2,1087,-4.744817285174675,,-4.744817285174675,0.0090725458889768,-4.744817285174675,0,,False,False,candidate
ZNF131,1088,-4.754010211622329,,-4.754010211622329,0.0016361029043683,-4.754010211622329,0,,False,False,candidate
IRF4,1089,-4.758456579085392,-3.3477866376398655,-3.203437351846056,0.0457096606349691,-4.758456579085392,0,,False,False,candidate
ASCL5,1090,-4.772070390041212,,-4.772070390041212,0.0017371484033667,-4.772070390041212,0,,False,False,candidate
CRX,1091,-4.775001021285961,-1.910734917562635,-4.422584117107255,0.0225298161635161,-4.775001021285961,0,,False,False,candidate
NPAS4,1092,-4.802057922159756,,-4.802057922159756,0.0020275895621955,-4.802057922159756,0,,False,False,candidate
ZNF34,1093,-4.815366723719226,,-4.815366723719226,0.0073520244310974,-4.815366723719226,0,,False,False,candidate
ATOH7,1094,-4.824454526869042,,-4.824454526869042,0.0024051050869743,-4.824454526869042,0,,False,False,candidate
ZNF207,1095,-4.831014217349717,-1.2674603704956668,-4.614012138169904,0.0025846205181154,-4.831014217349717,0,,False,False,candidate
ZNF41,1096,-4.841028989747523,,-4.841028989747523,0.0082403513268696,-4.841028989747523,0,,False,False,candidate
ZNF649,1097,-4.867315027546577,,-4.867315027546577,0.0073535069717495,-4.867315027546577,0,,False,False,candidate
HOXA6,1098,-4.880544273459777,,-4.880544273459777,0.0041241552364382,-4.880544273459777,0,,False,False,candidate
ZNF730,1099,-4.905720609277847,,-4.905720609277847,0.0022330913372322,-4.905720609277847,0,,False,False,candidate
FOSL2,1100,-4.90615588531697,-3.6948579031623145,-2.454908032250727,0.020227358786621,-4.90615588531697,0,,False,False,candidate
ZNF208,1101,-4.922731278306703,,-4.922731278306703,0.0057264411745643,-4.922731278306703,0,,False,False,candidate
ZBTB47,1102,-4.922817570714488,,-4.922817570714488,0.0006187980080048,-4.922817570714488,0,,False,False,candidate
ZNF574,1103,-4.936922690110813,,-4.936922690110813,0.0060210145410188,-4.936922690110813,0,,False,False,candidate
ZFP1,1104,-4.944680021555341,,-4.944680021555341,0.0008122614537983,-4.944680021555341,0,,False,False,candidate
ZNF821,1105,-4.948019879039334,,-4.948019879039334,0.0028947736713399,-4.948019879039334,0,,False,False,candidate
NR5A1,1106,-4.957507410169105,,-4.957507410169105,0.0013518703737279,-4.957507410169105,0,,False,False,candidate
ZNF354A,1107,-4.9630940471899985,,-4.9630940471899985,0.0005561662482201,-4.9630940471899985,0,,False,False,candidate
DR1,1108,-4.994172371390162,,-4.994172371390162,0.0045470501801671,-4.994172371390162,0,,False,False,candidate
ZBTB7C,1109,-5.017221586832373,,-5.017221586832373,0.0016000640050367,-5.017221586832373,0,,False,False,candidate
ZHX2,1110,-5.022469759396399,-3.220082187802773,-3.4380669498834453,0.0046135385945467,-5.022469759396399,0,,False,False,candidate
MSANTD3,1111,-5.029938708031335,,-5.029938708031335,0.0009586012820335,-5.029938708031335,0,,False,False,candidate
ZNF804A,1112,-5.060903821892856,,-5.060903821892856,0.0105311157386149,-5.060903821892856,0,,False,False,candidate
EGR3,1113,-5.066180675758689,,-5.066180675758689,0.0014960091715711,-5.066180675758689,0,,False,False,candidate
MTERF1,1114,-5.0830906270877545,,-5.0830906270877545,0.0005331390468549,-5.0830906270877545,0,,False,False,candidate
ZNF32,1115,-5.094499735479787,,-5.094499735479787,0.0018457406723747,-5.094499735479787,0,,False,False,candidate
MSX1,1116,-5.09775260523454,,-5.09775260523454,0.0043116763812726,-5.09775260523454,0,,False,False,candidate
ZNF691,1117,-5.0998023845137395,,-5.0998023845137395,0.001029150989818,-5.0998023845137395,0,,False,False,candidate
HIC1,1118,-5.108764122085672,,-5.108764122085672,0.0033855788757309,-5.108764122085672,0,,False,False,candidate
ZNF430,1119,-5.11604895742228,,-5.11604895742228,0.0026334458470869,-5.11604895742228,0,,False,False,candidate
ZNF16,1120,-5.138615874617783,,-5.138615874617783,0.0029062689675634,-5.138615874617783,0,,False,False,candidate
SP5,1121,-5.147262616801907,,-5.147262616801907,0.0022339936286892,-5.147262616801907,0,,False,False,candidate
HESX1,1122,-5.179571008543581,,-5.179571008543581,0.0036638619019156,-5.179571008543581,0,,False,False,candidate
ZNF85,1123,-5.183084260434415,,-5.183084260434415,0.0003884132714769,-5.183084260434415,0,,False,False,candidate
HOXD8,1124,-5.194717468803551,,-5.194717468803551,0.0024713101036712,-5.194717468803551,0,,False,False,candidate
TBX15,1125,-5.195854468013989,,-5.195854468013989,0.0007830002844932,-5.195854468013989,0,,False,False,candidate
TSC22D1,1126,-5.205459257297342,,-5.205459257297342,0.0006658922954189,-5.205459257297342,0,,False,False,candidate
CBLL2,1127,-5.219759892943634,,-5.219759892943634,6.230043445185791e-05,-5.219759892943634,0,,False,False,candidate
ZNF543,1128,-5.226506520688082,,-5.226506520688082,0.0045470501801671,-5.226506520688082,0,,False,False,candidate
TBX21,1129,-5.230670349800764,-3.388602033631444,-3.8437349444480557,0.0026275282373783,-5.230670349800764,0,,False,False,candidate
RAG1,1130,-5.230704373762544,,-5.230704373762544,0.0012933057753111,-5.230704373762544,0,,False,False,candidate
KIN,1131,-5.231260077587665,,-5.231260077587665,0.0024810037611297,-5.231260077587665,0,,False,False,candidate
MEIS1,1132,-5.255294675960461,-3.1476496652090065,-4.23036969612745,0.0076621870124989,-5.255294675960461,0,,False,False,candidate
ZBTB7B,1133,-5.25925539308238,,-5.25925539308238,0.0024565722107169,-5.25925539308238,0,,False,False,candidate
RFX8,1134,-5.26578748026639,,-5.26578748026639,0.0011591508448957,-5.26578748026639,0,,False,False,candidate
CTCF,1135,-5.2664367795201334,-2.3030129771067527,-4.2742176477044,0.0088838451462328,-5.2664367795201334,0,,False,False,candidate
TCF21,1136,-5.269736402252555,-2.6633823040422424,-4.541332437731235,0.0078635502188618,-5.269736402252555,0,,False,False,candidate
ZIC1,1137,-5.272734538705867,,-5.272734538705867,0.0023193515370922,-5.272734538705867,0,,False,False,candidate
ZNF830,1138,-5.287280586102882,,-5.287280586102882,0.0020036727203402,-5.287280586102882,0,,False,False,candidate
ZIM2,1139,-5.289519895781871,,-5.289519895781871,2.249480421593137e-06,-5.289519895781871,0,,False,False,candidate
MNX1,1140,-5.293304032793728,-3.380921564413758,-3.7246813704204524,0.0020359436504077,-5.293304032793728,0,,False,False,candidate
SOX14,1141,-5.29931329201218,,-5.29931329201218,0.0017221743414084,-5.29931329201218,0,,False,False,candidate
KLF3,1142,-5.300028777354115,-2.349923830820463,-4.805506595944234,0.0021020176307687,-5.300028777354115,0,,False,False,candidate
CHCHD3,1143,-5.304149146994347,,-5.304149146994347,0.0010959986076125,-5.304149146994347,0,,False,False,candidate
HOXC10,1144,-5.31241781688802,,-5.31241781688802,0.0006867948133613,-5.31241781688802,0,,False,False,candidate
NR1D1,1145,-5.329921591936727,,-5.329921591936727,0.0007639666436353,-5.329921591936727,0,,False,False,candidate
ZNF706,1146,-5.358053506754854,,-5.358053506754854,0.0042654561625729,-5.358053506754854,0,,False,False,candidate
FOXQ1,1147,-5.367968838715075,,-5.367968838715075,0.0040424540603053,-5.367968838715075,0,,False,False,candidate
LIN28A,1148,-5.370727530018103,,-5.370727530018103,2.9091766349074956e-06,-5.370727530018103,0,,False,False,candidate
SKOR1,1149,-5.373692092960335,,-5.373692092960335,0.0002731372448197,-5.373692092960335,0,,False,False,candidate
ZNF35,1150,-5.409780835470671,,-5.409780835470671,0.0010981755067451,-5.409780835470671,0,,False,False,candidate
GFI1B,1151,-5.421308612598982,-4.325075616244055,-2.8666064180360715,0.0018496983322923,-5.421308612598982,0,,False,False,candidate
LHX1,1152,-5.430482867478916,,-5.430482867478916,5.7035087528816625e-05,-5.430482867478916,0,,False,False,candidate
ZNF792,1153,-5.432371941324511,,-5.432371941324511,0.0003665574701286,-5.432371941324511,0,,False,False,candidate
ZMAT4,1154,-5.4391466332319895,,-5.4391466332319895,0.0003020427051172,-5.4391466332319895,0,,False,False,candidate
ZBTB9,1155,-5.440059663684433,,-5.440059663684433,0.0003637969147564,-5.440059663684433,0,,False,False,candidate
E2F3,1156,-5.455170304673158,,-5.455170304673158,0.0009434629185633,-5.455170304673158,0,,False,False,candidate
MYF6,1157,-5.4627787424329295,,-5.4627787424329295,0.0044595289102806,-5.4627787424329295,0,,False,False,candidate
CENPT,1158,-5.470649429458844,,-5.470649429458844,0.0002917999930868,-5.470649429458844,0,,False,False,candidate
FOXD2,1159,-5.4823374807559,,-5.4823374807559,0.0006513362557296,-5.4823374807559,0,,False,False,candidate
AHDC1,1160,-5.486321545334109,,-5.486321545334109,0.0004533123858678,-5.486321545334109,0,,False,False,candidate
EPAS1,1161,-5.486408623860455,-3.5289997477995327,-3.987089661678487,0.0017162065154073,-5.486408623860455,0,,False,False,candidate
TBX3,1162,-5.4887884112649665,-2.9928181965304885,-4.551820097778506,0.0016361029043683,-5.4887884112649665,0,,False,False,candidate
NFIC,1163,-5.537584387338677,-4.092614726785027,-3.166665074668939,0.0081332940358078,-5.537584387338677,0,,False,False,candidate
ESRRA,1164,-5.546124119939874,-3.2889575550573573,-4.4907185393259414,0.0130985275861979,-5.546124119939874,0,,False,False,candidate
BARX1,1165,-5.546723408422825,,-5.546723408422825,0.0017015045937494,-5.546723408422825,0,,False,False,candidate
ZFHX4,1166,-5.555667908410669,,-5.555667908410669,0.0008514224283376,-5.555667908410669,0,,False,False,candidate
TBX4,1167,-5.572425635151527,,-5.572425635151527,0.0004237547359335,-5.572425635151527,0,,False,False,candidate
HOXB4,1168,-5.574119905424339,-3.5434703676474153,-4.061879899080465,0.0012241828269832,-5.574119905424339,0,,False,False,candidate
FOXF1,1169,-5.58958219410685,,-5.58958219410685,0.0012892784631399,-5.58958219410685,0,,False,False,candidate
ZNF771,1170,-5.602860356552231,,-5.602860356552231,0.0006468622739736,-5.602860356552231,0,,False,False,candidate
PRDM12,1171,-5.608004315334329,,-5.608004315334329,0.0003076421229349,-5.608004315334329,0,,False,False,candidate
DLX2,1172,-5.615385583804739,,-5.615385583804739,0.0013518703737279,-5.615385583804739,0,,False,False,candidate
SHOX2,1173,-5.615433072741758,,-5.615433072741758,0.0008152617861523,-5.615433072741758,0,,False,False,candidate
DMRTA2,1174,-5.617976006461587,,-5.617976006461587,0.0007602499706304,-5.617976006461587,0,,False,False,candidate
FOXD4L5,1175,-5.6363340888473825,,-5.6363340888473825,0.0008605625649666,-5.6363340888473825,0,,False,False,candidate
DNMT1,1176,-5.63814173400236,,-5.63814173400236,4.113055586144224e-05,-5.63814173400236,0,,False,False,candidate
PURG,1177,-5.644923740252335,,-5.644923740252335,0.0001410252012117,-5.644923740252335,0,,False,False,candidate
HSF5,1178,-5.6765829005668955,,-5.6765829005668955,1.4599130494166314e-05,-5.6765829005668955,0,,False,False,candidate
YBX2,1179,-5.68214172459309,,-5.68214172459309,6.256705196256978e-05,-5.68214172459309,0,,False,False,candidate
NEUROD4,1180,-5.692349050959297,,-5.692349050959297,0.0029036603362599,-5.692349050959297,0,,False,False,candidate
VAX1,1181,-5.705669070507724,,-5.705669070507724,0.000438175776168,-5.705669070507724,0,,False,False,candidate
CEBPE,1182,-5.731482058879018,,-5.731482058879018,0.0001638920908046,-5.731482058879018,0,,False,False,candidate
ZNF385D,1183,-5.752461049354752,,-5.752461049354752,0.000630804934551,-5.752461049354752,0,,False,False,candidate
NR6A1,1184,-5.759493077467103,,-5.759493077467103,0.0004810200524616,-5.759493077467103,0,,False,False,candidate
KLF14,1185,-5.763181767370609,,-5.763181767370609,1.2756081931505887e-05,-5.763181767370609,0,,False,False,candidate
ZNF362,1186,-5.771545531564851,,-5.771545531564851,0.0003870683317182,-5.771545531564851,0,,False,False,candidate
ZNF675,1187,-5.78555481679508,,-5.78555481679508,0.0001289147133471,-5.78555481679508,0,,False,False,candidate
LBX1,1188,-5.807521097532196,,-5.807521097532196,0.002313681697766,-5.807521097532196,0,,False,False,candidate
FOXD4,1189,-5.80890680063187,,-5.80890680063187,0.0001335909265326,-5.80890680063187,0,,False,False,candidate
MYT1,1190,-5.811518768203567,,-5.811518768203567,0.0001269040330843,-5.811518768203567,0,,False,False,candidate
HHEX,1191,-5.817262080079366,-3.4269758994292756,-4.582220224070676,0.0023437180308958,-5.817262080079366,0,,False,False,candidate
NR2E1,1192,-5.826166232738199,,-5.826166232738199,0.0016110196960164,-5.826166232738199,0,,False,False,candidate
ZNF670,1193,-5.830435625028958,,-5.830435625028958,0.0001010619768651,-5.830435625028958,0,,False,False,candidate
ZNF300,1194,-5.835383089908833,,-5.835383089908833,0.0001934543170656,-5.835383089908833,0,,False,False,candidate
ZNF77,1195,-5.8403689623052,,-5.8403689623052,0.001052731101958,-5.8403689623052,0,,False,False,candidate
TLX2,1196,-5.867729382896221,,-5.867729382896221,0.0008233725751516,-5.867729382896221,0,,False,False,candidate
OTP,1197,-5.88357081612555,,-5.88357081612555,0.0001184838306264,-5.88357081612555,0,,False,False,candidate
EBF3,1198,-5.893377476918041,,-5.893377476918041,0.0001219349982145,-5.893377476918041,0,,False,False,candidate
ZNF219,1199,-5.894062128121615,,-5.894062128121615,0.0001214514545761,-5.894062128121615,0,,False,False,candidate
BRF2,1200,-5.900166795007934,-3.648040966888184,-4.621115244849582,0.0011530800471318,-5.900166795007934,0,,False,False,candidate
CENPS,1201,-5.910417267992183,,-5.910417267992183,4.4896159006304846e-05,-5.910417267992183,0,,False,False,candidate
ZNF22,1202,-5.911662059210038,,-5.911662059210038,0.0002774275740607,-5.911662059210038,0,,False,False,candidate
ETV3,1203,-5.912457516246505,,-5.912457516246505,0.0002435581235385,-5.912457516246505,0,,False,False,candidate
ZNF177,1204,-5.936695406048743,,-5.936695406048743,5.916311532474924e-05,-5.936695406048743,0,,False,False,candidate
CEBPA,1205,-5.960896801453711,-4.4130347629330045,-3.54035525105041,0.0019945295156587,-5.960896801453711,0,,False,True,candidate
HEYL,1206,-5.97156550815811,,-5.97156550815811,0.0023022252667755,-5.97156550815811,0,,False,False,candidate
SIX6,1207,-5.98286473827681,,-5.98286473827681,0.0002129441371767,-5.98286473827681,0,,False,False,candidate
HOXA1,1208,-5.983430743952938,,-5.983430743952938,0.0010031543723284,-5.983430743952938,0,,False,False,candidate
ISL1,1209,-6.00139177047857,,-6.00139177047857,5.374606360545658e-05,-6.00139177047857,0,,False,False,candidate
FOXI2,1210,-6.0121195622873636,,-6.0121195622873636,0.0002258442796568,-6.0121195622873636,0,,False,False,candidate
LHX4,1211,-6.022765465424098,,-6.022765465424098,0.0002665412884617,-6.022765465424098,0,,False,False,candidate
PITX1,1212,-6.082771978988154,,-6.082771978988154,0.0007752574720287,-6.082771978988154,0,,False,False,candidate
OTX1,1213,-6.083473728237599,,-6.083473728237599,0.0008095904805468,-6.083473728237599,0,,False,False,candidate
ZNF883,1214,-6.086372956850831,,-6.086372956850831,9.57667389601563e-06,-6.086372956850831,0,,False,False,candidate
GBX2,1215,-6.089712945567992,-2.0935124165648182,-5.703634117480073,0.000355458567385,-6.089712945567992,0,,False,False,candidate
ZNF93,1216,-6.094587710327381,,-6.094587710327381,0.0002587161119941,-6.094587710327381,0,,False,False,candidate
PROP1,1217,-6.109141246944073,,-6.109141246944073,8.418790278890384e-05,-6.109141246944073,0,,False,False,candidate
FOXD4L1,1218,-6.111074444880455,,-6.111074444880455,4.701311783045439e-05,-6.111074444880455,0,,False,False,candidate
MEIS3,1219,-6.116369574501878,,-6.116369574501878,1.628709650618743e-05,-6.116369574501878,0,,False,False,candidate
ZFP28,1220,-6.129914464362036,,-6.129914464362036,1.6436852910621002e-05,-6.129914464362036,0,,False,False,candidate
DACH2,1221,-6.133484249135204,,-6.133484249135204,0.0012793403786693,-6.133484249135204,0,,False,False,candidate
FOSL1,1222,-6.13722571112958,-4.314740291878955,-4.3220526650936435,0.0046486291353408,-6.13722571112958,0,,False,False,candidate
ZNF114,1223,-6.163595455375222,,-6.163595455375222,4.525474330173226e-05,-6.163595455375222,0,,False,False,candidate
HOXA5,1224,-6.168602491856163,,-6.168602491856163,7.316281771851211e-05,-6.168602491856163,0,,False,False,candidate
HMGA2,1225,-6.169885889038371,,-6.169885889038371,0.0003660963354518,-6.169885889038371,0,,False,False,candidate
ZFPM2,1226,-6.172570020178686,,-6.172570020178686,1.2977922547662937e-05,-6.172570020178686,0,,False,False,candidate
ZNF239,1227,-6.172606563191574,,-6.172606563191574,0.000484164195804,-6.172606563191574,0,,False,False,candidate
ZNF703,1228,-6.180850099142248,,-6.180850099142248,0.0001166053183784,-6.180850099142248,0,,False,False,candidate
ZNF90,1229,-6.185698181419988,,-6.185698181419988,0.0003615694326629,-6.185698181419988,0,,False,False,candidate
ZNF503,1230,-6.204176068368079,,-6.204176068368079,0.0001934543170656,-6.204176068368079,0,,False,False,candidate
ZNF423,1231,-6.205510068494311,,-6.205510068494311,7.604371187342001e-05,-6.205510068494311,0,,False,False,candidate
ZFP69B,1232,-6.207125627849506,,-6.207125627849506,6.676080644860677e-06,-6.207125627849506,0,,False,False,candidate
AIRE,1233,-6.214959469664365,,-6.214959469664365,1.910977542136808e-05,-6.214959469664365,0,,False,False,candidate
NR2F2,1234,-6.221170471657012,-4.120258394292375,-4.645077665768517,0.0054854007984946,-6.221170471657012,0,,False,False,candidate
PAX7,1235,-6.223785452021097,,-6.223785452021097,0.0001779334655761,-6.223785452021097,0,,False,False,candidate
HOXD10,1236,-6.227940496626276,,-6.227940496626276,0.0006187980080048,-6.227940496626276,0,,False,False,candidate
HOXA4,1237,-6.232594052344346,,-6.232594052344346,0.0001992623411916,-6.232594052344346,0,,False,False,candidate
TBPL2,1238,-6.23839775167277,,-6.23839775167277,5.7294398952775525e-06,-6.23839775167277,0,,False,False,candidate
ZC3H8,1239,-6.239372657230751,-2.254409862446761,-6.048497926995713,0.0002114081839983,-6.239372657230751,0,,False,False,candidate
ZNF786,1240,-6.240891356470052,,-6.240891356470052,4.1220997630089184e-05,-6.240891356470052,0,,False,False,candidate
VSX1,1241,-6.249845649693669,,-6.249845649693669,0.0005045121730702,-6.249845649693669,0,,False,False,candidate
ZIK1,1242,-6.263661073117254,,-6.263661073117254,2.744692352774639e-05,-6.263661073117254,0,,False,False,candidate
TCF7L1,1243,-6.266947359792727,,-6.266947359792727,2.3316830750165804e-05,-6.266947359792727,0,,False,False,candidate
HOXC6,1244,-6.287343319893866,,-6.287343319893866,0.0001000435388913,-6.287343319893866,0,,False,False,candidate
GTF3A,1245,-6.305094376277347,,-6.305094376277347,2.159458138592813e-05,-6.305094376277347,0,,False,False,candidate
YBX1,1246,-6.326997190323392,,-6.326997190323392,1.2545057450032356e-05,-6.326997190323392,0,,False,False,candidate
HLF,1247,-6.3369619387329745,,-6.3369619387329745,8.489408368800243e-05,-6.3369619387329745,0,,False,False,candidate
XPA,1248,-6.34518916974187,,-6.34518916974187,6.080505189823253e-05,-6.34518916974187,0,,False,False,candidate
ZNF280A,1249,-6.348221339801462,,-6.348221339801462,3.371666850061956e-05,-6.348221339801462,0,,False,False,candidate
ZNF711,1250,-6.350841158445918,,-6.350841158445918,3.1838106621486355e-05,-6.350841158445918,0,,False,False,candidate
BCL6B,1251,-6.367656112413927,,-6.367656112413927,0.0001632657600584,-6.367656112413927,0,,False,False,candidate
ZNF311,1252,-6.371639263333466,,-6.371639263333466,7.806533108712498e-05,-6.371639263333466,0,,False,False,candidate
ASCL4,1253,-6.402342482242019,,-6.402342482242019,3.5890539835977146e-05,-6.402342482242019,0,,False,False,candidate
HOXD3,1254,-6.40266003249587,,-6.40266003249587,0.0003075855286118,-6.40266003249587,0,,False,False,candidate
CREB1,1255,-6.407273649553595,-5.104677103981857,-0.9015756592976524,0.0005452830151792,-6.407273649553595,0,,False,False,candidate
RFX4,1256,-6.4135976112532695,,-6.4135976112532695,0.0002746007203476,-6.4135976112532695,0,,False,False,candidate
MAFB,1257,-6.421897778843826,-2.7462789079249075,-5.852450241297644,7.589416024911833e-05,-6.421897778843826,0,,False,False,candidate
HIVEP3,1258,-6.428032925599541,,-6.428032925599541,2.63018972422155e-05,-6.428032925599541,0,,False,False,candidate
DBP,1259,-6.430312828732127,,-6.430312828732127,0.0001969254371137,-6.430312828732127,0,,False,False,candidate
ZSCAN5B,1260,-6.440039855188469,,-6.440039855188469,1.4599130494166314e-05,-6.440039855188469,0,,False,False,candidate
THAP11,1261,-6.445575024677535,-3.6611253084385225,-5.2978285547109305,0.001054785264893,-6.445575024677535,0,,False,False,candidate
PITX3,1262,-6.455629188836482,,-6.455629188836482,0.0004856699758592,-6.455629188836482,0,,False,False,candidate
ETV5,1263,-6.472625706590477,,-6.472625706590477,4.525947861971999e-05,-6.472625706590477,0,,False,False,candidate
ZNF589,1264,-6.480821228599474,-3.5513101335892747,-5.328748879660358,0.0015999378651497,-6.480821228599474,0,,False,False,candidate
ZNF124,1265,-6.494163765774119,,-6.494163765774119,4.402022586246794e-05,-6.494163765774119,0,,False,False,candidate
ZNF485,1266,-6.500481360350404,,-6.500481360350404,0.0006694158888508,-6.500481360350404,0,,False,False,candidate
TCF7,1267,-6.520817628078869,-4.771516742168831,-4.243592961803144,0.0007037807602324,-6.520817628078869,0,,False,False,candidate
ZEB1,1268,-6.528314700031984,-4.622365799542457,-4.556253635520427,0.0005162676207366,-6.528314700031984,0,,False,False,candidate
MXD3,1269,-6.52885890016675,,-6.52885890016675,1.2233535737003704e-05,-6.52885890016675,0,,False,False,candidate
ZNF530,1270,-6.56745654110607,,-6.56745654110607,6.414109240634015e-06,-6.56745654110607,0,,False,False,candidate
FOXC2,1271,-6.57487826927668,,-6.57487826927668,0.000231853140123,-6.57487826927668,0,,False,False,candidate
ZNF724,1272,-6.576987212878798,,-6.576987212878798,3.1109362481397054e-05,-6.576987212878798,0,,False,False,candidate
ONECUT3,1273,-6.578926819649136,,-6.578926819649136,5.853887477341642e-06,-6.578926819649136,0,,False,False,candidate
TEAD3,1274,-6.580797226171139,,-6.580797226171139,4.128665499679068e-05,-6.580797226171139,0,,False,False,candidate
GLIS2,1275,-6.586642497068884,,-6.586642497068884,0.0001146164156332,-6.586642497068884,0,,False,False,candidate
HES7,1276,-6.590731516068742,,-6.590731516068742,9.021614812738969e-06,-6.590731516068742,0,,False,False,candidate
TIGD3,1277,-6.613150434143873,,-6.613150434143873,6.567723304837488e-06,-6.613150434143873,0,,False,False,candidate
ZNF581,1278,-6.6151344365482805,,-6.6151344365482805,0.0001760466838052,-6.6151344365482805,0,,False,False,candidate
SLC2A4RG,1279,-6.621368672140371,,-6.621368672140371,3.472269525100849e-06,-6.621368672140371,0,,False,False,candidate
LHX3,1280,-6.622518970661109,,-6.622518970661109,9.228595185580146e-05,-6.622518970661109,0,,False,False,candidate
RORA,1281,-6.632598442782988,,-6.632598442782988,0.0001781997250553,-6.632598442782988,0,,False,False,candidate
FOXL2,1282,-6.633206282469318,,-6.633206282469318,4.2832385034414616e-05,-6.633206282469318,0,,False,False,candidate
FOXK1,1283,-6.653976584328269,-4.372291960947413,-2.193268552402573,6.942999813611376e-05,-6.653976584328269,0,,False,False,candidate
ALX3,1284,-6.670894899497091,,-6.670894899497091,7.450099338985964e-06,-6.670894899497091,0,,False,False,candidate
TWIST2,1285,-6.684359298020016,,-6.684359298020016,2.192234558613809e-06,-6.684359298020016,0,,False,False,candidate
SPIB,1286,-6.71223776867125,-4.65943931477964,-4.358110165977449,1.985145519507699e-05,-6.71223776867125,0,,False,False,candidate
FEZF2,1287,-6.722613031255636,,-6.722613031255636,4.750466683592213e-05,-6.722613031255636,0,,False,False,candidate
PTF1A,1288,-6.738687674722671,,-6.738687674722671,0.000458558818557,-6.738687674722671,0,,False,False,candidate
FOXO6,1289,-6.743297563630698,,-6.743297563630698,4.3698632028085205e-06,-6.743297563630698,0,,False,False,candidate
SOHLH2,1290,-6.743949192911649,,-6.743949192911649,5.449904287554309e-06,-6.743949192911649,0,,False,False,candidate
MIXL1,1291,-6.744237160113396,,-6.744237160113396,0.0001492021351054,-6.744237160113396,0,,False,False,candidate
FEV,1292,-6.768324815702357,,-6.768324815702357,0.000354615562934,-6.768324815702357,0,,False,False,candidate
IRX6,1293,-6.7808974000738615,,-6.7808974000738615,8.125438039765916e-05,-6.7808974000738615,0,,False,False,candidate
SIX2,1294,-6.785538476937764,-3.8313488103028623,-5.523302350031552,0.0002189381087944,-6.785538476937764,0,,False,False,candidate
HOXB9,1295,-6.8177944531931205,,-6.8177944531931205,5.776662085509296e-06,-6.8177944531931205,0,,False,False,candidate
FOXI1,1296,-6.827711134755239,,-6.827711134755239,6.51401578175484e-05,-6.827711134755239,0,,False,False,candidate
POU4F1,1297,-6.8383616598662496,,-6.8383616598662496,1.9710551642409902e-05,-6.8383616598662496,0,,False,False,candidate
HES1,1298,-6.843191416702366,-1.306062729208423,-6.421280963079092,1.6378559480351114e-05,-6.843191416702366,0,,False,True,candidate
TFAP2C,1299,-6.89885346747049,-4.179692623076397,-5.48976984008999,0.0005368361189897,-6.89885346747049,0,,False,False,candidate
AEBP1,1300,-6.903244253663287,,-6.903244253663287,4.756115409888907e-06,-6.903244253663287,0,,False,False,candidate
LHX5,1301,-6.935157074034962,,-6.935157074034962,9.61913817958114e-06,-6.935157074034962,0,,False,False,candidate
TAL2,1302,-6.936433011854648,,-6.936433011854648,1.058438996951052e-06,-6.936433011854648,0,,False,False,candidate
PAX2,1303,-6.937904513445788,,-6.937904513445788,1.2977922547662937e-05,-6.937904513445788,0,,False,False,candidate
POU3F4,1304,-6.943456006672447,,-6.943456006672447,8.123134017607235e-05,-6.943456006672447,0,,False,False,candidate
EMX1,1305,-6.979285759421245,,-6.979285759421245,1.9184947515668412e-05,-6.979285759421245,0,,False,False,candidate
ZNF280B,1306,-6.991494594706274,,-6.991494594706274,8.715887859044463e-08,-6.991494594706274,0,,False,False,candidate
MYCL,1307,-6.995744342188582,,-6.995744342188582,2.201987367926364e-07,-6.995744342188582,0,,False,False,candidate
DEAF1,1308,-7.000005258344009,-5.040020222135205,-3.9732903805381286,3.942911928927651e-06,-7.000005258344009,0,,False,False,candidate
NANOGP8,1309,-7.010584488199447,,-7.010584488199447,1.4271884868298138e-07,-7.010584488199447,0,,False,False,candidate
PAX1,1310,-7.020978132299744,,-7.020978132299744,4.756115409888907e-06,-7.020978132299744,0,,False,False,candidate
KLF4,1311,-7.021539167179819,-4.345662940657512,-5.550208848712486,0.0004687577500767,-7.021539167179819,0,,False,False,candidate
ONECUT2,1312,-7.041097016875931,,-7.041097016875931,4.3698632028085205e-06,-7.041097016875931,0,,False,False,candidate
TFAP4,1313,-7.044931976575432,-4.299081580444316,-5.44885135944622,9.498867973414292e-05,-7.044931976575432,0,,False,False,candidate
SALL2,1314,-7.0571600396472824,,-7.0571600396472824,3.353692487490113e-05,-7.0571600396472824,0,,False,False,candidate
FOXH1,1315,-7.059872114939209,,-7.059872114939209,1.2977922547662937e-05,-7.059872114939209,0,,False,False,candidate
DLX6,1316,-7.061545252698883,,-7.061545252698883,3.606321402888895e-06,-7.061545252698883,0,,False,False,candidate
FOXG1,1317,-7.067449658647552,,-7.067449658647552,7.817554779523344e-06,-7.067449658647552,0,,False,False,candidate
HIF1A,1318,-7.094626503230845,-5.127447670018851,-4.801512401398081,0.0001643977185636,-7.094626503230845,0,,False,False,candidate
EBF2,1319,-7.100987530439645,,-7.100987530439645,2.0436884067535797e-07,-7.100987530439645,0,,False,False,candidate
NEUROD1,1320,-7.114782337157649,-3.90139438928621,-5.902679444521516,0.0001170954114475,-7.114782337157649,0,,False,False,candidate
VAX2,1321,-7.1233633831233805,,-7.1233633831233805,1.628709650618743e-05,-7.1233633831233805,0,,False,False,candidate
ZNF257,1322,-7.136935024356374,,-7.136935024356374,3.288795574185119e-05,-7.136935024356374,0,,False,False,candidate
THAP4,1323,-7.138910495410045,,-7.138910495410045,1.1660963173872187e-05,-7.138910495410045,0,,False,False,candidate
SP6,1324,-7.149616334579358,,-7.149616334579358,6.2262166455140684e-06,-7.149616334579358,0,,False,False,candidate
GATA2,1325,-7.163372290694657,-5.850192685342583,-3.819891883385876,0.0007037807602324,-7.163372290694657,0,,False,False,candidate
ZNF679,1326,-7.171863270258278,,-7.171863270258278,7.719310195504151e-08,-7.171863270258278,0,,False,False,candidate
OSR2,1327,-7.18623158907118,,-7.18623158907118,5.512598920967691e-05,-7.18623158907118,0,,False,False,candidate
BACH2,1328,-7.192575124381709,-4.842681340256015,-4.692570383135213,8.9981481268735e-06,-7.192575124381709,0,,False,False,candidate
ZNF575,1329,-7.205349759304343,,-7.205349759304343,3.2057262959363514e-05,-7.205349759304343,0,,False,False,candidate
HOXB8,1330,-7.227970002542154,,-7.227970002542154,1.038013325628238e-05,-7.227970002542154,0,,False,False,candidate
DMRT2,1331,-7.2644446880737155,,-7.2644446880737155,5.479904679075717e-07,-7.2644446880737155,0,,False,False,candidate
HOXD11,1332,-7.282447706318806,,-7.282447706318806,1.9679527655650336e-05,-7.282447706318806,0,,False,False,candidate
ZNF296,1333,-7.287954856829099,,-7.287954856829099,8.989846523925757e-05,-7.287954856829099,0,,False,False,candidate
HMX1,1334,-7.289053194890196,,-7.289053194890196,6.429473609465617e-06,-7.289053194890196,0,,False,False,candidate
ZIC2,1335,-7.317902702151123,,-7.317902702151123,2.279598838391663e-05,-7.317902702151123,0,,False,False,candidate
POU1F1,1336,-7.3203083403223355,,-7.3203083403223355,1.184169642928265e-05,-7.3203083403223355,0,,False,False,candidate
ZNF689,1337,-7.330690228246898,,-7.330690228246898,4.154396226962756e-06,-7.330690228246898,0,,False,False,candidate
FLI1,1338,-7.341537890198895,-6.004069103921619,-3.2817942874538044,0.0002900341900746,-7.341537890198895,0,,False,False,candidate
SOX8,1339,-7.345391225533848,,-7.345391225533848,2.1695404603491397e-06,-7.345391225533848,0,,False,False,candidate
HOXA7,1340,-7.351469492151876,,-7.351469492151876,2.1695404603491397e-06,-7.351469492151876,0,,False,False,candidate
GLI3,1341,-7.362257192654341,,-7.362257192654341,2.476490503808968e-05,-7.362257192654341,0,,False,False,candidate
ZNF705A,1342,-7.368120457691787,,-7.368120457691787,4.031595819402123e-08,-7.368120457691787,0,,False,False,candidate
PCGF6,1343,-7.395778712986835,,-7.395778712986835,6.813408141168621e-07,-7.395778712986835,0,,False,False,candidate
TBX2,1344,-7.412888646202666,,-7.412888646202666,1.02666387214252e-06,-7.412888646202666,0,,False,False,candidate
FOXD3,1345,-7.417756889391206,,-7.417756889391206,2.005634386605404e-05,-7.417756889391206,0,,False,False,candidate
PAX9,1346,-7.419177208419846,,-7.419177208419846,4.5326845464751505e-05,-7.419177208419846,0,,False,False,candidate
FOXL1,1347,-7.427962556374452,,-7.427962556374452,5.512598920967691e-05,-7.427962556374452,0,,False,False,candidate
ZNF878,1348,-7.436641792002777,,-7.436641792002777,1.8776907847398632e-06,-7.436641792002777,0,,False,False,candidate
ZNF511,1349,-7.478723488154081,,-7.478723488154081,5.658546511453003e-06,-7.478723488154081,0,,False,False,candidate
DPF3,1350,-7.481990133692732,,-7.481990133692732,1.3034200838280736e-06,-7.481990133692732,0,,False,False,candidate
TCF4,1351,-7.484281188802342,-5.703981672169222,-4.13101893713438,3.695863319190862e-05,-7.484281188802342,0,,False,False,candidate
ETV7,1352,-7.487211502476911,,-7.487211502476911,1.1403377014989026e-06,-7.487211502476911,0,,False,False,candidate
SP7,1353,-7.512684565006482,,-7.512684565006482,3.5833063262986565e-05,-7.512684565006482,0,,False,False,candidate
TCF15,1354,-7.525765076359815,,-7.525765076359815,1.0428175780821725e-05,-7.525765076359815,0,,False,False,candidate
PITX2,1355,-7.534505370861575,,-7.534505370861575,1.0160994006320604e-05,-7.534505370861575,0,,False,False,candidate
ZNF732,1356,-7.541652747436135,,-7.541652747436135,1.9696113745372823e-08,-7.541652747436135,0,,False,False,candidate
ONECUT1,1357,-7.543215739076032,-4.412620789057527,-6.030383040631962,5.882502716972072e-05,-7.543215739076032,0,,False,False,candidate
OVOL1,1358,-7.558516373448622,,-7.558516373448622,5.7294398952775525e-06,-7.558516373448622,0,,False,False,candidate
DRAP1,1359,-7.5648818626577645,,-7.5648818626577645,6.261443600215843e-06,-7.5648818626577645,0,,False,False,candidate
CTCFL,1360,-7.567830721719588,-5.82304348118466,-3.89496301909632,0.0001608380983029,-7.567830721719588,0,,False,False,candidate
PHOX2A,1361,-7.583637977950043,,-7.583637977950043,4.3698632028085205e-06,-7.583637977950043,0,,False,False,candidate
ZNF365,1362,-7.608154726071642,,-7.608154726071642,1.259661001660052e-07,-7.608154726071642,0,,False,False,candidate
NEUROG1,1363,-7.611490592465182,,-7.611490592465182,1.5306627706228103e-05,-7.611490592465182,0,,False,False,candidate
SOX1,1364,-7.611628726231854,,-7.611628726231854,5.787304180365118e-06,-7.611628726231854,0,,False,False,candidate
AHRR,1365,-7.620974188745711,,-7.620974188745711,3.0916740123968256e-08,-7.620974188745711,0,,False,False,candidate
ZBED2,1366,-7.6517824475757035,,-7.6517824475757035,5.448806196960335e-06,-7.6517824475757035,0,,False,False,candidate
RUNX3,1367,-7.671941434214372,-6.178216208524214,-3.6396243068941945,3.063828226241018e-06,-7.671941434214372,0,,False,False,candidate
ZNF416,1368,-7.688836276086829,,-7.688836276086829,2.150600842988237e-05,-7.688836276086829,0,,False,False,candidate
ZNF541,1369,-7.718048336228129,,-7.718048336228129,1.012665940663318e-08,-7.718048336228129,0,,False,False,candidate
RXRG,1370,-7.790056286147429,,-7.790056286147429,3.073605321479131e-07,-7.790056286147429,0,,False,False,candidate
ZFP37,1371,-7.822988169984149,,-7.822988169984149,7.719310195504151e-08,-7.822988169984149,0,,False,False,candidate
HOXB5,1372,-7.832084309855496,,-7.832084309855496,1.777915477623128e-06,-7.832084309855496,0,,False,False,candidate
PAX6,1373,-7.834053788608062,-5.820452952395921,-5.070317410065188,2.7157713509784047e-05,-7.834053788608062,0,,False,False,candidate
DBX2,1374,-7.840477072261308,,-7.840477072261308,1.1713226367342026e-05,-7.840477072261308,0,,False,False,candidate
MEOX2,1375,-7.851596867440653,,-7.851596867440653,9.57667389601563e-06,-7.851596867440653,0,,False,False,candidate
MTERF3,1376,-7.8720305977434135,,-7.8720305977434135,3.237248241645511e-08,-7.8720305977434135,0,,False,False,candidate
ZNF146,1377,-7.880228851040439,,-7.880228851040439,8.552607248473963e-06,-7.880228851040439,0,,False,False,candidate
FOXE3,1378,-7.897470713397308,,-7.897470713397308,2.0401725178507748e-05,-7.897470713397308,0,,False,False,candidate
ZNF521,1379,-7.901970130758971,,-7.901970130758971,2.426280320927706e-07,-7.901970130758971,0,,False,False,candidate
ZNF57,1380,-7.9282494759951465,,-7.9282494759951465,1.5895545181099715e-06,-7.9282494759951465,0,,False,False,candidate
PAX3,1381,-8.00786300691704,,-8.00786300691704,1.683603458300204e-05,-8.00786300691704,0,,False,False,candidate
ZNF256,1382,-8.019515259210047,,-8.019515259210047,1.911542977905436e-05,-8.019515259210047,0,,False,False,candidate
E2F8,1383,-8.081778795556817,,-8.081778795556817,2.166777543920055e-06,-8.081778795556817,0,,False,False,candidate
POU2F3,1384,-8.088165656867874,,-8.088165656867874,1.2255800091221377e-06,-8.088165656867874,0,,False,False,candidate
HOXA9,1385,-8.09726470644468,-5.096821758994872,-6.09308812268563,3.2152200523964733e-06,-8.09726470644468,0,,False,False,candidate
SALL3,1386,-8.131854359854358,,-8.131854359854358,4.807898685579781e-06,-8.131854359854358,0,,False,False,candidate
ALX4,1387,-8.138305281959042,,-8.138305281959042,1.479640038246474e-07,-8.138305281959042,0,,False,False,candidate
TSHZ3,1388,-8.160836053645395,,-8.160836053645395,1.2954188133432394e-06,-8.160836053645395,0,,False,False,candidate
TAL1,1389,-8.166298469768437,-6.764761631624988,-3.6150788519548116,5.0636688397714674e-05,-8.166298469768437,0,,False,False,candidate
NEUROG2,1390,-8.166488489934627,,-8.166488489934627,2.8928448647072833e-05,-8.166488489934627,0,,False,False,candidate
MTF2,1391,-8.184818822704583,-6.320136742729016,-2.3097850292113566,1.4466590082969662e-09,-8.184818822704583,0,,False,False,candidate
TLX1,1392,-8.188759255832151,,-8.188759255832151,4.188752978350979e-07,-8.188759255832151,0,,False,False,candidate
SOX17,1393,-8.192091678191982,-5.356459322796953,-5.9295380993907,3.555306034763119e-07,-8.192091678191982,0,,False,False,candidate
PRRX1,1394,-8.20031008152802,,-8.20031008152802,3.132141435417125e-06,-8.20031008152802,0,,False,False,candidate
LEF1,1395,-8.211224722523166,-4.714794256040843,-6.5827839177288965,4.3698632028085205e-06,-8.211224722523166,0,,False,False,candidate
HOXD9,1396,-8.21795561719996,,-8.21795561719996,2.593847517769038e-07,-8.21795561719996,0,,False,False,candidate
MEOX1,1397,-8.220667277791955,,-8.220667277791955,6.3275071143456345e-06,-8.220667277791955,0,,False,False,candidate
FOXF2,1398,-8.259142138153504,,-8.259142138153504,2.626642220201234e-07,-8.259142138153504,0,,False,False,candidate
HAND1,1399,-8.27222157457105,,-8.27222157457105,1.3434646300355722e-06,-8.27222157457105,0,,False,False,candidate
FOXE1,1400,-8.32454434198252,,-8.32454434198252,2.2898007441515407e-07,-8.32454434198252,0,,False,False,candidate
LHX6,1401,-8.325695272027831,,-8.325695272027831,8.772326755463164e-08,-8.325695272027831,0,,False,False,candidate
ELK1,1402,-8.331056024312765,-6.9170683104033035,-1.6577795224230027,8.514184335667383e-06,-8.331056024312765,0,,False,False,candidate
MAF,1403,-8.352445094439043,-3.6060736117674494,-7.657123226687075,2.210395947844226e-06,-8.352445094439043,0,,False,False,candidate
ASCL2,1404,-8.369711051006398,,-8.369711051006398,5.720487375714825e-07,-8.369711051006398,0,,False,False,candidate
ALX1,1405,-8.387943266820447,,-8.387943266820447,3.782056350223503e-09,-8.387943266820447,0,,False,False,candidate
MSC,1406,-8.388324547350814,,-8.388324547350814,6.813408141168621e-07,-8.388324547350814,0,,False,False,candidate
PCGF2,1407,-8.402743613284333,-7.144629198187177,-3.45126544253787,3.0136162211377346e-11,-8.402743613284333,0,,False,False,candidate
RARG,1408,-8.432657434608847,-3.1057213994503603,-7.756348750112792,4.440055292994909e-06,-8.432657434608847,0,,False,False,candidate
AR,1409,-8.435111172961419,-6.456570407467835,-4.817862492251594,2.163317598230939e-06,-8.435111172961419,0,,False,False,candidate
E2F2,1410,-8.472176226940158,,-8.472176226940158,3.171633624748779e-08,-8.472176226940158,0,,False,False,candidate
DUXA,1411,-8.474750940996964,,-8.474750940996964,2.6182409553764365e-06,-8.474750940996964,0,,False,False,candidate
SMAD3,1412,-8.47557719387456,-6.658509295278482,-3.943904539013021,1.401594102153011e-07,-8.47557719387456,0,,False,False,candidate
ELK4,1413,-8.484926310745456,-6.654473606302355,-2.8132887557645767,1.4748997666037634e-06,-8.484926310745456,0,,False,False,candidate
ZNF92,1414,-8.53411161047044,-6.004921543041932,-5.479997999803367,3.0627911451136216e-08,-8.53411161047044,0,,False,False,candidate
NKRF,1415,-8.540372457786345,,-8.540372457786345,3.1574060156075794e-08,-8.540372457786345,0,,False,False,candidate
TCF23,1416,-8.559870315150423,,-8.559870315150423,2.9392646609143258e-08,-8.559870315150423,0,,False,False,candidate
HOXA2,1417,-8.562625834511621,,-8.562625834511621,2.8442055259290624e-06,-8.562625834511621,0,,False,False,candidate
DMBX1,1418,-8.586131104479108,,-8.586131104479108,3.900918866053904e-09,-8.586131104479108,0,,False,False,candidate
FOXS1,1419,-8.612301159678287,,-8.612301159678287,2.311704667214194e-06,-8.612301159678287,0,,False,False,candidate
MYBL1,1420,-8.621402210164213,-2.437991522548145,-8.116749094297868,1.5190053886416988e-08,-8.621402210164213,0,,False,False,candidate
ZNF263,1421,-8.623659046318597,-6.708630506928892,-4.723684750363826,2.901999592438187e-05,-8.623659046318597,0,,False,False,candidate
PKNOX2,1422,-8.640449347045754,,-8.640449347045754,3.900918866053904e-09,-8.640449347045754,0,,False,False,candidate
HOXB7,1423,-8.71519592251988,-7.068873555037036,-4.193580392182305,8.281753593705098e-09,-8.71519592251988,0,,False,False,candidate
GLI1,1424,-8.76717469709151,,-8.76717469709151,2.4569172300553427e-08,-8.76717469709151,0,,False,False,candidate
DLX3,1425,-8.770006960450303,,-8.770006960450303,1.0755499719370573e-07,-8.770006960450303,0,,False,False,candidate
ZNF215,1426,-8.800136057538381,,-8.800136057538381,4.087660506037625e-07,-8.800136057538381,0,,False,False,candidate
SOX10,1427,-8.808063103758336,-4.9351403395439934,-7.259068811270181,6.5905218334351434e-06,-8.808063103758336,0,,False,False,candidate
ZFP57,1428,-8.817881800383558,,-8.817881800383558,4.546142782487052e-09,-8.817881800383558,0,,False,False,candidate
BNC2,1429,-8.850130718380438,,-8.850130718380438,1.0937177398709375e-07,-8.850130718380438,0,,False,False,candidate
HOXD4,1430,-8.85807317191827,,-8.85807317191827,1.1743100520950108e-06,-8.85807317191827,0,,False,False,candidate
TFAP2B,1431,-8.875038927768147,,-8.875038927768147,1.5747488300520343e-09,-8.875038927768147,0,,False,False,candidate
SIM2,1432,-8.880808724860083,,-8.880808724860083,6.316035722079074e-09,-8.880808724860083,0,,False,False,candidate
ZIC5,1433,-8.882202384891645,,-8.882202384891645,4.62430111027581e-08,-8.882202384891645,0,,False,False,candidate
SP8,1434,-8.945921358395285,,-8.945921358395285,5.45218575429352e-09,-8.945921358395285,0,,False,False,candidate
OTX2,1435,-8.981530916798803,-5.4550224501381965,-6.9786117428005365,5.640959062590602e-07,-8.981530916798803,0,,False,False,candidate
ZSCAN10,1436,-9.009058522089205,,-9.009058522089205,7.23855167956877e-08,-9.009058522089205,0,,False,False,candidate
ZNF436,1437,-9.039710015133485,,-9.039710015133485,1.176060476723955e-10,-9.039710015133485,0,,False,False,candidate
TBX18,1438,-9.04128123506897,,-9.04128123506897,4.6576772331524027e-07,-9.04128123506897,0,,False,False,candidate
MSGN1,1439,-9.075369993692574,,-9.075369993692574,8.552846504190253e-10,-9.075369993692574,0,,False,False,candidate
RBPJL,1440,-9.081107043910208,,-9.081107043910208,1.0150404698230956e-07,-9.081107043910208,0,,False,False,candidate
POU3F2,1441,-9.1154231671742,-6.64335172594877,-5.1996788879911655,1.9803118547701194e-10,-9.1154231671742,0,,False,False,candidate
NFYB,1442,-9.123321255227138,-6.222820523693624,-6.651776070558277,8.192004169016053e-07,-9.123321255227138,0,,False,False,candidate
ZFP92,1443,-9.19148526965588,,-9.19148526965588,2.011581783205585e-09,-9.19148526965588,0,,False,False,candidate
MYNN,1444,-9.25153697330037,-6.826079700021474,-3.5891011749000574,2.5132740659683e-10,-9.25153697330037,0,,False,False,candidate
NOTO,1445,-9.251691273665317,,-9.251691273665317,1.6212176155209801e-07,-9.251691273665317,0,,False,False,candidate
HMGA1,1446,-9.264281299731758,,-9.264281299731758,4.0184672176551954e-08,-9.264281299731758,0,,False,False,candidate
LHX2,1447,-9.355721123154668,-6.20696189612517,-6.482887742836306,9.72336403007543e-09,-9.355721123154668,0,,False,False,candidate
ISL2,1448,-9.406448510483951,,-9.406448510483951,1.453235225094981e-09,-9.406448510483951,0,,False,False,candidate
TBX20,1449,-9.45061108826594,,-9.45061108826594,7.129605258735351e-07,-9.45061108826594,0,,False,False,candidate
ZNF488,1450,-9.49034027172797,,-9.49034027172797,4.252641575691418e-13,-9.49034027172797,0,,False,False,candidate
HOXA10,1451,-9.539523630584108,,-9.539523630584108,1.5707104011110306e-10,-9.539523630584108,0,,False,False,candidate
HOXC9,1452,-9.560324842193712,-6.59455014284238,-6.138040370013667,2.5428777474907303e-10,-9.560324842193712,0,,False,False,candidate
POU5F1,1453,-9.598117747285427,-7.030089550175302,-6.154350138651218,1.6192831434435516e-08,-9.598117747285427,0,,False,False,candidate
DMRT1,1454,-9.632747309006428,-6.598761610724754,-4.804210551209694,2.5428777474907303e-10,-9.632747309006428,0,,False,False,candidate
HOXB13,1455,-9.68308795007872,-6.284131164306412,-7.010597865558728,6.330091572007121e-09,-9.68308795007872,0,,False,False,candidate
TERF1,1456,-9.749251833261887,-3.4604665453569186,-9.124366432811184,3.1485459897303184e-07,-9.749251833261887,0,,False,False,candidate
RFX5,1457,-9.750902650443061,-7.893102271535583,-3.7297200577196468,8.832440047021401e-10,-9.750902650443061,0,,False,False,candidate
NANOG,1458,-9.764771562612784,-8.407977724310786,-4.534699990810154,5.95174969107648e-10,-9.764771562612784,0,,False,False,candidate
TBX6,1459,-9.777142416376696,,-9.777142416376696,6.653693074243647e-10,-9.777142416376696,0,,False,False,candidate
SOX7,1460,-9.829228667295133,,-9.829228667295133,2.902041038118203e-10,-9.829228667295133,0,,False,False,candidate
CDX1,1461,-9.904905807358949,,-9.904905807358949,4.4471242496146134e-08,-9.904905807358949,0,,False,False,candidate
SOX11,1462,-9.91541392856334,-7.403236747266594,-6.208398599586904,1.5072549361734912e-07,-9.91541392856334,0,,False,False,candidate
TGIF2,1463,-10.046690154477268,-4.444685150226976,-9.031409115487982,3.782056350223503e-09,-10.046690154477268,0,,False,False,candidate
ZNF492,1464,-10.267256964624812,,-10.267256964624812,2.335590067525746e-12,-10.267256964624812,0,,False,False,candidate
DLX1,1465,-10.278377106215867,,-10.278377106215867,1.8874809315784338e-10,-10.278377106215867,0,,False,False,candidate
TFDP1,1466,-10.296757696885074,-2.944898531199335,-9.643217329877846,2.0833377807971516e-08,-10.296757696885074,0,,False,False,candidate
PRDM14,1467,-10.324082207911411,-7.645198756286082,-6.375659552272718,2.176779552078597e-08,-10.324082207911411,0,,False,False,candidate
IRF6,1468,-10.329360620990268,,-10.329360620990268,1.0258060801810829e-08,-10.329360620990268,0,,False,False,candidate
ASCL1,1469,-10.34843933934339,-7.197627678460369,-6.595719112414921,2.5207886756605256e-11,-10.34843933934339,0,,False,False,candidate
DLX5,1470,-10.349105990746583,,-10.349105990746583,1.957593857140729e-11,-10.349105990746583,0,,False,False,candidate
TWIST1,1471,-10.365636295816316,-6.708037825490621,-7.557519677927831,5.164594205522118e-10,-10.365636295816316,0,,False,False,candidate
ZNF385A,1472,-10.37880536827188,,-10.37880536827188,3.576783912964513e-12,-10.37880536827188,0,,False,False,candidate
PRDM13,1473,-10.405671248852693,,-10.405671248852693,2.1060831563582115e-09,-10.405671248852693,0,,False,False,candidate
KLF8,1474,-10.406908797624174,,-10.406908797624174,1.7810514487183325e-12,-10.406908797624174,0,,False,False,candidate
ZNF560,1475,-10.51400400717421,,-10.51400400717421,1.0592405643940171e-10,-10.51400400717421,0,,False,False,candidate
E2F7,1476,-10.543141793751449,-2.978527280781738,-9.33945804599101,3.142103991204591e-07,-10.543141793751449,0,,False,False,candidate
ATF1,1477,-10.549831989999893,-8.003816309507407,-6.404439038059778,2.169727684926865e-09,-10.549831989999893,0,,False,False,candidate
ETV1,1478,-10.602600728521807,-7.502568660436982,-6.079074686931202,3.003802345166772e-12,-10.602600728521807,0,,False,False,candidate
ETV4,1479,-10.711348742245265,-5.267176055041459,-9.326340387715655,7.41115899681993e-07,-10.711348742245265,0,,False,False,candidate
SALL1,1480,-10.712028772914913,-2.8362195025027668,-10.022420813715204,1.051794585059138e-09,-10.712028772914913,0,,False,False,candidate
FOXP3,1481,-10.773747298103203,-8.06314678523932,-4.708074449939015,6.779440423081896e-15,-10.773747298103203,0,,False,False,candidate
NFE2L2,1482,-10.78528646891282,-6.79675813988051,-8.376895317574668,4.604437385354742e-09,-10.78528646891282,0,,False,False,candidate
ZNF695,1483,-10.832401492460201,,-10.832401492460201,2.1401770852120056e-10,-10.832401492460201,0,,False,False,candidate
ZNF367,1484,-10.855862587827449,,-10.855862587827449,2.0447262861774356e-10,-10.855862587827449,0,,False,False,candidate
CBX2,1485,-10.908056870959337,-7.560857788208967,-7.607777580786089,6.528500536235914e-08,-10.908056870959337,0,,False,False,candidate
ETS1,1486,-10.932105072899878,-8.930323947416634,-5.015771473199265,1.3464886657953444e-08,-10.932105072899878,0,,False,False,candidate
CEBPZ,1487,-11.114224533771802,-2.7875521065895223,-9.825446498386162,1.265916473283466e-08,-11.114224533771802,0,,False,False,candidate
PAX5,1488,-11.133569484624307,-8.872765453040241,-5.921666518576012,2.5690231461081778e-11,-11.133569484624307,0,,False,False,candidate
TET1,1489,-11.158407949125754,-8.508280344223268,-3.371341478926888,2.4874956132518133e-16,-11.158407949125754,0,,False,False,candidate
ZNF750,1490,-11.176248151712095,-4.019848179565249,-10.29788254283762,1.91189709254022e-09,-11.176248151712095,0,,False,False,candidate
ZFP42,1491,-11.31427195699603,-7.662392405370888,-8.179332025926774,1.414382836503998e-13,-11.31427195699603,0,,False,False,candidate
BCL11A,1492,-11.320712003159827,-7.202106444259107,-8.728205391383886,5.8116409977598434e-09,-11.320712003159827,0,,False,False,candidate
ZNF519,1493,-11.400276912692846,,-11.400276912692846,4.5040698937467877e-14,-11.400276912692846,0,,False,False,candidate
BCL11B,1494,-11.424202701933124,,-11.424202701933124,4.669397173156243e-15,-11.424202701933124,0,,False,False,candidate
EBF1,1495,-11.479297464692197,-8.771233491849383,-6.789060907193972,8.832440047021401e-10,-11.479297464692197,0,,False,False,candidate
BHLHE22,1496,-11.593619861710254,-9.093644129504804,-4.00567724407997,1.3791450551880097e-17,-11.593619861710254,0,,False,False,candidate
PA2G4,1497,-11.683930192043993,,-11.683930192043993,6.9920603991916016e-15,-11.683930192043993,0,,False,False,candidate
FOXI3,1498,-11.698528877831341,,-11.698528877831341,4.5601867973532946e-18,-11.698528877831341,0,,False,False,candidate
NR0B1,1499,-11.720155246941133,-8.609888977452783,-6.029347619431636,1.1335361888674189e-16,-11.720155246941133,0,,False,False,candidate
CENPA,1500,-11.734877620018093,,-11.734877620018093,4.669397173156243e-15,-11.734877620018093,0,,False,False,candidate
ZFP64,1501,-11.800538753811056,,-11.800538753811056,2.493614974172484e-15,-11.800538753811056,0,,False,False,candidate
PRMT3,1502,-11.8496795311261,,-11.8496795311261,1.5832386029159345e-12,-11.8496795311261,0,,False,False,candidate
PGR,1503,-11.947450330021788,-8.016979621255645,-8.35170518609867,1.0404201010914953e-13,-11.947450330021788,0,,False,False,candidate
POU3F1,1504,-11.95932990023001,-6.678418738091649,-9.786018945013032,2.558162049237364e-11,-11.95932990023001,0,,False,False,candidate
IRX4,1505,-12.08268819364951,,-12.08268819364951,1.2593204210399901e-12,-12.08268819364951,0,,False,False,candidate
ESRRB,1506,-12.359166862948534,-8.265212825016308,-8.564464515477866,1.5438635606106917e-15,-12.359166862948534,0,,False,False,candidate
SNAI2,1507,-12.587153835836038,-7.786821419714873,-9.584778229099992,3.9580397019898906e-13,-12.587153835836038,0,,False,False,candidate
SOX15,1508,-13.061885423120724,,-13.061885423120724,1.1539706911193461e-14,-13.061885423120724,0,,False,False,candidate
MAX,1509,-13.131713267653694,-10.486459793950166,-5.014162000409385,5.442256658385205e-17,-13.131713267653694,0,,False,False,candidate
E2F4,1510,-13.163546161012974,-10.554692524563679,-6.174596751764233,2.467668840740319e-12,-13.163546161012974,0,,False,False,candidate
GATA4,1511,-13.392935540334921,-10.246271284453279,-8.177608298123047,1.8035437823350632e-15,-13.392935540334921,0,,False,False,candidate
TP53,1512,-13.45483755375606,-10.409348805060517,-7.968770601275706,5.688259997462338e-16,-13.45483755375606,0,,False,False,candidate
GRHL3,1513,-13.509053348817956,,-13.509053348817956,4.0037430699739036e-14,-13.509053348817956,0,,False,False,candidate
KLF5,1514,-13.712526166172244,-9.362912084362605,-9.99373617258422,4.955486492765486e-14,-13.712526166172244,0,,False,False,candidate
TFAP2A,1515,-13.729382361628545,-10.174843760311676,-9.188069498151942,2.6915872031392988e-11,-13.729382361628545,0,,False,False,candidate
MYBL2,1516,-14.096458408616162,-9.329649319552834,-10.544238341168647,8.086524796184171e-10,-14.096458408616162,0,,False,False,candidate
BNC1,1517,-14.207218151450116,,-14.207218151450116,5.2639216535131326e-20,-14.207218151450116,0,,False,False,candidate
TEAD4,1518,-14.28387599907457,-12.002387422913085,-6.353408734166662,1.6827599508741488e-15,-14.28387599907457,0,,False,False,candidate
E2F6,1519,-14.407831593993869,-11.50310446323462,-7.337987677235419,3.3085863264389737e-20,-14.407831593993869,0,,False,False,candidate
NEUROD2,1520,-14.495290484628747,-10.771878607935644,-5.938289958931315,1.8110440106157104e-25,-14.495290484628747,0,,False,False,candidate
FOXN1,1521,-14.534113399924726,,-14.534113399924726,2.068696752918283e-18,-14.534113399924726,0,,False,False,candidate
PPARG,1522,-14.701342921358801,-11.706559435511162,-7.58944992798356,1.1146495996770384e-20,-14.701342921358801,0,,False,False,candidate
MYCN,1523,-14.865760069752604,-11.615101264130994,-8.462020552921794,2.4905670946139466e-19,-14.865760069752604,0,,False,False,candidate
GATA3,1524,-14.990656535252155,-11.452395513960418,-9.543738047611258,9.829311711719131e-12,-14.990656535252155,0,,False,False,candidate
ERG,1525,-15.002049418726692,-11.855578511453364,-8.12136838278505,1.0682544044311379e-17,-15.002049418726692,0,,False,False,candidate
E2F1,1526,-15.913326269573892,-12.058436909310636,-10.301443197866412,2.548374102725223e-16,-15.913326269573892,0,,False,False,candidate
ARID3A,1527,-16.01888886637246,-12.960012758107775,-5.737612508731008,3.843511487096406e-25,-16.01888886637246,0,,False,False,candidate
KLF1,1528,-16.3359511130072,-12.82949007469273,-8.693941118047778,7.7789158844459e-24,-16.3359511130072,0,,False,False,candidate
FOXM1,1529,-17.226213592951847,-12.901493476951902,-11.29206495015421,6.475716830918492e-15,-17.226213592951847,0,,False,False,candidate
MYC,1530,-17.572942135431155,-14.781943029544161,-8.408919976765294,2.6647207179602175e-20,-17.572942135431155,0,,False,False,candidate
SRY,1531,-17.631704291344914,-12.446494624036802,-9.447821256136082,7.549695667614564e-34,-17.631704291344914,0,,False,False,candidate
WT1,1532,-20.615518828656466,-14.945712305746742,-10.742805446346003,2.5746351884414888e-48,-20.615518828656466,0,,False,False,candidate
TP63,1533,-22.10568256220882,-16.066400580407855,-14.88892232217304,1.1135707731525609e-35,-22.10568256220882,0,,False,False,candidate
