tf,contrast,method,nes,n_networks,fdr
ADNP,basal_to_ciliated,viper,2.583923247765192,4.0,0.1212185151454835
ADNP,basal_to_club,viper,-1.6540544752607051,4.0,0.4539923529352269
ADNP,basal_to_goblet,viper,-4.151674349954594,4.0,0.0552639827531289
ADNP2,basal_to_ciliated,viper,-2.72776551212308,3.0,0.0613383366705555
ADNP2,basal_to_club,viper,-3.270851981700891,3.0,0.0570522800081605
ADNP2,basal_to_goblet,viper,-4.270017383585107,3.0,0.0084107479235791
AEBP1,basal_to_ciliated,viper,-7.979837276169446,2.0,5.257343645444912e-08
AEBP1,basal_to_club,viper,-6.903244253663287,2.0,4.756115409888907e-06
AEBP1,basal_to_goblet,viper,-7.945800031648908,2.0,6.552076059080909e-08
AEBP2,basal_to_ciliated,viper,-1.7855575843125384,3.0,0.314829124307392
AEBP2,basal_to_club,viper,-1.957388594060062,3.0,0.3509719159117181
AEBP2,basal_to_goblet,viper,-3.064039223546331,3.0,0.0681944037317534
AHCTF1,basal_to_ciliated,viper,4.8399112266454996,3.0,0.000628672451954
AHCTF1,basal_to_club,viper,0.12356355171301049,3.0,0.6033229745056177
AHCTF1,basal_to_goblet,viper,-2.207220622381709,3.0,0.2004897750815805
AHDC1,basal_to_ciliated,viper,-0.2979090337623475,3.0,0.1063273644181058
AHDC1,basal_to_club,viper,-5.486321545334109,3.0,0.0004533123858678
AHDC1,basal_to_goblet,viper,-5.056377048929434,3.0,0.0008602992098488
AHR,basal_to_ciliated,viper,-6.600958085317827,5.0,0.0011522067759168
AHR,basal_to_club,viper,3.3395730567414157,5.0,0.1494788910373082
AHR,basal_to_goblet,viper,-1.8821330226972783,5.0,0.1738331345583319
AHRR,basal_to_ciliated,viper,-3.7519037807677087,2.0,0.0129808951296094
AHRR,basal_to_club,viper,-7.620974188745711,2.0,3.0916740123968256e-08
AHRR,basal_to_goblet,viper,-8.533144919352063,2.0,8.43967825626482e-09
AIRE,basal_to_ciliated,viper,-5.295726954186439,3.0,0.0013023046445875
AIRE,basal_to_club,viper,-6.214959469664365,3.0,1.910977542136808e-05
AIRE,basal_to_goblet,viper,-4.570585873939772,3.0,0.0024202196270488
AKAP8,basal_to_ciliated,viper,-0.7964138293948878,3.0,0.1458278293144606
AKAP8,basal_to_club,viper,-4.527286096002049,3.0,0.0083946220923674
AKAP8,basal_to_goblet,viper,-4.860124274833409,3.0,0.0021584161866267
AKAP8L,basal_to_ciliated,viper,3.436523478810626,3.0,0.0118144467189853
AKAP8L,basal_to_club,viper,-0.4471822673611756,3.0,0.1943414440653203
AKAP8L,basal_to_goblet,viper,-2.0812786493680386,3.0,0.0874870672649412
AKNA,basal_to_ciliated,viper,7.6368456803082,3.0,2.8071330948434414e-05
AKNA,basal_to_club,viper,1.9507277608648068,3.0,0.3278183587090293
AKNA,basal_to_goblet,viper,2.308024655967839,3.0,0.2199344878131262
ALX1,basal_to_ciliated,viper,-1.6241764799427985,3.0,0.2759429360747147
ALX1,basal_to_club,viper,-8.387943266820447,3.0,3.782056350223503e-09
ALX1,basal_to_goblet,viper,-6.110522919561353,3.0,4.5791897180189606e-05
ALX3,basal_to_ciliated,viper,-5.347028091806556,3.0,0.0006775355864074
ALX3,basal_to_club,viper,-6.670894899497091,3.0,7.450099338985964e-06
ALX3,basal_to_goblet,viper,-4.587501376146755,3.0,0.0077088723631929
ALX4,basal_to_ciliated,viper,-3.0091766271328386,3.0,0.0467963686108132
ALX4,basal_to_club,viper,-8.138305281959042,3.0,1.479640038246474e-07
ALX4,basal_to_goblet,viper,-7.757547657064909,3.0,2.636879228770792e-06
ANKZF1,basal_to_ciliated,viper,5.403757128847649,3.0,0.0008205711460007
ANKZF1,basal_to_club,viper,1.4138033611754055,3.0,0.5868951035322054
ANKZF1,basal_to_goblet,viper,0.33687788797231166,3.0,0.8752298978219019
AR,basal_to_ciliated,viper,-16.82870422798983,5.0,7.401823476154129e-28
AR,basal_to_club,viper,-8.435111172961419,5.0,2.163317598230939e-06
AR,basal_to_goblet,viper,-15.632043648450214,5.0,6.805893741921467e-24
ARHGAP35,basal_to_ciliated,viper,0.22780832185383348,2.0,0.8608913209846194
ARHGAP35,basal_to_club,viper,2.8030479916604043,2.0,0.0403835652392385
ARHGAP35,basal_to_goblet,viper,1.3962852857560286,2.0,0.299546306919631
ARID2,basal_to_ciliated,viper,5.015120923083477,4.0,0.0030109912442347
ARID2,basal_to_club,viper,2.5840590876038694,4.0,0.1528417981900901
ARID2,basal_to_goblet,viper,0.6413420401126511,4.0,0.5565431145545837
ARID3A,basal_to_ciliated,viper,-17.491019930796284,5.0,6.883733562092765e-28
ARID3A,basal_to_club,viper,-16.01888886637246,5.0,3.843511487096406e-25
ARID3A,basal_to_goblet,viper,-17.168033284747963,5.0,1.3619489475196983e-27
ARID3B,basal_to_ciliated,viper,2.68689043115112,2.0,0.0453489700855824
ARID3B,basal_to_club,viper,-1.6290761841026422,2.0,0.3797934209455575
ARID3B,basal_to_goblet,viper,-2.0977197723690066,2.0,0.299546306919631
ARID5A,basal_to_ciliated,viper,-4.395951678447793,2.0,0.0050859944368611
ARID5A,basal_to_club,viper,-0.9054018792420121,2.0,0.7215612303440231
ARID5A,basal_to_goblet,viper,-1.0393904248474066,2.0,0.6195325496371074
ARID5B,basal_to_ciliated,viper,-8.38147375850015,3.0,1.567316565746108e-06
ARID5B,basal_to_club,viper,-4.364558776732963,3.0,0.0204600086037835
ARID5B,basal_to_goblet,viper,-5.657674212833646,3.0,0.0007888117218485
ARNT,basal_to_ciliated,viper,9.053365081104474,5.0,1.3042620969745076e-07
ARNT,basal_to_club,viper,2.4997403540480083,5.0,0.319627467776334
ARNT,basal_to_goblet,viper,1.0599941795010117,5.0,0.6168581384826377
ARNT2,basal_to_ciliated,viper,-2.4567206770483976,3.0,0.1223761624023774
ARNT2,basal_to_club,viper,-2.033744682821901,3.0,0.3136943554803748
ARNT2,basal_to_goblet,viper,-4.883530266879946,3.0,0.0032457300579936
ARX,basal_to_ciliated,viper,8.890308415477577,3.0,1.3201801821251551e-08
ARX,basal_to_club,viper,1.368400322402472,3.0,0.4526554177661128
ARX,basal_to_goblet,viper,1.2771363538313323,3.0,0.6240534699800444
ASCL1,basal_to_ciliated,viper,-9.977643142780325,4.0,6.721490449166515e-11
ASCL1,basal_to_club,viper,-10.34843933934339,4.0,2.5207886756605256e-11
ASCL1,basal_to_goblet,viper,-8.707991829067407,4.0,4.7228655103432515e-08
ASCL2,basal_to_ciliated,viper,-9.054925556794977,3.0,3.352671697206675e-09
ASCL2,basal_to_club,viper,-8.369711051006398,3.0,5.720487375714825e-07
ASCL2,basal_to_goblet,viper,-6.932266906203263,3.0,6.524895884673153e-05
ASCL3,basal_to_ciliated,viper,9.80366265037841,3.0,5.202771119280475e-10
ASCL3,basal_to_club,viper,-3.6808240211212193,3.0,0.0317854744427818
ASCL3,basal_to_goblet,viper,0.6833337585422765,3.0,0.3115556159174358
ASCL4,basal_to_ciliated,viper,-5.026995334380534,3.0,0.001237331006254
ASCL4,basal_to_club,viper,-6.402342482242019,3.0,3.5890539835977146e-05
ASCL4,basal_to_goblet,viper,-4.89148624147373,3.0,0.0030909374866227
ASCL5,basal_to_ciliated,viper,-1.221892098352102,2.0,0.4015875746489823
ASCL5,basal_to_club,viper,-4.772070390041212,2.0,0.0017371484033667
ASCL5,basal_to_goblet,viper,-4.928815225325364,2.0,0.0015316479768519
ASH1L,basal_to_ciliated,viper,1.345279432045553,3.0,0.3593133528732892
ASH1L,basal_to_club,viper,2.8174942692291074,3.0,0.1231761890424771
ASH1L,basal_to_goblet,viper,0.35051341236266037,3.0,0.6951818965455043
ATF1,basal_to_ciliated,viper,-6.229067051065137,5.0,0.0008176827372047
ATF1,basal_to_club,viper,-10.549831989999893,5.0,2.169727684926865e-09
ATF1,basal_to_goblet,viper,-11.110467495291921,5.0,5.254761427369222e-10
ATF2,basal_to_ciliated,viper,6.163673523564877,5.0,0.0001961686166679
ATF2,basal_to_club,viper,0.28617963585785494,5.0,0.3896045016896211
ATF2,basal_to_goblet,viper,-2.1918468957595043,5.0,0.2366106103850329
ATF3,basal_to_ciliated,viper,-7.810274668761573,6.0,0.0001050503021697
ATF3,basal_to_club,viper,-2.8700560857703277,6.0,0.1542037727678837
ATF3,basal_to_goblet,viper,-3.1911699432557667,6.0,0.2361455698445001
ATF4,basal_to_ciliated,viper,-8.339508177141571,4.0,8.413817179300528e-06
ATF4,basal_to_club,viper,-3.812707317377833,4.0,0.030908356007203
ATF4,basal_to_goblet,viper,-4.349806329285277,4.0,0.0104161515836827
ATF5,basal_to_ciliated,viper,-1.9196688780663116,3.0,0.0908646212621002
ATF5,basal_to_club,viper,-0.10224810995322502,3.0,0.2959213263235707
ATF5,basal_to_goblet,viper,3.025770636770235,3.0,0.1293957700346366
ATF6,basal_to_ciliated,viper,2.298376147278381,3.0,0.1441147814560357
ATF6,basal_to_club,viper,2.716103295900403,3.0,0.1190839198305875
ATF6,basal_to_goblet,viper,2.804498614652872,3.0,0.1551584810353478
ATF6B,basal_to_ciliated,viper,2.7163942537934633,2.0,0.0389729541618902
ATF6B,basal_to_club,viper,-0.5554797944904362,2.0,0.8419532149934617
ATF6B,basal_to_goblet,viper,-0.3040437479178636,2.0,0.8859496286115655
ATF7,basal_to_ciliated,viper,-6.753608009574927,4.0,2.8532125234950186e-06
ATF7,basal_to_club,viper,-2.392923127282844,4.0,0.0631313152073171
ATF7,basal_to_goblet,viper,-4.338341706912362,4.0,0.0181740457254378
ATMIN,basal_to_ciliated,viper,-4.886260052118384,3.0,0.0043194678266895
ATMIN,basal_to_club,viper,-0.07922133763628023,3.0,0.3635691450515505
ATMIN,basal_to_goblet,viper,-0.5146814035712404,3.0,0.3871906542612079
ATOH7,basal_to_ciliated,viper,-0.39500365803103193,3.0,0.7438844327316031
ATOH7,basal_to_club,viper,-4.824454526869042,3.0,0.0024051050869743
ATOH7,basal_to_goblet,viper,-2.6370010266746027,3.0,0.177918968012428
ATOH8,basal_to_ciliated,viper,-4.024230276412274,3.0,0.0311558192568355
ATOH8,basal_to_club,viper,0.486954899405055,3.0,0.8316507256481632
ATOH8,basal_to_goblet,viper,-2.398223465401867,3.0,0.2645011923979106
BACH1,basal_to_ciliated,viper,-2.2916698994025655,6.0,0.1189450418777691
BACH1,basal_to_club,viper,3.1838693912047256,6.0,0.0886732562225101
BACH1,basal_to_goblet,viper,1.8345404214664731,6.0,0.1095281735675938
BACH2,basal_to_ciliated,viper,-10.295143763197476,4.0,9.780658496651609e-11
BACH2,basal_to_club,viper,-7.192575124381709,4.0,8.9981481268735e-06
BACH2,basal_to_goblet,viper,-6.534851502446895,4.0,0.0001446644590084
BARHL1,basal_to_ciliated,viper,8.681813181336567,3.0,1.1014899897944988e-08
BARHL1,basal_to_club,viper,2.620497644326991,3.0,0.2045951446271646
BARHL1,basal_to_goblet,viper,2.384140886171489,3.0,0.2731239072769512
BARX1,basal_to_ciliated,viper,-6.981357205917607,3.0,3.957150046941525e-05
BARX1,basal_to_club,viper,-5.546723408422825,3.0,0.0017015045937494
BARX1,basal_to_goblet,viper,-5.000593428541227,3.0,0.0092923024898512
BARX2,basal_to_ciliated,viper,6.254216724500387,3.0,2.4007732775469012e-05
BARX2,basal_to_club,viper,-1.7613662034284048,3.0,0.4236909870065141
BARX2,basal_to_goblet,viper,-0.619562155595697,3.0,0.7452080653907994
BATF,basal_to_ciliated,viper,-6.3806617009902,5.0,0.0001933561208555
BATF,basal_to_club,viper,-0.08911230261671406,5.0,0.5539433541182788
BATF,basal_to_goblet,viper,0.9316749870077984,5.0,0.4849716851981005
BATF2,basal_to_ciliated,viper,0.25050904023769144,3.0,0.7510196901747422
BATF2,basal_to_club,viper,1.4892009192207247,3.0,0.4963878144997786
BATF2,basal_to_goblet,viper,3.6907068794607722,3.0,0.0894286751885072
BATF3,basal_to_ciliated,viper,2.74250842743822,3.0,0.0999542663519097
BATF3,basal_to_club,viper,1.3123815334960132,3.0,0.6084052885347038
BATF3,basal_to_goblet,viper,1.1262525556657974,3.0,0.6484928061870403
BAZ2A,basal_to_ciliated,viper,1.6355110628291116,3.0,0.3495217531428516
BAZ2A,basal_to_club,viper,2.5140886874649055,3.0,0.1589878284490134
BAZ2A,basal_to_goblet,viper,0.777397096566704,3.0,0.6820638878025618
BAZ2B,basal_to_ciliated,viper,4.055598284465096,3.0,0.0066459128859039
BAZ2B,basal_to_club,viper,1.9821247799234152,3.0,0.321540466172012
BAZ2B,basal_to_goblet,viper,0.6818099691050394,3.0,0.6867181543813966
BBX,basal_to_ciliated,viper,-0.7329933835978691,3.0,0.2550247436201098
BBX,basal_to_club,viper,-1.4740385354584842,3.0,0.5501486686937413
BBX,basal_to_goblet,viper,-1.480780084079902,3.0,0.5134587344260204
BCL11A,basal_to_ciliated,viper,-11.316093800555677,5.0,5.080119680708078e-09
BCL11A,basal_to_club,viper,-11.320712003159827,5.0,5.8116409977598434e-09
BCL11A,basal_to_goblet,viper,-10.303120382960579,5.0,1.7499537239252555e-06
BCL11B,basal_to_ciliated,viper,-9.31330404607463,3.0,9.785426348011674e-11
BCL11B,basal_to_club,viper,-11.424202701933124,3.0,4.669397173156243e-15
BCL11B,basal_to_goblet,viper,-9.972670030187807,3.0,1.81243273313815e-11
BCL6,basal_to_ciliated,viper,7.781864997798614,5.0,3.7002265178709897e-06
BCL6,basal_to_club,viper,2.0681250583734956,5.0,0.2768625023370079
BCL6,basal_to_goblet,viper,2.161097015164175,5.0,0.2452624593877637
BCL6B,basal_to_ciliated,viper,-4.280248147044939,3.0,0.0115000569941107
BCL6B,basal_to_club,viper,-6.367656112413927,3.0,0.0001632657600584
BCL6B,basal_to_goblet,viper,-5.796943829329427,3.0,0.0014194346542421
BHLHA15,basal_to_ciliated,viper,-1.6723109558784757,2.0,0.2873242094279324
BHLHA15,basal_to_club,viper,4.350436594101715,2.0,0.0092205994998521
BHLHA15,basal_to_goblet,viper,5.385018855053905,2.0,0.0013190681342786
BHLHE22,basal_to_ciliated,viper,-6.8488937161023395,3.0,5.816410730352503e-07
BHLHE22,basal_to_club,viper,-11.593619861710254,3.0,1.3791450551880097e-17
BHLHE22,basal_to_goblet,viper,-11.614917600495556,3.0,5.286814055028513e-16
BHLHE40,basal_to_ciliated,viper,-10.054921934200497,4.0,2.614993935573016e-10
BHLHE40,basal_to_club,viper,-3.565024948586454,4.0,0.0567926449505571
BHLHE40,basal_to_goblet,viper,-3.5347566091530584,4.0,0.0591230238274528
BHLHE41,basal_to_ciliated,viper,5.105998838945156,2.0,0.0003640511545305
BHLHE41,basal_to_club,viper,0.7721392618350675,2.0,0.7082452614538031
BHLHE41,basal_to_goblet,viper,1.015729826304702,2.0,0.6670942367328536
BNC1,basal_to_ciliated,viper,-12.796648752355063,3.0,9.019731429243684e-17
BNC1,basal_to_club,viper,-14.207218151450116,3.0,5.2639216535131326e-20
BNC1,basal_to_goblet,viper,-11.690290072446388,3.0,2.174276661366645e-13
BNC2,basal_to_ciliated,viper,-4.907493301537337,3.0,0.0015106927083468
BNC2,basal_to_club,viper,-8.850130718380438,3.0,1.0937177398709375e-07
BNC2,basal_to_goblet,viper,-8.117681278402769,3.0,4.9962567704360666e-06
BPTF,basal_to_ciliated,viper,3.582969331482805,2.0,0.0189755085397898
BPTF,basal_to_club,viper,1.2524030103653938,2.0,0.5317977384725214
BPTF,basal_to_goblet,viper,-1.7139123422042999,2.0,0.3158162366882903
BRF2,basal_to_ciliated,viper,-4.6016212152064,3.0,0.0034792147150849
BRF2,basal_to_club,viper,-5.900166795007934,3.0,0.0011530800471318
BRF2,basal_to_goblet,viper,-4.227651987320343,3.0,0.0134582043362625
CAMTA1,basal_to_ciliated,viper,-4.278342479385126,3.0,0.0024680136077833
CAMTA1,basal_to_club,viper,-4.423458277220287,3.0,0.0022064890544311
CAMTA1,basal_to_goblet,viper,-3.799508706081103,3.0,0.0104690109766046
CAMTA2,basal_to_ciliated,viper,-3.515580022449696,3.0,0.0221371918042904
CAMTA2,basal_to_club,viper,-0.47760605366915265,3.0,0.6360209784421424
CAMTA2,basal_to_goblet,viper,-1.7422508648958164,3.0,0.3045524030464334
CARF,basal_to_ciliated,viper,7.832405324835566,2.0,3.24780910133896e-09
CARF,basal_to_club,viper,0.7792389582760031,2.0,0.7732415353848121
CARF,basal_to_goblet,viper,-1.4263580488677952,2.0,0.4955818182437208
CASZ1,basal_to_ciliated,viper,7.572701016085495,3.0,2.7863917092065156e-07
CASZ1,basal_to_club,viper,3.901160203251521,3.0,0.0207993884758835
CASZ1,basal_to_goblet,viper,4.409993830088413,3.0,0.0091122225584322
CBLL2,basal_to_ciliated,viper,-4.620667590944678,3.0,0.0018203259796951
CBLL2,basal_to_club,viper,-5.219759892943634,2.0,6.230043445185791e-05
CBLL2,basal_to_goblet,viper,-4.80534495776024,3.0,0.001168560728692
CBX2,basal_to_ciliated,viper,-13.020615913956606,5.0,1.423730357841992e-12
CBX2,basal_to_club,viper,-10.908056870959337,5.0,6.528500536235914e-08
CBX2,basal_to_goblet,viper,-11.542173138118397,5.0,5.2775772530731034e-08
CC2D1A,basal_to_ciliated,viper,2.2810295797983287,2.0,0.1157228949210592
CC2D1A,basal_to_club,viper,1.3500863807272108,2.0,0.4876643409679599
CC2D1A,basal_to_goblet,viper,1.3798092436440712,2.0,0.4995448737918196
CCDC17,basal_to_ciliated,viper,28.564445757194747,2.0,2.504988316756665e-95
CCDC17,basal_to_club,viper,1.7056480207280673,2.0,0.3842572970409339
CCDC17,basal_to_goblet,viper,8.379170790465576,2.0,1.0554838116453505e-08
CDC5L,basal_to_ciliated,viper,1.6663920747779684,3.0,0.3532965123115661
CDC5L,basal_to_club,viper,-4.28664911929837,3.0,0.0054865786249694
CDC5L,basal_to_goblet,viper,-4.00790193523514,3.0,0.0100141946462501
CDX1,basal_to_ciliated,viper,-8.958884350807597,3.0,1.311251395465936e-06
CDX1,basal_to_club,viper,-9.904905807358949,3.0,4.4471242496146134e-08
CDX1,basal_to_goblet,viper,-8.579058499884297,3.0,3.948325396544215e-06
CEBPA,basal_to_ciliated,viper,-4.896054480372149,5.0,0.0067168207150385
CEBPA,basal_to_club,viper,-5.960896801453711,5.0,0.0019945295156587
CEBPA,basal_to_goblet,viper,-8.69050882035534,5.0,2.099595808238332e-06
CEBPB,basal_to_ciliated,viper,-6.879670848494658,6.0,0.0009800139596279
CEBPB,basal_to_club,viper,-3.0564741197914076,6.0,0.1369224175978531
CEBPB,basal_to_goblet,viper,-4.260628284406095,6.0,0.063492013727968
CEBPD,basal_to_ciliated,viper,-8.534402985805153,5.0,8.994025380347918e-07
CEBPD,basal_to_club,viper,-3.3786715470012965,5.0,0.0909922956919871
CEBPD,basal_to_goblet,viper,-4.853477705902676,5.0,0.00961408731438
CEBPE,basal_to_ciliated,viper,-6.833958249929049,3.0,1.46164160368138e-05
CEBPE,basal_to_club,viper,-5.731482058879018,3.0,0.0001638920908046
CEBPE,basal_to_goblet,viper,-5.337215397906823,3.0,0.0003645540606605
CEBPG,basal_to_ciliated,viper,5.336079927328851,4.0,0.0006557996912515
CEBPG,basal_to_club,viper,-4.327223293371449,4.0,0.0198763974750484
CEBPG,basal_to_goblet,viper,-4.149883209985245,4.0,0.0327508048956577
CEBPZ,basal_to_ciliated,viper,-9.009314605627736,5.0,1.0387785292921706e-05
CEBPZ,basal_to_club,viper,-11.114224533771802,5.0,1.265916473283466e-08
CEBPZ,basal_to_goblet,viper,-11.931748106129513,5.0,9.582484982664094e-10
CENPA,basal_to_ciliated,viper,-9.320425912215592,2.0,4.5449788870669866e-10
CENPA,basal_to_club,viper,-11.734877620018093,2.0,4.669397173156243e-15
CENPA,basal_to_goblet,viper,-12.382156376805431,2.0,1.3983631960234645e-15
CENPB,basal_to_ciliated,viper,-1.3231825114484872,3.0,0.1784501513311767
CENPB,basal_to_club,viper,0.34358131669684056,3.0,0.1733973906899709
CENPB,basal_to_goblet,viper,2.078746990424721,3.0,0.1098299605166125
CENPS,basal_to_ciliated,viper,17.168302758039445,2.0,2.6558805950443704e-32
CENPS,basal_to_club,viper,-5.910417267992183,2.0,4.4896159006304846e-05
CENPS,basal_to_goblet,viper,-2.6321843138760523,2.0,0.0118409156605952
CENPT,basal_to_ciliated,viper,-4.379908172846297,3.0,0.0068808500577446
CENPT,basal_to_club,viper,-5.470649429458844,3.0,0.0002917999930868
CENPT,basal_to_goblet,viper,-5.547800299200355,3.0,0.0001575702924258
CENPX,basal_to_ciliated,viper,-7.86914175273015,1.0,1.342209233088421e-13
CENPX,basal_to_club,viper,-2.701876691854624,1.0,0.0344514486924838
CENPX,basal_to_goblet,viper,-1.189192897269293,1.0,0.4422223779147205
CGGBP1,basal_to_ciliated,viper,-0.8762294168874639,2.0,0.6146754740337769
CGGBP1,basal_to_club,viper,-1.021118068266701,2.0,0.6658480945523625
CGGBP1,basal_to_goblet,viper,-2.368348274832967,2.0,0.135549233297798
CHAMP1,basal_to_ciliated,viper,-1.1877967789572634,2.0,0.4923870109140481
CHAMP1,basal_to_club,viper,-3.032096151256954,2.0,0.064700047481562
CHAMP1,basal_to_goblet,viper,-4.416749495136768,2.0,0.0073344674363216
CHCHD3,basal_to_ciliated,viper,-1.1988100384210023,2.0,0.4329647981226575
CHCHD3,basal_to_club,viper,-5.304149146994347,2.0,0.0010959986076125
CHCHD3,basal_to_goblet,viper,-4.104640035324232,2.0,0.011146022095523
CIC,basal_to_ciliated,viper,-1.0780102405103547,3.0,0.1440365297075295
CIC,basal_to_club,viper,1.0929074152901257,3.0,0.4361042028346571
CIC,basal_to_goblet,viper,-1.834950042542586,3.0,0.2392955317891153
CLOCK,basal_to_ciliated,viper,6.170674046943521,5.0,0.0001496238410375
CLOCK,basal_to_club,viper,4.478256784200151,5.0,0.0355021861224079
CLOCK,basal_to_goblet,viper,3.7987726400063795,5.0,0.0462431285427461
CPEB1,basal_to_ciliated,viper,9.021885199785629,2.0,5.949979884616799e-13
CPEB1,basal_to_club,viper,-0.14589484739115505,2.0,0.9542370815061856
CPEB1,basal_to_goblet,viper,-0.5665030461877467,2.0,0.8267525427117774
CPXCR1,basal_to_ciliated,viper,10.12432764939446,3.0,8.629611910054239e-12
CPXCR1,basal_to_club,viper,0.9098252268846296,1.0,0.5236452237061864
CPXCR1,basal_to_goblet,viper,2.289485035001171,3.0,0.1557257798776014
CREB1,basal_to_ciliated,viper,-7.6961549549176,6.0,0.000132241521846
CREB1,basal_to_club,viper,-6.407273649553595,6.0,0.0005452830151792
CREB1,basal_to_goblet,viper,-6.460574515237112,6.0,0.0021832890053165
CREB3,basal_to_ciliated,viper,8.591348584518112,4.0,1.0953535515609534e-06
CREB3,basal_to_club,viper,3.1952668404641624,4.0,0.0773014431924704
CREB3,basal_to_goblet,viper,6.456822802668109,4.0,0.0005124768125616
CREB3L1,basal_to_ciliated,viper,-11.982229681960746,4.0,1.846020117194957e-16
CREB3L1,basal_to_club,viper,3.9030218663317635,4.0,0.0409137020044644
CREB3L1,basal_to_goblet,viper,5.218163606600736,4.0,0.0021770636411859
CREB3L2,basal_to_ciliated,viper,-1.3674474714795875,3.0,0.4122124747267458
CREB3L2,basal_to_club,viper,7.32192560381209,3.0,1.686613925007275e-05
CREB3L2,basal_to_goblet,viper,6.768568620552674,3.0,5.8445081129236e-05
CREB3L4,basal_to_ciliated,viper,5.721840827209987,3.0,0.0012730100135944
CREB3L4,basal_to_club,viper,11.816325005005465,3.0,8.951948646088466e-12
CREB3L4,basal_to_goblet,viper,11.526592039776567,3.0,1.616622381244304e-11
CREB5,basal_to_ciliated,viper,-4.415398843615298,3.0,0.0016974465560282
CREB5,basal_to_club,viper,-3.5399909062948955,3.0,0.0187130954237588
CREB5,basal_to_goblet,viper,-3.89828548311073,3.0,0.0111806353795356
CREBL2,basal_to_ciliated,viper,7.599294393346402,3.0,4.104260747952392e-06
CREBL2,basal_to_club,viper,2.8651460338170165,3.0,0.1023292798195961
CREBL2,basal_to_goblet,viper,2.517715874608186,3.0,0.2313792930711209
CREBZF,basal_to_ciliated,viper,2.483481094024235,3.0,0.1237509646937135
CREBZF,basal_to_club,viper,2.1128557626526288,3.0,0.324487530460877
CREBZF,basal_to_goblet,viper,-1.4146942614774083,3.0,0.4416104504041406
CREM,basal_to_ciliated,viper,25.405276472432174,5.0,2.8032883514856522e-62
CREM,basal_to_club,viper,1.5229932999622622,4.0,0.6150773498959687
CREM,basal_to_goblet,viper,3.6699170800173087,5.0,0.1293912573416042
CRX,basal_to_ciliated,viper,-2.3664730947094634,4.0,0.0814410394397107
CRX,basal_to_club,viper,-4.775001021285961,4.0,0.0225298161635161
CRX,basal_to_goblet,viper,-3.582337558032101,4.0,0.0842938377286647
CSRNP1,basal_to_ciliated,viper,-3.509508055456834,2.0,0.0268477516376574
CSRNP1,basal_to_club,viper,0.2993842099554276,2.0,0.8913844003273559
CSRNP1,basal_to_goblet,viper,-1.7763952385717214,2.0,0.3206020517620073
CSRNP2,basal_to_ciliated,viper,9.066238275960673,2.0,1.7721527306545645e-12
CSRNP2,basal_to_club,viper,1.656002821479022,2.0,0.3772657595271952
CSRNP2,basal_to_goblet,viper,1.2724868060448087,2.0,0.5216956765212767
CSRNP3,basal_to_ciliated,viper,-6.177018559902813,2.0,1.8639923349027973e-05
CSRNP3,basal_to_club,viper,-2.794515288307346,2.0,0.1125459822600272
CSRNP3,basal_to_goblet,viper,-2.808853533474641,2.0,0.0916777228458304
CTCF,basal_to_ciliated,viper,0.5142305954635151,6.0,0.1042174932698994
CTCF,basal_to_club,viper,-5.2664367795201334,6.0,0.0088838451462328
CTCF,basal_to_goblet,viper,-7.464257809362295,6.0,0.0001152012148644
CTCFL,basal_to_ciliated,viper,1.636027561684586,5.0,0.1546245091305395
CTCFL,basal_to_club,viper,-7.567830721719588,5.0,0.0001608380983029
CTCFL,basal_to_goblet,viper,-7.50289658019092,5.0,0.0001446644590084
CUX1,basal_to_ciliated,viper,2.9649698669515847,6.0,0.1007858368633517
CUX1,basal_to_club,viper,3.913905937387569,6.0,0.0805545988399891
CUX1,basal_to_goblet,viper,1.293167646831093,6.0,0.339257332760857
CUX2,basal_to_ciliated,viper,-3.491116833195965,3.0,0.0128455681379962
CUX2,basal_to_club,viper,-3.3122585658494588,3.0,0.0719824314598358
CUX2,basal_to_goblet,viper,-3.2196165562497443,3.0,0.0603052392193331
CXXC1,basal_to_ciliated,viper,3.0885403189289726,3.0,0.0677384334636687
CXXC1,basal_to_club,viper,-1.0434209058316573,3.0,0.4591447278112076
CXXC1,basal_to_goblet,viper,-1.792785765194869,3.0,0.4394173715000829
CXXC4,basal_to_ciliated,viper,15.041828423473428,3.0,3.573507801910223e-25
CXXC4,basal_to_club,viper,3.409028547113284,3.0,0.023514053714492
CXXC4,basal_to_goblet,viper,3.9762292875551264,3.0,0.0089299667036685
CXXC5,basal_to_ciliated,viper,5.351763007806366,2.0,0.0003259939745656
CXXC5,basal_to_club,viper,2.8352893024593513,2.0,0.0825998148144577
CXXC5,basal_to_goblet,viper,3.4143535652247734,2.0,0.0265898615709014
DACH1,basal_to_ciliated,viper,11.942381401560247,3.0,2.046633681370605e-18
DACH1,basal_to_club,viper,-0.3955130608707838,3.0,0.8922172338705265
DACH1,basal_to_goblet,viper,-0.14063457088284678,3.0,0.9051439781779964
DACH2,basal_to_ciliated,viper,-9.274520469910847,3.0,1.8320643894415965e-08
DACH2,basal_to_club,viper,-6.133484249135204,3.0,0.0012793403786693
DACH2,basal_to_goblet,viper,-5.522956367105777,3.0,0.0044691240280887
DBP,basal_to_ciliated,viper,-11.181028975655838,3.0,4.3472009030383006e-11
DBP,basal_to_club,viper,-6.430312828732127,3.0,0.0001969254371137
DBP,basal_to_goblet,viper,-5.493799765460549,3.0,0.0010137468618312
DBX2,basal_to_ciliated,viper,-9.634982285859104,3.0,1.5129685303844935e-08
DBX2,basal_to_club,viper,-7.840477072261308,3.0,1.1713226367342026e-05
DBX2,basal_to_goblet,viper,-8.054299658270287,3.0,5.776567949339442e-06
DDIT3,basal_to_ciliated,viper,-2.880214425913738,3.0,0.0464736336171426
DDIT3,basal_to_club,viper,-1.9439338382139288,3.0,0.2595873795527308
DDIT3,basal_to_goblet,viper,-2.085141804889849,3.0,0.2449774670982382
DEAF1,basal_to_ciliated,viper,-6.794374612774247,4.0,2.289697749545259e-06
DEAF1,basal_to_club,viper,-7.000005258344009,4.0,3.942911928927651e-06
DEAF1,basal_to_goblet,viper,-6.617566720069821,4.0,2.188330795261444e-05
DLX1,basal_to_ciliated,viper,-8.304725662488101,3.0,6.371492571403684e-08
DLX1,basal_to_club,viper,-10.278377106215867,3.0,1.8874809315784338e-10
DLX1,basal_to_goblet,viper,-8.276895579765997,3.0,1.185975296618598e-06
DLX2,basal_to_ciliated,viper,-5.9257963934975075,3.0,0.000125730871917
DLX2,basal_to_club,viper,-5.615385583804739,3.0,0.0013518703737279
DLX2,basal_to_goblet,viper,-5.627613904425964,3.0,0.0015311621266716
DLX3,basal_to_ciliated,viper,-10.55810524747888,3.0,3.701145802074337e-11
DLX3,basal_to_club,viper,-8.770006960450303,3.0,1.0755499719370573e-07
DLX3,basal_to_goblet,viper,-8.921454090906744,3.0,5.521530423341062e-07
DLX4,basal_to_ciliated,viper,5.86777224990601,3.0,0.0006114273120381
DLX4,basal_to_club,viper,-2.181556703305284,3.0,0.2752993968216145
DLX4,basal_to_goblet,viper,-1.8911292292053705,3.0,0.4022320633171861
DLX5,basal_to_ciliated,viper,-12.163689972187,3.0,6.703167745611566e-15
DLX5,basal_to_club,viper,-10.349105990746583,3.0,1.957593857140729e-11
DLX5,basal_to_goblet,viper,-9.101734628542953,3.0,2.4481167653254417e-08
DLX6,basal_to_ciliated,viper,-8.849918906712501,3.0,1.0081195483116164e-08
DLX6,basal_to_club,viper,-7.061545252698883,3.0,3.606321402888895e-06
DLX6,basal_to_goblet,viper,-6.112494182307282,3.0,0.0004221030690354
DMBX1,basal_to_ciliated,viper,-3.439088118818979,3.0,0.0015347803505634
DMBX1,basal_to_club,viper,-8.586131104479108,3.0,3.900918866053904e-09
DMBX1,basal_to_goblet,viper,-6.323319733865925,3.0,1.621359015395199e-05
DMRT1,basal_to_ciliated,viper,-9.941996361435272,4.0,3.1524786828373917e-12
DMRT1,basal_to_club,viper,-9.632747309006428,4.0,2.5428777474907303e-10
DMRT1,basal_to_goblet,viper,-8.194301571330671,4.0,4.2940335783264056e-08
DMRT2,basal_to_ciliated,viper,-5.141770142063376,3.0,0.0002163715344697
DMRT2,basal_to_club,viper,-7.2644446880737155,3.0,5.479904679075717e-07
DMRT2,basal_to_goblet,viper,-6.104760009424186,3.0,2.8268102397027897e-05
DMRT3,basal_to_ciliated,viper,-6.648446561960529,3.0,0.0001196416545485
DMRT3,basal_to_club,viper,-4.0309966812115015,3.0,0.0120375709173305
DMRT3,basal_to_goblet,viper,-2.268984853032622,3.0,0.2063960209989884
DMRTA1,basal_to_ciliated,viper,10.361814275025308,3.0,3.5673402288899334e-11
DMRTA1,basal_to_club,viper,5.720665805948201,3.0,0.0002175092216455
DMRTA1,basal_to_goblet,viper,5.5881531563831555,3.0,0.0003006177232245
DMRTA2,basal_to_ciliated,viper,-5.334557034736752,3.0,0.0004404129351044
DMRTA2,basal_to_club,viper,-5.617976006461587,3.0,0.0007602499706304
DMRTA2,basal_to_goblet,viper,-3.1628873087059124,3.0,0.0687837795582624
DMTF1,basal_to_ciliated,viper,4.5524568721993015,3.0,0.0057361456836632
DMTF1,basal_to_club,viper,1.8447728676703024,3.0,0.3314553180609314
DMTF1,basal_to_goblet,viper,-1.2751117120174433,3.0,0.5521420489797901
DNMT1,basal_to_ciliated,viper,0.10826706595720381,2.0,0.355342307669427
DNMT1,basal_to_club,viper,-5.63814173400236,2.0,4.113055586144224e-05
DNMT1,basal_to_goblet,viper,-6.324272327084957,2.0,2.6240279020996627e-06
DNTTIP1,basal_to_ciliated,viper,3.162979561838831,2.0,0.0182193404516727
DNTTIP1,basal_to_club,viper,-3.3033542478380897,2.0,0.043910214856755
DNTTIP1,basal_to_goblet,viper,-1.17371279342214,2.0,0.502975039929912
DOT1L,basal_to_ciliated,viper,0.24763696012853997,3.0,0.4935258594867304
DOT1L,basal_to_club,viper,2.0315688112860273,3.0,0.2900949466980573
DOT1L,basal_to_goblet,viper,0.619592068292088,3.0,0.6485941312820648
DPF1,basal_to_ciliated,viper,9.134420412421413,3.0,6.322894256819058e-09
DPF1,basal_to_club,viper,-0.9722920224465696,3.0,0.6248093176082945
DPF1,basal_to_goblet,viper,-0.8052100581451883,3.0,0.7334590672568724
DPF3,basal_to_ciliated,viper,-7.6255339724612385,3.0,7.734572003152858e-07
DPF3,basal_to_club,viper,-7.481990133692732,3.0,1.3034200838280736e-06
DPF3,basal_to_goblet,viper,-7.11330366960767,3.0,3.7960301589026352e-06
DPRX,basal_to_ciliated,viper,1.0960280342653397,3.0,0.5709136370086829
DPRX,basal_to_club,viper,-2.7584656896238244,3.0,0.2237068243935439
DPRX,basal_to_goblet,viper,-2.421076292998333,3.0,0.2626879529787347
DR1,basal_to_ciliated,viper,-4.5085060976176,3.0,0.0083153126806707
DR1,basal_to_club,viper,-4.994172371390162,3.0,0.0045470501801671
DR1,basal_to_goblet,viper,-4.847287952677034,3.0,0.005600178470867
DRAP1,basal_to_ciliated,viper,-7.376579324083044,3.0,9.499186726735692e-06
DRAP1,basal_to_club,viper,-7.5648818626577645,3.0,6.261443600215843e-06
DRAP1,basal_to_goblet,viper,-6.238766886782098,3.0,8.39690549486816e-05
DRGX,basal_to_ciliated,viper,-4.394368086308854,3.0,0.0152045142788796
DRGX,basal_to_club,viper,-4.516483412376104,3.0,0.0146232967274555
DRGX,basal_to_goblet,viper,-3.373438448733199,3.0,0.1041374895337795
DUX4,basal_to_ciliated,viper,4.030615876204632,2.0,0.0043307883326844
DUX4,basal_to_club,viper,-0.03138430574414765,2.0,0.8314949675131201
DUX4,basal_to_goblet,viper,0.6030849386849478,2.0,0.7640216443570519
DUXA,basal_to_ciliated,viper,-9.320871177071108,3.0,1.4182616015111153e-08
DUXA,basal_to_club,viper,-8.474750940996964,3.0,2.6182409553764365e-06
DUXA,basal_to_goblet,viper,-9.385951034422769,3.0,1.9751572769285033e-08
DZIP1,basal_to_ciliated,viper,10.21289318097653,3.0,2.1007907761026944e-12
DZIP1,basal_to_club,viper,0.9974097156442492,3.0,0.7380147292214145
DZIP1,basal_to_goblet,viper,0.8496970845876998,3.0,0.7172822905227739
E2F1,basal_to_ciliated,viper,-20.004466603228654,6.0,1.127684217289842e-26
E2F1,basal_to_club,viper,-15.913326269573892,6.0,2.548374102725223e-16
E2F1,basal_to_goblet,viper,-16.08053499008293,6.0,5.688033302424343e-17
E2F2,basal_to_ciliated,viper,-9.549746671407556,3.0,4.832197477031199e-09
E2F2,basal_to_club,viper,-8.472176226940158,3.0,3.171633624748779e-08
E2F2,basal_to_goblet,viper,-9.265034289606861,3.0,9.057362903791936e-09
E2F3,basal_to_ciliated,viper,-8.14670783276567,3.0,1.302260364511508e-07
E2F3,basal_to_club,viper,-5.455170304673158,3.0,0.0009434629185633
E2F3,basal_to_goblet,viper,-5.543852309670165,3.0,0.0006152141831268
E2F4,basal_to_ciliated,viper,-17.376753162072735,6.0,1.5782700487565493e-21
E2F4,basal_to_club,viper,-13.163546161012974,6.0,2.467668840740319e-12
E2F4,basal_to_goblet,viper,-13.628965802247697,6.0,2.50496033702343e-13
E2F5,basal_to_ciliated,viper,9.138291134591178,4.0,1.5562839604377956e-10
E2F5,basal_to_club,viper,2.882761579291957,4.0,0.1000907469053023
E2F5,basal_to_goblet,viper,3.2780823264044763,4.0,0.0914476483810859
E2F6,basal_to_ciliated,viper,-17.724008110423327,5.0,2.6878729588947333e-30
E2F6,basal_to_club,viper,-14.407831593993869,5.0,3.3085863264389737e-20
E2F6,basal_to_goblet,viper,-13.976313241223577,5.0,1.1058277913494625e-18
E2F7,basal_to_ciliated,viper,-1.37088553802312,5.0,0.0011940202907389
E2F7,basal_to_club,viper,-10.543141793751449,5.0,3.142103991204591e-07
E2F7,basal_to_goblet,viper,-11.800434510570689,5.0,1.9751572769285033e-08
E2F8,basal_to_ciliated,viper,-4.199365847424402,3.0,0.0201652297416139
E2F8,basal_to_club,viper,-8.081778795556817,3.0,2.166777543920055e-06
E2F8,basal_to_goblet,viper,-9.277647299579051,3.0,2.1541056245922105e-08
E4F1,basal_to_ciliated,viper,4.401909391749108,3.0,0.0057114194606357
E4F1,basal_to_club,viper,1.9658646018410746,3.0,0.3153036849498991
E4F1,basal_to_goblet,viper,1.8928270086212702,3.0,0.3434514480481651
EBF1,basal_to_ciliated,viper,-7.272682829987145,5.0,7.815483398006746e-05
EBF1,basal_to_club,viper,-11.479297464692197,5.0,8.832440047021401e-10
EBF1,basal_to_goblet,viper,-10.678156061180744,5.0,1.2908668968368544e-08
EBF2,basal_to_ciliated,viper,-0.482824880632243,2.0,0.3154236681403158
EBF2,basal_to_club,viper,-7.100987530439645,2.0,2.0436884067535797e-07
EBF2,basal_to_goblet,viper,-6.470670951853803,2.0,2.0702449663827596e-05
EBF3,basal_to_ciliated,viper,-5.824758357797365,3.0,5.155784161509234e-05
EBF3,basal_to_club,viper,-5.893377476918041,3.0,0.0001219349982145
EBF3,basal_to_goblet,viper,-5.324620038476209,3.0,0.0005900632366062
EBF4,basal_to_ciliated,viper,1.4256728379591115,3.0,0.4153483030039902
EBF4,basal_to_club,viper,1.090936300126948,3.0,0.6667444973045471
EBF4,basal_to_goblet,viper,-1.7167539967504084,3.0,0.4508582915375341
EEA1,basal_to_ciliated,viper,-3.129973115117945,3.0,0.0472367542370032
EEA1,basal_to_club,viper,-1.9754928488206094,3.0,0.3385004661845627
EEA1,basal_to_goblet,viper,-2.4991616903367775,3.0,0.2176145423464316
EGR1,basal_to_ciliated,viper,-9.704118212225834,6.0,4.0521444901879307e-07
EGR1,basal_to_club,viper,-2.3857052843604167,6.0,0.3658426069342279
EGR1,basal_to_goblet,viper,-6.512907427321044,6.0,0.0022316670736126
EGR2,basal_to_ciliated,viper,-4.482721617145449,3.0,0.010150796707412
EGR2,basal_to_club,viper,-2.3333556433714597,3.0,0.2917713651267499
EGR2,basal_to_goblet,viper,-3.12753794921788,3.0,0.1120058056942101
EGR3,basal_to_ciliated,viper,-6.588556872160633,3.0,3.035556198375942e-05
EGR3,basal_to_club,viper,-5.066180675758689,3.0,0.0014960091715711
EGR3,basal_to_goblet,viper,-4.323512277972086,3.0,0.0118303593644712
EGR4,basal_to_ciliated,viper,-4.7114337694931585,3.0,0.002688535166962
EGR4,basal_to_club,viper,-4.350945647837547,3.0,0.0147111335978618
EGR4,basal_to_goblet,viper,-4.202920007587489,3.0,0.0293269108652771
EHF,basal_to_ciliated,viper,-7.504853608599329,4.0,4.3325239006303e-05
EHF,basal_to_club,viper,-4.27161783765572,4.0,0.0312986537242438
EHF,basal_to_goblet,viper,-1.9730178917347083,4.0,0.3033485846427982
ELF1,basal_to_ciliated,viper,10.882459837304026,5.0,2.4906434796705347e-11
ELF1,basal_to_club,viper,-3.3194745346039354,5.0,0.1411419551922357
ELF1,basal_to_goblet,viper,-1.8263347767630589,5.0,0.3061099556576925
ELF2,basal_to_ciliated,viper,4.53374741289572,3.0,0.0022423704647493
ELF2,basal_to_club,viper,1.3719331524861154,3.0,0.5077294638771174
ELF2,basal_to_goblet,viper,-0.0508562783996907,3.0,0.9186016660581562
ELF3,basal_to_ciliated,viper,3.144336756952221,4.0,0.0489779594849348
ELF3,basal_to_club,viper,6.719828869794449,4.0,0.0007181666781508
ELF3,basal_to_goblet,viper,8.748386072062662,4.0,2.60658062016354e-06
ELF4,basal_to_ciliated,viper,-0.0996534752173665,3.0,0.4409918279359535
ELF4,basal_to_club,viper,-2.8246132561294215,3.0,0.1011458286983872
ELF4,basal_to_goblet,viper,-2.972402264355473,3.0,0.0842938377286647
ELF5,basal_to_ciliated,viper,-6.440436007823718,5.0,0.0015153967146162
ELF5,basal_to_club,viper,3.8029264700686345,5.0,0.1112424755906608
ELF5,basal_to_goblet,viper,4.182596446552516,5.0,0.0295675427159778
ELK1,basal_to_ciliated,viper,-11.447845662587197,5.0,5.405400921698725e-10
ELK1,basal_to_club,viper,-8.331056024312765,5.0,8.514184335667383e-06
ELK1,basal_to_goblet,viper,-8.38940679930728,5.0,1.222169641470681e-05
ELK3,basal_to_ciliated,viper,10.327872233864952,4.0,1.0794017771376809e-13
ELK3,basal_to_club,viper,0.12047545485555294,4.0,0.7028741408461273
ELK3,basal_to_goblet,viper,0.8307480796908833,4.0,0.7521982002435981
ELK4,basal_to_ciliated,viper,-14.319031423400281,5.0,1.2410440045402933e-17
ELK4,basal_to_club,viper,-8.484926310745456,5.0,1.4748997666037634e-06
ELK4,basal_to_goblet,viper,-7.519007029411503,5.0,0.0001204760732846
EMX1,basal_to_ciliated,viper,-6.837510247861558,3.0,3.289598483715151e-05
EMX1,basal_to_club,viper,-6.979285759421245,3.0,1.9184947515668412e-05
EMX1,basal_to_goblet,viper,-4.518580634515172,3.0,0.0047408741745769
EMX2,basal_to_ciliated,viper,-3.5484322051852595,3.0,0.0432673324146342
EMX2,basal_to_club,viper,-4.49873076523029,3.0,0.0071359949596509
EMX2,basal_to_goblet,viper,-3.148717856724562,3.0,0.0772141133007137
EN1,basal_to_ciliated,viper,-4.027979267396737,3.0,0.0067529045980454
EN1,basal_to_club,viper,-4.240577153941585,3.0,0.0130985275861979
EN1,basal_to_goblet,viper,-4.291593391599751,3.0,0.0111272822688417
EN2,basal_to_ciliated,viper,-1.2742405579067613,3.0,0.1146767070368387
EN2,basal_to_club,viper,-3.3493186777513038,3.0,0.0321132158580872
EN2,basal_to_goblet,viper,-3.0376834672519477,3.0,0.082912356570773
EOMES,basal_to_ciliated,viper,1.7548194499379195,5.0,0.3348537272896165
EOMES,basal_to_club,viper,-4.1975244445622035,5.0,0.0121094487161131
EOMES,basal_to_goblet,viper,-3.7792095820261347,5.0,0.0298969961098435
EPAS1,basal_to_ciliated,viper,-14.913662637083798,4.0,1.5037479858695044e-23
EPAS1,basal_to_club,viper,-5.486408623860455,4.0,0.0017162065154073
EPAS1,basal_to_goblet,viper,-6.35417451864039,4.0,9.152779013730238e-05
ERF,basal_to_ciliated,viper,1.5137568405431594,3.0,0.3187250848807854
ERF,basal_to_club,viper,-1.4598132897377667,3.0,0.3420933418347427
ERF,basal_to_goblet,viper,-2.06414182464384,3.0,0.2631125485026947
ERG,basal_to_ciliated,viper,-15.999065366962848,5.0,1.1088481909421623e-19
ERG,basal_to_club,viper,-15.002049418726692,5.0,1.0682544044311379e-17
ERG,basal_to_goblet,viper,-13.435648363693703,5.0,4.919198431920216e-17
ESR1,basal_to_ciliated,viper,-2.5665654403252613,6.0,0.2311076838874805
ESR1,basal_to_club,viper,0.46134006977063996,6.0,0.4936631442833678
ESR1,basal_to_goblet,viper,1.8932547279772327,6.0,0.1518806500232895
ESR2,basal_to_ciliated,viper,8.707355787352993,5.0,2.924587048583052e-07
ESR2,basal_to_club,viper,-1.3701791377729273,5.0,0.518621295253873
ESR2,basal_to_goblet,viper,-0.6031301399469815,5.0,0.7217553268884059
ESRRA,basal_to_ciliated,viper,-8.156814730343294,5.0,6.050326388199777e-06
ESRRA,basal_to_club,viper,-5.546124119939874,5.0,0.0130985275861979
ESRRA,basal_to_goblet,viper,-2.2839796117789413,5.0,0.0699610544474281
ESRRB,basal_to_ciliated,viper,-9.454209556542413,4.0,7.262634721281623e-10
ESRRB,basal_to_club,viper,-12.359166862948534,4.0,1.5438635606106917e-15
ESRRB,basal_to_goblet,viper,-11.118488053942928,4.0,9.348607569822313e-13
ESRRG,basal_to_ciliated,viper,10.58924331311394,3.0,6.262050573446017e-11
ESRRG,basal_to_club,viper,3.4485369619631756,3.0,0.0627676938526892
ESRRG,basal_to_goblet,viper,3.90429355445639,3.0,0.0560711828647495
ETS1,basal_to_ciliated,viper,-16.341217068615858,6.0,7.267583466144037e-21
ETS1,basal_to_club,viper,-10.932105072899878,6.0,1.3464886657953444e-08
ETS1,basal_to_goblet,viper,-11.157161324254673,6.0,1.576923497089371e-08
ETS2,basal_to_ciliated,viper,-6.990343787604835,4.0,4.187659530076448e-05
ETS2,basal_to_club,viper,-4.263935359730611,4.0,0.0266902878985438
ETS2,basal_to_goblet,viper,-4.999751606510019,4.0,0.0091754301390782
ETV1,basal_to_ciliated,viper,-9.466791699108555,4.0,8.10117031128426e-10
ETV1,basal_to_club,viper,-10.602600728521807,4.0,3.003802345166772e-12
ETV1,basal_to_goblet,viper,-9.662598089700703,4.0,9.985513259870341e-09
ETV2,basal_to_ciliated,viper,-13.81638399554965,4.0,3.496706676671076e-16
ETV2,basal_to_club,viper,-3.786736732335695,2.0,0.007261733052478
ETV2,basal_to_goblet,viper,-3.285630862168619,4.0,0.0658412632273152
ETV3,basal_to_ciliated,viper,-5.481339351737803,3.0,0.0001207285028204
ETV3,basal_to_club,viper,-5.912457516246505,3.0,0.0002435581235385
ETV3,basal_to_goblet,viper,-4.816981643516349,3.0,0.0054026154197523
ETV4,basal_to_ciliated,viper,-15.673638621268415,4.0,1.3015762420541691e-19
ETV4,basal_to_club,viper,-10.711348742245265,4.0,7.41115899681993e-07
ETV4,basal_to_goblet,viper,-7.857509060751551,4.0,0.0001193172940166
ETV5,basal_to_ciliated,viper,-9.31813398621024,3.0,2.891919732784639e-08
ETV5,basal_to_club,viper,-6.472625706590477,3.0,4.525947861971999e-05
ETV5,basal_to_goblet,viper,-7.848242231077274,3.0,1.6740985883222551e-06
ETV6,basal_to_ciliated,viper,7.284243114850779,4.0,1.69951284631129e-06
ETV6,basal_to_club,viper,4.9799798968765066,4.0,0.0081332940358078
ETV6,basal_to_goblet,viper,4.754806525064241,4.0,0.0046874480420577
ETV7,basal_to_ciliated,viper,-9.667678957704865,3.0,8.273331194688352e-13
ETV7,basal_to_club,viper,-7.487211502476911,3.0,1.1403377014989026e-06
ETV7,basal_to_goblet,viper,-6.24378602114163,3.0,6.746873655037937e-05
FAM170A,basal_to_ciliated,viper,7.92943610321228,3.0,9.988913032234021e-08
FAM170A,basal_to_club,viper,-3.314158801718485,2.0,0.0323154411572666
FAM170A,basal_to_goblet,viper,-0.3744585677657678,3.0,0.4973906859984418
FAM200B,basal_to_ciliated,viper,3.9957793518788622,2.0,0.0022641884064646
FAM200B,basal_to_club,viper,0.31435772146677055,2.0,0.784744362190652
FAM200B,basal_to_goblet,viper,0.5552022639427892,2.0,0.8416591712351297
FBXL19,basal_to_ciliated,viper,1.7302935984141892,2.0,0.2591405008340877
FBXL19,basal_to_club,viper,1.6323670963536097,2.0,0.4269309909444219
FBXL19,basal_to_goblet,viper,1.0222153034951562,2.0,0.6485941312820648
FEV,basal_to_ciliated,viper,-4.838896318480227,3.0,0.0065769418303601
FEV,basal_to_club,viper,-6.768324815702357,3.0,0.000354615562934
FEV,basal_to_goblet,viper,-6.13401272450942,3.0,0.0005402668083076
FEZF1,basal_to_ciliated,viper,3.082183959357731,3.0,0.0235817158152369
FEZF1,basal_to_club,viper,-2.6235468552591628,3.0,0.173152991211033
FEZF1,basal_to_goblet,viper,-3.1435386639555642,3.0,0.1211729764809911
FEZF2,basal_to_ciliated,viper,-6.186877993622411,3.0,0.0001688927164426
FEZF2,basal_to_club,viper,-6.722613031255636,3.0,4.750466683592213e-05
FEZF2,basal_to_goblet,viper,-5.308817762588196,3.0,0.0023500393641573
FIZ1,basal_to_ciliated,viper,2.7756061621557415,3.0,0.1033822434699088
FIZ1,basal_to_club,viper,1.9750513239327305,3.0,0.2906525843166148
FIZ1,basal_to_goblet,viper,1.6117511326218354,3.0,0.5077272635041679
FLI1,basal_to_ciliated,viper,1.6180385982190386,6.0,0.4738723542868721
FLI1,basal_to_club,viper,-7.341537890198895,6.0,0.0002900341900746
FLI1,basal_to_goblet,viper,-8.719285975717757,6.0,1.5406492516731532e-05
FLYWCH1,basal_to_ciliated,viper,-0.20375425358296295,2.0,0.843386844960518
FLYWCH1,basal_to_club,viper,-1.7235714666716067,2.0,0.3902323945649375
FLYWCH1,basal_to_goblet,viper,-1.9577615613500505,2.0,0.2611196245901321
FOS,basal_to_ciliated,viper,-7.060226931155133,5.0,8.64021517627454e-05
FOS,basal_to_club,viper,-2.931292162010293,5.0,0.193003954969696
FOS,basal_to_goblet,viper,-5.097922415226152,5.0,0.025435925789191
FOSB,basal_to_ciliated,viper,-5.723487431517052,3.0,0.0011573429631501
FOSB,basal_to_club,viper,-2.231548709616736,3.0,0.2968651296844645
FOSB,basal_to_goblet,viper,-4.081700028504343,3.0,0.0390989836692968
FOSL1,basal_to_ciliated,viper,-10.443543639772574,5.0,1.1714424026583133e-07
FOSL1,basal_to_club,viper,-6.13722571112958,5.0,0.0046486291353408
FOSL1,basal_to_goblet,viper,-5.106553564444673,5.0,0.0271380104457505
FOSL2,basal_to_ciliated,viper,-7.727688357018387,5.0,2.5608872110790556e-05
FOSL2,basal_to_club,viper,-4.90615588531697,5.0,0.020227358786621
FOSL2,basal_to_goblet,viper,-4.290740539759296,5.0,0.0691254705081374
FOXA1,basal_to_ciliated,viper,17.591810284160665,6.0,2.478108423001361e-20
FOXA1,basal_to_club,viper,8.460486376558942,6.0,0.000262915311994
FOXA1,basal_to_goblet,viper,10.669496408228241,6.0,4.926389612454029e-06
FOXA2,basal_to_ciliated,viper,15.438624435092729,6.0,1.3442537915012249e-18
FOXA2,basal_to_club,viper,8.14490507823268,6.0,1.372216000068136e-05
FOXA2,basal_to_goblet,viper,3.299689435171651,6.0,0.1615219701055232
FOXA3,basal_to_ciliated,viper,-2.640258602235166,3.0,0.1246989337304681
FOXA3,basal_to_club,viper,3.683264126445435,3.0,0.0241043410759635
FOXA3,basal_to_goblet,viper,5.84703063543221,3.0,0.0021571605925158
FOXB1,basal_to_ciliated,viper,4.541972263374937,3.0,0.0056022776759361
FOXB1,basal_to_club,viper,-1.5444881312494263,3.0,0.4377771636670566
FOXB1,basal_to_goblet,viper,-1.3694305464258874,3.0,0.4508582915375341
FOXC1,basal_to_ciliated,viper,1.760910017311364,3.0,0.2521556779393094
FOXC1,basal_to_club,viper,-1.7000701776097102,3.0,0.3635691450515505
FOXC1,basal_to_goblet,viper,-1.4419240010547172,3.0,0.4221851078796689
FOXC2,basal_to_ciliated,viper,-8.278388920808409,3.0,3.049448956004017e-07
FOXC2,basal_to_club,viper,-6.57487826927668,3.0,0.000231853140123
FOXC2,basal_to_goblet,viper,-5.60590871356197,3.0,0.0027641816736654
FOXD1,basal_to_ciliated,viper,-4.7453521291847975,2.0,0.0008281550659992
FOXD1,basal_to_club,viper,-3.155925227492556,2.0,0.0668841501759079
FOXD1,basal_to_goblet,viper,-1.7090074423250594,2.0,0.3953635273000814
FOXD2,basal_to_ciliated,viper,1.1024589317634572,3.0,0.063426464643301
FOXD2,basal_to_club,viper,-5.4823374807559,3.0,0.0006513362557296
FOXD2,basal_to_goblet,viper,-4.724373564699345,3.0,0.0052191361619361
FOXD3,basal_to_ciliated,viper,-8.029270140208407,3.0,2.26799883353514e-06
FOXD3,basal_to_club,viper,-7.417756889391206,3.0,2.005634386605404e-05
FOXD3,basal_to_goblet,viper,-7.610037789875789,3.0,5.026010281255086e-06
FOXD4,basal_to_ciliated,viper,-4.962220489808677,3.0,0.000727857461949
FOXD4,basal_to_club,viper,-5.80890680063187,3.0,0.0001335909265326
FOXD4,basal_to_goblet,viper,-5.0441150998227755,3.0,0.0021571605925158
FOXD4L1,basal_to_ciliated,viper,-8.05866896645443,3.0,2.36463714568894e-06
FOXD4L1,basal_to_club,viper,-6.111074444880455,3.0,4.701311783045439e-05
FOXD4L1,basal_to_goblet,viper,-5.939854399878449,3.0,0.0005803633127081
FOXD4L3,basal_to_ciliated,viper,-5.810999978657274,3.0,5.223326529437512e-05
FOXD4L3,basal_to_club,viper,-3.492348995192428,3.0,0.0252906317794225
FOXD4L3,basal_to_goblet,viper,-3.3948396229810403,3.0,0.0907471866272594
FOXD4L5,basal_to_ciliated,viper,-7.380428748110371,3.0,3.3266953481018806e-06
FOXD4L5,basal_to_club,viper,-5.6363340888473825,3.0,0.0008605625649666
FOXD4L5,basal_to_goblet,viper,-5.23063777962376,3.0,0.0021401555077834
FOXD4L6,basal_to_ciliated,viper,-4.930301687017813,2.0,0.0001162678394792
FOXD4L6,basal_to_club,viper,-2.5889709340063702,2.0,0.0681452620902051
FOXD4L6,basal_to_goblet,viper,-3.362077586133288,2.0,0.0190419219164973
FOXE1,basal_to_ciliated,viper,-9.101152822288695,3.0,6.830982121107275e-09
FOXE1,basal_to_club,viper,-8.32454434198252,3.0,2.2898007441515407e-07
FOXE1,basal_to_goblet,viper,-7.117645643134702,3.0,9.954049715901583e-06
FOXE3,basal_to_ciliated,viper,-4.7366260735089645,3.0,0.0025425257920512
FOXE3,basal_to_club,viper,-7.897470713397308,3.0,2.0401725178507748e-05
FOXE3,basal_to_goblet,viper,-6.889977375050876,3.0,3.795828147240879e-05
FOXF1,basal_to_ciliated,viper,-4.5008632045826715,3.0,0.0065154264107601
FOXF1,basal_to_club,viper,-5.58958219410685,3.0,0.0012892784631399
FOXF1,basal_to_goblet,viper,-6.829443158182049,3.0,6.930903199935885e-05
FOXF2,basal_to_ciliated,viper,-7.773837929235892,3.0,9.052600957210264e-06
FOXF2,basal_to_club,viper,-8.259142138153504,3.0,2.626642220201234e-07
FOXF2,basal_to_goblet,viper,-7.515435462327171,3.0,7.453737344398047e-06
FOXG1,basal_to_ciliated,viper,-8.017732612301208,3.0,2.522984484331781e-06
FOXG1,basal_to_club,viper,-7.067449658647552,3.0,7.817554779523344e-06
FOXG1,basal_to_goblet,viper,-6.7432547842325175,3.0,4.01942898946578e-05
FOXH1,basal_to_ciliated,viper,-6.8374356926467,3.0,1.241321223809331e-05
FOXH1,basal_to_club,viper,-7.059872114939209,3.0,1.2977922547662937e-05
FOXH1,basal_to_goblet,viper,-5.810720586646185,3.0,0.0002983586689825
FOXI1,basal_to_ciliated,viper,-3.827159444407012,3.0,0.0142489267407239
FOXI1,basal_to_club,viper,-6.827711134755239,3.0,6.51401578175484e-05
FOXI1,basal_to_goblet,viper,-3.9563028455011255,3.0,0.0296356925125994
FOXI2,basal_to_ciliated,viper,-3.153190115912739,3.0,0.0063076565477588
FOXI2,basal_to_club,viper,-6.0121195622873636,3.0,0.0002258442796568
FOXI2,basal_to_goblet,viper,-3.6115302318143563,3.0,0.0525057096658984
FOXI3,basal_to_ciliated,viper,-11.788870084510839,2.0,2.2969652227960155e-21
FOXI3,basal_to_club,viper,-11.698528877831341,2.0,4.5601867973532946e-18
FOXI3,basal_to_goblet,viper,-9.903806090027953,2.0,7.199670696421044e-14
FOXJ1,basal_to_ciliated,viper,30.752741630423632,3.0,6.685982059882065e-92
FOXJ1,basal_to_club,viper,2.022248257128987,3.0,0.3573014898419734
FOXJ1,basal_to_goblet,viper,8.351040295423727,3.0,1.9573131320867113e-06
FOXJ2,basal_to_ciliated,viper,-9.669824096988195,4.0,1.0004346425567719e-11
FOXJ2,basal_to_club,viper,-2.7008021938419384,4.0,0.1379823826668099
FOXJ2,basal_to_goblet,viper,-4.252882877413894,4.0,0.0215157270272056
FOXJ3,basal_to_ciliated,viper,2.3490744014655633,3.0,0.1128678868017159
FOXJ3,basal_to_club,viper,3.1477110340351695,3.0,0.071621115013949
FOXJ3,basal_to_goblet,viper,1.0967813807240392,3.0,0.6110111192062895
FOXK1,basal_to_ciliated,viper,-3.680539093694344,4.0,0.0007657853251724
FOXK1,basal_to_club,viper,-6.653976584328269,4.0,6.942999813611376e-05
FOXK1,basal_to_goblet,viper,-7.396706759672316,4.0,1.2581799795196824e-06
FOXK2,basal_to_ciliated,viper,4.792437392263717,4.0,0.0023075270204589
FOXK2,basal_to_club,viper,-0.6287597785867594,4.0,0.5250629161210034
FOXK2,basal_to_goblet,viper,-1.1303834046202887,4.0,0.5409152915069039
FOXL1,basal_to_ciliated,viper,-9.392046771815249,3.0,1.0404361842458916e-08
FOXL1,basal_to_club,viper,-7.427962556374452,3.0,5.512598920967691e-05
FOXL1,basal_to_goblet,viper,-6.5845031480681735,3.0,0.0003695736604104
FOXL2,basal_to_ciliated,viper,-7.436735756869019,3.0,3.336354672534229e-05
FOXL2,basal_to_club,viper,-6.633206282469318,3.0,4.2832385034414616e-05
FOXL2,basal_to_goblet,viper,-5.9768106008815005,3.0,0.0012990123845048
FOXM1,basal_to_ciliated,viper,-14.619333017171675,6.0,4.9732603426900136e-11
FOXM1,basal_to_club,viper,-17.226213592951847,6.0,6.475716830918492e-15
FOXM1,basal_to_goblet,viper,-19.146082738173398,6.0,4.919198431920216e-17
FOXN1,basal_to_ciliated,viper,-14.305844881084054,3.0,3.988490174795886e-18
FOXN1,basal_to_club,viper,-14.534113399924726,3.0,2.068696752918283e-18
FOXN1,basal_to_goblet,viper,-11.727808887810005,3.0,2.610172533155021e-11
FOXN2,basal_to_ciliated,viper,1.9317054347824716,3.0,0.3436675669180011
FOXN2,basal_to_club,viper,1.4207477083627273,3.0,0.4820482060577534
FOXN2,basal_to_goblet,viper,1.0275172667720778,3.0,0.4133629374273
FOXN3,basal_to_ciliated,viper,-6.347016300710299,3.0,0.0001439813708676
FOXN3,basal_to_club,viper,-2.0394993472514753,3.0,0.3522399094557488
FOXN3,basal_to_goblet,viper,-2.4194532394041777,3.0,0.2449774670982382
FOXN4,basal_to_ciliated,viper,10.226578810976031,3.0,5.0642298350191905e-14
FOXN4,basal_to_club,viper,-2.6952564615905485,2.0,0.0973570522028017
FOXN4,basal_to_goblet,viper,-1.2812617365564285,3.0,0.1299430686833573
FOXO1,basal_to_ciliated,viper,5.064541186931036,5.0,0.0007586023640979
FOXO1,basal_to_club,viper,-1.0936014223277508,5.0,0.2088330903383106
FOXO1,basal_to_goblet,viper,-3.858794956380853,5.0,0.0271869737021737
FOXO3,basal_to_ciliated,viper,11.390867518263155,4.0,2.0004242720666328e-16
FOXO3,basal_to_club,viper,4.720498482362666,4.0,0.0124729660423195
FOXO3,basal_to_goblet,viper,4.1758966019313855,4.0,0.0502787360887762
FOXO4,basal_to_ciliated,viper,6.887046466035144,3.0,5.158852487381497e-05
FOXO4,basal_to_club,viper,3.9478962502826116,3.0,0.0357431772310572
FOXO4,basal_to_goblet,viper,3.8262336987451286,3.0,0.0406491781611332
FOXO6,basal_to_ciliated,viper,-7.963729814840394,3.0,2.1395126856363542e-08
FOXO6,basal_to_club,viper,-6.743297563630698,3.0,4.3698632028085205e-06
FOXO6,basal_to_goblet,viper,-7.939674219889772,3.0,7.602772712662085e-08
FOXP1,basal_to_ciliated,viper,13.97927904167576,5.0,1.0397971154799279e-21
FOXP1,basal_to_club,viper,-0.6023382139242045,5.0,0.5488002465310396
FOXP1,basal_to_goblet,viper,-2.382735940994751,5.0,0.2918460643418318
FOXP2,basal_to_ciliated,viper,9.331089912872764,6.0,2.1496293664198875e-06
FOXP2,basal_to_club,viper,-1.9328853642985628,6.0,0.4745889446526332
FOXP2,basal_to_goblet,viper,-1.9814668548434877,6.0,0.3995748367776986
FOXP3,basal_to_ciliated,viper,-5.0112518008630085,4.0,0.0004519449670243
FOXP3,basal_to_club,viper,-10.773747298103203,4.0,6.779440423081896e-15
FOXP3,basal_to_goblet,viper,-7.754824052195542,4.0,4.385660371527784e-08
FOXP4,basal_to_ciliated,viper,-1.6919466494268156,3.0,0.1491969657172093
FOXP4,basal_to_club,viper,6.5635755746524795,3.0,4.510696492217727e-05
FOXP4,basal_to_goblet,viper,6.376355863364793,3.0,5.117381607006887e-05
FOXQ1,basal_to_ciliated,viper,-11.594022187547733,3.0,4.122431484217505e-12
FOXQ1,basal_to_club,viper,-5.367968838715075,3.0,0.0040424540603053
FOXQ1,basal_to_goblet,viper,-5.132904765130835,3.0,0.0051933542988395
FOXR1,basal_to_ciliated,viper,2.4437833861104905,3.0,0.130867493023781
FOXR1,basal_to_club,viper,-0.7006916345015899,3.0,0.7965724935878727
FOXR1,basal_to_goblet,viper,-0.8937351317425667,3.0,0.6383454152240023
FOXS1,basal_to_ciliated,viper,-8.90235834504447,3.0,2.578880386680419e-07
FOXS1,basal_to_club,viper,-8.612301159678287,3.0,2.311704667214194e-06
FOXS1,basal_to_goblet,viper,-9.65970964294267,3.0,9.297847047290132e-08
GABPA,basal_to_ciliated,viper,8.585221218918106,6.0,5.514207654466159e-05
GABPA,basal_to_club,viper,1.4269756657916262,6.0,0.3411248537711421
GABPA,basal_to_goblet,viper,-1.0153351209212509,6.0,0.430905820907814
GATA1,basal_to_ciliated,viper,15.33769501863277,6.0,2.920786312650575e-16
GATA1,basal_to_club,viper,0.5727249497115202,6.0,0.5539433541182788
GATA1,basal_to_goblet,viper,3.364002631085831,6.0,0.1413628025696306
GATA2,basal_to_ciliated,viper,6.724161326725408,6.0,0.0029059015150326
GATA2,basal_to_club,viper,-7.163372290694657,6.0,0.0007037807602324
GATA2,basal_to_goblet,viper,-5.168518593594071,6.0,0.0402886368453097
GATA3,basal_to_ciliated,viper,-12.604482087429055,6.0,9.503755453850484e-11
GATA3,basal_to_club,viper,-14.990656535252155,6.0,9.829311711719131e-12
GATA3,basal_to_goblet,viper,-16.228934156008254,6.0,6.103450450674205e-15
GATA4,basal_to_ciliated,viper,-16.539150396239677,5.0,6.861705095020552e-25
GATA4,basal_to_club,viper,-13.392935540334921,5.0,1.8035437823350632e-15
GATA4,basal_to_goblet,viper,-13.714460959133405,5.0,2.3632139280089577e-16
GATA5,basal_to_ciliated,viper,3.50116361247236,3.0,0.0236224249200878
GATA5,basal_to_club,viper,-2.0152479283674856,3.0,0.3291076122214906
GATA5,basal_to_goblet,viper,-1.6452833950895327,3.0,0.488863622640904
GATA6,basal_to_ciliated,viper,1.8060523529913977,5.0,0.1316455810360664
GATA6,basal_to_club,viper,1.2092285943529137,5.0,0.4472201079531235
GATA6,basal_to_goblet,viper,-3.892413121191368,5.0,0.0467190544499112
GATAD2A,basal_to_ciliated,viper,1.0714786125917815,3.0,0.5671384002659987
GATAD2A,basal_to_club,viper,0.07568958015745728,3.0,0.5592357155529281
GATAD2A,basal_to_goblet,viper,-0.8898504168722088,3.0,0.4290424403584916
GATAD2B,basal_to_ciliated,viper,2.636929118516113,3.0,0.0705356819139577
GATAD2B,basal_to_club,viper,2.8162671096804557,3.0,0.107268011835908
GATAD2B,basal_to_goblet,viper,0.0122041818045818,3.0,0.7727538636633323
GBX2,basal_to_ciliated,viper,-7.824904568856839,4.0,1.1046142510064327e-05
GBX2,basal_to_club,viper,-6.089712945567992,4.0,0.000355458567385
GBX2,basal_to_goblet,viper,-4.29025485709771,4.0,0.0445102784485036
GCM1,basal_to_ciliated,viper,-3.4865929737436514,3.0,0.0240571769145543
GCM1,basal_to_club,viper,-4.047523580648454,3.0,0.0077449776476837
GCM1,basal_to_goblet,viper,-3.382735548933938,3.0,0.0318313056092859
GCM2,basal_to_ciliated,viper,-3.865377205880558,3.0,0.034929323790355
GCM2,basal_to_club,viper,-3.191981973726624,3.0,0.1265527915259542
GCM2,basal_to_goblet,viper,-3.40758101140675,3.0,0.1024941063162041
GFI1,basal_to_ciliated,viper,2.607011125876137,3.0,0.0948140362699109
GFI1,basal_to_club,viper,-3.505608682621638,3.0,0.0267772687309243
GFI1,basal_to_goblet,viper,-2.1313917860647273,3.0,0.2273050372687492
GFI1B,basal_to_ciliated,viper,-1.4626994594199834,5.0,0.3836527017319207
GFI1B,basal_to_club,viper,-5.421308612598982,5.0,0.0018496983322923
GFI1B,basal_to_goblet,viper,-5.261530144465038,5.0,0.0032857281806738
GLI1,basal_to_ciliated,viper,-10.265511428641776,4.0,3.745814940822892e-09
GLI1,basal_to_club,viper,-8.76717469709151,3.0,2.4569172300553427e-08
GLI1,basal_to_goblet,viper,-9.649415206781866,4.0,2.8267432116599425e-08
GLI2,basal_to_ciliated,viper,-6.713594078317402,3.0,5.897250058257016e-05
GLI2,basal_to_club,viper,-2.8693549189773915,3.0,0.0678406905160668
GLI2,basal_to_goblet,viper,-1.9764409129483864,3.0,0.1878770531098439
GLI3,basal_to_ciliated,viper,-7.473605255665545,3.0,1.0742445246991543e-05
GLI3,basal_to_club,viper,-7.362257192654341,3.0,2.476490503808968e-05
GLI3,basal_to_goblet,viper,-8.709543525310984,3.0,1.185975296618598e-06
GLI4,basal_to_ciliated,viper,-1.1906193008032522,2.0,0.4060271717669423
GLI4,basal_to_club,viper,-1.3759341682595823,2.0,0.4951530069875564
GLI4,basal_to_goblet,viper,-1.1052211897362545,2.0,0.5807007021713837
GLIS1,basal_to_ciliated,viper,2.798545603639926,3.0,0.0774658168035283
GLIS1,basal_to_club,viper,-4.315036337663835,3.0,0.0178264370544872
GLIS1,basal_to_goblet,viper,-4.473163947218504,3.0,0.0141155337603364
GLIS2,basal_to_ciliated,viper,-10.505066480275278,3.0,3.359234630076257e-09
GLIS2,basal_to_club,viper,-6.586642497068884,3.0,0.0001146164156332
GLIS2,basal_to_goblet,viper,-8.519392523455815,3.0,6.37793360356177e-07
GLIS3,basal_to_ciliated,viper,7.060689840660272,3.0,1.1046142510064327e-05
GLIS3,basal_to_club,viper,2.913767724855285,3.0,0.1421133253319595
GLIS3,basal_to_goblet,viper,2.45970660611542,3.0,0.2462646157376173
GLMP,basal_to_ciliated,viper,-1.5000207339752045,2.0,0.292569812656112
GLMP,basal_to_club,viper,2.765051762990908,2.0,0.1366011685921245
GLMP,basal_to_goblet,viper,4.9825528733312385,2.0,0.0017843841511782
GLYR1,basal_to_ciliated,viper,7.429394601711704,3.0,3.032550393659482e-08
GLYR1,basal_to_club,viper,2.707529976706214,3.0,0.1659303149666952
GLYR1,basal_to_goblet,viper,2.3162337833574576,3.0,0.2841247996894785
GMEB1,basal_to_ciliated,viper,4.189622503040877,3.0,0.0182850552359809
GMEB1,basal_to_club,viper,-0.6977023080350302,3.0,0.7740938616578324
GMEB1,basal_to_goblet,viper,-1.622052848613328,3.0,0.3661626989239015
GMEB2,basal_to_ciliated,viper,2.609556988779101,3.0,0.13089854181185
GMEB2,basal_to_club,viper,1.9151326952154817,3.0,0.3110922514734237
GMEB2,basal_to_goblet,viper,1.7971952496301624,3.0,0.4724978323023449
GPBP1,basal_to_ciliated,viper,8.455738822999052,2.0,1.8291186221318788e-10
GPBP1,basal_to_club,viper,-0.9166025484695149,2.0,0.7465205433402813
GPBP1,basal_to_goblet,viper,-1.0956617795143462,2.0,0.6097855941438381
GPBP1L1,basal_to_ciliated,viper,2.976625413528242,2.0,0.0407583557645765
GPBP1L1,basal_to_club,viper,2.674229161738399,2.0,0.1110886827812936
GPBP1L1,basal_to_goblet,viper,2.4487830605803245,2.0,0.202857092007337
GRHL1,basal_to_ciliated,viper,-3.676892746355891,3.0,0.0354809161950287
GRHL1,basal_to_club,viper,1.7703807549747337,3.0,0.3791749837671533
GRHL1,basal_to_goblet,viper,1.2905724508554757,3.0,0.6080815273656434
GRHL2,basal_to_ciliated,viper,6.694929354798044,5.0,0.0001888057137221
GRHL2,basal_to_club,viper,1.9168603206972423,5.0,0.1426676013852377
GRHL2,basal_to_goblet,viper,2.531387634424684,5.0,0.1299430686833573
GRHL3,basal_to_ciliated,viper,-14.911800809349009,3.0,4.9716413814761176e-18
GRHL3,basal_to_club,viper,-13.509053348817956,3.0,4.0037430699739036e-14
GRHL3,basal_to_goblet,viper,-9.973085938948053,3.0,2.4954399995230834e-07
GSC,basal_to_ciliated,viper,-7.851648077236724,3.0,1.4533938300007764e-05
GSC,basal_to_club,viper,-4.732183339520016,3.0,0.0113762883250133
GSC,basal_to_goblet,viper,-3.572052928284505,3.0,0.0827861476909812
GTF2B,basal_to_ciliated,viper,8.839408745009283,4.0,2.609740122440587e-09
GTF2B,basal_to_club,viper,-4.5993190929023475,4.0,0.0111658844695814
GTF2B,basal_to_goblet,viper,-3.1311938892749316,4.0,0.128876013971654
GTF2I,basal_to_ciliated,viper,3.453360689929379,1.0,0.0017322734607494
GTF2I,basal_to_club,viper,2.2413744357868137,1.0,0.0890580444315988
GTF2I,basal_to_goblet,viper,1.3756579095941075,1.0,0.3814573862600828
GTF2IRD1,basal_to_ciliated,viper,3.842958864744268,2.0,0.0030194425784848
GTF2IRD1,basal_to_club,viper,-0.36187148843606476,2.0,0.9006739960459239
GTF2IRD1,basal_to_goblet,viper,0.8291276717997291,2.0,0.707640704685332
GTF2IRD2,basal_to_ciliated,viper,7.9903668040863005,3.0,1.2009172724896612e-08
GTF2IRD2,basal_to_club,viper,0.9233581798670539,3.0,0.7226592677604663
GTF2IRD2,basal_to_goblet,viper,-0.08465186884978894,3.0,0.689121686117354
GTF2IRD2B,basal_to_ciliated,viper,10.496420219036438,3.0,1.7651119327345137e-14
GTF2IRD2B,basal_to_club,viper,1.6665080116645832,3.0,0.367799224956614
GTF2IRD2B,basal_to_goblet,viper,0.8177007546175221,3.0,0.6139508432073878
GTF3A,basal_to_ciliated,viper,-4.906032174933617,3.0,0.0008827041524749
GTF3A,basal_to_club,viper,-6.305094376277347,3.0,2.159458138592813e-05
GTF3A,basal_to_goblet,viper,-5.714996995060674,3.0,9.164429269934173e-05
GZF1,basal_to_ciliated,viper,4.656834586401878,3.0,0.0021234403924018
GZF1,basal_to_club,viper,3.1011759541871156,3.0,0.0805696286950918
GZF1,basal_to_goblet,viper,2.7485527912641166,3.0,0.1641813995890593
HAND1,basal_to_ciliated,viper,-10.816701012478914,3.0,3.5888983111634426e-12
HAND1,basal_to_club,viper,-8.27222157457105,3.0,1.3434646300355722e-06
HAND1,basal_to_goblet,viper,-8.640592667369942,3.0,8.290597163794825e-08
HAND2,basal_to_ciliated,viper,3.8863817272068313,3.0,0.0176732130122434
HAND2,basal_to_club,viper,-1.6578675385064094,3.0,0.3731887316949678
HAND2,basal_to_goblet,viper,-1.2252490969237624,3.0,0.6255319603002151
HBP1,basal_to_ciliated,viper,-6.087898676936112,4.0,4.70548224642005e-05
HBP1,basal_to_club,viper,-4.055629689819462,4.0,0.0140608217366138
HBP1,basal_to_goblet,viper,-4.755437737425339,4.0,0.0046304176593171
HDX,basal_to_ciliated,viper,-10.462474929679878,3.0,3.352671697206675e-09
HDX,basal_to_club,viper,-4.461325590873247,3.0,0.0082403513268696
HDX,basal_to_goblet,viper,-5.198715920286821,3.0,0.0023813815091611
HELT,basal_to_ciliated,viper,1.1259933063258973,3.0,0.5541302537382276
HELT,basal_to_club,viper,-3.3012500598094587,3.0,0.0612800210682804
HELT,basal_to_goblet,viper,-2.630671611175788,3.0,0.214913399447306
HES1,basal_to_ciliated,viper,-9.928892297598953,4.0,1.3286181003852415e-10
HES1,basal_to_club,viper,-6.843191416702366,4.0,1.6378559480351114e-05
HES1,basal_to_goblet,viper,-6.238633179484183,4.0,0.0003364354105321
HES2,basal_to_ciliated,viper,3.6594061355869885,3.0,0.0128680079202178
HES2,basal_to_club,viper,-4.744817285174675,3.0,0.0090725458889768
HES2,basal_to_goblet,viper,-2.995857105713515,3.0,0.1238118635189957
HES4,basal_to_ciliated,viper,-6.5053201740036934,3.0,0.0002669590579342
HES4,basal_to_club,viper,1.0336242522606522,3.0,0.7262272759283894
HES4,basal_to_goblet,viper,-0.6230857731667926,3.0,0.7024104769700297
HES5,basal_to_ciliated,viper,-7.151516361427188,3.0,5.7367803052171786e-05
HES5,basal_to_club,viper,-4.140036564142651,3.0,0.0133206386423621
HES5,basal_to_goblet,viper,-3.526050428110575,3.0,0.0498724542523754
HES6,basal_to_ciliated,viper,7.965088279695906,3.0,1.3730988654095406e-07
HES6,basal_to_club,viper,1.9970015741222642,3.0,0.3009771627878303
HES6,basal_to_goblet,viper,3.200478173082525,3.0,0.0731928420517437
HES7,basal_to_ciliated,viper,-6.520284822489721,3.0,1.1651596079423883e-05
HES7,basal_to_club,viper,-6.590731516068742,3.0,9.021614812738969e-06
HES7,basal_to_goblet,viper,-6.384904151085099,3.0,8.678097251826109e-05
HESX1,basal_to_ciliated,viper,4.615681822061406,3.0,0.0019338043531041
HESX1,basal_to_club,viper,-5.179571008543581,3.0,0.0036638619019156
HESX1,basal_to_goblet,viper,-3.819735262844623,3.0,0.0277789897457235
HEY1,basal_to_ciliated,viper,-6.802109108177366,3.0,9.027756856580742e-05
HEY1,basal_to_club,viper,-2.6368848651831884,3.0,0.1032002117010254
HEY1,basal_to_goblet,viper,-1.5525958311910841,3.0,0.4045040022577457
HEY2,basal_to_ciliated,viper,2.8559310806639413,3.0,0.0923280717857214
HEY2,basal_to_club,viper,-4.27514719094308,3.0,0.0156731149388971
HEY2,basal_to_goblet,viper,-4.678279350584826,3.0,0.0118556291753813
HEYL,basal_to_ciliated,viper,-7.06162288543233,3.0,0.0001181629133301
HEYL,basal_to_club,viper,-5.97156550815811,3.0,0.0023022252667755
HEYL,basal_to_goblet,viper,-7.492866210687613,3.0,9.041055931982152e-05
HHEX,basal_to_ciliated,viper,-11.946172982241208,4.0,7.693224956388651e-15
HHEX,basal_to_club,viper,-5.817262080079366,4.0,0.0023437180308958
HHEX,basal_to_goblet,viper,-5.860509484055148,4.0,0.0024903483629434
HIC1,basal_to_ciliated,viper,-6.344737090553073,3.0,6.868807118162653e-05
HIC1,basal_to_club,viper,-5.108764122085672,3.0,0.0033855788757309
HIC1,basal_to_goblet,viper,-4.575887395630943,3.0,0.0166729544215869
HIC2,basal_to_ciliated,viper,1.8202414298900809,3.0,0.0134119605768523
HIC2,basal_to_club,viper,-1.8617766227251302,3.0,0.4016278878917869
HIC2,basal_to_goblet,viper,-2.5706282937537677,3.0,0.1697811973138243
HIF1A,basal_to_ciliated,viper,-10.853270755319912,5.0,1.3160467727733719e-09
HIF1A,basal_to_club,viper,-7.094626503230845,5.0,0.0001643977185636
HIF1A,basal_to_goblet,viper,-7.715585115439856,5.0,9.152779013730238e-05
HIF3A,basal_to_ciliated,viper,-9.203510493586203,3.0,2.183280166378032e-07
HIF3A,basal_to_club,viper,-4.7066327970003465,3.0,0.0063612765780843
HIF3A,basal_to_goblet,viper,-5.98144035861379,3.0,0.0004861300683843
HINFP,basal_to_ciliated,viper,7.6198853027591795,3.0,7.076453715843336e-07
HINFP,basal_to_club,viper,-0.34927121228198016,3.0,0.9134099987813094
HINFP,basal_to_goblet,viper,-0.6405131934776811,3.0,0.7978234309350776
HIVEP1,basal_to_ciliated,viper,3.7870905001290436,3.0,0.0131233011642671
HIVEP1,basal_to_club,viper,4.505905019550144,3.0,0.0082574872291735
HIVEP1,basal_to_goblet,viper,2.3982493985990647,3.0,0.1673310956286646
HIVEP2,basal_to_ciliated,viper,3.5133126471713307,3.0,0.020186491575961
HIVEP2,basal_to_club,viper,3.296006179313149,3.0,0.0796597760165706
HIVEP2,basal_to_goblet,viper,2.120582141191847,3.0,0.3299279049492701
HIVEP3,basal_to_ciliated,viper,-10.42952493073978,3.0,8.446291871463557e-11
HIVEP3,basal_to_club,viper,-6.428032925599541,3.0,2.63018972422155e-05
HIVEP3,basal_to_goblet,viper,-6.372639730821135,3.0,0.0003379967379319
HLF,basal_to_ciliated,viper,-6.965801468248788,3.0,2.336487243351124e-05
HLF,basal_to_club,viper,-6.3369619387329745,3.0,8.489408368800243e-05
HLF,basal_to_goblet,viper,-6.479860425110702,3.0,5.08071333406758e-05
HLX,basal_to_ciliated,viper,-2.442612484852926,3.0,0.1857216013883537
HLX,basal_to_club,viper,-3.74452932347181,3.0,0.0126203321914458
HLX,basal_to_goblet,viper,-4.747057286492069,3.0,0.0010885935809177
HMBOX1,basal_to_ciliated,viper,4.776267303818221,4.0,0.0020634463382529
HMBOX1,basal_to_club,viper,1.7579134551392612,4.0,0.3731887316949678
HMBOX1,basal_to_goblet,viper,0.9090747465993598,4.0,0.6566416279083862
HMG20A,basal_to_ciliated,viper,-2.7372530411233784,3.0,0.0617039288212472
HMG20A,basal_to_club,viper,-4.38392466656506,3.0,0.0088264313008567
HMG20A,basal_to_goblet,viper,-6.054772611204812,3.0,7.673752617573073e-05
HMG20B,basal_to_ciliated,viper,3.2643924312961787,3.0,0.056338458272285
HMG20B,basal_to_club,viper,-0.24876329667055733,3.0,0.7247229456190222
HMG20B,basal_to_goblet,viper,1.5050104897017287,3.0,0.4788770614924912
HMGA1,basal_to_ciliated,viper,-12.933860061993284,3.0,1.2168371104468057e-15
HMGA1,basal_to_club,viper,-9.264281299731758,3.0,4.0184672176551954e-08
HMGA1,basal_to_goblet,viper,-9.843189611248313,3.0,9.582484982664094e-10
HMGA2,basal_to_ciliated,viper,-1.4093677724042102,3.0,0.3733645399476586
HMGA2,basal_to_club,viper,-6.169885889038371,3.0,0.0003660963354518
HMGA2,basal_to_goblet,viper,-5.871320725522582,3.0,0.0003668454390679
HMGN3,basal_to_ciliated,viper,15.48272675503216,4.0,4.601411387397693e-25
HMGN3,basal_to_club,viper,-2.0909712962359563,4.0,0.3773323752833579
HMGN3,basal_to_goblet,viper,-1.8624868715570861,4.0,0.4919826789253488
HMX1,basal_to_ciliated,viper,-6.530431018433168,3.0,0.000112679540159
HMX1,basal_to_club,viper,-7.289053194890196,3.0,6.429473609465617e-06
HMX1,basal_to_goblet,viper,-4.719220550977675,3.0,0.0104578985071085
HNF1A,basal_to_ciliated,viper,4.4872872325123785,3.0,0.0082897719434818
HNF1A,basal_to_club,viper,-3.1131148414978105,3.0,0.0838464825246068
HNF1A,basal_to_goblet,viper,-2.0944301372616576,3.0,0.28994072439764
HNF1B,basal_to_ciliated,viper,9.257908027782353,3.0,1.984165913313252e-09
HNF1B,basal_to_club,viper,2.508136990976161,3.0,0.2613840777072671
HNF1B,basal_to_goblet,viper,1.3569476250241759,3.0,0.4923165748777074
HNF4A,basal_to_ciliated,viper,16.994501815766366,6.0,8.761291644615099e-22
HNF4A,basal_to_club,viper,-1.9308662653476243,6.0,0.5077294638771174
HNF4A,basal_to_goblet,viper,-1.2599484732179258,6.0,0.5090222000542671
HNF4G,basal_to_ciliated,viper,12.145928815647402,5.0,1.790985407641279e-10
HNF4G,basal_to_club,viper,5.330469328666509,5.0,0.0136537015678839
HNF4G,basal_to_goblet,viper,8.87170293221859,5.0,1.4011133631910911e-05
HOMEZ,basal_to_ciliated,viper,-1.3876713259391853,3.0,0.028468400945481
HOMEZ,basal_to_club,viper,-4.287681788842057,3.0,0.0038169064802904
HOMEZ,basal_to_goblet,viper,-3.8302243651595442,3.0,0.0128687327545822
HOXA1,basal_to_ciliated,viper,-4.3509575318314715,3.0,0.0035576112666723
HOXA1,basal_to_club,viper,-5.983430743952938,3.0,0.0010031543723284
HOXA1,basal_to_goblet,viper,-3.6253391435261437,3.0,0.0347817734571097
HOXA10,basal_to_ciliated,viper,-7.016511819874336,3.0,4.1568983197527184e-05
HOXA10,basal_to_club,viper,-9.539523630584108,3.0,1.5707104011110306e-10
HOXA10,basal_to_goblet,viper,-6.943800250222122,3.0,0.000109262284732
HOXA11,basal_to_ciliated,viper,-0.5513937023751655,3.0,0.7372036818919131
HOXA11,basal_to_club,viper,-1.5986561302279616,3.0,0.4651919270944022
HOXA11,basal_to_goblet,viper,0.7789871413455234,3.0,0.6366982308441013
HOXA2,basal_to_ciliated,viper,-9.116621307520559,3.0,2.4568652223270717e-07
HOXA2,basal_to_club,viper,-8.562625834511621,3.0,2.8442055259290624e-06
HOXA2,basal_to_goblet,viper,-6.6629862381146125,3.0,0.0006024907917428
HOXA3,basal_to_ciliated,viper,-5.014212648051971,3.0,0.0023676190616627
HOXA3,basal_to_club,viper,-4.6537074999721595,3.0,0.0064454239287103
HOXA3,basal_to_goblet,viper,-2.5317948412792255,3.0,0.1563833282346603
HOXA4,basal_to_ciliated,viper,-6.6458067126402245,3.0,0.0001670099663133
HOXA4,basal_to_club,viper,-6.232594052344346,3.0,0.0001992623411916
HOXA4,basal_to_goblet,viper,-3.1015738654722016,3.0,0.1025941730984157
HOXA5,basal_to_ciliated,viper,-6.568156190574313,3.0,2.808546328840291e-05
HOXA5,basal_to_club,viper,-6.168602491856163,3.0,7.316281771851211e-05
HOXA5,basal_to_goblet,viper,-3.5981736812224727,3.0,0.024241573251745
HOXA6,basal_to_ciliated,viper,-1.7499322737051453,3.0,0.3532996978538164
HOXA6,basal_to_club,viper,-4.880544273459777,3.0,0.0041241552364382
HOXA6,basal_to_goblet,viper,-1.8016919525807484,3.0,0.3982981856386844
HOXA7,basal_to_ciliated,viper,-6.828772216618117,3.0,5.483493633866553e-05
HOXA7,basal_to_club,viper,-7.351469492151876,3.0,2.1695404603491397e-06
HOXA7,basal_to_goblet,viper,-6.387813123508285,3.0,0.0001351188055495
HOXA9,basal_to_ciliated,viper,-6.598575790392353,4.0,0.0007467076882183
HOXA9,basal_to_club,viper,-8.09726470644468,4.0,3.2152200523964733e-06
HOXA9,basal_to_goblet,viper,-7.964537069037259,4.0,3.0909831002808086e-06
HOXB1,basal_to_ciliated,viper,-5.408142927642493,3.0,0.0001157000117539
HOXB1,basal_to_club,viper,-4.381578626502134,3.0,0.0049616538985613
HOXB1,basal_to_goblet,viper,-1.5226723349833433,3.0,0.5112393571999285
HOXB13,basal_to_ciliated,viper,-8.696048772343001,4.0,3.2669739279446546e-08
HOXB13,basal_to_club,viper,-9.68308795007872,4.0,6.330091572007121e-09
HOXB13,basal_to_goblet,viper,-9.140342986216321,4.0,1.2492176621546024e-08
HOXB2,basal_to_ciliated,viper,-4.945203575024264,3.0,0.0089697903338832
HOXB2,basal_to_club,viper,-0.7045581643878595,3.0,0.799548690183844
HOXB2,basal_to_goblet,viper,1.919218116281574,3.0,0.3085952198933002
HOXB3,basal_to_ciliated,viper,-3.850414800345579,3.0,0.0068808500577446
HOXB3,basal_to_club,viper,-3.0925827671495703,3.0,0.0698025393767522
HOXB3,basal_to_goblet,viper,0.8871024882356132,3.0,0.6383454152240023
HOXB4,basal_to_ciliated,viper,-5.998046866150554,4.0,0.000132241521846
HOXB4,basal_to_club,viper,-5.574119905424339,4.0,0.0012241828269832
HOXB4,basal_to_goblet,viper,-4.116504426729753,4.0,0.0178296036646024
HOXB5,basal_to_ciliated,viper,-8.051661864486377,3.0,2.1053041807459234e-06
HOXB5,basal_to_club,viper,-7.832084309855496,3.0,1.777915477623128e-06
HOXB5,basal_to_goblet,viper,-4.459710810430201,3.0,0.0067431519573714
HOXB6,basal_to_ciliated,viper,-3.424443008876127,3.0,0.0192240054488865
HOXB6,basal_to_club,viper,-2.8451046153480055,3.0,0.0538875868227102
HOXB6,basal_to_goblet,viper,0.3968137259167227,3.0,0.3871209535071199
HOXB7,basal_to_ciliated,viper,-6.197634371324156,5.0,6.21701464035555e-05
HOXB7,basal_to_club,viper,-8.71519592251988,5.0,8.281753593705098e-09
HOXB7,basal_to_goblet,viper,-8.907770625808215,5.0,1.3709015283861298e-08
HOXB8,basal_to_ciliated,viper,-9.029327322772087,3.0,3.7210228975430004e-07
HOXB8,basal_to_club,viper,-7.227970002542154,3.0,1.038013325628238e-05
HOXB8,basal_to_goblet,viper,-6.71977717732325,3.0,0.0001104872075375
HOXB9,basal_to_ciliated,viper,-8.481266678141164,3.0,5.2507146383375716e-08
HOXB9,basal_to_club,viper,-6.8177944531931205,3.0,5.776662085509296e-06
HOXB9,basal_to_goblet,viper,-5.518228441805603,3.0,0.0004040593625138
HOXC10,basal_to_ciliated,viper,-6.15434889338392,3.0,0.0001196416545485
HOXC10,basal_to_club,viper,-5.31241781688802,3.0,0.0006867948133613
HOXC10,basal_to_goblet,viper,-4.675352329887782,3.0,0.0023724002093013
HOXC4,basal_to_ciliated,viper,5.414799857933961,3.0,0.0012481775203188
HOXC4,basal_to_club,viper,-0.8005669842753371,3.0,0.4698094772878106
HOXC4,basal_to_goblet,viper,-0.9600527655421228,3.0,0.4659504881095965
HOXC5,basal_to_ciliated,viper,-2.8448446268895506,3.0,0.1037072793446338
HOXC5,basal_to_club,viper,-2.4228192946721596,3.0,0.1283054880232974
HOXC5,basal_to_goblet,viper,-3.46920428589577,3.0,0.0457485223643344
HOXC6,basal_to_ciliated,viper,-6.898667260464777,3.0,1.7489274749434295e-05
HOXC6,basal_to_club,viper,-6.287343319893866,3.0,0.0001000435388913
HOXC6,basal_to_goblet,viper,-5.084134038149544,3.0,0.0025044731318276
HOXC8,basal_to_ciliated,viper,0.7380713705066789,3.0,0.6672815555737363
HOXC8,basal_to_club,viper,-4.550701737214872,3.0,0.0213083456135948
HOXC8,basal_to_goblet,viper,-4.317627152278722,3.0,0.0179426329950571
HOXC9,basal_to_ciliated,viper,-12.718910478197131,4.0,1.3156923432317632e-19
HOXC9,basal_to_club,viper,-9.560324842193712,4.0,2.5428777474907303e-10
HOXC9,basal_to_goblet,viper,-8.890990768151305,4.0,4.800231554399364e-09
HOXD1,basal_to_ciliated,viper,-2.379862631640209,3.0,0.0917765632361393
HOXD1,basal_to_club,viper,1.7379654027619507,3.0,0.3489921299217287
HOXD1,basal_to_goblet,viper,-2.9855817005787504,3.0,0.1057445794094141
HOXD10,basal_to_ciliated,viper,-6.653572597122789,3.0,0.0002133508926939
HOXD10,basal_to_club,viper,-6.227940496626276,3.0,0.0006187980080048
HOXD10,basal_to_goblet,viper,-6.165949449976908,3.0,0.0007245483936403
HOXD11,basal_to_ciliated,viper,-8.31781229803505,3.0,1.9016100222574045e-06
HOXD11,basal_to_club,viper,-7.282447706318806,3.0,1.9679527655650336e-05
HOXD11,basal_to_goblet,viper,-6.312177789854668,3.0,0.0001876107761576
HOXD3,basal_to_ciliated,viper,-8.560203635045347,3.0,7.57837442338335e-08
HOXD3,basal_to_club,viper,-6.40266003249587,3.0,0.0003075855286118
HOXD3,basal_to_goblet,viper,-7.031358412881775,3.0,1.94233829115878e-05
HOXD4,basal_to_ciliated,viper,-7.36813169797069,3.0,2.620610032847454e-05
HOXD4,basal_to_club,viper,-8.85807317191827,3.0,1.1743100520950108e-06
HOXD4,basal_to_goblet,viper,-6.387750408547803,3.0,0.000498719601877
HOXD8,basal_to_ciliated,viper,-3.7174719972696924,3.0,0.0190707476910965
HOXD8,basal_to_club,viper,-5.194717468803551,3.0,0.0024713101036712
HOXD8,basal_to_goblet,viper,-5.378271876442989,3.0,0.005438955844234
HOXD9,basal_to_ciliated,viper,-8.445012411177974,3.0,4.059988147624116e-06
HOXD9,basal_to_club,viper,-8.21795561719996,3.0,2.593847517769038e-07
HOXD9,basal_to_goblet,viper,-7.0709692275436185,3.0,0.000169349654195
HSF1,basal_to_ciliated,viper,8.630166259592983,5.0,7.5754447295902095e-06
HSF1,basal_to_club,viper,-4.233117357010589,5.0,0.0594886339874925
HSF1,basal_to_goblet,viper,-2.1048719211965534,5.0,0.1978617580179145
HSF2,basal_to_ciliated,viper,5.265847185507287,3.0,0.0012999069901308
HSF2,basal_to_club,viper,-1.4335096676183743,3.0,0.6043694567699747
HSF2,basal_to_goblet,viper,-1.2105009336192385,3.0,0.6472545839099315
HSF4,basal_to_ciliated,viper,-2.394505338341111,3.0,0.0840521281199325
HSF4,basal_to_club,viper,-1.4905677590982083,3.0,0.2490867007117356
HSF4,basal_to_goblet,viper,0.6095487663045644,3.0,0.6656748334800698
HSF5,basal_to_ciliated,viper,-5.327319123362374,3.0,0.0001282346770678
HSF5,basal_to_club,viper,-5.6765829005668955,2.0,1.4599130494166314e-05
HSF5,basal_to_goblet,viper,-5.40793014840136,3.0,0.0003695736604104
HSFX1,basal_to_ciliated,viper,-1.2558505636676562,2.0,0.3968065180110796
HSFX1,basal_to_club,viper,-2.388700605904561,2.0,0.138472447665975
HSFX1,basal_to_goblet,viper,-2.384408094467171,2.0,0.1326134776096888
IKZF1,basal_to_ciliated,viper,2.082936164653444,6.0,0.3271921390254239
IKZF1,basal_to_club,viper,0.6503963930726498,6.0,0.6837293443770966
IKZF1,basal_to_goblet,viper,0.21319851223701156,6.0,0.517148935931212
IKZF2,basal_to_ciliated,viper,3.2701909550317807,3.0,0.0505827020182263
IKZF2,basal_to_club,viper,2.203546079155244,3.0,0.1851034208959564
IKZF2,basal_to_goblet,viper,1.9994471607660351,3.0,0.2632690716415659
IKZF3,basal_to_ciliated,viper,-2.4236047441726707,3.0,0.1601213625366484
IKZF3,basal_to_club,viper,-2.4683273845968925,3.0,0.207160082411566
IKZF3,basal_to_goblet,viper,-1.6444399337643172,3.0,0.4383441409039442
IKZF4,basal_to_ciliated,viper,6.32214817240947,3.0,4.0309801132584455e-05
IKZF4,basal_to_club,viper,1.413525064121465,3.0,0.4925602376355785
IKZF4,basal_to_goblet,viper,0.18308128304632568,3.0,0.8669755799707142
IKZF5,basal_to_ciliated,viper,0.7247346524801104,3.0,0.6750701091479019
IKZF5,basal_to_club,viper,1.0466216155177364,3.0,0.6647149609504484
IKZF5,basal_to_goblet,viper,-1.0145877680184394,3.0,0.6855596132873156
INSM1,basal_to_ciliated,viper,0.901510830948932,3.0,0.1137342271197693
INSM1,basal_to_club,viper,-3.929113696844884,3.0,0.0076621870124989
INSM1,basal_to_goblet,viper,-3.2725699029167545,3.0,0.0377187361712149
INSM2,basal_to_ciliated,viper,-2.1544191868400238,3.0,0.183672351861958
INSM2,basal_to_club,viper,-4.297803487462961,3.0,0.0220006107415247
INSM2,basal_to_goblet,viper,-3.499502975736578,3.0,0.07824922104153
IRF1,basal_to_ciliated,viper,1.9078644920759589,6.0,0.354485413918887
IRF1,basal_to_club,viper,2.8640127423609365,6.0,0.352766056289904
IRF1,basal_to_goblet,viper,3.5240127774993217,6.0,0.2108441521519667
IRF2,basal_to_ciliated,viper,5.386993239503276,4.0,0.0005640349092031
IRF2,basal_to_club,viper,-1.8051791932347385,4.0,0.3691945867036753
IRF2,basal_to_goblet,viper,0.46917362180298405,4.0,0.719738790062105
IRF3,basal_to_ciliated,viper,11.732216824548471,5.0,2.966863255424952e-13
IRF3,basal_to_club,viper,-0.9324845816412493,5.0,0.5870809413942457
IRF3,basal_to_goblet,viper,1.5402871890564047,5.0,0.572307523888548
IRF4,basal_to_ciliated,viper,-1.7683245589876335,5.0,0.3291853570999821
IRF4,basal_to_club,viper,-4.758456579085392,5.0,0.0457096606349691
IRF4,basal_to_goblet,viper,-5.192894218695508,5.0,0.0198175962771967
IRF5,basal_to_ciliated,viper,6.557253423281266,3.0,0.0001529067742853
IRF5,basal_to_club,viper,1.3623743982803407,3.0,0.5790706624071246
IRF5,basal_to_goblet,viper,2.201068037750474,3.0,0.2821158064372586
IRF6,basal_to_ciliated,viper,-5.891623920198692,3.0,0.0005880930370717
IRF6,basal_to_club,viper,-10.329360620990268,3.0,1.0258060801810829e-08
IRF6,basal_to_goblet,viper,-8.270706102997408,3.0,1.0258161745263973e-05
IRF7,basal_to_ciliated,viper,4.39642216988426,3.0,0.0099005371031024
IRF7,basal_to_club,viper,1.6830832232076844,3.0,0.4011603785585528
IRF7,basal_to_goblet,viper,2.214359536129741,3.0,0.2867985954247924
IRF8,basal_to_ciliated,viper,1.0681930347853872,4.0,0.5244632175406287
IRF8,basal_to_club,viper,-0.5930818535673522,4.0,0.5146236150089952
IRF8,basal_to_goblet,viper,-1.928933414088898,4.0,0.3038879652540856
IRF9,basal_to_ciliated,viper,6.8083755587151185,4.0,1.6998701988625082e-05
IRF9,basal_to_club,viper,2.172012535825088,4.0,0.3064531939548053
IRF9,basal_to_goblet,viper,3.928725324377439,4.0,0.0496417733128085
IRX1,basal_to_ciliated,viper,-3.140650287122765,3.0,0.0498091676160689
IRX1,basal_to_club,viper,-3.6869929472646987,3.0,0.0430029633717675
IRX1,basal_to_goblet,viper,-6.338527093744487,3.0,0.0002078819553443
IRX2,basal_to_ciliated,viper,1.790073822223457,3.0,0.2726183878908161
IRX2,basal_to_club,viper,-1.2282183762014731,3.0,0.6217955580820723
IRX2,basal_to_goblet,viper,-2.393410159053249,3.0,0.2283495713307475
IRX3,basal_to_ciliated,viper,7.76636738070797,3.0,2.7863917092065156e-07
IRX3,basal_to_club,viper,2.52535157061861,3.0,0.1407676597231185
IRX3,basal_to_goblet,viper,2.765786243162555,3.0,0.1147889586239856
IRX4,basal_to_ciliated,viper,-13.580770256061017,3.0,8.190994663767739e-17
IRX4,basal_to_club,viper,-12.08268819364951,3.0,1.2593204210399901e-12
IRX4,basal_to_goblet,viper,-9.541189337787188,3.0,5.980786728755966e-08
IRX5,basal_to_ciliated,viper,4.57574285016652,3.0,0.0030895212444747
IRX5,basal_to_club,viper,2.693630180874236,3.0,0.1327565490144773
IRX5,basal_to_goblet,viper,2.5411595317165023,3.0,0.1744041229132106
IRX6,basal_to_ciliated,viper,-9.177833601736136,3.0,3.0898799281498724e-08
IRX6,basal_to_club,viper,-6.7808974000738615,3.0,8.125438039765916e-05
IRX6,basal_to_goblet,viper,-6.317080302574059,3.0,0.0002648987308897
ISL1,basal_to_ciliated,viper,-7.509070286969122,3.0,2.5711886704585466e-06
ISL1,basal_to_club,viper,-6.00139177047857,3.0,5.374606360545658e-05
ISL1,basal_to_goblet,viper,-4.000412418836592,3.0,0.0081578593252465
ISL2,basal_to_ciliated,viper,-11.038458103163372,3.0,1.3444080559445711e-14
ISL2,basal_to_club,viper,-9.406448510483951,3.0,1.453235225094981e-09
ISL2,basal_to_goblet,viper,-8.046067812855123,3.0,6.048507098530974e-07
JAZF1,basal_to_ciliated,viper,8.566161746960745,3.0,8.938855186417491e-07
JAZF1,basal_to_club,viper,2.726987062435832,3.0,0.1633226268894014
JAZF1,basal_to_goblet,viper,2.922952957674427,3.0,0.0918792368008376
JDP2,basal_to_ciliated,viper,-2.9356713557098004,3.0,0.0415364606153409
JDP2,basal_to_club,viper,-2.258950467247304,3.0,0.2334171448557212
JDP2,basal_to_goblet,viper,-2.944651090520825,3.0,0.1296212041945159
JRK,basal_to_ciliated,viper,3.242785287623228,2.0,0.035627342213367
JRK,basal_to_club,viper,1.9555610475339935,2.0,0.2506502706381091
JRK,basal_to_goblet,viper,1.1581619506729155,2.0,0.625814307445387
JRKL,basal_to_ciliated,viper,5.199757130065605,3.0,0.0002580713471968
JRKL,basal_to_club,viper,-1.3574129029748303,2.0,0.4279772383757688
JRKL,basal_to_goblet,viper,-1.7516067534107418,3.0,0.2068117610186713
JUN,basal_to_ciliated,viper,-10.855780375369747,6.0,3.283428469712303e-08
JUN,basal_to_club,viper,-4.232528340905222,6.0,0.0909922956919871
JUN,basal_to_goblet,viper,-5.531692992516004,6.0,0.0180316375591814
JUNB,basal_to_ciliated,viper,-6.453611292999087,4.0,0.0001248895985393
JUNB,basal_to_club,viper,-3.3613382301524144,4.0,0.0694568026709236
JUNB,basal_to_goblet,viper,-5.240088417847937,4.0,0.0098921030705573
JUND,basal_to_ciliated,viper,0.42929838175090285,6.0,0.5983374019758806
JUND,basal_to_club,viper,1.7407683720704845,6.0,0.1966475894362802
JUND,basal_to_goblet,viper,2.089513509242028,6.0,0.1741949383002379
KAT7,basal_to_ciliated,viper,4.7490496255801675,2.0,0.0006165622194602
KAT7,basal_to_club,viper,-0.5669625408474842,2.0,0.8408147713637927
KAT7,basal_to_goblet,viper,-1.0139100027617864,2.0,0.6665343782450042
KCMF1,basal_to_ciliated,viper,-0.5407809004595544,3.0,0.5760159225737527
KCMF1,basal_to_club,viper,-1.4213421332498388,3.0,0.2329854537726257
KCMF1,basal_to_goblet,viper,0.8927989029875533,3.0,0.3543729022058692
KCNIP3,basal_to_ciliated,viper,-4.638646867096497,2.0,0.0014630941910251
KCNIP3,basal_to_club,viper,-2.2641783617730997,2.0,0.2543955510205108
KCNIP3,basal_to_goblet,viper,-2.1955706721712382,2.0,0.2159675266377032
KDM2A,basal_to_ciliated,viper,3.459367520102133,2.0,0.0227908725194781
KDM2A,basal_to_club,viper,2.808586570127815,2.0,0.1004366820488453
KDM2A,basal_to_goblet,viper,1.5891411003873621,2.0,0.2621700685187924
KDM2B,basal_to_ciliated,viper,4.711087187189157,2.0,0.0012224859716001
KDM2B,basal_to_club,viper,-0.7417988074058509,2.0,0.3252787343650368
KDM2B,basal_to_goblet,viper,-1.4662918027805698,2.0,0.4131209887582194
KDM5B,basal_to_ciliated,viper,12.970592830840157,5.0,1.761586540928117e-11
KDM5B,basal_to_club,viper,3.7584113276051183,5.0,0.0688025474215136
KDM5B,basal_to_goblet,viper,2.825513709160337,5.0,0.1978617580179145
KIN,basal_to_ciliated,viper,2.2600757599924437,3.0,0.0057475043574708
KIN,basal_to_club,viper,-5.231260077587665,3.0,0.0024810037611297
KIN,basal_to_goblet,viper,-5.7582872093209385,3.0,0.0013614533459942
KLF1,basal_to_ciliated,viper,-19.090383508501763,5.0,3.6737867935423973e-31
KLF1,basal_to_club,viper,-16.3359511130072,5.0,7.7789158844459e-24
KLF1,basal_to_goblet,viper,-14.305811672193355,5.0,4.919198431920216e-17
KLF10,basal_to_ciliated,viper,-4.0317949758427,3.0,0.0072236479612091
KLF10,basal_to_club,viper,-3.532224032954769,3.0,0.0250023679567798
KLF10,basal_to_goblet,viper,-4.7656468087732184,3.0,0.0026975774463123
KLF11,basal_to_ciliated,viper,-3.630355843553303,3.0,0.0112861965506499
KLF11,basal_to_club,viper,-2.7294216947951884,3.0,0.0800272471405003
KLF11,basal_to_goblet,viper,-3.756327295247232,3.0,0.0166729544215869
KLF12,basal_to_ciliated,viper,7.449574362218961,3.0,3.4617903541171086e-05
KLF12,basal_to_club,viper,1.9702512047196028,3.0,0.2949762677717304
KLF12,basal_to_goblet,viper,0.10604514938930797,3.0,0.9186016660581562
KLF13,basal_to_ciliated,viper,-3.1642377837160796,4.0,0.1039881418342275
KLF13,basal_to_club,viper,-0.2770013538299194,4.0,0.5691836189671823
KLF13,basal_to_goblet,viper,-1.8956882422839505,4.0,0.2073834531500422
KLF14,basal_to_ciliated,viper,-6.535807796929852,2.0,3.2884836078418744e-06
KLF14,basal_to_club,viper,-5.763181767370609,2.0,1.2756081931505887e-05
KLF14,basal_to_goblet,viper,-4.997841960593411,2.0,0.0003377342176923
KLF15,basal_to_ciliated,viper,-1.9235167396496562,3.0,0.252018504333621
KLF15,basal_to_club,viper,1.0616824300448813,3.0,0.7144468979943658
KLF15,basal_to_goblet,viper,-0.8525874587129535,3.0,0.6670611933674406
KLF16,basal_to_ciliated,viper,3.6138461684328007,3.0,0.0229057099814496
KLF16,basal_to_club,viper,0.6830197969361368,3.0,0.395146102149532
KLF16,basal_to_goblet,viper,1.8959724490733905,3.0,0.2434381270477937
KLF17,basal_to_ciliated,viper,-0.5757187083718791,3.0,0.3550522518832615
KLF17,basal_to_club,viper,-2.815775177768285,2.0,0.0480607183072622
KLF17,basal_to_goblet,viper,-1.261685071710005,3.0,0.5042071526239759
KLF2,basal_to_ciliated,viper,2.6972647478676026,4.0,0.1019915657185277
KLF2,basal_to_club,viper,1.3243672798887332,4.0,0.6260250921542989
KLF2,basal_to_goblet,viper,1.4831113199079995,4.0,0.5583895538272872
KLF3,basal_to_ciliated,viper,-9.197410816928535,4.0,1.4883671793379538e-07
KLF3,basal_to_club,viper,-5.300028777354115,4.0,0.0021020176307687
KLF3,basal_to_goblet,viper,-3.8010444513694033,4.0,0.0556418047966522
KLF4,basal_to_ciliated,viper,-13.199347572644369,5.0,2.5754651827716564e-14
KLF4,basal_to_club,viper,-7.021539167179819,5.0,0.0004687577500767
KLF4,basal_to_goblet,viper,-4.570925756156954,5.0,0.0179644224491848
KLF5,basal_to_ciliated,viper,-17.624749822665674,5.0,3.849558394157013e-23
KLF5,basal_to_club,viper,-13.712526166172244,5.0,4.955486492765486e-14
KLF5,basal_to_goblet,viper,-9.568194068357135,5.0,2.20430063041478e-07
KLF6,basal_to_ciliated,viper,-3.0767939410933587,4.0,0.0797772753779724
KLF6,basal_to_club,viper,-0.07094342151445751,4.0,0.7277200730223039
KLF6,basal_to_goblet,viper,-1.7840763213123423,4.0,0.4139606963928951
KLF7,basal_to_ciliated,viper,-3.5005866315181473,3.0,0.019796617869785
KLF7,basal_to_club,viper,-1.9139485711125666,3.0,0.2879224301273851
KLF7,basal_to_goblet,viper,-3.18674820800119,3.0,0.0466893214337806
KLF8,basal_to_ciliated,viper,-13.727544697712258,3.0,2.339525684184445e-20
KLF8,basal_to_club,viper,-10.406908797624174,3.0,1.7810514487183325e-12
KLF8,basal_to_goblet,viper,-9.03998688252581,3.0,3.4089395907112492e-09
KLF9,basal_to_ciliated,viper,-6.547569011368741,4.0,1.986058885967393e-05
KLF9,basal_to_club,viper,-2.0965424076682977,4.0,0.3465252661184743
KLF9,basal_to_goblet,viper,-3.9568740112917817,4.0,0.0342509631558135
KMT2A,basal_to_ciliated,viper,4.093256515670414,3.0,0.0146668704092034
KMT2A,basal_to_club,viper,2.6976239662557626,3.0,0.1125459822600272
KMT2A,basal_to_goblet,viper,-0.6666399935410453,3.0,0.728118510471121
KMT2B,basal_to_ciliated,viper,1.5306795327846703,2.0,0.3376452041704348
KMT2B,basal_to_club,viper,2.8732124898932905,2.0,0.1243647608244762
KMT2B,basal_to_goblet,viper,1.3233711992382002,2.0,0.4881705125836363
L3MBTL1,basal_to_ciliated,viper,10.062444838953112,2.0,3.5888983111634426e-12
L3MBTL1,basal_to_club,viper,0.8847521540357752,2.0,0.6931465826809091
L3MBTL1,basal_to_goblet,viper,1.5980305318168089,2.0,0.4917709304935437
L3MBTL3,basal_to_ciliated,viper,-8.966126321854045,2.0,7.636388295337056e-10
L3MBTL3,basal_to_club,viper,-2.9449469836621174,2.0,0.054506557002193
L3MBTL3,basal_to_goblet,viper,-3.4221789770707574,2.0,0.0240391625689836
L3MBTL4,basal_to_ciliated,viper,-1.3996992179142973,2.0,0.320115595969734
L3MBTL4,basal_to_club,viper,0.0003009890786594561,2.0,0.8833729605808649
L3MBTL4,basal_to_goblet,viper,-1.9030060328526146,2.0,0.285310416557172
LBX1,basal_to_ciliated,viper,-5.946442779887437,3.0,0.000918781122095
LBX1,basal_to_club,viper,-5.807521097532196,3.0,0.002313681697766
LBX1,basal_to_goblet,viper,-5.211873442560374,3.0,0.0059072777450644
LBX2,basal_to_ciliated,viper,5.639836864557175,3.0,0.000290708696001
LBX2,basal_to_club,viper,3.4267475132000755,3.0,0.0707156470663877
LBX2,basal_to_goblet,viper,5.039965113895957,3.0,0.0078963372330113
LCOR,basal_to_ciliated,viper,4.210638623699152,3.0,0.0216830918367418
LCOR,basal_to_club,viper,3.439144328456025,3.0,0.0673728320322242
LCOR,basal_to_goblet,viper,3.6859477598176293,3.0,0.0310937322174859
LCORL,basal_to_ciliated,viper,3.9353511460237187,3.0,0.0135166045917287
LCORL,basal_to_club,viper,-1.1414772166109792,3.0,0.1361031601172572
LCORL,basal_to_goblet,viper,-3.0861597397466216,3.0,0.0436132572739734
LEF1,basal_to_ciliated,viper,-0.9663352522974031,4.0,0.1380366509569326
LEF1,basal_to_club,viper,-8.211224722523166,4.0,4.3698632028085205e-06
LEF1,basal_to_goblet,viper,-7.600677884003701,4.0,3.327697075792073e-05
LHX1,basal_to_ciliated,viper,-6.012322682669922,2.0,9.499186726735692e-06
LHX1,basal_to_club,viper,-5.430482867478916,2.0,5.7035087528816625e-05
LHX1,basal_to_goblet,viper,-5.5352101267922835,2.0,6.0249649427236074e-05
LHX2,basal_to_ciliated,viper,-8.554755180035123,4.0,7.594262839150549e-08
LHX2,basal_to_club,viper,-9.355721123154668,4.0,9.72336403007543e-09
LHX2,basal_to_goblet,viper,-8.792499235848616,4.0,6.54136140493333e-08
LHX3,basal_to_ciliated,viper,-7.240563121786265,3.0,8.085654958843528e-06
LHX3,basal_to_club,viper,-6.622518970661109,3.0,9.228595185580146e-05
LHX3,basal_to_goblet,viper,-6.433051760197439,3.0,0.0001029385235262
LHX4,basal_to_ciliated,viper,-4.663341066864451,3.0,0.0020899028534445
LHX4,basal_to_club,viper,-6.022765465424098,3.0,0.0002665412884617
LHX4,basal_to_goblet,viper,-5.1158797837368075,3.0,0.0010201733123152
LHX5,basal_to_ciliated,viper,-8.271136137237088,3.0,1.4883647919277887e-06
LHX5,basal_to_club,viper,-6.935157074034962,3.0,9.61913817958114e-06
LHX5,basal_to_goblet,viper,-6.64866011790663,3.0,0.0002362570510689
LHX6,basal_to_ciliated,viper,-9.223405489034148,3.0,6.065605167894295e-09
LHX6,basal_to_club,viper,-8.325695272027831,3.0,8.772326755463164e-08
LHX6,basal_to_goblet,viper,-8.242521173585274,3.0,1.6124502710861265e-06
LHX8,basal_to_ciliated,viper,8.823693397925796,3.0,6.348616852779486e-09
LHX8,basal_to_club,viper,2.2503950301316524,3.0,0.2976871691789622
LHX8,basal_to_goblet,viper,2.098637423503762,3.0,0.3647272749985532
LHX9,basal_to_ciliated,viper,6.139515025864394,3.0,8.231972218947457e-05
LHX9,basal_to_club,viper,0.48365531078450197,3.0,0.8465049724120105
LHX9,basal_to_goblet,viper,-1.3210331183735802,3.0,0.5364067276294757
LIN28A,basal_to_ciliated,viper,2.6583235271908188,2.0,4.844338476224403e-06
LIN28A,basal_to_club,viper,-5.370727530018103,1.0,2.9091766349074956e-06
LIN28A,basal_to_goblet,viper,-6.119294202582812,2.0,9.550134028719628e-05
LIN54,basal_to_ciliated,viper,0.5348375169528358,2.0,0.6544058468267302
LIN54,basal_to_club,viper,0.2578714584952465,2.0,0.8307144264903324
LIN54,basal_to_goblet,viper,0.25166245348750005,2.0,0.915505025135786
LMX1A,basal_to_ciliated,viper,7.472770120378148,3.0,3.079967563534536e-07
LMX1A,basal_to_club,viper,-2.4431630778394795,3.0,0.2668452422195856
LMX1A,basal_to_goblet,viper,0.33778591410904696,3.0,0.5746897406419594
LMX1B,basal_to_ciliated,viper,-0.21363805814076992,3.0,0.3639281011512318
LMX1B,basal_to_club,viper,-3.4275201602107206,3.0,0.0430029633717675
LMX1B,basal_to_goblet,viper,-3.187985879038537,3.0,0.0951887993598047
LTF,basal_to_ciliated,viper,-4.247260655142684,2.0,0.0028898260569096
LTF,basal_to_club,viper,2.1787082826720705,2.0,0.296790679016769
LTF,basal_to_goblet,viper,0.025530793565962315,2.0,0.8360057392485852
LYL1,basal_to_ciliated,viper,11.201230709418894,5.0,1.763950073231235e-10
LYL1,basal_to_club,viper,1.6098089684239674,5.0,0.4649736739018955
LYL1,basal_to_goblet,viper,2.480857845001288,5.0,0.316263216425058
MAF,basal_to_ciliated,viper,-9.845493473006806,4.0,3.242046294370539e-08
MAF,basal_to_club,viper,-8.352445094439043,4.0,2.210395947844226e-06
MAF,basal_to_goblet,viper,-5.775196295096633,4.0,0.0004257028550911
MAFA,basal_to_ciliated,viper,-4.922216781873028,3.0,0.0004768964207786
MAFA,basal_to_club,viper,-4.717316016171048,3.0,0.0018301359024389
MAFA,basal_to_goblet,viper,-2.9420853623780614,3.0,0.0650805697242686
MAFB,basal_to_ciliated,viper,-12.296971035701365,4.0,2.446338790930633e-12
MAFB,basal_to_club,viper,-6.421897778843826,4.0,7.589416024911833e-05
MAFB,basal_to_goblet,viper,-6.858666621637088,4.0,0.0003473695600985
MAFF,basal_to_ciliated,viper,-7.821734139950527,5.0,2.872083076454521e-05
MAFF,basal_to_club,viper,-1.3561463570089134,5.0,0.6561432494699753
MAFF,basal_to_goblet,viper,-2.3158759707819168,5.0,0.3392581632460067
MAFG,basal_to_ciliated,viper,-0.025532496271910565,4.0,0.2254678941106831
MAFG,basal_to_club,viper,-0.34816765996396337,4.0,0.3260660198292801
MAFG,basal_to_goblet,viper,2.2254090017883374,4.0,0.1575903380798682
MAFK,basal_to_ciliated,viper,-2.846403409507503,5.0,0.0773331255797549
MAFK,basal_to_club,viper,0.942285225998193,5.0,0.4269309909444219
MAFK,basal_to_goblet,viper,1.158849316075638,5.0,0.2955395256472065
MAX,basal_to_ciliated,viper,-11.051519177450219,5.0,6.546287167693067e-13
MAX,basal_to_club,viper,-13.131713267653694,5.0,5.442256658385205e-17
MAX,basal_to_goblet,viper,-12.914921896169966,5.0,1.1231630135796655e-15
MAZ,basal_to_ciliated,viper,13.311370313172178,5.0,1.3978555492629176e-17
MAZ,basal_to_club,viper,0.36472576345335217,5.0,0.5277897475084181
MAZ,basal_to_goblet,viper,0.7946749974273073,5.0,0.4636546105763933
MBD1,basal_to_ciliated,viper,8.457085765570074,3.0,7.484323377427271e-10
MBD1,basal_to_club,viper,2.335289465995684,3.0,0.350584802154588
MBD1,basal_to_goblet,viper,1.182617524008324,3.0,0.4752777925275621
MBD2,basal_to_ciliated,viper,4.246759041734246,4.0,0.0052708024086294
MBD2,basal_to_club,viper,0.7284969872794218,4.0,0.4819534091159495
MBD2,basal_to_goblet,viper,2.3019575069288885,4.0,0.2244211705544426
MBD3,basal_to_ciliated,viper,-4.29482256455637,4.0,0.007159826459492
MBD3,basal_to_club,viper,-1.4250509822017894,4.0,0.1861851709046841
MBD3,basal_to_goblet,viper,-1.0473203846310568,4.0,0.1916640475153791
MBD4,basal_to_ciliated,viper,8.83808139754486,5.0,2.2654249407661958e-08
MBD4,basal_to_club,viper,-4.697026777590493,5.0,0.0281706273452354
MBD4,basal_to_goblet,viper,-4.589619979408029,5.0,0.0116525853638809
MBD6,basal_to_ciliated,viper,3.364770988752175,2.0,0.0107185219149821
MBD6,basal_to_club,viper,2.1942415915769593,2.0,0.2762885106540786
MBD6,basal_to_goblet,viper,1.2970658185779738,2.0,0.5119033183935972
MBNL2,basal_to_ciliated,viper,6.355914241803616,3.0,4.597527443115422e-05
MBNL2,basal_to_club,viper,3.54432689124281,3.0,0.0492287148841122
MBNL2,basal_to_goblet,viper,2.7231959643032035,3.0,0.1132816372110289
MECOM,basal_to_ciliated,viper,7.023024898915708,3.0,3.7002265178709897e-06
MECOM,basal_to_club,viper,7.061885285453607,3.0,2.7254928515755856e-06
MECOM,basal_to_goblet,viper,7.648345772847668,3.0,2.5122487496465273e-07
MECP2,basal_to_ciliated,viper,4.193029684390256,3.0,0.0067247931873323
MECP2,basal_to_club,viper,2.04608653047278,3.0,0.320389254909745
MECP2,basal_to_goblet,viper,0.32892164674168584,3.0,0.769774606126026
MEF2A,basal_to_ciliated,viper,7.744156385469701,6.0,4.4468577296173486e-05
MEF2A,basal_to_club,viper,2.3502874317475215,6.0,0.3753974508257286
MEF2A,basal_to_goblet,viper,1.860643223633633,6.0,0.5172979820812922
MEF2B,basal_to_ciliated,viper,3.163119068684744,4.0,0.0349849563720104
MEF2B,basal_to_club,viper,-4.382204101291584,4.0,0.0140643297501013
MEF2B,basal_to_goblet,viper,-3.8774492647267644,4.0,0.0415536808356913
MEF2C,basal_to_ciliated,viper,-2.8602611496385437,5.0,0.2015353426308496
MEF2C,basal_to_club,viper,1.8926192819946177,5.0,0.4455045015928748
MEF2C,basal_to_goblet,viper,-1.6308481762482678,5.0,0.4406095283389558
MEF2D,basal_to_ciliated,viper,2.3028046021677735,3.0,0.1360347147597369
MEF2D,basal_to_club,viper,2.604140617410111,3.0,0.1570736942386133
MEF2D,basal_to_goblet,viper,2.0164445957379553,3.0,0.3374717556894849
MEIS1,basal_to_ciliated,viper,-2.245744690070873,5.0,0.0779531059601863
MEIS1,basal_to_club,viper,-5.255294675960461,5.0,0.0076621870124989
MEIS1,basal_to_goblet,viper,-3.3776336418382313,5.0,0.070850502027683
MEIS2,basal_to_ciliated,viper,8.851720788992461,4.0,9.860079059657105e-07
MEIS2,basal_to_club,viper,-1.6284196038223233,4.0,0.4069263343628388
MEIS2,basal_to_goblet,viper,-0.8854069180098345,4.0,0.4973906859984418
MEIS3,basal_to_ciliated,viper,-8.915076637840222,3.0,2.4963165637442565e-08
MEIS3,basal_to_club,viper,-6.116369574501878,3.0,1.628709650618743e-05
MEIS3,basal_to_goblet,viper,-5.101426094569335,3.0,0.0005654822924547
MEOX1,basal_to_ciliated,viper,-8.381799275603237,3.0,2.047550911040623e-06
MEOX1,basal_to_club,viper,-8.220667277791955,3.0,6.3275071143456345e-06
MEOX1,basal_to_goblet,viper,-7.868566798212749,3.0,1.0797418402087011e-05
MEOX2,basal_to_ciliated,viper,-5.045161752187977,3.0,0.0057544146816227
MEOX2,basal_to_club,viper,-7.851596867440653,3.0,9.57667389601563e-06
MEOX2,basal_to_goblet,viper,-6.452176808633072,3.0,0.0005559332936308
MESP1,basal_to_ciliated,viper,-2.517537496220946,3.0,0.1593911590047598
MESP1,basal_to_club,viper,5.5090918269630675,3.0,0.0001088043920951
MESP1,basal_to_goblet,viper,4.8137909597006034,3.0,0.0010121373270028
MESP2,basal_to_ciliated,viper,-3.374787623288071,3.0,0.0392095323500622
MESP2,basal_to_club,viper,3.247589549508353,3.0,0.0386552807247791
MESP2,basal_to_goblet,viper,1.2289704644427073,3.0,0.3376272286865616
MGA,basal_to_ciliated,viper,2.9794421212888027,3.0,0.1028875704222107
MGA,basal_to_club,viper,2.6466341676527714,3.0,0.2240973251921273
MGA,basal_to_goblet,viper,-2.1148920575638663,3.0,0.247068499665701
MITF,basal_to_ciliated,viper,18.261438047280237,5.0,1.3551615435025437e-33
MITF,basal_to_club,viper,11.097938628311145,5.0,5.6493692507642934e-14
MITF,basal_to_goblet,viper,12.906324726030093,5.0,1.0448830140216929e-17
MIXL1,basal_to_ciliated,viper,-5.264391054091617,3.0,0.0017266284611114
MIXL1,basal_to_club,viper,-6.744237160113396,3.0,0.0001492021351054
MIXL1,basal_to_goblet,viper,-6.597074180492106,3.0,0.0001634598218097
MKX,basal_to_ciliated,viper,6.928207801400679,3.0,5.38680245669308e-05
MKX,basal_to_club,viper,-0.3169823051512323,3.0,0.8793304670547699
MKX,basal_to_goblet,viper,-1.119583608633882,3.0,0.7009585100991635
MLX,basal_to_ciliated,viper,-2.117374292930869,3.0,0.1458278293144606
MLX,basal_to_club,viper,-3.3528617218533294,3.0,0.0370416876523427
MLX,basal_to_goblet,viper,-2.664343664767037,3.0,0.0937304003392787
MLXIP,basal_to_ciliated,viper,5.699977946763865,3.0,0.0018644444472328
MLXIP,basal_to_club,viper,3.4430247477536997,3.0,0.0492287148841122
MLXIP,basal_to_goblet,viper,2.911839264153732,3.0,0.0965499789089034
MLXIPL,basal_to_ciliated,viper,0.06715764211129696,3.0,0.7685784942881105
MLXIPL,basal_to_club,viper,-1.873321096998524,3.0,0.2907368585777241
MLXIPL,basal_to_goblet,viper,-4.127362574200514,3.0,0.0237490385821663
MNT,basal_to_ciliated,viper,-3.846337236539235,4.0,0.0154381912296918
MNT,basal_to_club,viper,-2.163654549465239,4.0,0.4192348321599494
MNT,basal_to_goblet,viper,-1.1344175597246082,4.0,0.6189543590339078
MNX1,basal_to_ciliated,viper,-6.070094799729771,4.0,7.070950068103307e-05
MNX1,basal_to_club,viper,-5.293304032793728,4.0,0.0020359436504077
MNX1,basal_to_goblet,viper,-4.333102154332854,4.0,0.0145955689632784
MSANTD1,basal_to_ciliated,viper,5.242734027565741,2.0,0.0002920585394206
MSANTD1,basal_to_club,viper,-1.4687319740292624,2.0,0.448378917516009
MSANTD1,basal_to_goblet,viper,-1.513871352550459,2.0,0.454180689939901
MSANTD3,basal_to_ciliated,viper,-4.249084358899851,2.0,0.0010634085555603
MSANTD3,basal_to_club,viper,-5.029938708031335,2.0,0.0009586012820335
MSANTD3,basal_to_goblet,viper,-3.6705054769144096,2.0,0.0261029289940698
MSANTD4,basal_to_ciliated,viper,2.1842177663130817,2.0,0.1200412949774544
MSANTD4,basal_to_club,viper,-0.8758422467120425,2.0,0.714983347198983
MSANTD4,basal_to_goblet,viper,-1.3252073974644405,2.0,0.5877703267281302
MSC,basal_to_ciliated,viper,-7.728133174864576,3.0,3.882241302249704e-06
MSC,basal_to_club,viper,-8.388324547350814,3.0,6.813408141168621e-07
MSC,basal_to_goblet,viper,-8.218623116374175,3.0,6.417789771426073e-06
MSGN1,basal_to_ciliated,viper,-8.608551439131825,3.0,6.364435072860317e-10
MSGN1,basal_to_club,viper,-9.075369993692574,3.0,8.552846504190253e-10
MSGN1,basal_to_goblet,viper,-6.2735952206765395,3.0,0.0001699006370917
MSX1,basal_to_ciliated,viper,-5.209356603620517,3.0,0.0012173267956116
MSX1,basal_to_club,viper,-5.09775260523454,3.0,0.0043116763812726
MSX1,basal_to_goblet,viper,-3.574438414136437,3.0,0.0949033832449911
MSX2,basal_to_ciliated,viper,5.255671026503186,3.0,0.0012835247040503
MSX2,basal_to_club,viper,-1.6307126544715178,3.0,0.4821907940354715
MSX2,basal_to_goblet,viper,-1.781515417795512,3.0,0.4340940783199815
MTERF1,basal_to_ciliated,viper,-3.0777612691604337,2.0,0.029694130067916
MTERF1,basal_to_club,viper,-5.0830906270877545,2.0,0.0005331390468549
MTERF1,basal_to_goblet,viper,-5.008889846668742,2.0,0.0007068849293211
MTERF2,basal_to_ciliated,viper,1.9834774165634417,2.0,0.1456102101488278
MTERF2,basal_to_club,viper,0.0031009718242523934,2.0,0.8665894486688046
MTERF2,basal_to_goblet,viper,-1.1038106400559429,2.0,0.6195325496371074
MTERF3,basal_to_ciliated,viper,-4.952015123966709,2.0,0.0004085910232501
MTERF3,basal_to_club,viper,-7.8720305977434135,2.0,3.237248241645511e-08
MTERF3,basal_to_goblet,viper,-7.230258067064378,2.0,1.692242090463467e-07
MTERF4,basal_to_ciliated,viper,-2.6496196707083906,2.0,0.0505827020182263
MTERF4,basal_to_club,viper,-1.4037527825590588,2.0,0.4697613149368346
MTERF4,basal_to_goblet,viper,-1.8605037676844836,2.0,0.373410008302285
MTF1,basal_to_ciliated,viper,4.532554423411606,2.0,0.0039235235198652
MTF1,basal_to_club,viper,0.9719038613426797,2.0,0.7170432655488637
MTF1,basal_to_goblet,viper,1.8611062795998452,2.0,0.3041835123646517
MTF2,basal_to_ciliated,viper,-11.94095489908545,3.0,9.502151577866517e-19
MTF2,basal_to_club,viper,-8.184818822704583,3.0,1.4466590082969662e-09
MTF2,basal_to_goblet,viper,-7.811117949542557,3.0,8.576403835653092e-09
MXD1,basal_to_ciliated,viper,-4.0103673929666765,3.0,0.0265961984750042
MXD1,basal_to_club,viper,-0.27459824402383937,3.0,0.9450356642772304
MXD1,basal_to_goblet,viper,0.23130380358897223,3.0,0.8834342227700153
MXD3,basal_to_ciliated,viper,-0.353890677166535,3.0,0.0532543740704741
MXD3,basal_to_club,viper,-6.52885890016675,3.0,1.2233535737003704e-05
MXD3,basal_to_goblet,viper,-7.166762240421144,3.0,3.021849055146767e-06
MXD4,basal_to_ciliated,viper,5.383759249539197,3.0,0.0018317139097215
MXD4,basal_to_club,viper,3.009184387528113,3.0,0.0679092750082344
MXD4,basal_to_goblet,viper,3.0028110430897215,3.0,0.0900359549222774
MXI1,basal_to_ciliated,viper,15.798858934763892,5.0,4.601411387397693e-25
MXI1,basal_to_club,viper,1.331131574369061,5.0,0.0635547342855233
MXI1,basal_to_goblet,viper,1.241060384634177,5.0,0.1266475383079206
MYB,basal_to_ciliated,viper,13.00880572017786,6.0,4.222517952114225e-11
MYB,basal_to_club,viper,3.4649994692468784,6.0,0.0907578513655834
MYB,basal_to_goblet,viper,4.254740215527787,6.0,0.0528625822841089
MYBL1,basal_to_ciliated,viper,-5.305999772643806,4.0,0.0005904075066082
MYBL1,basal_to_club,viper,-8.621402210164213,4.0,1.5190053886416988e-08
MYBL1,basal_to_goblet,viper,-6.573829157211428,4.0,3.376900506846296e-05
MYBL2,basal_to_ciliated,viper,-15.414265724060622,6.0,9.814837841710579e-14
MYBL2,basal_to_club,viper,-14.096458408616162,6.0,8.086524796184171e-10
MYBL2,basal_to_goblet,viper,-14.52147222136585,6.0,4.5937661881320754e-10
MYC,basal_to_ciliated,viper,-29.503326497757307,6.0,2.9404015610735867e-55
MYC,basal_to_club,viper,-17.572942135431155,6.0,2.6647207179602175e-20
MYC,basal_to_goblet,viper,-22.2776292415867,6.0,4.5862694652847416e-32
MYCL,basal_to_ciliated,viper,-5.221448101000735,2.0,0.0003300267182781
MYCL,basal_to_club,viper,-6.995744342188582,2.0,2.201987367926364e-07
MYCL,basal_to_goblet,viper,-5.220814083675409,2.0,0.0002109391300345
MYCN,basal_to_ciliated,viper,-19.929936235468105,5.0,1.2403957275626753e-33
MYCN,basal_to_club,viper,-14.865760069752604,5.0,2.4905670946139466e-19
MYCN,basal_to_goblet,viper,-12.243128743671503,5.0,3.923425667816498e-12
MYF6,basal_to_ciliated,viper,-6.751279179554623,3.0,9.377930049436386e-05
MYF6,basal_to_club,viper,-5.4627787424329295,3.0,0.0044595289102806
MYF6,basal_to_goblet,viper,-4.859353568909207,3.0,0.0105337858231798
MYNN,basal_to_ciliated,viper,-6.514254286517154,4.0,1.084643980864985e-05
MYNN,basal_to_club,viper,-9.25153697330037,4.0,2.5132740659683e-10
MYNN,basal_to_goblet,viper,-9.445243238936326,4.0,7.378328455811817e-11
MYPOP,basal_to_ciliated,viper,-3.414490858960915,2.0,0.0284187815994985
MYPOP,basal_to_club,viper,-1.4740558106372192,2.0,0.4647746186867304
MYPOP,basal_to_goblet,viper,-1.021198550160189,2.0,0.6546058575334982
MYRF,basal_to_ciliated,viper,-4.372721139361874,2.0,0.0053918128621144
MYRF,basal_to_club,viper,-0.2223130844475861,2.0,0.8422141755067968
MYRF,basal_to_goblet,viper,0.9269155712125043,2.0,0.6759143996851898
MYRFL,basal_to_ciliated,viper,5.424724676548891,2.0,0.0003389686909413
MYRFL,basal_to_club,viper,1.5066533850782182,2.0,0.4159185519814556
MYRFL,basal_to_goblet,viper,1.4886992107389845,2.0,0.4257773265967016
MYSM1,basal_to_ciliated,viper,1.4118184866969423,3.0,0.4265592362777847
MYSM1,basal_to_club,viper,3.0104157828497278,3.0,0.0964371799170792
MYSM1,basal_to_goblet,viper,0.3149100548206408,3.0,0.8312813334126554
MYT1,basal_to_ciliated,viper,-5.215855656111301,3.0,0.0013213339884696
MYT1,basal_to_club,viper,-5.811518768203567,3.0,0.0001269040330843
MYT1,basal_to_goblet,viper,-4.734121213189355,3.0,0.0052191361619361
MYT1L,basal_to_ciliated,viper,2.7097531774236465,3.0,0.11497164366346
MYT1L,basal_to_club,viper,-2.508366757064466,3.0,0.2803611238132991
MYT1L,basal_to_goblet,viper,-2.780056540960247,3.0,0.2002616755784602
MZF1,basal_to_ciliated,viper,7.358283316555114,3.0,6.309282304818405e-05
MZF1,basal_to_club,viper,2.6614777610496603,3.0,0.1519536234571439
MZF1,basal_to_goblet,viper,1.601845497847488,3.0,0.4990281595844843
NACC2,basal_to_ciliated,viper,5.956268829647831,2.0,0.0001095835319533
NACC2,basal_to_club,viper,2.75080958042524,2.0,0.0856649787409087
NACC2,basal_to_goblet,viper,2.628421755909252,2.0,0.1177984275633354
NAIF1,basal_to_ciliated,viper,1.437796231622301,2.0,0.3331494136537469
NAIF1,basal_to_club,viper,-1.4775467737398835,2.0,0.5395867541009061
NAIF1,basal_to_goblet,viper,-0.023354709922078373,2.0,0.7399830898931751
NANOG,basal_to_ciliated,viper,-3.994795092925228,6.0,0.0202311053116591
NANOG,basal_to_club,viper,-9.764771562612784,6.0,5.95174969107648e-10
NANOG,basal_to_goblet,viper,-8.59131977481412,6.0,3.7653409391590724e-08
NANOGNB,basal_to_ciliated,viper,-1.4386118686276717,2.0,0.3522221447402739
NANOGNB,basal_to_club,viper,-2.4386244571706097,2.0,0.1331417643236112
NANOGNB,basal_to_goblet,viper,-2.0839166560517017,2.0,0.2174596859881557
NANOGP8,basal_to_ciliated,viper,-7.2697444111544565,2.0,1.2009172724896612e-08
NANOGP8,basal_to_club,viper,-7.010584488199447,2.0,1.4271884868298138e-07
NANOGP8,basal_to_goblet,viper,-7.0288541334091645,2.0,1.1077566277759193e-07
NCOA1,basal_to_ciliated,viper,7.494539313786895,4.0,3.2133944274175886e-05
NCOA1,basal_to_club,viper,5.244728379280547,4.0,0.0029370018775125
NCOA1,basal_to_goblet,viper,3.9482983640220954,4.0,0.0317555227913049
NCOA2,basal_to_ciliated,viper,8.617447793291024,4.0,1.7473507406632758e-08
NCOA2,basal_to_club,viper,5.837983505709347,4.0,0.0012218621939517
NCOA2,basal_to_goblet,viper,4.752805840674738,4.0,0.0202539870100753
NCOA3,basal_to_ciliated,viper,6.6247547454277385,4.0,1.0832800248958446e-05
NCOA3,basal_to_club,viper,4.734280804859045,4.0,0.0219508802409547
NCOA3,basal_to_goblet,viper,4.287953031839606,4.0,0.0223851965875415
NEUROD1,basal_to_ciliated,viper,-1.7690796950462284,4.0,0.2724129344519277
NEUROD1,basal_to_club,viper,-7.114782337157649,4.0,0.0001170954114475
NEUROD1,basal_to_goblet,viper,-5.9095741614032065,4.0,8.541835910869604e-05
NEUROD2,basal_to_ciliated,viper,-15.233571387520428,4.0,2.2494676362613428e-28
NEUROD2,basal_to_club,viper,-14.495290484628747,4.0,1.8110440106157104e-25
NEUROD2,basal_to_goblet,viper,-11.061225348449923,4.0,2.0408799694720782e-14
NEUROD4,basal_to_ciliated,viper,-6.251908437129089,3.0,4.924593773026255e-05
NEUROD4,basal_to_club,viper,-5.692349050959297,3.0,0.0029036603362599
NEUROD4,basal_to_goblet,viper,-4.611416152218341,3.0,0.013438722688255
NEUROG1,basal_to_ciliated,viper,-7.116283560970426,3.0,7.08484914615104e-06
NEUROG1,basal_to_club,viper,-7.611490592465182,3.0,1.5306627706228103e-05
NEUROG1,basal_to_goblet,viper,-5.744409379241811,3.0,0.0018882193606239
NEUROG2,basal_to_ciliated,viper,-9.323346733741523,3.0,4.50148756856237e-08
NEUROG2,basal_to_club,viper,-8.166488489934627,3.0,2.8928448647072833e-05
NEUROG2,basal_to_goblet,viper,-8.099989815150831,3.0,2.0980909773660303e-05
NFAT5,basal_to_ciliated,viper,-0.9225570089458681,3.0,0.4921307644717165
NFAT5,basal_to_club,viper,2.7679135904882117,3.0,0.1072937818581906
NFAT5,basal_to_goblet,viper,0.8475462311646591,3.0,0.4881705125836363
NFATC1,basal_to_ciliated,viper,6.585432511950328,5.0,2.33324488162157e-05
NFATC1,basal_to_club,viper,-2.0266504181659437,5.0,0.3621486662276486
NFATC1,basal_to_goblet,viper,-1.7801993604198942,5.0,0.511146957999377
NFATC2,basal_to_ciliated,viper,8.550575870523724,3.0,7.665009638354374e-07
NFATC2,basal_to_club,viper,3.528721102073503,3.0,0.077071425682943
NFATC2,basal_to_goblet,viper,3.1130308192272347,3.0,0.1742023776494844
NFATC3,basal_to_ciliated,viper,1.591920153958242,3.0,0.3762426909440843
NFATC3,basal_to_club,viper,-1.4133160881392108,3.0,0.6121398391375092
NFATC3,basal_to_goblet,viper,-1.3950818921694557,3.0,0.5835787123008347
NFATC4,basal_to_ciliated,viper,-7.336617784837939,3.0,6.54881408216108e-06
NFATC4,basal_to_club,viper,-2.6802583133578364,3.0,0.219359116509824
NFATC4,basal_to_goblet,viper,-5.488779167854353,3.0,0.0038629377218521
NFE2,basal_to_ciliated,viper,4.777822924051888,5.0,0.0012624961367751
NFE2,basal_to_club,viper,5.450859163975911,5.0,0.0109456811307691
NFE2,basal_to_goblet,viper,5.017139628429991,5.0,0.0074243881824517
NFE2L1,basal_to_ciliated,viper,6.158086331076712,4.0,1.3793872313749144e-05
NFE2L1,basal_to_club,viper,0.2425895152371938,4.0,0.5393893442128018
NFE2L1,basal_to_goblet,viper,2.7685726273533806,4.0,0.299546306919631
NFE2L2,basal_to_ciliated,viper,-8.039877328068258,5.0,5.283127327278736e-06
NFE2L2,basal_to_club,viper,-10.78528646891282,5.0,4.604437385354742e-09
NFE2L2,basal_to_goblet,viper,-8.404572003501322,5.0,6.844678131902704e-05
NFE2L3,basal_to_ciliated,viper,-6.075881413364577,3.0,0.0003708127156583
NFE2L3,basal_to_club,viper,-4.593701959333998,3.0,0.0031476995725497
NFE2L3,basal_to_goblet,viper,-3.3918653908974337,3.0,0.0842938377286647
NFE4,basal_to_ciliated,viper,-1.6809718169385488,1.0,0.1471834250084647
NFE4,basal_to_club,viper,-2.70837524132606,1.0,0.0341268999848494
NFE4,basal_to_goblet,viper,-1.381388900332311,1.0,0.3503160594983431
NFIA,basal_to_ciliated,viper,3.057088218318695,3.0,0.035627342213367
NFIA,basal_to_club,viper,-0.8680938713206847,3.0,0.7442149471499132
NFIA,basal_to_goblet,viper,-2.795006072575211,3.0,0.1836645410724405
NFIB,basal_to_ciliated,viper,-3.1865397939592803,4.0,0.0555407714552244
NFIB,basal_to_club,viper,-3.714614073072833,4.0,0.0227767923979557
NFIB,basal_to_goblet,viper,-5.514800619686449,4.0,0.0010530211914325
NFIC,basal_to_ciliated,viper,-4.493646666120857,5.0,0.0154381912296918
NFIC,basal_to_club,viper,-5.537584387338677,5.0,0.0081332940358078
NFIC,basal_to_goblet,viper,-6.873644184611344,5.0,0.0012546218622556
NFIL3,basal_to_ciliated,viper,-2.556294873366768,3.0,0.0719687481035743
NFIL3,basal_to_club,viper,-0.29567208686305846,3.0,0.5342516064923387
NFIL3,basal_to_goblet,viper,-2.0405703153487535,3.0,0.2399817177027206
NFIX,basal_to_ciliated,viper,1.5778852915806998,3.0,0.3313354008442473
NFIX,basal_to_club,viper,-2.5030192370003426,3.0,0.1168761392786703
NFIX,basal_to_goblet,viper,-3.1725020411338196,3.0,0.0504042896083472
NFKB1,basal_to_ciliated,viper,-6.498903840227431,4.0,0.0001071223757793
NFKB1,basal_to_club,viper,-4.1421986972310165,4.0,0.0277750046121692
NFKB1,basal_to_goblet,viper,-5.334780624212805,4.0,0.0043926292804361
NFKB2,basal_to_ciliated,viper,-6.863562435249729,4.0,1.804031129448255e-05
NFKB2,basal_to_club,viper,-0.7275231422541064,4.0,0.6774790356654307
NFKB2,basal_to_goblet,viper,-1.7602758072404137,4.0,0.4324422036842018
NFX1,basal_to_ciliated,viper,5.9059750971441485,3.0,3.38640163000994e-05
NFX1,basal_to_club,viper,1.2910164009200729,3.0,0.50470337731634
NFX1,basal_to_goblet,viper,1.331839570911226,3.0,0.607478076153483
NFXL1,basal_to_ciliated,viper,2.6745583168514253,3.0,0.1395440199075081
NFXL1,basal_to_club,viper,-1.1367946840997054,3.0,0.5520890856339543
NFXL1,basal_to_goblet,viper,-1.5914269639389396,3.0,0.4230847252876611
NFYA,basal_to_ciliated,viper,13.405749847607861,5.0,8.313277162825326e-14
NFYA,basal_to_club,viper,0.7652673612965869,5.0,0.3411248537711421
NFYA,basal_to_goblet,viper,-1.0559572565145798,5.0,0.160919319872898
NFYB,basal_to_ciliated,viper,5.795245780711974,5.0,1.3986747312530548e-05
NFYB,basal_to_club,viper,-9.123321255227138,5.0,8.192004169016053e-07
NFYB,basal_to_goblet,viper,-9.461882418050392,5.0,5.380900791708639e-06
NFYC,basal_to_ciliated,viper,-6.601318096048173,3.0,5.150065028333985e-05
NFYC,basal_to_club,viper,-4.032164303627755,3.0,0.007020888642771
NFYC,basal_to_goblet,viper,-5.23207139992664,3.0,0.0003378760243918
NHLH1,basal_to_ciliated,viper,-5.613411586378624,3.0,0.0017680094974418
NHLH1,basal_to_club,viper,-3.8652025907127245,3.0,0.0167178237066273
NHLH1,basal_to_goblet,viper,-2.878626142869374,3.0,0.0729165989244189
NHLH2,basal_to_ciliated,viper,0.34907480627695886,3.0,0.4073094432629148
NHLH2,basal_to_club,viper,-3.376626585187897,3.0,0.0391848559232706
NHLH2,basal_to_goblet,viper,-4.736345910621367,3.0,0.0070978441890086
NKRF,basal_to_ciliated,viper,-6.658940065664061,3.0,2.8048236084826377e-05
NKRF,basal_to_club,viper,-8.540372457786345,3.0,3.1574060156075794e-08
NKRF,basal_to_goblet,viper,-9.33128560776514,3.0,1.2412194399956998e-08
NME2,basal_to_ciliated,viper,-4.935163959915959,3.0,0.0055194571055447
NME2,basal_to_club,viper,-1.2663345077758597,3.0,0.564167974354969
NME2,basal_to_goblet,viper,-2.067135026703825,3.0,0.3658710278305532
NOTO,basal_to_ciliated,viper,-6.50669226187578,3.0,3.787612965941706e-05
NOTO,basal_to_club,viper,-9.251691273665317,3.0,1.6212176155209801e-07
NOTO,basal_to_goblet,viper,-6.876059931444076,3.0,5.880765674078273e-05
NPAS1,basal_to_ciliated,viper,5.7913811987783355,3.0,0.0005031931093643
NPAS1,basal_to_club,viper,-1.9310484080110564,3.0,0.3666405809697376
NPAS1,basal_to_goblet,viper,-0.5907944500836307,3.0,0.8515896710878248
NPAS2,basal_to_ciliated,viper,2.498169832250899,3.0,0.1748214653956192
NPAS2,basal_to_club,viper,1.6954212225522496,3.0,0.5280082493392617
NPAS2,basal_to_goblet,viper,0.5734715450485637,3.0,0.4896515761987841
NPAS3,basal_to_ciliated,viper,8.128213421321894,3.0,4.106783033962366e-06
NPAS3,basal_to_club,viper,1.723734467770125,3.0,0.4858706860830458
NPAS3,basal_to_goblet,viper,0.9980413015627219,3.0,0.7259684648167718
NPAS4,basal_to_ciliated,viper,-5.731787143425037,3.0,0.0001277210062503
NPAS4,basal_to_club,viper,-4.802057922159756,3.0,0.0020275895621955
NPAS4,basal_to_goblet,viper,-4.5411151751814245,3.0,0.0036503687972275
NR0B1,basal_to_ciliated,viper,-10.025704105659322,4.0,1.598213173188189e-12
NR0B1,basal_to_club,viper,-11.720155246941133,4.0,1.1335361888674189e-16
NR0B1,basal_to_goblet,viper,-9.73303232678058,4.0,7.416186126525901e-12
NR1D1,basal_to_ciliated,viper,-6.496450551413944,3.0,2.1456952845710573e-05
NR1D1,basal_to_club,viper,-5.329921591936727,3.0,0.0007639666436353
NR1D1,basal_to_goblet,viper,-4.786577186981929,3.0,0.0051118474840491
NR1D2,basal_to_ciliated,viper,2.350257506192369,3.0,0.1984891666003247
NR1D2,basal_to_club,viper,0.2991920352330351,3.0,0.446841651770117
NR1D2,basal_to_goblet,viper,-0.1739178187585172,3.0,0.4994403315057594
NR1H2,basal_to_ciliated,viper,-3.2183555202440854,4.0,0.059221413879005
NR1H2,basal_to_club,viper,-3.0426270083609346,4.0,0.1463130992228399
NR1H2,basal_to_goblet,viper,-2.195721247329146,4.0,0.285310416557172
NR1H3,basal_to_ciliated,viper,-5.504702752709998,5.0,0.0026451843322305
NR1H3,basal_to_club,viper,-2.8308645580974208,5.0,0.1456268625860708
NR1H3,basal_to_goblet,viper,-4.61726249632744,5.0,0.027807866548126
NR1I2,basal_to_ciliated,viper,3.948730453021606,4.0,0.0463116923635385
NR1I2,basal_to_club,viper,-3.476852191694901,4.0,0.0612800210682804
NR1I2,basal_to_goblet,viper,-1.663594350416884,4.0,0.4656370684475903
NR1I3,basal_to_ciliated,viper,-3.5911783353765308,3.0,0.0209162423425089
NR1I3,basal_to_club,viper,-4.701300096777783,3.0,0.0028316232782446
NR1I3,basal_to_goblet,viper,-3.7556065210082807,3.0,0.0148873206372227
NR2C1,basal_to_ciliated,viper,4.715003506799902,3.0,0.0099572889125369
NR2C1,basal_to_club,viper,1.2740084708066926,3.0,0.5936070346125817
NR2C1,basal_to_goblet,viper,-0.4002916320169726,3.0,0.5854928912001841
NR2C2,basal_to_ciliated,viper,9.699147399622662,5.0,3.9183593692740253e-10
NR2C2,basal_to_club,viper,4.71526506665046,5.0,0.0234381343294237
NR2C2,basal_to_goblet,viper,3.4480916006721425,5.0,0.1215213283707984
NR2E1,basal_to_ciliated,viper,-7.176089328236143,3.0,0.0001037489581239
NR2E1,basal_to_club,viper,-5.826166232738199,3.0,0.0016110196960164
NR2E1,basal_to_goblet,viper,-6.0766135643172925,3.0,0.0011342800837615
NR2E3,basal_to_ciliated,viper,6.257836387619369,2.0,1.8845231304341884e-06
NR2E3,basal_to_club,viper,-3.1862314442214874,2.0,0.0256882492101161
NR2E3,basal_to_goblet,viper,-2.4271484000277117,2.0,0.1404902091855431
NR2F1,basal_to_ciliated,viper,11.507423611457158,4.0,8.84753106319605e-12
NR2F1,basal_to_club,viper,1.5506822408894432,4.0,0.5463421584467548
NR2F1,basal_to_goblet,viper,2.248188198855528,4.0,0.2066899402612603
NR2F2,basal_to_ciliated,viper,-2.8111492917609957,5.0,0.1010201518389049
NR2F2,basal_to_club,viper,-6.221170471657012,5.0,0.0054854007984946
NR2F2,basal_to_goblet,viper,-5.22057791318865,5.0,0.0166229144766681
NR2F6,basal_to_ciliated,viper,3.085547436707623,4.0,0.0345375924610178
NR2F6,basal_to_club,viper,4.355153332231725,4.0,0.0265353040317724
NR2F6,basal_to_goblet,viper,6.74627491461513,4.0,0.0002103946776241
NR3C1,basal_to_ciliated,viper,10.203732131074473,6.0,1.6389363317155058e-08
NR3C1,basal_to_club,viper,-0.1926226813906287,6.0,0.6889567278453894
NR3C1,basal_to_goblet,viper,-3.2700166680388834,6.0,0.1324163905145626
NR3C2,basal_to_ciliated,viper,8.630427975677515,3.0,3.611330739935069e-07
NR3C2,basal_to_club,viper,5.134361114893411,3.0,0.0034160196587326
NR3C2,basal_to_goblet,viper,4.3589730118600585,3.0,0.0113675997026182
NR4A1,basal_to_ciliated,viper,-5.34724871889952,4.0,0.0016968429237551
NR4A1,basal_to_club,viper,-0.9642409546922954,4.0,0.6451203920176827
NR4A1,basal_to_goblet,viper,-2.602399056436716,4.0,0.2146546265837107
NR4A2,basal_to_ciliated,viper,4.923639090380425,4.0,0.0010468385757188
NR4A2,basal_to_club,viper,-0.3600743766895472,4.0,0.6976844833062664
NR4A2,basal_to_goblet,viper,-0.3968269139030784,4.0,0.6625502333597145
NR4A3,basal_to_ciliated,viper,-1.5587375735323457,3.0,0.2883074623998214
NR4A3,basal_to_club,viper,0.0958050336105746,3.0,0.8996994484056033
NR4A3,basal_to_goblet,viper,-1.599631957336338,3.0,0.3820129062644629
NR5A1,basal_to_ciliated,viper,-5.475843973040374,3.0,0.0005993299818181
NR5A1,basal_to_club,viper,-4.957507410169105,3.0,0.0013518703737279
NR5A1,basal_to_goblet,viper,-4.938697700201583,3.0,0.0010722252632672
NR5A2,basal_to_ciliated,viper,7.648465623810184,4.0,4.111800055998467e-07
NR5A2,basal_to_club,viper,-3.878780178245938,4.0,0.0800272471405003
NR5A2,basal_to_goblet,viper,-2.190045723864257,4.0,0.3173626436264734
NR6A1,basal_to_ciliated,viper,9.82513085450419,3.0,2.3450381927254852e-14
NR6A1,basal_to_club,viper,-5.759493077467103,3.0,0.0004810200524616
NR6A1,basal_to_goblet,viper,-5.90653352913236,3.0,4.4931947853488034e-05
NRF1,basal_to_ciliated,viper,21.709882112040965,5.0,2.1859624054161165e-48
NRF1,basal_to_club,viper,0.4530888770973156,5.0,0.8472340914192088
NRF1,basal_to_goblet,viper,0.1255827072162245,5.0,0.5565431145545837
NRL,basal_to_ciliated,viper,6.98409877754842,3.0,1.8754174456382136e-06
NRL,basal_to_club,viper,1.8714508392289348,3.0,0.4198055320030254
NRL,basal_to_goblet,viper,2.142968744190282,3.0,0.254368114164836
OLIG1,basal_to_ciliated,viper,1.3937492913492413,3.0,0.3602424375026101
OLIG1,basal_to_club,viper,3.0886813676925566,3.0,0.1168761392786703
OLIG1,basal_to_goblet,viper,0.08368781227679004,3.0,0.694830997058512
OLIG2,basal_to_ciliated,viper,5.284883283351714,4.0,0.0006339320040535
OLIG2,basal_to_club,viper,2.13087531566547,4.0,0.3593509031741665
OLIG2,basal_to_goblet,viper,-1.092549849039529,4.0,0.5983479020184207
ONECUT1,basal_to_ciliated,viper,-6.326554900773894,4.0,5.956996538018018e-05
ONECUT1,basal_to_club,viper,-7.543215739076032,4.0,5.882502716972072e-05
ONECUT1,basal_to_goblet,viper,-4.9206173232213715,4.0,0.0098483480885309
ONECUT2,basal_to_ciliated,viper,-8.079240765298072,3.0,4.2199426043511577e-07
ONECUT2,basal_to_club,viper,-7.041097016875931,3.0,4.3698632028085205e-06
ONECUT2,basal_to_goblet,viper,-6.883135675342155,3.0,4.84221887196168e-05
ONECUT3,basal_to_ciliated,viper,-6.832154815171077,3.0,0.0001561565790432
ONECUT3,basal_to_club,viper,-6.578926819649136,3.0,5.853887477341642e-06
ONECUT3,basal_to_goblet,viper,-4.291195393054843,3.0,0.0036212056051832
OSR1,basal_to_ciliated,viper,-9.077526308069913,2.0,2.279811695423994e-09
OSR1,basal_to_club,viper,-4.2089225802509285,2.0,0.0102357398852973
OSR1,basal_to_goblet,viper,-3.881545674078241,2.0,0.0290616955248966
OSR2,basal_to_ciliated,viper,-7.548182593406625,3.0,4.609891232914134e-06
OSR2,basal_to_club,viper,-7.18623158907118,3.0,5.512598920967691e-05
OSR2,basal_to_goblet,viper,-5.675434526339256,3.0,0.0023500393641573
OTP,basal_to_ciliated,viper,-7.253634436514002,3.0,3.301866762662351e-05
OTP,basal_to_club,viper,-5.88357081612555,3.0,0.0001184838306264
OTP,basal_to_goblet,viper,-5.54126519082712,3.0,0.0011785769960964
OTX1,basal_to_ciliated,viper,-6.045900350466842,3.0,8.147911378541579e-05
OTX1,basal_to_club,viper,-6.083473728237599,3.0,0.0008095904805468
OTX1,basal_to_goblet,viper,-4.276833024816858,3.0,0.0310937322174859
OTX2,basal_to_ciliated,viper,-10.42561377885952,4.0,8.386653728459108e-10
OTX2,basal_to_club,viper,-8.981530916798803,4.0,5.640959062590602e-07
OTX2,basal_to_goblet,viper,-8.178988668036432,4.0,9.992139504653752e-06
OVOL1,basal_to_ciliated,viper,-10.940587091277187,3.0,2.4665236481643703e-11
OVOL1,basal_to_club,viper,-7.558516373448622,3.0,5.7294398952775525e-06
OVOL1,basal_to_goblet,viper,-4.802729023414907,3.0,0.0064156913928383
OVOL2,basal_to_ciliated,viper,7.904194177145061,3.0,3.873825840985019e-06
OVOL2,basal_to_club,viper,4.162315864772456,3.0,0.0421587710278612
OVOL2,basal_to_goblet,viper,4.51517225577662,3.0,0.0212140162239943
OVOL3,basal_to_ciliated,viper,-4.027886684118569,2.0,0.0032076981919505
OVOL3,basal_to_club,viper,-4.09184347257294,2.0,0.0040154192069027
OVOL3,basal_to_goblet,viper,-3.9370503719528878,2.0,0.0084107479235791
PA2G4,basal_to_ciliated,viper,-10.721342132341759,2.0,5.0642298350191905e-14
PA2G4,basal_to_club,viper,-11.683930192043993,2.0,6.9920603991916016e-15
PA2G4,basal_to_goblet,viper,-12.278753375068687,2.0,3.0498836303252437e-15
PATZ1,basal_to_ciliated,viper,7.146077281955475,3.0,7.125479246536993e-05
PATZ1,basal_to_club,viper,3.4517738912005798,3.0,0.0772187940018128
PATZ1,basal_to_goblet,viper,1.6106183637310814,3.0,0.3768090923389998
PAX1,basal_to_ciliated,viper,-7.597261514849557,3.0,1.5155489198162457e-06
PAX1,basal_to_club,viper,-7.020978132299744,3.0,4.756115409888907e-06
PAX1,basal_to_goblet,viper,-6.282067706307422,3.0,6.487811437417688e-05
PAX2,basal_to_ciliated,viper,-8.118085125152435,3.0,5.346801876250011e-07
PAX2,basal_to_club,viper,-6.937904513445788,3.0,1.2977922547662937e-05
PAX2,basal_to_goblet,viper,-6.4809370289493256,3.0,3.606666385593887e-05
PAX3,basal_to_ciliated,viper,-7.752821109106532,3.0,1.8639923349027973e-05
PAX3,basal_to_club,viper,-8.00786300691704,3.0,1.683603458300204e-05
PAX3,basal_to_goblet,viper,-7.355090656663343,3.0,5.464064199400762e-05
PAX5,basal_to_ciliated,viper,-11.616077266168082,5.0,5.380689913026574e-13
PAX5,basal_to_club,viper,-11.133569484624307,5.0,2.5690231461081778e-11
PAX5,basal_to_goblet,viper,-11.389825307963395,5.0,1.0509604249167686e-12
PAX6,basal_to_ciliated,viper,-8.89676645859157,5.0,2.509560869924829e-07
PAX6,basal_to_club,viper,-7.834053788608062,5.0,2.7157713509784047e-05
PAX6,basal_to_goblet,viper,-8.39374979160966,5.0,5.062921120575808e-06
PAX7,basal_to_ciliated,viper,-4.964902193884002,3.0,0.0036196233746673
PAX7,basal_to_club,viper,-6.223785452021097,3.0,0.0001779334655761
PAX7,basal_to_goblet,viper,-5.6688963016315945,3.0,0.0019895034738077
PAX8,basal_to_ciliated,viper,5.615330358598069,4.0,0.0006395006026729
PAX8,basal_to_club,viper,-3.8684596709815624,4.0,0.020687769820666
PAX8,basal_to_goblet,viper,-3.1638417892065407,4.0,0.0564607909856275
PAX9,basal_to_ciliated,viper,-7.26762257281737,3.0,1.7700725037960964e-05
PAX9,basal_to_club,viper,-7.419177208419846,3.0,4.5326845464751505e-05
PAX9,basal_to_goblet,viper,-4.095568036288009,3.0,0.0414812916731789
PBX1,basal_to_ciliated,viper,6.676990156068001,4.0,8.51690268423022e-06
PBX1,basal_to_club,viper,-2.1932351396239973,4.0,0.3581576319100236
PBX1,basal_to_goblet,viper,-2.9871244455932535,4.0,0.1544881181418582
PBX2,basal_to_ciliated,viper,-3.120545394739385,4.0,0.0726705421831739
PBX2,basal_to_club,viper,-2.0096274861666736,4.0,0.1630049240277657
PBX2,basal_to_goblet,viper,-2.2704175759232883,4.0,0.285263367846959
PBX3,basal_to_ciliated,viper,12.283860098867956,5.0,3.0289323082429214e-16
PBX3,basal_to_club,viper,-2.831422522176773,5.0,0.2199637647916961
PBX3,basal_to_goblet,viper,-4.9100909226783225,5.0,0.0126477544449537
PBX4,basal_to_ciliated,viper,7.031717041023791,3.0,0.0001506659807159
PBX4,basal_to_club,viper,1.1471249760086646,3.0,0.714983347198983
PBX4,basal_to_goblet,viper,0.9046557522786999,3.0,0.7709692505626559
PCGF2,basal_to_ciliated,viper,-12.131499458334472,2.0,1.645225705426715e-20
PCGF2,basal_to_club,viper,-8.402743613284333,2.0,3.0136162211377346e-11
PCGF2,basal_to_goblet,viper,-6.593377427777718,2.0,3.987027354525487e-07
PCGF6,basal_to_ciliated,viper,-3.283940812481207,3.0,0.0232508690738038
PCGF6,basal_to_club,viper,-7.395778712986835,3.0,6.813408141168621e-07
PCGF6,basal_to_goblet,viper,-8.096598669564745,3.0,7.635612232059889e-08
PEG3,basal_to_ciliated,viper,5.098379313444242,2.0,0.0007026690539052
PEG3,basal_to_club,viper,1.449315311385724,2.0,0.4409240856960816
PEG3,basal_to_goblet,viper,-0.7135505536427271,2.0,0.7628142009887706
PGR,basal_to_ciliated,viper,-11.316040581431391,4.0,3.963801930746798e-13
PGR,basal_to_club,viper,-11.947450330021788,4.0,1.0404201010914953e-13
PGR,basal_to_goblet,viper,-12.56983870285168,4.0,3.3065337067457855e-14
PHF1,basal_to_ciliated,viper,10.100017749138791,2.0,1.3142510131576069e-15
PHF1,basal_to_club,viper,0.38522284314266597,2.0,0.9087112733277992
PHF1,basal_to_goblet,viper,0.22886059783529714,2.0,0.8700175303689927
PHF20,basal_to_ciliated,viper,2.408606827726731,3.0,0.1610656606970708
PHF20,basal_to_club,viper,-1.4156368480568415,3.0,0.546142271088652
PHF20,basal_to_goblet,viper,-1.2587991364176494,3.0,0.6195325496371074
PHF21A,basal_to_ciliated,viper,4.957611749484365,3.0,0.0029465579311647
PHF21A,basal_to_club,viper,1.5798508487201675,3.0,0.4377771636670566
PHF21A,basal_to_goblet,viper,0.9707851503675556,3.0,0.7373559416855862
PHOX2A,basal_to_ciliated,viper,-6.953990861041522,3.0,0.0001095835319533
PHOX2A,basal_to_club,viper,-7.583637977950043,3.0,4.3698632028085205e-06
PHOX2A,basal_to_goblet,viper,-5.749040640237271,3.0,0.0025836034277918
PIN1,basal_to_ciliated,viper,6.8010344618555285,2.0,8.705992565867768e-08
PIN1,basal_to_club,viper,-0.5089944748946768,2.0,0.7228470859886009
PIN1,basal_to_goblet,viper,0.3676264061631708,2.0,0.8852379447251748
PITX1,basal_to_ciliated,viper,-6.616082996447863,3.0,0.0001387870998346
PITX1,basal_to_club,viper,-6.082771978988154,3.0,0.0007752574720287
PITX1,basal_to_goblet,viper,-3.3581737779003085,3.0,0.033718617404551
PITX2,basal_to_ciliated,viper,-8.893868705059246,3.0,8.788795501012385e-08
PITX2,basal_to_club,viper,-7.534505370861575,3.0,1.0160994006320604e-05
PITX2,basal_to_goblet,viper,-6.913769526527274,3.0,6.368429970306439e-05
PITX3,basal_to_ciliated,viper,-5.787594335931874,3.0,0.0002345314664122
PITX3,basal_to_club,viper,-6.455629188836482,3.0,0.0004856699758592
PITX3,basal_to_goblet,viper,-5.196688970713219,3.0,0.0063037994413176
PKNOX1,basal_to_ciliated,viper,6.240188907924363,4.0,0.0002131973633461
PKNOX1,basal_to_club,viper,-2.6231963416932276,4.0,0.2599478286232212
PKNOX1,basal_to_goblet,viper,-2.3488415919247214,4.0,0.1307385089798394
PKNOX2,basal_to_ciliated,viper,-6.454652757309216,3.0,7.681845587103055e-06
PKNOX2,basal_to_club,viper,-8.640449347045754,3.0,3.900918866053904e-09
PKNOX2,basal_to_goblet,viper,-6.724043723746791,3.0,2.986565561939094e-06
PLAG1,basal_to_ciliated,viper,-2.093947021953451,3.0,0.2002822046433083
PLAG1,basal_to_club,viper,-1.6436861282542132,3.0,0.3975227882921388
PLAG1,basal_to_goblet,viper,-2.8223249618631097,3.0,0.0925496831867923
PLAGL1,basal_to_ciliated,viper,-8.762407757917632,3.0,3.2362960125149155e-08
PLAGL1,basal_to_club,viper,-2.43978471516969,3.0,0.2299152523184073
PLAGL1,basal_to_goblet,viper,-4.706387368968089,3.0,0.0047983491303155
PLAGL2,basal_to_ciliated,viper,0.9542395780187976,3.0,0.3629735465887239
PLAGL2,basal_to_club,viper,1.3981495413602032,3.0,0.5405915507577753
PLAGL2,basal_to_goblet,viper,0.2849688571524284,3.0,0.8452077768312067
PLSCR1,basal_to_ciliated,viper,3.5231424215048595,2.0,0.0079918895299389
PLSCR1,basal_to_club,viper,1.9635068740591535,2.0,0.2582246124813568
PLSCR1,basal_to_goblet,viper,2.5388160481047937,2.0,0.1228325367989002
POGK,basal_to_ciliated,viper,-3.0259650815542947,3.0,0.0376282377465742
POGK,basal_to_club,viper,-0.7339196088107517,3.0,0.3278183587090293
POGK,basal_to_goblet,viper,-3.3103322186120034,3.0,0.0592019339927055
POU1F1,basal_to_ciliated,viper,-10.424099327597048,3.0,7.482728804130815e-11
POU1F1,basal_to_club,viper,-7.3203083403223355,3.0,1.184169642928265e-05
POU1F1,basal_to_goblet,viper,-6.922641296853794,3.0,0.000214794068267
POU2AF1,basal_to_ciliated,viper,9.26546754304827,2.0,4.3732292163815146e-13
POU2AF1,basal_to_club,viper,1.486977173502103,2.0,0.4473677397365351
POU2AF1,basal_to_goblet,viper,1.3634968950941153,2.0,0.5390533171148976
POU2F1,basal_to_ciliated,viper,3.565533899276085,4.0,0.0231752090594853
POU2F1,basal_to_club,viper,1.0685847681905631,4.0,0.6136319075780716
POU2F1,basal_to_goblet,viper,-0.8657710760030441,4.0,0.5543687806913422
POU2F2,basal_to_ciliated,viper,8.01147814914212,5.0,3.2628093405500745e-06
POU2F2,basal_to_club,viper,-4.6004342964859815,5.0,0.013415536274173
POU2F2,basal_to_goblet,viper,-4.862385961947401,5.0,0.0032567900312872
POU2F3,basal_to_ciliated,viper,-9.719196502615636,3.0,1.2774822968745267e-10
POU2F3,basal_to_club,viper,-8.088165656867874,3.0,1.2255800091221377e-06
POU2F3,basal_to_goblet,viper,-6.940859968958949,3.0,6.524895884673153e-05
POU3F1,basal_to_ciliated,viper,-14.188927384314628,4.0,6.989837266926701e-18
POU3F1,basal_to_club,viper,-11.95932990023001,4.0,2.558162049237364e-11
POU3F1,basal_to_goblet,viper,-10.418769138180663,4.0,4.182578742441733e-09
POU3F2,basal_to_ciliated,viper,-3.4995287299884374,4.0,0.0287269145459293
POU3F2,basal_to_club,viper,-9.1154231671742,4.0,1.9803118547701194e-10
POU3F2,basal_to_goblet,viper,-6.590128355938122,4.0,7.327216793346003e-06
POU3F3,basal_to_ciliated,viper,-8.660401436656594,3.0,7.536003639003672e-08
POU3F3,basal_to_club,viper,-3.053296119578503,3.0,0.1084302704569975
POU3F3,basal_to_goblet,viper,-4.028132196077083,3.0,0.0347465350872473
POU3F4,basal_to_ciliated,viper,-7.89068138749585,3.0,3.551140645876863e-06
POU3F4,basal_to_club,viper,-6.943456006672447,3.0,8.123134017607235e-05
POU3F4,basal_to_goblet,viper,-6.91392095672389,3.0,5.642661255818502e-05
POU4F1,basal_to_ciliated,viper,-8.864309397073226,3.0,1.161356043854878e-07
POU4F1,basal_to_club,viper,-6.8383616598662496,3.0,1.9710551642409902e-05
POU4F1,basal_to_goblet,viper,-6.11129950255678,3.0,0.000797657999231
POU5F1,basal_to_ciliated,viper,-4.809109711019447,5.0,0.012568746921081
POU5F1,basal_to_club,viper,-9.598117747285427,5.0,1.6192831434435516e-08
POU5F1,basal_to_goblet,viper,-10.50835060144277,5.0,1.392994188074819e-09
POU5F1B,basal_to_ciliated,viper,2.709092353283205,2.0,0.0082307033873508
POU5F1B,basal_to_club,viper,-4.377974922694513,2.0,0.0025806112869283
POU5F1B,basal_to_goblet,viper,-3.0225916205647643,2.0,0.0952776763542619
POU5F2,basal_to_ciliated,viper,6.118758710127473,2.0,2.2816340582668403e-06
POU5F2,basal_to_club,viper,0.4484498220108475,2.0,0.8274537619061889
POU5F2,basal_to_goblet,viper,1.2154548912944725,2.0,0.618550699670434
POU6F1,basal_to_ciliated,viper,6.46524628041874,3.0,2.4946507663815084e-05
POU6F1,basal_to_club,viper,1.0009614597998433,3.0,0.7134449257342627
POU6F1,basal_to_goblet,viper,-0.4049039950135443,3.0,0.7750439474441856
POU6F2,basal_to_ciliated,viper,2.034405788100096,3.0,0.2434728944455986
POU6F2,basal_to_club,viper,-2.8993767736397986,3.0,0.0672446219366858
POU6F2,basal_to_goblet,viper,-1.7799365834893588,3.0,0.1979227833889117
PPARA,basal_to_ciliated,viper,-3.339680765465111,3.0,0.0256586968966599
PPARA,basal_to_club,viper,-3.298062137685212,3.0,0.0847070407521808
PPARA,basal_to_goblet,viper,-2.8400513631863724,3.0,0.0935225410622107
PPARD,basal_to_ciliated,viper,-5.405660419853643,4.0,0.0015153967146162
PPARD,basal_to_club,viper,1.2238108654153799,4.0,0.3570638036160705
PPARD,basal_to_goblet,viper,0.9747854724712467,4.0,0.2338109741472581
PPARG,basal_to_ciliated,viper,-17.12915396962063,5.0,9.672733055149862e-27
PPARG,basal_to_club,viper,-14.701342921358801,5.0,1.1146495996770384e-20
PPARG,basal_to_goblet,viper,-14.142148057382675,5.0,1.578919194207821e-18
PRDM1,basal_to_ciliated,viper,-7.359398438863684,5.0,0.000199781856364
PRDM1,basal_to_club,viper,-3.3281563441972155,5.0,0.0747888072592472
PRDM1,basal_to_goblet,viper,-0.5153255952008122,5.0,0.5163497835858967
PRDM10,basal_to_ciliated,viper,3.52209893459555,3.0,0.0315433301383877
PRDM10,basal_to_club,viper,1.8673883512990388,3.0,0.2688530592214657
PRDM10,basal_to_goblet,viper,1.235365874515842,3.0,0.5636102294465005
PRDM12,basal_to_ciliated,viper,-6.592481942313033,3.0,0.0001450163875439
PRDM12,basal_to_club,viper,-5.608004315334329,3.0,0.0003076421229349
PRDM12,basal_to_goblet,viper,-4.311731281678386,3.0,0.0210505727699815
PRDM13,basal_to_ciliated,viper,-9.951731355123675,3.0,4.862811906512347e-08
PRDM13,basal_to_club,viper,-10.405671248852693,3.0,2.1060831563582115e-09
PRDM13,basal_to_goblet,viper,-8.05022340878657,3.0,7.151962506168533e-06
PRDM14,basal_to_ciliated,viper,-10.433668164167822,5.0,2.6331014419856203e-09
PRDM14,basal_to_club,viper,-10.324082207911411,5.0,2.176779552078597e-08
PRDM14,basal_to_goblet,viper,-10.55328069185794,5.0,2.623756532783361e-09
PRDM15,basal_to_ciliated,viper,6.598436223880452,3.0,2.3915663314068257e-05
PRDM15,basal_to_club,viper,1.3615759199975173,3.0,0.3065691735387847
PRDM15,basal_to_goblet,viper,0.5882867345676493,3.0,0.3710363647929143
PRDM16,basal_to_ciliated,viper,-1.3022298111660213,4.0,0.3620177302839887
PRDM16,basal_to_club,viper,-0.8737882501377543,4.0,0.7767665146988068
PRDM16,basal_to_goblet,viper,-3.504923879559286,4.0,0.1164421962723709
PRDM2,basal_to_ciliated,viper,2.8903814631393625,3.0,0.0766400651912086
PRDM2,basal_to_club,viper,2.7177373590614087,3.0,0.183060633233941
PRDM2,basal_to_goblet,viper,0.9687282408453661,3.0,0.7373559416855862
PRDM4,basal_to_ciliated,viper,2.2318550064494502,3.0,0.1207657685004708
PRDM4,basal_to_club,viper,2.2004257455944014,3.0,0.0746546727311412
PRDM4,basal_to_goblet,viper,1.0696025597179377,3.0,0.1564857562916179
PRDM5,basal_to_ciliated,viper,3.201424606161753,4.0,0.0377086795385264
PRDM5,basal_to_club,viper,1.6548641973261022,4.0,0.4652044019745309
PRDM5,basal_to_goblet,viper,-2.275267198408023,4.0,0.312649742999448
PRDM6,basal_to_ciliated,viper,3.1996514921934875,3.0,0.0247931568283178
PRDM6,basal_to_club,viper,-4.577892341743634,3.0,0.0084817463811641
PRDM6,basal_to_goblet,viper,-5.4429245208467325,3.0,0.0027496345664915
PRDM8,basal_to_ciliated,viper,8.644318725553008,3.0,3.731467041944316e-07
PRDM8,basal_to_club,viper,4.472343009300929,3.0,0.0025953988735622
PRDM8,basal_to_goblet,viper,2.876526397763321,3.0,0.0830650504815118
PREB,basal_to_ciliated,viper,-8.694530949824088,3.0,4.559195871876007e-07
PREB,basal_to_club,viper,-1.2195048009322291,3.0,0.54077312748882
PREB,basal_to_goblet,viper,1.4897789004043798,3.0,0.5304176480096328
PRMT3,basal_to_ciliated,viper,-8.365933373255661,3.0,7.504408541356367e-07
PRMT3,basal_to_club,viper,-11.8496795311261,3.0,1.5832386029159345e-12
PRMT3,basal_to_goblet,viper,-12.427814668836929,3.0,8.130490965505617e-14
PROP1,basal_to_ciliated,viper,-6.381321634479136,3.0,0.0003962230432453
PROP1,basal_to_club,viper,-6.109141246944073,3.0,8.418790278890384e-05
PROP1,basal_to_goblet,viper,-5.369628371802645,3.0,0.005041375046651
PROX1,basal_to_ciliated,viper,5.876791720933147,4.0,0.0015558346367472
PROX1,basal_to_club,viper,1.2567006803723362,4.0,0.4748825162176364
PROX1,basal_to_goblet,viper,1.0402274053881144,4.0,0.4020733108962956
PROX2,basal_to_ciliated,viper,-3.805740171884162,3.0,0.0133873490789361
PROX2,basal_to_club,viper,-3.2198286955718807,3.0,0.051242549947982
PROX2,basal_to_goblet,viper,-4.075716985710321,3.0,0.027537492770598
PRR12,basal_to_ciliated,viper,3.541567990185271,3.0,0.0374972467998722
PRR12,basal_to_club,viper,2.59603408374745,3.0,0.1795395805121989
PRR12,basal_to_goblet,viper,0.7709012613079036,3.0,0.6076994513763306
PRRX1,basal_to_ciliated,viper,-8.566345424650061,3.0,4.559195871876007e-07
PRRX1,basal_to_club,viper,-8.20031008152802,3.0,3.132141435417125e-06
PRRX1,basal_to_goblet,viper,-7.96869093289244,3.0,9.49714915597971e-06
PRRX2,basal_to_ciliated,viper,-3.847374274256105,3.0,0.0342076419064635
PRRX2,basal_to_club,viper,-2.431435072473195,3.0,0.256248842847736
PRRX2,basal_to_goblet,viper,0.9257121470607326,3.0,0.7098270301897622
PTF1A,basal_to_ciliated,viper,-7.044704003014458,3.0,0.0001427751590638
PTF1A,basal_to_club,viper,-6.738687674722671,3.0,0.000458558818557
PTF1A,basal_to_goblet,viper,-5.86724750551848,3.0,0.002473062764337
PURA,basal_to_ciliated,viper,3.321250068470432,2.0,0.0173780103015623
PURA,basal_to_club,viper,2.445951753295271,2.0,0.0998715488810425
PURA,basal_to_goblet,viper,2.097543022103486,2.0,0.1585987350001178
PURB,basal_to_ciliated,viper,0.6103506415650566,2.0,0.6745215088495823
PURB,basal_to_club,viper,2.2559731407565358,2.0,0.2683118798946348
PURB,basal_to_goblet,viper,0.9930170832149895,2.0,0.4222776273163596
PURG,basal_to_ciliated,viper,-8.211974545033105,2.0,2.703683804956856e-09
PURG,basal_to_club,viper,-5.644923740252335,2.0,0.0001410252012117
PURG,basal_to_goblet,viper,-4.285308349449766,2.0,0.0146433964460708
RAG1,basal_to_ciliated,viper,-2.7314080977947945,3.0,0.0976952413738004
RAG1,basal_to_club,viper,-5.230704373762544,3.0,0.0012933057753111
RAG1,basal_to_goblet,viper,-4.2007680746226415,3.0,0.0158902624326484
RARA,basal_to_ciliated,viper,10.41706758704622,5.0,9.63373155515046e-11
RARA,basal_to_club,viper,1.1812436326133313,5.0,0.6930135156977018
RARA,basal_to_goblet,viper,0.11126771458579611,5.0,0.7712101322566035
RARB,basal_to_ciliated,viper,6.519000596331501,4.0,4.85982856100803e-06
RARB,basal_to_club,viper,-3.3930216302966576,4.0,0.1275008440305873
RARB,basal_to_goblet,viper,-3.1884461668985487,4.0,0.1385303907065326
RARG,basal_to_ciliated,viper,-12.010626514139876,4.0,1.2105615319337248e-10
RARG,basal_to_club,viper,-8.432657434608847,4.0,4.440055292994909e-06
RARG,basal_to_goblet,viper,-8.385938118147035,4.0,3.185006629479627e-05
RAX2,basal_to_ciliated,viper,-2.5370007298838826,3.0,0.1163343723949045
RAX2,basal_to_club,viper,-3.0836553451701545,3.0,0.1056623256118194
RAX2,basal_to_goblet,viper,-2.830350404243562,3.0,0.104036402550169
RBAK,basal_to_ciliated,viper,2.337888493241426,3.0,0.1628346684149282
RBAK,basal_to_club,viper,2.3593858347344137,3.0,0.2088460071137456
RBAK,basal_to_goblet,viper,0.4430459875746084,3.0,0.7172822905227739
RBCK1,basal_to_ciliated,viper,0.8168037972899896,2.0,0.5240693322634927
RBCK1,basal_to_club,viper,0.7026872892529136,2.0,0.7942420016532812
RBCK1,basal_to_goblet,viper,1.0082842178020484,2.0,0.6400220094717005
RBPJ,basal_to_ciliated,viper,-0.04484033353067952,5.0,0.5575080261579882
RBPJ,basal_to_club,viper,0.604539160940153,5.0,0.619856962294557
RBPJ,basal_to_goblet,viper,-2.7703617226860664,5.0,0.2624000159582606
RBPJL,basal_to_ciliated,viper,-8.09207720697768,3.0,3.3156829343104366e-08
RBPJL,basal_to_club,viper,-9.081107043910208,3.0,1.0150404698230956e-07
RBPJL,basal_to_goblet,viper,-8.882089281285895,3.0,1.0806012482815395e-07
RBSN,basal_to_ciliated,viper,5.260339602038897,2.0,0.0001847140695039
RBSN,basal_to_club,viper,1.8394045437019642,2.0,0.3070811759412215
RBSN,basal_to_goblet,viper,0.5789500458947229,2.0,0.7129324846605744
REL,basal_to_ciliated,viper,-2.445808368682482,3.0,0.133059306790526
REL,basal_to_club,viper,0.8720850182525209,3.0,0.7434261874335333
REL,basal_to_goblet,viper,-0.5193987314101768,3.0,0.7778788743852706
RELA,basal_to_ciliated,viper,-3.4083356363371005,6.0,0.053478274213195
RELA,basal_to_club,viper,-0.5549714197012957,6.0,0.3493701494459953
RELA,basal_to_goblet,viper,-2.061893340373747,6.0,0.2283495713307475
RELB,basal_to_ciliated,viper,-8.059503637856814,4.0,3.6160836776765026e-07
RELB,basal_to_club,viper,-1.2092445111349517,4.0,0.6343317699016146
RELB,basal_to_goblet,viper,-2.846588066544167,4.0,0.1693297496664845
REPIN1,basal_to_ciliated,viper,3.8948457091721087,3.0,0.0208425550994442
REPIN1,basal_to_club,viper,2.3030112585925266,3.0,0.1519536234571439
REPIN1,basal_to_goblet,viper,2.3682450725363275,3.0,0.2226553444727759
REST,basal_to_ciliated,viper,11.80428593583928,6.0,1.115354475419788e-08
REST,basal_to_club,viper,-2.676342884430782,6.0,0.2652160886437582
REST,basal_to_goblet,viper,-2.560071543167935,6.0,0.2955395256472065
REXO4,basal_to_ciliated,viper,-2.8604936988230407,2.0,0.0356695560915156
REXO4,basal_to_club,viper,-3.773523069997625,2.0,0.0138171155314713
REXO4,basal_to_goblet,viper,-3.4220589675997077,2.0,0.0245291814580221
RFX1,basal_to_ciliated,viper,14.932995712340546,4.0,3.9424474161765145e-24
RFX1,basal_to_club,viper,1.6571378478124543,4.0,0.4736212569507104
RFX1,basal_to_goblet,viper,1.652092782889932,4.0,0.4518148397751331
RFX2,basal_to_ciliated,viper,27.492475709440054,4.0,2.8370677054561407e-57
RFX2,basal_to_club,viper,0.6202827735781181,4.0,0.7993368759749181
RFX2,basal_to_goblet,viper,5.982056871354743,4.0,0.0003903563973766
RFX3,basal_to_ciliated,viper,28.95921256821053,3.0,1.250120804587802e-76
RFX3,basal_to_club,viper,2.2829450083167404,3.0,0.2307444041153033
RFX3,basal_to_goblet,viper,6.034014321231864,3.0,0.00020181422494
RFX4,basal_to_ciliated,viper,-4.362881143379214,3.0,0.0053628388197504
RFX4,basal_to_club,viper,-6.4135976112532695,3.0,0.0002746007203476
RFX4,basal_to_goblet,viper,-5.436143049092161,3.0,0.0016411231776951
RFX5,basal_to_ciliated,viper,-11.270393628964941,5.0,4.672143026408746e-13
RFX5,basal_to_club,viper,-9.750902650443061,5.0,8.832440047021401e-10
RFX5,basal_to_goblet,viper,-9.778229455350823,5.0,6.009782978219834e-10
RFX6,basal_to_ciliated,viper,5.668983116020184,3.0,0.0008429968769896
RFX6,basal_to_club,viper,1.003908952296457,3.0,0.6879904405718124
RFX6,basal_to_goblet,viper,1.0754233429371216,3.0,0.6701709069910784
RFX7,basal_to_ciliated,viper,2.1679716357538776,3.0,0.2066998834272123
RFX7,basal_to_club,viper,1.0979005697941415,3.0,0.4404288744862902
RFX7,basal_to_goblet,viper,-1.920088585257148,3.0,0.3752604522001622
RFX8,basal_to_ciliated,viper,-2.6421094070527995,2.0,0.056338458272285
RFX8,basal_to_club,viper,-5.26578748026639,2.0,0.0011591508448957
RFX8,basal_to_goblet,viper,-4.533676775569996,2.0,0.0016079042215866
RHOXF1,basal_to_ciliated,viper,5.333326908692088,3.0,0.00230008401523
RHOXF1,basal_to_club,viper,-3.1930865473842815,3.0,0.0570092439174207
RHOXF1,basal_to_goblet,viper,-2.122404614775878,3.0,0.1972492194089647
RHOXF2,basal_to_ciliated,viper,5.014097130683629,3.0,0.0017067308459822
RHOXF2,basal_to_club,viper,-3.8795123246991343,3.0,0.0202098567074037
RHOXF2,basal_to_goblet,viper,-3.5938331162797215,3.0,0.0376993447938742
RHOXF2B,basal_to_ciliated,viper,5.198434516059281,3.0,0.0019678848929983
RHOXF2B,basal_to_club,viper,-1.385762326231296,3.0,0.5724851345519836
RHOXF2B,basal_to_goblet,viper,0.533675709710361,3.0,0.690075801606555
RLF,basal_to_ciliated,viper,2.4302677052649178,3.0,0.1214407018790142
RLF,basal_to_club,viper,2.5446995103657413,3.0,0.1366011685921245
RLF,basal_to_goblet,viper,0.9739375410720182,3.0,0.6701709069910784
RORA,basal_to_ciliated,viper,-4.037802631906301,3.0,0.0053504367619939
RORA,basal_to_club,viper,-6.632598442782988,3.0,0.0001781997250553
RORA,basal_to_goblet,viper,-4.6241879216655075,3.0,0.0051118474840491
RORB,basal_to_ciliated,viper,6.2800352418862415,3.0,0.0001190387491885
RORB,basal_to_club,viper,-3.2955924020490257,3.0,0.0803114667247917
RORB,basal_to_goblet,viper,-3.1229430280253965,3.0,0.0498724542523754
RORC,basal_to_ciliated,viper,6.776937473755937,3.0,0.0001466534926409
RORC,basal_to_club,viper,3.3119565368315675,3.0,0.0936585449801153
RORC,basal_to_goblet,viper,2.2112286638137046,3.0,0.3002375940937586
RREB1,basal_to_ciliated,viper,1.9400662076509148,3.0,0.0672706170792196
RREB1,basal_to_club,viper,1.6340984741319307,3.0,0.0734473874045141
RREB1,basal_to_goblet,viper,1.672969470447832,3.0,0.2915768206912671
RUNX1,basal_to_ciliated,viper,5.019766086936831,5.0,0.0026451843322305
RUNX1,basal_to_club,viper,2.9032971136570205,5.0,0.0407191308918859
RUNX1,basal_to_goblet,viper,2.0650514036253758,5.0,0.0469386377935842
RUNX2,basal_to_ciliated,viper,-12.969010496907666,5.0,2.027113643419997e-15
RUNX2,basal_to_club,viper,2.0050398534142473,5.0,0.1661116712064103
RUNX2,basal_to_goblet,viper,-3.001143021737205,5.0,0.1131058347580065
RUNX3,basal_to_ciliated,viper,-12.062255091204594,5.0,5.953570492322373e-13
RUNX3,basal_to_club,viper,-7.671941434214372,5.0,3.063828226241018e-06
RUNX3,basal_to_goblet,viper,-6.52184635978833,5.0,0.0002178646238887
RXRA,basal_to_ciliated,viper,12.24825155918715,6.0,1.867595378256601e-13
RXRA,basal_to_club,viper,0.762010074875502,6.0,0.434909777438878
RXRA,basal_to_goblet,viper,2.920251610789295,6.0,0.2244211705544426
RXRB,basal_to_ciliated,viper,2.20571231925665,3.0,0.1860065291025752
RXRB,basal_to_club,viper,0.7922715325932236,3.0,0.6367436182238186
RXRB,basal_to_goblet,viper,-0.7540339659931463,3.0,0.5369643145991652
RXRG,basal_to_ciliated,viper,-7.230338026290322,3.0,3.0030767131214876e-06
RXRG,basal_to_club,viper,-7.790056286147429,3.0,3.073605321479131e-07
RXRG,basal_to_goblet,viper,-8.366502149465402,3.0,7.602772712662085e-08
SAFB,basal_to_ciliated,viper,1.7214856084976684,2.0,0.2719068857914838
SAFB,basal_to_club,viper,-1.2132192735348364,2.0,0.6369763710291038
SAFB,basal_to_goblet,viper,-2.7089456494079185,2.0,0.1078540241260269
SAFB2,basal_to_ciliated,viper,3.540391474638282,2.0,0.007341591155286
SAFB2,basal_to_club,viper,-0.6585328140304985,2.0,0.7942420016532812
SAFB2,basal_to_goblet,viper,-1.5535859448269236,2.0,0.4020733108962956
SALL1,basal_to_ciliated,viper,-11.453423278602532,4.0,2.611036844921082e-10
SALL1,basal_to_club,viper,-10.712028772914913,4.0,1.051794585059138e-09
SALL1,basal_to_goblet,viper,-11.649469350188284,4.0,2.9506388358146507e-10
SALL2,basal_to_ciliated,viper,-9.413695158294981,3.0,5.905068610113175e-08
SALL2,basal_to_club,viper,-7.0571600396472824,3.0,3.353692487490113e-05
SALL2,basal_to_goblet,viper,-9.038460087928843,3.0,2.2205747388669257e-07
SALL3,basal_to_ciliated,viper,-8.614933834285434,3.0,5.552795740940361e-07
SALL3,basal_to_club,viper,-8.131854359854358,3.0,4.807898685579781e-06
SALL3,basal_to_goblet,viper,-8.592838732984836,3.0,8.144426190623255e-07
SALL4,basal_to_ciliated,viper,-10.13703575272847,4.0,3.00439153826836e-12
SALL4,basal_to_club,viper,-3.5911599812373227,4.0,0.0386025607279977
SALL4,basal_to_goblet,viper,-1.7565317807759293,4.0,0.2393042078151674
SATB1,basal_to_ciliated,viper,8.660555706956277,4.0,3.982439703239264e-08
SATB1,basal_to_club,viper,1.3188868943292902,4.0,0.6026545820007673
SATB1,basal_to_goblet,viper,0.9507342052320312,4.0,0.6928303474835229
SATB2,basal_to_ciliated,viper,-3.2277679557319603,3.0,0.0540514187529553
SATB2,basal_to_club,viper,0.4735489690182202,3.0,0.0352651002217455
SATB2,basal_to_goblet,viper,5.913889817642134,3.0,1.4011133631910911e-05
SCMH1,basal_to_ciliated,viper,-3.7159355385813035,2.0,0.0066665965878666
SCMH1,basal_to_club,viper,-3.4144914124422825,2.0,0.0290374230904412
SCMH1,basal_to_goblet,viper,-4.6116564460795075,2.0,0.001249867132931
SCML4,basal_to_ciliated,viper,-2.7436001445528286,3.0,0.0699666527915738
SCML4,basal_to_club,viper,-3.2491957511364036,3.0,0.0634497741875751
SCML4,basal_to_goblet,viper,-1.6585657066336645,3.0,0.4158506328481023
SCRT1,basal_to_ciliated,viper,-4.698236493532836,2.0,0.0023580497679352
SCRT1,basal_to_club,viper,-3.522385154373057,2.0,0.0172694015261234
SCRT1,basal_to_goblet,viper,-3.7393714860024363,2.0,0.0251604134650871
SCX,basal_to_ciliated,viper,2.1248154430070976,1.0,0.0595035694973295
SCX,basal_to_club,viper,0.808132536171365,1.0,0.6661615957053334
SCX,basal_to_goblet,viper,1.0871824151508316,1.0,0.5172979820812922
SETBP1,basal_to_ciliated,viper,6.111574438015438,3.0,3.054150333580185e-05
SETBP1,basal_to_club,viper,-0.5117537429609251,3.0,0.8148627299957769
SETBP1,basal_to_goblet,viper,-2.3801745363952973,3.0,0.2811977711391779
SETDB1,basal_to_ciliated,viper,11.61631997992985,6.0,1.4412087197999438e-10
SETDB1,basal_to_club,viper,1.0900502700590304,6.0,0.3630647589003765
SETDB1,basal_to_goblet,viper,-2.270952083599064,6.0,0.2705860312801542
SETDB2,basal_to_ciliated,viper,3.3669073106916687,3.0,0.048614361873949
SETDB2,basal_to_club,viper,-0.7446676364003604,3.0,0.7781789546970102
SETDB2,basal_to_goblet,viper,-2.0011108815847636,3.0,0.2913643320565272
SGSM2,basal_to_ciliated,viper,1.0804793555300607,2.0,0.4763554249189444
SGSM2,basal_to_club,viper,3.0064856401171722,2.0,0.0443373360596744
SGSM2,basal_to_goblet,viper,2.2184151684727613,2.0,0.2087744265959421
SHOX,basal_to_ciliated,viper,4.132699163194063,3.0,0.0034855358217596
SHOX,basal_to_club,viper,-3.557391884512324,3.0,0.0234702119150561
SHOX,basal_to_goblet,viper,-2.475396240568159,3.0,0.2208000778687175
SHOX2,basal_to_ciliated,viper,-6.516960057089714,3.0,0.0002611519765537
SHOX2,basal_to_club,viper,-5.615433072741758,3.0,0.0008152617861523
SHOX2,basal_to_goblet,viper,-4.799210587037357,3.0,0.0129063874566645
SIM2,basal_to_ciliated,viper,-6.106002035452002,3.0,8.377556122066824e-05
SIM2,basal_to_club,viper,-8.880808724860083,3.0,6.316035722079074e-09
SIM2,basal_to_goblet,viper,-6.276225955346925,3.0,0.0002937305556417
SIX1,basal_to_ciliated,viper,5.414589211514994,3.0,0.0007214594981063
SIX1,basal_to_club,viper,-2.055048839490156,3.0,0.335580239144836
SIX1,basal_to_goblet,viper,-1.267959308971954,3.0,0.5354878656167662
SIX2,basal_to_ciliated,viper,-7.872904397101352,4.0,5.540836002284249e-06
SIX2,basal_to_club,viper,-6.785538476937764,4.0,0.0002189381087944
SIX2,basal_to_goblet,viper,-4.886772650796118,4.0,0.009477107150772
SIX3,basal_to_ciliated,viper,6.718914877700575,3.0,6.995691758567475e-06
SIX3,basal_to_club,viper,-0.05986532836362036,3.0,0.8040594919683139
SIX3,basal_to_goblet,viper,-0.17374396839296574,3.0,0.8898811358494273
SIX4,basal_to_ciliated,viper,6.506618674923203,3.0,3.8776181251270206e-06
SIX4,basal_to_club,viper,0.24646514472202244,3.0,0.8198289871381619
SIX4,basal_to_goblet,viper,1.7894524676438985,3.0,0.3419199163635836
SIX5,basal_to_ciliated,viper,2.444581810701924,5.0,0.1040217682646444
SIX5,basal_to_club,viper,-0.922034544709098,5.0,0.4491588589005186
SIX5,basal_to_goblet,viper,-3.7531358494961493,5.0,0.0523259965400091
SIX6,basal_to_ciliated,viper,-6.989546208613874,3.0,3.282783332375508e-05
SIX6,basal_to_club,viper,-5.98286473827681,3.0,0.0002129441371767
SIX6,basal_to_goblet,viper,-6.082788209644787,3.0,7.673752617573073e-05
SKI,basal_to_ciliated,viper,-1.7035396251656856,2.0,0.3021758151080866
SKI,basal_to_club,viper,-1.53022957950458,2.0,0.4711325179094375
SKI,basal_to_goblet,viper,-2.4474075959173223,2.0,0.1232831820392235
SKIL,basal_to_ciliated,viper,-1.1287136511442124,3.0,0.4376551711030189
SKIL,basal_to_club,viper,-0.903144730030467,3.0,0.7228470859886009
SKIL,basal_to_goblet,viper,-1.4779354314456385,3.0,0.5177722538035697
SKOR1,basal_to_ciliated,viper,-5.449642758722498,2.0,0.0002749885528123
SKOR1,basal_to_club,viper,-5.373692092960335,2.0,0.0002731372448197
SKOR1,basal_to_goblet,viper,-5.156987873877193,2.0,0.0010137468618312
SLC2A4RG,basal_to_ciliated,viper,-9.403780724462463,3.0,6.640849879890752e-10
SLC2A4RG,basal_to_club,viper,-6.621368672140371,3.0,3.472269525100849e-06
SLC2A4RG,basal_to_goblet,viper,-6.239659818390712,3.0,1.8022158061061535e-05
SMAD1,basal_to_ciliated,viper,1.0297235521959998,5.0,0.2684671158271303
SMAD1,basal_to_club,viper,-3.4064884203937393,5.0,0.0994747830772591
SMAD1,basal_to_goblet,viper,-3.427117309416147,5.0,0.0735290666367604
SMAD3,basal_to_ciliated,viper,-8.931201267021816,5.0,1.3180681469276164e-07
SMAD3,basal_to_club,viper,-8.47557719387456,5.0,1.401594102153011e-07
SMAD3,basal_to_goblet,viper,-6.412690414255984,5.0,0.0005095736960496
SMAD4,basal_to_ciliated,viper,13.358660269220357,5.0,4.401932628803136e-19
SMAD4,basal_to_club,viper,5.7231924826982175,5.0,0.0010276870770901
SMAD4,basal_to_goblet,viper,5.234381766084247,5.0,0.0014975055154022
SMAD5,basal_to_ciliated,viper,1.19942009268748,4.0,0.304057840257066
SMAD5,basal_to_club,viper,-1.6028103605311406,4.0,0.2956290015330826
SMAD5,basal_to_goblet,viper,-2.8890357261152144,4.0,0.1937522645784096
SMAD9,basal_to_ciliated,viper,-7.074815697775648,3.0,2.635707132215464e-05
SMAD9,basal_to_club,viper,1.0254288336725683,3.0,0.6876047301531055
SMAD9,basal_to_goblet,viper,0.007302986930215939,3.0,0.7904311538936356
SMYD3,basal_to_ciliated,viper,5.97982817545543,2.0,3.5400449078878074e-06
SMYD3,basal_to_club,viper,-2.1441725536352907,2.0,0.2098025735139999
SMYD3,basal_to_goblet,viper,-1.7205604615560122,2.0,0.3691612082937847
SNAI1,basal_to_ciliated,viper,-5.222822921704268,3.0,0.0013823067896398
SNAI1,basal_to_club,viper,-3.0555282397151253,3.0,0.0590769960780968
SNAI1,basal_to_goblet,viper,-3.5333416784438536,3.0,0.0271869737021737
SNAI2,basal_to_ciliated,viper,-15.026574389498172,4.0,9.751168874567338e-21
SNAI2,basal_to_club,viper,-12.587153835836038,4.0,3.9580397019898906e-13
SNAI2,basal_to_goblet,viper,-11.099885343108,4.0,3.1074288464390792e-09
SNAI3,basal_to_ciliated,viper,5.300508234390246,3.0,0.0015353471967402
SNAI3,basal_to_club,viper,-0.6620556592159592,3.0,0.7553119390010952
SNAI3,basal_to_goblet,viper,1.181505102613279,3.0,0.6719812532273677
SNAPC2,basal_to_ciliated,viper,-7.886976564546461,2.0,9.487901514859484e-08
SNAPC2,basal_to_club,viper,-2.6134966571145037,2.0,0.1546200845606455
SNAPC2,basal_to_goblet,viper,-2.262458603486553,2.0,0.1609275439258217
SNAPC4,basal_to_ciliated,viper,10.872963922061885,4.0,6.727009255997583e-11
SNAPC4,basal_to_club,viper,1.9678840445511585,4.0,0.3772657595271952
SNAPC4,basal_to_goblet,viper,1.9767263893728182,4.0,0.3033076715003034
SNAPC5,basal_to_ciliated,viper,2.125647566424504,2.0,0.1762650758230135
SNAPC5,basal_to_club,viper,-1.5799773088726468,2.0,0.4292541524552609
SNAPC5,basal_to_goblet,viper,0.26393691268084396,2.0,0.6967466826321181
SOHLH2,basal_to_ciliated,viper,-9.227968241053025,3.0,3.992124033091923e-08
SOHLH2,basal_to_club,viper,-6.743949192911649,2.0,5.449904287554309e-06
SOHLH2,basal_to_goblet,viper,-6.398507503228978,3.0,8.579907415650058e-05
SON,basal_to_ciliated,viper,2.0555167502930773,2.0,0.1776720779793986
SON,basal_to_club,viper,0.9764031415249826,2.0,0.6661615957053334
SON,basal_to_goblet,viper,-1.0177627073745246,2.0,0.6195325496371074
SOX1,basal_to_ciliated,viper,-9.752815348207099,3.0,2.3268808304796662e-09
SOX1,basal_to_club,viper,-7.611628726231854,3.0,5.787304180365118e-06
SOX1,basal_to_goblet,viper,-7.9810837636617045,3.0,2.3663307067379765e-06
SOX10,basal_to_ciliated,viper,-10.355187159246213,4.0,4.682754737459028e-09
SOX10,basal_to_club,viper,-8.808063103758336,4.0,6.5905218334351434e-06
SOX10,basal_to_goblet,viper,-7.678391179627733,4.0,0.0001112318221824
SOX11,basal_to_ciliated,viper,-12.686562855952829,5.0,1.85711683712844e-12
SOX11,basal_to_club,viper,-9.91541392856334,5.0,1.5072549361734912e-07
SOX11,basal_to_goblet,viper,-8.920533151979708,5.0,1.184612256357952e-05
SOX12,basal_to_ciliated,viper,5.2227305272911515,3.0,0.0007433574091088
SOX12,basal_to_club,viper,-1.0005225039427939,3.0,0.6355824779182396
SOX12,basal_to_goblet,viper,-1.4063597153779104,3.0,0.4817102077077875
SOX13,basal_to_ciliated,viper,4.465637453609262,4.0,0.0031539015301565
SOX13,basal_to_club,viper,-0.13950296720923752,4.0,0.4491588589005186
SOX13,basal_to_goblet,viper,-1.2341605324740281,4.0,0.2399817177027206
SOX14,basal_to_ciliated,viper,-6.55029893994173,3.0,0.0002761032833473
SOX14,basal_to_club,viper,-5.29931329201218,3.0,0.0017221743414084
SOX14,basal_to_goblet,viper,-4.876928914139964,3.0,0.005772615809167
SOX15,basal_to_ciliated,viper,-10.581652485890249,3.0,2.6876844413641656e-10
SOX15,basal_to_club,viper,-13.061885423120724,3.0,1.1539706911193461e-14
SOX15,basal_to_goblet,viper,-10.216154809259965,3.0,5.174329066902076e-09
SOX17,basal_to_ciliated,viper,-4.84071921132224,4.0,0.0015383645334618
SOX17,basal_to_club,viper,-8.192091678191982,4.0,3.555306034763119e-07
SOX17,basal_to_goblet,viper,-8.035197586851353,4.0,2.4171815200641896e-07
SOX18,basal_to_ciliated,viper,0.3926266734540354,3.0,0.8428904664728992
SOX18,basal_to_club,viper,-4.510112907367068,3.0,0.0220517033890569
SOX18,basal_to_goblet,viper,-3.899327198972125,3.0,0.0420986192663742
SOX2,basal_to_ciliated,viper,6.5786559594482465,5.0,4.548446324480198e-05
SOX2,basal_to_club,viper,-4.5287447345136815,5.0,0.0286618393184538
SOX2,basal_to_goblet,viper,-2.7782291664376824,5.0,0.1728437334690933
SOX21,basal_to_ciliated,viper,-5.573334335334418,3.0,0.0005436930942138
SOX21,basal_to_club,viper,-4.136123653937235,3.0,0.01472713357831
SOX21,basal_to_goblet,viper,-2.398646368254957,3.0,0.1952609282294674
SOX3,basal_to_ciliated,viper,9.04592878471204,3.0,1.3699932507596925e-08
SOX3,basal_to_club,viper,-3.934466721410541,3.0,0.030206601293348
SOX3,basal_to_goblet,viper,-3.7033639439874904,3.0,0.0596842002652811
SOX30,basal_to_ciliated,viper,8.222326144725281,3.0,6.266405048149333e-09
SOX30,basal_to_club,viper,1.4834540200111923,1.0,0.2587117233475342
SOX30,basal_to_goblet,viper,2.1065982953106,3.0,0.2631125485026947
SOX4,basal_to_ciliated,viper,-5.266993787344064,3.0,0.0004352212304197
SOX4,basal_to_club,viper,-2.0660334821043067,3.0,0.2441753770497923
SOX4,basal_to_goblet,viper,-3.6863846008594723,3.0,0.0196895922189754
SOX5,basal_to_ciliated,viper,12.692605457944293,3.0,4.903033234206028e-20
SOX5,basal_to_club,viper,3.220492563019216,3.0,0.0418949574101664
SOX5,basal_to_goblet,viper,2.3987229157525713,3.0,0.2318825400279858
SOX6,basal_to_ciliated,viper,7.094373786923567,4.0,6.3601959110898835e-06
SOX6,basal_to_club,viper,-2.2645309708253265,4.0,0.3857825255197893
SOX6,basal_to_goblet,viper,-2.8670634326778504,4.0,0.1847980503090295
SOX7,basal_to_ciliated,viper,-10.414512249762309,3.0,1.0760109297174097e-12
SOX7,basal_to_club,viper,-9.829228667295133,3.0,2.902041038118203e-10
SOX7,basal_to_goblet,viper,-7.5591199016067625,3.0,1.0429671293157366e-05
SOX8,basal_to_ciliated,viper,-8.48114841744238,3.0,1.7289383535043569e-07
SOX8,basal_to_club,viper,-7.345391225533848,3.0,2.1695404603491397e-06
SOX8,basal_to_goblet,viper,-6.9476695603877605,3.0,2.5491157633630308e-05
SOX9,basal_to_ciliated,viper,5.11606101156403,5.0,0.0021395467180118
SOX9,basal_to_club,viper,0.19958483467758187,5.0,0.2514278703758947
SOX9,basal_to_goblet,viper,-1.8521520422862352,5.0,0.1120561826583759
SP1,basal_to_ciliated,viper,4.000968125540418,5.0,0.0151404860935919
SP1,basal_to_club,viper,4.452023269103216,5.0,0.0264677530305992
SP1,basal_to_goblet,viper,1.3858588371775722,5.0,0.1741949383002379
SP100,basal_to_ciliated,viper,3.760621362534801,3.0,0.0243398967194381
SP100,basal_to_club,viper,2.0107299614366685,3.0,0.3078701349789393
SP100,basal_to_goblet,viper,3.1480151922405013,3.0,0.0582652970201255
SP110,basal_to_ciliated,viper,4.360172521393491,3.0,0.0093175724308335
SP110,basal_to_club,viper,2.277032834347181,3.0,0.3274431886641361
SP110,basal_to_goblet,viper,3.1159517155871153,3.0,0.0798266783489364
SP140,basal_to_ciliated,viper,5.4179386264290565,3.0,0.0016486319601722
SP140,basal_to_club,viper,1.5511320705679967,3.0,0.4541596255926515
SP140,basal_to_goblet,viper,3.3622898534590657,3.0,0.0386105128664229
SP140L,basal_to_ciliated,viper,1.5717792711230165,2.0,0.278606705480451
SP140L,basal_to_club,viper,2.3295716524184695,2.0,0.1615717488519767
SP140L,basal_to_goblet,viper,3.420924391494534,2.0,0.0266260297811635
SP2,basal_to_ciliated,viper,0.933389847001244,5.0,0.5302372648599636
SP2,basal_to_club,viper,-1.2310057960512741,5.0,0.303653728088258
SP2,basal_to_goblet,viper,-2.936139235735125,5.0,0.1333771971743304
SP3,basal_to_ciliated,viper,1.171654421612997,3.0,0.3046051301348793
SP3,basal_to_club,viper,0.5320474380147375,3.0,0.317949082284181
SP3,basal_to_goblet,viper,-2.2976122034973123,3.0,0.1309928308674716
SP4,basal_to_ciliated,viper,0.8711312080321841,5.0,0.5006911237682868
SP4,basal_to_club,viper,-4.305993281729719,5.0,0.028131304648021
SP4,basal_to_goblet,viper,-6.220339925924287,5.0,0.0023485727607097
SP5,basal_to_ciliated,viper,2.5195186596739583,3.0,0.0782688573735255
SP5,basal_to_club,viper,-5.147262616801907,3.0,0.0022339936286892
SP5,basal_to_goblet,viper,-3.793120583896525,3.0,0.0430067744990285
SP6,basal_to_ciliated,viper,-6.822549078376966,3.0,1.1556164715105265e-05
SP6,basal_to_club,viper,-7.149616334579358,3.0,6.2262166455140684e-06
SP6,basal_to_goblet,viper,-5.337645651746365,3.0,0.0016692735528179
SP7,basal_to_ciliated,viper,-9.38640190001568,3.0,2.0735940129599653e-07
SP7,basal_to_club,viper,-7.512684565006482,3.0,3.5833063262986565e-05
SP7,basal_to_goblet,viper,-7.600124200898807,3.0,4.987091159370689e-05
SP8,basal_to_ciliated,viper,-9.45490318186056,3.0,4.879359012507761e-10
SP8,basal_to_club,viper,-8.945921358395285,3.0,5.45218575429352e-09
SP8,basal_to_goblet,viper,-7.89315842408461,3.0,1.820751429616431e-06
SP9,basal_to_ciliated,viper,3.5092017526057044,2.0,0.008855529477902
SP9,basal_to_club,viper,-2.8996010010186946,2.0,0.0615891464337601
SP9,basal_to_goblet,viper,-2.9029977740561783,2.0,0.0779078836316691
SPDEF,basal_to_ciliated,viper,-4.863904393372078,3.0,0.0033684465310972
SPDEF,basal_to_club,viper,2.908409848320935,3.0,0.1064854294462974
SPDEF,basal_to_goblet,viper,3.9284257229493584,3.0,0.0244323450398124
SPEN,basal_to_ciliated,viper,1.7052888646811726,2.0,0.2079935706544512
SPEN,basal_to_club,viper,2.008735087451686,2.0,0.2326777232407178
SPEN,basal_to_goblet,viper,-1.0561471947885999,2.0,0.6195325496371074
SPI1,basal_to_ciliated,viper,-0.3587669283300642,6.0,0.625277592950333
SPI1,basal_to_club,viper,-0.5381613079635276,6.0,0.8525391764432019
SPI1,basal_to_goblet,viper,-1.8205125207150816,6.0,0.361601136412446
SPIB,basal_to_ciliated,viper,0.6100831598366531,4.0,0.2995372510264887
SPIB,basal_to_club,viper,-6.71223776867125,4.0,1.985145519507699e-05
SPIB,basal_to_goblet,viper,-4.871868862911399,4.0,0.0024498204611301
SPIC,basal_to_ciliated,viper,-8.020923650042116,3.0,3.911098112525372e-06
SPIC,basal_to_club,viper,-3.1394284270224047,3.0,0.1274945335261599
SPIC,basal_to_goblet,viper,-3.0337623582788162,3.0,0.0923682938039052
SRCAP,basal_to_ciliated,viper,3.7038601022018054,3.0,0.045827065867178
SRCAP,basal_to_club,viper,3.216510559075512,3.0,0.0827231490111701
SRCAP,basal_to_goblet,viper,1.5918398096403106,3.0,0.5157873599200378
SREBF1,basal_to_ciliated,viper,-5.104243780351495,6.0,0.0111637936181913
SREBF1,basal_to_club,viper,-2.341737776824707,6.0,0.1873697748249755
SREBF1,basal_to_goblet,viper,-1.2577807026998664,6.0,0.2045964658084758
SREBF2,basal_to_ciliated,viper,3.9800713958641674,6.0,0.0351606663637048
SREBF2,basal_to_club,viper,5.240343918090591,6.0,0.0199734679846197
SREBF2,basal_to_goblet,viper,5.644909209773936,6.0,0.0187934940345553
SRF,basal_to_ciliated,viper,-2.373568913406166,6.0,0.1597496965309377
SRF,basal_to_club,viper,-3.5874007328546815,6.0,0.0745596281381203
SRF,basal_to_goblet,viper,-3.6221724084172786,6.0,0.082824398738105
SRY,basal_to_ciliated,viper,-16.456467619557813,4.0,2.7164613310177357e-29
SRY,basal_to_club,viper,-17.631704291344914,4.0,7.549695667614564e-34
SRY,basal_to_goblet,viper,-16.601524474263936,4.0,5.0309623959876755e-29
ST18,basal_to_ciliated,viper,3.4386432348061766,3.0,0.0311174931055066
ST18,basal_to_club,viper,-2.3026770608992413,3.0,0.1717331441422602
ST18,basal_to_goblet,viper,-2.26608889018412,3.0,0.1678504482276389
STAT1,basal_to_ciliated,viper,12.314801010935922,6.0,4.466367854710238e-15
STAT1,basal_to_club,viper,6.053531857761092,6.0,0.0045504623478401
STAT1,basal_to_goblet,viper,9.025669933830043,6.0,1.6894384972492673e-06
STAT2,basal_to_ciliated,viper,6.611195119987065,5.0,0.0001885339854903
STAT2,basal_to_club,viper,3.815661523104946,5.0,0.0856649787409087
STAT2,basal_to_goblet,viper,4.708006362470914,5.0,0.0456717560354896
STAT3,basal_to_ciliated,viper,17.294432971728213,6.0,5.624662126500115e-20
STAT3,basal_to_club,viper,5.73410429334807,6.0,0.0051394374267228
STAT3,basal_to_goblet,viper,4.0520582641546685,6.0,0.0881187621883319
STAT4,basal_to_ciliated,viper,4.8699144609128435,4.0,0.0010647937467712
STAT4,basal_to_club,viper,-2.9930814941934942,4.0,0.078124768342613
STAT4,basal_to_goblet,viper,-0.9834270629022093,4.0,0.2615549950896997
STAT5A,basal_to_ciliated,viper,12.934858619078868,6.0,1.5794594628654678e-11
STAT5A,basal_to_club,viper,3.185005259403534,6.0,0.0790291400882936
STAT5A,basal_to_goblet,viper,5.183322378255504,6.0,0.0041720556929074
STAT5B,basal_to_ciliated,viper,6.303289680785346,4.0,4.592043479902491e-05
STAT5B,basal_to_club,viper,1.9451804308490561,4.0,0.392244258636951
STAT5B,basal_to_goblet,viper,1.7616776551240552,4.0,0.4518148397751331
STAT6,basal_to_ciliated,viper,5.307320379540595,4.0,0.0023027573078082
STAT6,basal_to_club,viper,0.6101569639495537,4.0,0.6487847750567355
STAT6,basal_to_goblet,viper,1.2241086938645962,4.0,0.4894278360912802
TAL1,basal_to_ciliated,viper,4.582880429224041,6.0,0.0391840034429822
TAL1,basal_to_club,viper,-8.166298469768437,6.0,5.0636688397714674e-05
TAL1,basal_to_goblet,viper,-8.470498314081379,6.0,1.9523680913811323e-05
TAL2,basal_to_ciliated,viper,-5.487302077656216,3.0,7.466853626971242e-05
TAL2,basal_to_club,viper,-6.936433011854648,3.0,1.058438996951052e-06
TAL2,basal_to_goblet,viper,-6.105939653830221,3.0,3.181094794072999e-05
TBP,basal_to_ciliated,viper,12.88208664172064,5.0,2.6798383548524352e-18
TBP,basal_to_club,viper,-0.8867583948865936,5.0,0.504290013966989
TBP,basal_to_goblet,viper,-0.9626605209240027,5.0,0.5905373439034337
TBPL1,basal_to_ciliated,viper,14.324847754039117,2.0,3.273136089096164e-28
TBPL1,basal_to_club,viper,-1.946345362089653,2.0,0.2543955510205108
TBPL1,basal_to_goblet,viper,-0.5347066873283478,2.0,0.3024005800435087
TBPL2,basal_to_ciliated,viper,-4.590310242174508,2.0,0.0007269287143761
TBPL2,basal_to_club,viper,-6.23839775167277,2.0,5.7294398952775525e-06
TBPL2,basal_to_goblet,viper,-4.481846504666578,2.0,0.001472993607167
TBR1,basal_to_ciliated,viper,-6.005327511411685,3.0,0.0003389686909413
TBR1,basal_to_club,viper,-3.9627563456224615,3.0,0.0377006223685129
TBR1,basal_to_goblet,viper,-3.2640153503078246,3.0,0.0907471866272594
TBX1,basal_to_ciliated,viper,3.5046038152531804,3.0,0.0255231520258276
TBX1,basal_to_club,viper,-3.4242110300824904,3.0,0.0217141818044371
TBX1,basal_to_goblet,viper,-3.027768861258664,3.0,0.05262082458385
TBX10,basal_to_ciliated,viper,-6.089700296273479,3.0,0.0002089536323387
TBX10,basal_to_club,viper,-0.3631289128693159,3.0,0.7021420916207964
TBX10,basal_to_goblet,viper,3.989077254077801,3.0,0.0196371706438736
TBX15,basal_to_ciliated,viper,-4.4305791434300765,3.0,0.001428478426718
TBX15,basal_to_club,viper,-5.195854468013989,3.0,0.0007830002844932
TBX15,basal_to_goblet,viper,-4.866621620874058,3.0,0.0012288954435893
TBX18,basal_to_ciliated,viper,-9.965790878256072,3.0,1.0065627439772941e-08
TBX18,basal_to_club,viper,-9.04128123506897,3.0,4.6576772331524027e-07
TBX18,basal_to_goblet,viper,-9.841605678925335,3.0,1.1888804239780765e-07
TBX19,basal_to_ciliated,viper,5.086232391420752,3.0,0.000454093599332
TBX19,basal_to_club,viper,-2.6554469255807236,3.0,0.1384183408200542
TBX19,basal_to_goblet,viper,-0.8558678457905702,3.0,0.430905820907814
TBX2,basal_to_ciliated,viper,-6.041492949978052,3.0,3.301866762662351e-05
TBX2,basal_to_club,viper,-7.412888646202666,3.0,1.02666387214252e-06
TBX2,basal_to_goblet,viper,-5.4484210459949,3.0,0.0005423687434072
TBX20,basal_to_ciliated,viper,-8.913558661824961,3.0,1.145889566805712e-06
TBX20,basal_to_club,viper,-9.45061108826594,3.0,7.129605258735351e-07
TBX20,basal_to_goblet,viper,-7.076332524056332,3.0,9.646276007122204e-05
TBX21,basal_to_ciliated,viper,-2.1195999969023913,4.0,0.1596593737819542
TBX21,basal_to_club,viper,-5.230670349800764,4.0,0.0026275282373783
TBX21,basal_to_goblet,viper,-4.771928525345806,4.0,0.0026572852508285
TBX22,basal_to_ciliated,viper,8.843392693228239,3.0,1.184709662035024e-09
TBX22,basal_to_club,viper,-0.4867168941794932,3.0,0.5936070346125817
TBX22,basal_to_goblet,viper,-0.05914651215601991,3.0,0.6116571570014144
TBX3,basal_to_ciliated,viper,-8.07402126427955,4.0,7.156885148624495e-06
TBX3,basal_to_club,viper,-5.4887884112649665,4.0,0.0016361029043683
TBX3,basal_to_goblet,viper,-4.275110653660196,4.0,0.0124198757487579
TBX4,basal_to_ciliated,viper,0.24199140158432828,3.0,0.0483762484353677
TBX4,basal_to_club,viper,-5.572425635151527,3.0,0.0004237547359335
TBX4,basal_to_goblet,viper,-4.54516536585942,3.0,0.0060742500784335
TBX5,basal_to_ciliated,viper,4.860639163770347,4.0,0.0007206125353596
TBX5,basal_to_club,viper,-4.403503863248038,4.0,0.0156326495134573
TBX5,basal_to_goblet,viper,-5.799279161377528,4.0,0.0014787602812425
TBX6,basal_to_ciliated,viper,-10.87732256356016,3.0,1.7791567883283133e-13
TBX6,basal_to_club,viper,-9.777142416376696,3.0,6.653693074243647e-10
TBX6,basal_to_goblet,viper,-5.7340361243419,3.0,0.0015316479768519
TBXT,basal_to_ciliated,viper,4.807818312980308,4.0,0.0020788138549087
TBXT,basal_to_club,viper,2.0938204137239786,4.0,0.3316906375511324
TBXT,basal_to_goblet,viper,2.4396645400589145,4.0,0.1952609282294674
TCF12,basal_to_ciliated,viper,2.387831490392495,5.0,0.1064773026736539
TCF12,basal_to_club,viper,-0.8436240029949281,5.0,0.4192348321599494
TCF12,basal_to_goblet,viper,-3.497954916616397,5.0,0.1805836113405656
TCF15,basal_to_ciliated,viper,-7.715689405751071,3.0,4.21145729991142e-06
TCF15,basal_to_club,viper,-7.525765076359815,3.0,1.0428175780821725e-05
TCF15,basal_to_goblet,viper,-6.941093836769993,3.0,7.077989530431484e-05
TCF20,basal_to_ciliated,viper,3.050071614138115,3.0,0.0966374594117945
TCF20,basal_to_club,viper,0.5681969115102607,3.0,0.1256216004549345
TCF20,basal_to_goblet,viper,-0.534670510811897,3.0,0.3948148855619721
TCF21,basal_to_ciliated,viper,3.8285570770183712,4.0,0.0217071666348097
TCF21,basal_to_club,viper,-5.269736402252555,4.0,0.0078635502188618
TCF21,basal_to_goblet,viper,-7.339547317205941,4.0,9.317253180609932e-05
TCF23,basal_to_ciliated,viper,-5.463319316080357,3.0,0.0018679828299956
TCF23,basal_to_club,viper,-8.559870315150423,3.0,2.9392646609143258e-08
TCF23,basal_to_goblet,viper,-6.439984132540393,3.0,9.798994747738698e-05
TCF24,basal_to_ciliated,viper,9.924095000696868,3.0,7.933730715717505e-10
TCF24,basal_to_club,viper,-1.2816312573551987,3.0,0.4508918485311972
TCF24,basal_to_goblet,viper,1.0575870345500376,3.0,0.560233836906561
TCF3,basal_to_ciliated,viper,-6.786668608309547,6.0,0.000248274518276
TCF3,basal_to_club,viper,-2.142551236961784,6.0,0.3924587127884195
TCF3,basal_to_goblet,viper,-4.734081238851507,6.0,0.0240263326357374
TCF4,basal_to_ciliated,viper,-11.754465062747204,5.0,3.022686492104948e-12
TCF4,basal_to_club,viper,-7.484281188802342,5.0,3.695863319190862e-05
TCF4,basal_to_goblet,viper,-6.289406049167306,5.0,0.0009287679630525
TCF7,basal_to_ciliated,viper,-2.8125251114211816,5.0,0.1058396224551602
TCF7,basal_to_club,viper,-6.520817628078869,5.0,0.0007037807602324
TCF7,basal_to_goblet,viper,-4.643101847367595,5.0,0.0285993515218973
TCF7L1,basal_to_ciliated,viper,-9.892982238213717,3.0,1.622734950618852e-09
TCF7L1,basal_to_club,viper,-6.266947359792727,3.0,2.3316830750165804e-05
TCF7L1,basal_to_goblet,viper,-8.300658610338838,3.0,1.1430151451889873e-07
TCF7L2,basal_to_ciliated,viper,-2.564076330907946,6.0,0.1424037530664609
TCF7L2,basal_to_club,viper,0.5109902341305401,6.0,0.2140725320400268
TCF7L2,basal_to_goblet,viper,-1.7794552116287488,6.0,0.1514534368141346
TCFL5,basal_to_ciliated,viper,12.246632984058564,3.0,1.907536906421296e-19
TCFL5,basal_to_club,viper,-1.8773929671489498,3.0,0.284495897874143
TCFL5,basal_to_goblet,viper,-0.7018474551900618,3.0,0.4769216630016095
TEAD1,basal_to_ciliated,viper,6.7485267101531825,4.0,5.362789398723898e-06
TEAD1,basal_to_club,viper,2.3197208223189585,4.0,0.2307334301845425
TEAD1,basal_to_goblet,viper,1.719589558037307,4.0,0.4040307654636269
TEAD2,basal_to_ciliated,viper,-6.243315844541521,4.0,0.0012822190350443
TEAD2,basal_to_club,viper,-4.264070092550446,4.0,0.0124606079051519
TEAD2,basal_to_goblet,viper,-7.440528694777085,4.0,4.947112682316104e-05
TEAD3,basal_to_ciliated,viper,-9.439782013257213,3.0,8.164106592501446e-08
TEAD3,basal_to_club,viper,-6.580797226171139,3.0,4.128665499679068e-05
TEAD3,basal_to_goblet,viper,-7.785351525392907,3.0,7.735381567216057e-07
TEAD4,basal_to_ciliated,viper,-21.64360218857481,6.0,3.3542211863582134e-34
TEAD4,basal_to_club,viper,-14.28387599907457,6.0,1.6827599508741488e-15
TEAD4,basal_to_goblet,viper,-18.004869382041594,6.0,3.801407217872375e-26
TEF,basal_to_ciliated,viper,4.460506685393643,3.0,0.0048645674960371
TEF,basal_to_club,viper,-2.0279752876317874,3.0,0.2651903339347651
TEF,basal_to_goblet,viper,-2.1219043327155944,3.0,0.2117335935798741
TERB1,basal_to_ciliated,viper,-1.6876269469603622,2.0,0.292569812656112
TERB1,basal_to_club,viper,-1.1146478112386078,2.0,0.6087757287834682
TERB1,basal_to_goblet,viper,-1.1504846966827296,2.0,0.6230862640681443
TERF1,basal_to_ciliated,viper,-7.209786937707968,4.0,0.0001303052563389
TERF1,basal_to_club,viper,-9.749251833261887,4.0,3.1485459897303184e-07
TERF1,basal_to_goblet,viper,-9.97753209940301,4.0,8.290597163794825e-08
TERF2,basal_to_ciliated,viper,5.681597718707286,4.0,0.0007717788016688
TERF2,basal_to_club,viper,-1.5342926785889446,4.0,0.4491588589005186
TERF2,basal_to_goblet,viper,-2.404662492379487,4.0,0.1345057601091136
TET1,basal_to_ciliated,viper,-19.32167581710969,3.0,8.467261778832049e-50
TET1,basal_to_club,viper,-11.158407949125754,3.0,2.4874956132518133e-16
TET1,basal_to_goblet,viper,-11.109148826978796,3.0,5.688033302424343e-17
TET2,basal_to_ciliated,viper,-0.12380707404185372,2.0,0.5728920816516203
TET2,basal_to_club,viper,3.132072607531721,2.0,0.0437177458522362
TET2,basal_to_goblet,viper,2.3112750586590947,2.0,0.1564857562916179
TET3,basal_to_ciliated,viper,3.136553914884845,2.0,0.0291102602701349
TET3,basal_to_club,viper,2.8949825443850417,2.0,0.0534894559557859
TET3,basal_to_goblet,viper,1.9628131088712812,2.0,0.3546953577224567
TFAP2A,basal_to_ciliated,viper,-15.626134491907196,6.0,4.268529804399194e-15
TFAP2A,basal_to_club,viper,-13.729382361628545,6.0,2.6915872031392988e-11
TFAP2A,basal_to_goblet,viper,-11.186095790402529,6.0,2.984515640694539e-08
TFAP2B,basal_to_ciliated,viper,-10.429183287134975,3.0,1.0303345197461796e-12
TFAP2B,basal_to_club,viper,-8.875038927768147,3.0,1.5747488300520343e-09
TFAP2B,basal_to_goblet,viper,-8.63009769161063,3.0,3.2174434992854665e-08
TFAP2C,basal_to_ciliated,viper,-13.43513382290622,6.0,3.578850984852378e-09
TFAP2C,basal_to_club,viper,-6.89885346747049,6.0,0.0005368361189897
TFAP2C,basal_to_goblet,viper,-6.8629920103937225,6.0,0.0047467204923007
TFAP2E,basal_to_ciliated,viper,-5.866330968681129,3.0,0.0002977048793401
TFAP2E,basal_to_club,viper,-3.2779184520791174,3.0,0.1062291118916923
TFAP2E,basal_to_goblet,viper,-5.382215569483196,3.0,0.0027496345664915
TFAP4,basal_to_ciliated,viper,-9.808550283111275,4.0,7.57837442338335e-08
TFAP4,basal_to_club,viper,-7.044931976575432,4.0,9.498867973414292e-05
TFAP4,basal_to_goblet,viper,-8.792557736926392,4.0,8.58300200708936e-07
TFCP2,basal_to_ciliated,viper,1.9540890115843326,3.0,0.2200088792833545
TFCP2,basal_to_club,viper,-3.4138921471792805,3.0,0.0587330489871425
TFCP2,basal_to_goblet,viper,-4.550443853351005,3.0,0.0119780579406269
TFCP2L1,basal_to_ciliated,viper,-10.792006784860462,3.0,2.8554378042054268e-11
TFCP2L1,basal_to_club,viper,-4.397523521575676,3.0,0.0074692122182388
TFCP2L1,basal_to_goblet,viper,-3.3362511762398275,3.0,0.0900359549222774
TFDP1,basal_to_ciliated,viper,-2.2965497189603603,4.0,0.0083298826646946
TFDP1,basal_to_club,viper,-10.296757696885074,4.0,2.0833377807971516e-08
TFDP1,basal_to_goblet,viper,-10.702412838048591,4.0,8.507508530908708e-09
TFDP2,basal_to_ciliated,viper,4.924822255793352,3.0,0.000697224570292
TFDP2,basal_to_club,viper,-1.9697800548456417,3.0,0.3911589782535651
TFDP2,basal_to_goblet,viper,-2.780742283471295,3.0,0.1317660903134029
TFDP3,basal_to_ciliated,viper,-5.8391947078544435,3.0,3.787612965941706e-05
TFDP3,basal_to_club,viper,-3.880602595500647,3.0,0.0095298038755081
TFDP3,basal_to_goblet,viper,-4.253970516937924,3.0,0.0049921017165366
TFE3,basal_to_ciliated,viper,-2.6624203862321734,3.0,0.0710375825235192
TFE3,basal_to_club,viper,-2.1974167424630098,3.0,0.2329854537726257
TFE3,basal_to_goblet,viper,-2.6858251650328073,3.0,0.1154226657064853
TFEB,basal_to_ciliated,viper,3.784023301622973,4.0,0.0308921480880928
TFEB,basal_to_club,viper,-2.1403058263840915,4.0,0.2329854537726257
TFEB,basal_to_goblet,viper,-1.0960795391751461,4.0,0.3993082170630614
TFEC,basal_to_ciliated,viper,-0.3646060080980634,3.0,0.7314462828254389
TFEC,basal_to_club,viper,-0.8633535787043594,3.0,0.6846726420547086
TFEC,basal_to_goblet,viper,-0.7386046054933151,3.0,0.7870692487697457
TGIF1,basal_to_ciliated,viper,-1.6538097372029694,3.0,0.0685552923817101
TGIF1,basal_to_club,viper,-4.410361719000199,3.0,0.0150936399969881
TGIF1,basal_to_goblet,viper,-4.3751834757183135,3.0,0.0107729881981109
TGIF2,basal_to_ciliated,viper,-13.124346055296826,4.0,3.963801930746798e-13
TGIF2,basal_to_club,viper,-10.046690154477268,4.0,3.782056350223503e-09
TGIF2,basal_to_goblet,viper,-12.255680694225756,4.0,3.107104025455871e-13
THAP1,basal_to_ciliated,viper,7.839634776995023,5.0,4.70548224642005e-05
THAP1,basal_to_club,viper,-4.388577304497991,5.0,0.0705914540837407
THAP1,basal_to_goblet,viper,-3.293962384634163,5.0,0.207184142935417
THAP10,basal_to_ciliated,viper,4.480032585390411,3.0,0.0019198038933798
THAP10,basal_to_club,viper,-4.090731945195085,3.0,0.020564169289516
THAP10,basal_to_goblet,viper,-3.5675902781655595,3.0,0.0520547055345097
THAP11,basal_to_ciliated,viper,-4.219504560675799,5.0,0.0088619596538014
THAP11,basal_to_club,viper,-6.445575024677535,5.0,0.001054785264893
THAP11,basal_to_goblet,viper,-5.903916765247684,5.0,0.0010067978074437
THAP12,basal_to_ciliated,viper,-1.1242871696592043,2.0,0.4167014759001693
THAP12,basal_to_club,viper,1.6944524547102098,2.0,0.3806998805865146
THAP12,basal_to_goblet,viper,1.359331352050596,2.0,0.247068499665701
THAP2,basal_to_ciliated,viper,3.325693156979095,3.0,0.0230097185329804
THAP2,basal_to_club,viper,-2.3480165322542654,3.0,0.2339365935599637
THAP2,basal_to_goblet,viper,-3.0485612464698586,3.0,0.1266221588228618
THAP3,basal_to_ciliated,viper,-3.7030696645504997,3.0,0.0393841004079898
THAP3,basal_to_club,viper,-4.137851237602312,3.0,0.0302253220001006
THAP3,basal_to_goblet,viper,-3.3676566862688135,3.0,0.0867371894098569
THAP4,basal_to_ciliated,viper,-4.841072005461657,3.0,0.0018203259796951
THAP4,basal_to_club,viper,-7.138910495410045,3.0,1.1660963173872187e-05
THAP4,basal_to_goblet,viper,-6.354054521441216,3.0,6.185960979244086e-05
THAP5,basal_to_ciliated,viper,3.1856596527032095,3.0,0.076183650062689
THAP5,basal_to_club,viper,0.8443033351645292,3.0,0.4007296527487425
THAP5,basal_to_goblet,viper,0.6650048578236393,3.0,0.4175620044195945
THAP6,basal_to_ciliated,viper,7.112436254488419,3.0,1.721847905003049e-06
THAP6,basal_to_club,viper,0.5225490967329194,3.0,0.5521952653646929
THAP6,basal_to_goblet,viper,-1.3344139938012947,3.0,0.4038006746541026
THAP7,basal_to_ciliated,viper,3.3259242281216395,3.0,0.0193742256655539
THAP7,basal_to_club,viper,-2.649746778519398,3.0,0.175631226678242
THAP7,basal_to_goblet,viper,-0.9478146584784596,3.0,0.5794853436642482
THAP8,basal_to_ciliated,viper,3.312552846532353,3.0,0.0315433301383877
THAP8,basal_to_club,viper,-1.8491404375811233,3.0,0.2133740685532872
THAP8,basal_to_goblet,viper,-0.5502386213891244,3.0,0.4634836504231209
THAP9,basal_to_ciliated,viper,3.5612846373968203,3.0,0.0019288091672987
THAP9,basal_to_club,viper,-4.686361475099582,3.0,0.0012196937629974
THAP9,basal_to_goblet,viper,-6.372185261168369,3.0,2.3781217615015656e-05
THRA,basal_to_ciliated,viper,8.22978739857655,4.0,2.555903501463209e-06
THRA,basal_to_club,viper,1.8252092574209169,4.0,0.2949762677717304
THRA,basal_to_goblet,viper,-0.00022737287139984463,4.0,0.5818056716151394
THRB,basal_to_ciliated,viper,1.4123568293228805,3.0,0.3638592623945476
THRB,basal_to_club,viper,3.2950134742364465,3.0,0.1125459822600272
THRB,basal_to_goblet,viper,5.1027931114900165,3.0,0.0072021389512139
THYN1,basal_to_ciliated,viper,4.435512544538372,2.0,0.0011344551829702
THYN1,basal_to_club,viper,-2.827695887245718,2.0,0.08511969584001
THYN1,basal_to_goblet,viper,-2.2633997533109627,2.0,0.1744041229132106
TIGD1,basal_to_ciliated,viper,4.369612723158533,2.0,0.0007906901028713
TIGD1,basal_to_club,viper,-1.8366791148131145,2.0,0.4247012660000954
TIGD1,basal_to_goblet,viper,-3.093562407986277,2.0,0.0491152182494675
TIGD2,basal_to_ciliated,viper,-7.809164081748998,3.0,7.774087252463698e-06
TIGD2,basal_to_club,viper,-1.9771807943252069,3.0,0.3866991224306196
TIGD2,basal_to_goblet,viper,-3.426799276339232,3.0,0.1193144497497167
TIGD3,basal_to_ciliated,viper,-1.4286780669576256,3.0,0.0719687481035743
TIGD3,basal_to_club,viper,-6.613150434143873,3.0,6.567723304837488e-06
TIGD3,basal_to_goblet,viper,-5.819367428300378,3.0,0.0022317453932089
TIGD4,basal_to_ciliated,viper,14.4921749590895,3.0,1.3592593000456529e-17
TIGD4,basal_to_club,viper,1.284747365270881,2.0,0.4710645368309942
TIGD4,basal_to_goblet,viper,3.0780950201325417,3.0,0.0974963260892006
TIGD5,basal_to_ciliated,viper,-3.899346288040626,3.0,0.0108195906151916
TIGD5,basal_to_club,viper,-3.459823088754049,3.0,0.0658858048531588
TIGD5,basal_to_goblet,viper,-2.626393073476145,3.0,0.148070469748305
TIGD6,basal_to_ciliated,viper,6.532969665305384,3.0,1.6945930394677416e-05
TIGD6,basal_to_club,viper,1.2649560112608853,3.0,0.4355754495481123
TIGD6,basal_to_goblet,viper,2.1671601026990706,3.0,0.2063960209989884
TIGD7,basal_to_ciliated,viper,3.3269204293413597,3.0,0.0199740894751756
TIGD7,basal_to_club,viper,-1.6574503205854694,3.0,0.4246180424020722
TIGD7,basal_to_goblet,viper,-2.5350082737175286,3.0,0.2052637386718838
TLX1,basal_to_ciliated,viper,-8.136276819086572,3.0,1.7217834316892753e-06
TLX1,basal_to_club,viper,-8.188759255832151,3.0,4.188752978350979e-07
TLX1,basal_to_goblet,viper,-6.604573369202484,3.0,9.787709275334874e-05
TLX2,basal_to_ciliated,viper,-2.694325931147733,3.0,0.106187691844569
TLX2,basal_to_club,viper,-5.867729382896221,3.0,0.0008233725751516
TLX2,basal_to_goblet,viper,-3.750414414460333,3.0,0.0279659902820357
TLX3,basal_to_ciliated,viper,-6.477251132134438,3.0,0.0005692843131247
TLX3,basal_to_club,viper,-4.506325016201692,3.0,0.0051471009831553
TLX3,basal_to_goblet,viper,-4.433022050427839,3.0,0.015628264692728
TMF1,basal_to_ciliated,viper,7.113955248199451,2.0,1.8176536988664617e-08
TMF1,basal_to_club,viper,1.9840257300588193,2.0,0.2543955510205108
TMF1,basal_to_goblet,viper,2.3875521844516396,2.0,0.1776415531531017
TOPORS,basal_to_ciliated,viper,-3.7664874377464685,2.0,0.0057254837907367
TOPORS,basal_to_club,viper,-2.760027182235573,2.0,0.0736250323685135
TOPORS,basal_to_goblet,viper,-3.5294720535132558,2.0,0.0211204589108638
TP53,basal_to_ciliated,viper,-23.76225294423312,5.0,2.0416114373151704e-45
TP53,basal_to_club,viper,-13.45483755375606,5.0,5.688259997462338e-16
TP53,basal_to_goblet,viper,-15.53776998632886,5.0,2.098425341884544e-19
TP63,basal_to_ciliated,viper,-22.016145006143176,5.0,1.0324863840704884e-36
TP63,basal_to_club,viper,-22.10568256220882,5.0,1.1135707731525609e-35
TP63,basal_to_goblet,viper,-19.121610594449052,5.0,5.3779135562699385e-28
TP73,basal_to_ciliated,viper,10.772866033882213,3.0,2.842652929086733e-15
TP73,basal_to_club,viper,-2.0308293904795574,3.0,0.3998023280160161
TP73,basal_to_goblet,viper,0.7400941810483239,3.0,0.299546306919631
TRAFD1,basal_to_ciliated,viper,0.8321658070836586,3.0,0.3289299566893646
TRAFD1,basal_to_club,viper,0.4771771419422845,3.0,0.6573810108085336
TRAFD1,basal_to_goblet,viper,0.28742212268389195,3.0,0.6951818965455043
TRERF1,basal_to_ciliated,viper,4.472607175499392,3.0,0.0086304381822822
TRERF1,basal_to_club,viper,-0.7803164735740334,3.0,0.5761767374557365
TRERF1,basal_to_goblet,viper,0.2833094663529401,3.0,0.7873348297602782
TRPS1,basal_to_ciliated,viper,-4.1642909991488795,3.0,0.0063076565477588
TRPS1,basal_to_club,viper,-2.033750766815724,3.0,0.0148310717194494
TRPS1,basal_to_goblet,viper,-1.793021101920973,3.0,0.0283906886404364
TSC22D1,basal_to_ciliated,viper,-7.506479996122809,3.0,2.210024646413652e-06
TSC22D1,basal_to_club,viper,-5.205459257297342,3.0,0.0006658922954189
TSC22D1,basal_to_goblet,viper,-6.967901330063853,3.0,1.7062357894960267e-05
TSHZ1,basal_to_ciliated,viper,1.8605551865858192,3.0,0.1461813205318104
TSHZ1,basal_to_club,viper,-2.838226203928018,3.0,0.1004986291044398
TSHZ1,basal_to_goblet,viper,-3.747346353225078,3.0,0.0304697403607323
TSHZ2,basal_to_ciliated,viper,-6.059909511581983,3.0,0.0001985667946184
TSHZ2,basal_to_club,viper,-4.275739405191552,3.0,0.0144229142367311
TSHZ2,basal_to_goblet,viper,-3.847203491962219,3.0,0.0295533094335421
TSHZ3,basal_to_ciliated,viper,-10.469797865927099,3.0,6.305923018026619e-10
TSHZ3,basal_to_club,viper,-8.160836053645395,3.0,1.2954188133432394e-06
TSHZ3,basal_to_goblet,viper,-8.493548251588194,3.0,7.735381567216057e-07
TTF1,basal_to_ciliated,viper,0.9309003617087017,2.0,0.5400537015080721
TTF1,basal_to_club,viper,-2.705079902092005,2.0,0.1328680156869384
TTF1,basal_to_goblet,viper,-2.1621096525980916,2.0,0.2325660899322303
TWIST1,basal_to_ciliated,viper,-11.094880112162425,4.0,7.278810153405061e-12
TWIST1,basal_to_club,viper,-10.365636295816316,4.0,5.164594205522118e-10
TWIST1,basal_to_goblet,viper,-7.922433956778942,4.0,3.8872140351675895e-05
TWIST2,basal_to_ciliated,viper,-7.698667939687944,2.0,1.3201801821251551e-08
TWIST2,basal_to_club,viper,-6.684359298020016,2.0,2.192234558613809e-06
TWIST2,basal_to_goblet,viper,-7.9294244770658615,2.0,1.4689065112348494e-08
UBP1,basal_to_ciliated,viper,-4.729977344668571,3.0,0.0039893954987794
UBP1,basal_to_club,viper,-3.074801925806722,3.0,0.0803627295042423
UBP1,basal_to_goblet,viper,-4.5742751622775035,3.0,0.009076331076944
USF1,basal_to_ciliated,viper,12.301340618187044,5.0,2.2349290960134143e-16
USF1,basal_to_club,viper,3.541495856760347,5.0,0.0335614074546259
USF1,basal_to_goblet,viper,3.459853335404861,5.0,0.0613311508735961
USF2,basal_to_ciliated,viper,3.22679298457449,5.0,0.0277971148387863
USF2,basal_to_club,viper,1.32319585381948,5.0,0.2641542077828175
USF2,basal_to_goblet,viper,2.374172171469104,5.0,0.077270062483568
USF3,basal_to_ciliated,viper,4.469197968771332,2.0,0.0006069714446729
USF3,basal_to_club,viper,2.6275497922778297,2.0,0.0996891306122522
USF3,basal_to_goblet,viper,1.8201811613532284,2.0,0.3274304472796492
VAX1,basal_to_ciliated,viper,-10.104630267089084,3.0,1.29822964704389e-10
VAX1,basal_to_club,viper,-5.705669070507724,3.0,0.000438175776168
VAX1,basal_to_goblet,viper,-4.16489573278163,3.0,0.0196895922189754
VAX2,basal_to_ciliated,viper,-6.911204204656019,3.0,0.0001985667946184
VAX2,basal_to_club,viper,-7.1233633831233805,3.0,1.628709650618743e-05
VAX2,basal_to_goblet,viper,-6.692979462728381,3.0,0.0002137470071928
VDR,basal_to_ciliated,viper,5.5052769771344,5.0,0.0002533448627211
VDR,basal_to_club,viper,-2.990337789550961,5.0,0.1190893011562643
VDR,basal_to_goblet,viper,-1.8569510328801766,5.0,0.1026018768083338
VENTX,basal_to_ciliated,viper,-2.482363388018915,3.0,0.0999542663519097
VENTX,basal_to_club,viper,-4.240063553369015,3.0,0.0042654561625729
VENTX,basal_to_goblet,viper,-3.241999818943262,3.0,0.0437879288194578
VEZF1,basal_to_ciliated,viper,3.834616784350862,3.0,0.0112066672350279
VEZF1,basal_to_club,viper,0.5517547198700306,3.0,0.8612051030708808
VEZF1,basal_to_goblet,viper,-0.627895199193416,3.0,0.8024477729670562
VSX1,basal_to_ciliated,viper,-6.557693529910088,3.0,3.662936957146193e-05
VSX1,basal_to_club,viper,-6.249845649693669,3.0,0.0005045121730702
VSX1,basal_to_goblet,viper,-5.169475996321955,3.0,0.0015579214443308
WIZ,basal_to_ciliated,viper,-1.8055788684064806,3.0,0.2983718208889074
WIZ,basal_to_club,viper,1.9084480477157504,3.0,0.4577852478490857
WIZ,basal_to_goblet,viper,0.09817422198943014,3.0,0.709207451231653
WT1,basal_to_ciliated,viper,-13.93966390525331,4.0,7.49012606014216e-24
WT1,basal_to_club,viper,-20.615518828656466,4.0,2.5746351884414888e-48
WT1,basal_to_goblet,viper,-14.400969610519926,4.0,8.596221680556167e-25
XBP1,basal_to_ciliated,viper,-3.3352060779617356,4.0,0.0286035549377325
XBP1,basal_to_club,viper,9.100540751000555,4.0,7.5070530722245795e-06
XBP1,basal_to_goblet,viper,9.445386065000013,4.0,1.083816541671432e-05
XPA,basal_to_ciliated,viper,-5.078480586817699,3.0,0.0011200478954462
XPA,basal_to_club,viper,-6.34518916974187,3.0,6.080505189823253e-05
XPA,basal_to_goblet,viper,-7.753316073384623,3.0,8.996812747050064e-06
YBX1,basal_to_ciliated,viper,-11.012087683253379,3.0,3.5673402288899334e-11
YBX1,basal_to_club,viper,-6.326997190323392,3.0,1.2545057450032356e-05
YBX1,basal_to_goblet,viper,-8.209465503428827,3.0,1.757255224326323e-08
YBX2,basal_to_ciliated,viper,9.069153879459122,3.0,3.300984205936976e-10
YBX2,basal_to_club,viper,-5.68214172459309,2.0,6.256705196256978e-05
YBX2,basal_to_goblet,viper,-4.1900202991167355,3.0,0.0012714511582167
YBX3,basal_to_ciliated,viper,2.6404221407257675,2.0,0.0449052512978948
YBX3,basal_to_club,viper,-1.2778463533405608,2.0,0.4505878777985619
YBX3,basal_to_goblet,viper,0.2284587440023187,2.0,0.6967466826321181
YY1,basal_to_ciliated,viper,-3.5318348115655014,6.0,0.0552581704218412
YY1,basal_to_club,viper,-4.644415767265515,6.0,0.0123413291064566
YY1,basal_to_goblet,viper,-5.440011186536624,6.0,0.0023306518943078
YY2,basal_to_ciliated,viper,-3.3437972943462135,3.0,0.0274757881748546
YY2,basal_to_club,viper,-4.462065265349193,3.0,0.0255947904418359
YY2,basal_to_goblet,viper,-4.664824155189885,3.0,0.0125303476734698
ZBED1,basal_to_ciliated,viper,6.131495318756073,4.0,1.875215063903097e-05
ZBED1,basal_to_club,viper,-1.1826241777821718,4.0,0.3806998805865146
ZBED1,basal_to_goblet,viper,1.5416627350715935,4.0,0.3299279049492701
ZBED2,basal_to_ciliated,viper,-8.603165220046787,3.0,3.0030767131214876e-06
ZBED2,basal_to_club,viper,-7.6517824475757035,3.0,5.448806196960335e-06
ZBED2,basal_to_goblet,viper,-6.275556280548157,3.0,0.0002389041295763
ZBED3,basal_to_ciliated,viper,-5.578181918696137,3.0,0.0001681448285434
ZBED3,basal_to_club,viper,-0.6482220418321228,3.0,0.2812812341432752
ZBED3,basal_to_goblet,viper,-2.6251959351999266,3.0,0.070850502027683
ZBED4,basal_to_ciliated,viper,1.4821116658807023,3.0,0.1737272621124958
ZBED4,basal_to_club,viper,-2.320539471135279,3.0,0.1990761869593367
ZBED4,basal_to_goblet,viper,-2.969812107272606,3.0,0.1382612104810303
ZBED5,basal_to_ciliated,viper,3.2273968878045323,2.0,0.0144603819982791
ZBED5,basal_to_club,viper,0.6712561682035396,2.0,0.7961543904123864
ZBED5,basal_to_goblet,viper,-1.3017957804037092,2.0,0.4998942689190515
ZBED6,basal_to_ciliated,viper,-0.4980071769790076,1.0,0.6837651438240526
ZBED6,basal_to_club,viper,1.7975595084510745,1.0,0.1994327467461521
ZBED6,basal_to_goblet,viper,1.5152963184573252,1.0,0.3223485213412004
ZBTB1,basal_to_ciliated,viper,0.43186123020281975,3.0,0.4398630134061793
ZBTB1,basal_to_club,viper,-0.6372308657915929,3.0,0.5328141414812813
ZBTB1,basal_to_goblet,viper,-2.6372900160200583,3.0,0.2002616755784602
ZBTB10,basal_to_ciliated,viper,4.868195669551369,3.0,0.0046688778610729
ZBTB10,basal_to_club,viper,3.327117741907839,3.0,0.0452769707538528
ZBTB10,basal_to_goblet,viper,1.485584144035888,3.0,0.4917709304935437
ZBTB11,basal_to_ciliated,viper,1.7321902123997992,4.0,0.2333571069941673
ZBTB11,basal_to_club,viper,2.2580423497344286,4.0,0.2024898877204199
ZBTB11,basal_to_goblet,viper,-0.8568382034701252,4.0,0.3993269214750773
ZBTB12,basal_to_ciliated,viper,-1.156582563629402,3.0,0.4537450775091619
ZBTB12,basal_to_club,viper,-2.7415798659528217,3.0,0.1179274104052545
ZBTB12,basal_to_goblet,viper,-4.358806823043254,3.0,0.0070978441890086
ZBTB14,basal_to_ciliated,viper,2.3737722686830627,2.0,0.0847960853335565
ZBTB14,basal_to_club,viper,0.1911249939397134,2.0,0.736958576165456
ZBTB14,basal_to_goblet,viper,-0.13807821628992667,2.0,0.7907784246938828
ZBTB16,basal_to_ciliated,viper,-1.9192273846384054,4.0,0.2496529666243246
ZBTB16,basal_to_club,viper,-2.8451654589693574,4.0,0.0886078455492506
ZBTB16,basal_to_goblet,viper,-5.443975972878743,4.0,0.0004575961708571
ZBTB17,basal_to_ciliated,viper,2.008702120433346,3.0,0.2233582727442971
ZBTB17,basal_to_club,viper,-1.0044367940957482,3.0,0.396509311385389
ZBTB17,basal_to_goblet,viper,-0.5192780615296533,3.0,0.3826885104940287
ZBTB18,basal_to_ciliated,viper,6.5435345388762025,2.0,1.9853914844749044e-06
ZBTB18,basal_to_club,viper,2.338920274799622,2.0,0.1689726675891797
ZBTB18,basal_to_goblet,viper,2.326832474024774,2.0,0.2471409875617749
ZBTB2,basal_to_ciliated,viper,-5.628431106626857,3.0,0.0009330744018738
ZBTB2,basal_to_club,viper,-3.8799006065434396,3.0,0.0207846516485637
ZBTB2,basal_to_goblet,viper,-4.577553190235512,3.0,0.0061520666495989
ZBTB20,basal_to_ciliated,viper,9.417935616680198,3.0,3.010448646605139e-11
ZBTB20,basal_to_club,viper,0.7534000968664473,2.0,0.7186539797075835
ZBTB20,basal_to_goblet,viper,0.2576317792764306,3.0,0.7259684648167718
ZBTB21,basal_to_ciliated,viper,0.5802042281277147,2.0,0.2859158153500443
ZBTB21,basal_to_club,viper,2.5965891192877097,2.0,0.1548332821961001
ZBTB21,basal_to_goblet,viper,-0.28563469833184457,2.0,0.4511284324711975
ZBTB22,basal_to_ciliated,viper,4.464754644438126,3.0,0.0076457746333298
ZBTB22,basal_to_club,viper,2.054266841525174,3.0,0.1331417643236112
ZBTB22,basal_to_goblet,viper,2.824288803138129,3.0,0.1324598037291829
ZBTB24,basal_to_ciliated,viper,-3.242923739631954,3.0,0.032663878610524
ZBTB24,basal_to_club,viper,-2.889520482119295,3.0,0.1008878392802392
ZBTB24,basal_to_goblet,viper,-4.284082304606334,3.0,0.0136268845948645
ZBTB25,basal_to_ciliated,viper,8.50780206644689,3.0,7.909093373676281e-10
ZBTB25,basal_to_club,viper,0.7322312200043568,3.0,0.7974255583293065
ZBTB25,basal_to_goblet,viper,-1.4195984326432618,3.0,0.5194257333831975
ZBTB26,basal_to_ciliated,viper,4.657845642404501,3.0,0.004941934919596
ZBTB26,basal_to_club,viper,1.7984417816267204,3.0,0.3278183587090293
ZBTB26,basal_to_goblet,viper,-1.6251067478588452,3.0,0.2842286459700315
ZBTB3,basal_to_ciliated,viper,6.564349032423763,3.0,9.209504330983214e-05
ZBTB3,basal_to_club,viper,0.09865824682446603,3.0,0.7994973069770385
ZBTB3,basal_to_goblet,viper,0.5601325283732329,3.0,0.8340491324019347
ZBTB32,basal_to_ciliated,viper,-3.7517693643576173,3.0,0.016642125402112
ZBTB32,basal_to_club,viper,-3.6580283806910034,3.0,0.068258452788799
ZBTB32,basal_to_goblet,viper,-3.8604971714251737,3.0,0.0220422375176016
ZBTB33,basal_to_ciliated,viper,15.524093570053248,5.0,2.5299451499016346e-23
ZBTB33,basal_to_club,viper,1.5930431096518234,5.0,0.5047057583217446
ZBTB33,basal_to_goblet,viper,0.5816137959315998,5.0,0.7543756579683054
ZBTB34,basal_to_ciliated,viper,2.7044883404064772,3.0,0.1200412949774544
ZBTB34,basal_to_club,viper,2.453373268581267,3.0,0.243462135064781
ZBTB34,basal_to_goblet,viper,3.1744858389189026,3.0,0.102620107664998
ZBTB37,basal_to_ciliated,viper,5.189339864793602,3.0,0.0005300146662514
ZBTB37,basal_to_club,viper,3.128429385498707,3.0,0.1017481847295967
ZBTB37,basal_to_goblet,viper,1.5439874933638886,3.0,0.4862876816318447
ZBTB38,basal_to_ciliated,viper,-3.5079176605096825,3.0,0.0374972467998722
ZBTB38,basal_to_club,viper,2.009754145821045,3.0,0.2543955510205108
ZBTB38,basal_to_goblet,viper,1.354793129526714,3.0,0.2087744265959421
ZBTB39,basal_to_ciliated,viper,-0.20132532914975323,3.0,0.3584232292383951
ZBTB39,basal_to_club,viper,-3.1244296576550434,3.0,0.0998715488810425
ZBTB39,basal_to_goblet,viper,-4.572153671477352,3.0,0.0032032612333868
ZBTB4,basal_to_ciliated,viper,5.347808116964375,3.0,0.0014630941910251
ZBTB4,basal_to_club,viper,2.652865914676479,3.0,0.1389263173324593
ZBTB4,basal_to_goblet,viper,1.999025371579241,3.0,0.3730900838570239
ZBTB40,basal_to_ciliated,viper,4.544653130180164,3.0,0.0060308296860377
ZBTB40,basal_to_club,viper,3.4119824790175555,3.0,0.0474534353640657
ZBTB40,basal_to_goblet,viper,1.6894638980746708,3.0,0.4086882236566478
ZBTB41,basal_to_ciliated,viper,5.894876895373171,3.0,0.000220805569971
ZBTB41,basal_to_club,viper,3.961662298297661,3.0,0.0214334228615753
ZBTB41,basal_to_goblet,viper,4.217378471915765,3.0,0.0101932970619109
ZBTB42,basal_to_ciliated,viper,2.728328289816794,2.0,0.0465345920803157
ZBTB42,basal_to_club,viper,4.082460406924707,2.0,0.0114438382846191
ZBTB42,basal_to_goblet,viper,4.866271606884822,2.0,0.0023355683598293
ZBTB43,basal_to_ciliated,viper,-2.274998944034929,3.0,0.1223023501997924
ZBTB43,basal_to_club,viper,-0.7268278153969032,3.0,0.7017746298940186
ZBTB43,basal_to_goblet,viper,0.4414562099805676,3.0,0.5293304735491217
ZBTB44,basal_to_ciliated,viper,3.1471220040826773,3.0,0.0542499625857436
ZBTB44,basal_to_club,viper,0.5810186382584619,3.0,0.6615410816960644
ZBTB44,basal_to_goblet,viper,-1.8781778505145958,3.0,0.3790312027278886
ZBTB45,basal_to_ciliated,viper,2.2141619127165364,3.0,0.2077557642934055
ZBTB45,basal_to_club,viper,-0.6990269584753805,3.0,0.6980624948478242
ZBTB45,basal_to_goblet,viper,-1.074588095892461,3.0,0.5636102294465005
ZBTB46,basal_to_ciliated,viper,8.591574027239808,3.0,7.388101661892538e-07
ZBTB46,basal_to_club,viper,3.6127620765469186,3.0,0.0445579635566951
ZBTB46,basal_to_goblet,viper,4.169361748535901,3.0,0.0181260232954345
ZBTB47,basal_to_ciliated,viper,-9.34328141420197,3.0,2.587942683638309e-09
ZBTB47,basal_to_club,viper,-4.922817570714488,3.0,0.0006187980080048
ZBTB47,basal_to_goblet,viper,-4.882695728481141,3.0,0.0008896190716301
ZBTB48,basal_to_ciliated,viper,4.83185859010662,3.0,0.0046950605422503
ZBTB48,basal_to_club,viper,-0.5393884149695745,3.0,0.7247229456190222
ZBTB48,basal_to_goblet,viper,0.7377547012420443,3.0,0.7337351067910526
ZBTB49,basal_to_ciliated,viper,-1.5749913882448183,2.0,0.2494481469066724
ZBTB49,basal_to_club,viper,-2.137419318553804,2.0,0.2171000263049553
ZBTB49,basal_to_goblet,viper,-2.2180897860355415,2.0,0.2227807716189164
ZBTB5,basal_to_ciliated,viper,-2.877877414329198,3.0,0.0389958932045494
ZBTB5,basal_to_club,viper,-3.7611240997777835,3.0,0.018057427738732
ZBTB5,basal_to_goblet,viper,-2.689227171561396,3.0,0.1431383604683462
ZBTB6,basal_to_ciliated,viper,2.8853508897699895,3.0,0.0922108067498171
ZBTB6,basal_to_club,viper,1.7088374014884378,3.0,0.2852271325544933
ZBTB6,basal_to_goblet,viper,1.1769975816420688,3.0,0.3120488911220084
ZBTB7A,basal_to_ciliated,viper,5.676201385328439,5.0,0.0005349680468861
ZBTB7A,basal_to_club,viper,1.5842146410098243,5.0,0.2199637647916961
ZBTB7A,basal_to_goblet,viper,3.0161213116475194,5.0,0.1104664975717635
ZBTB7B,basal_to_ciliated,viper,-9.767415107287887,3.0,2.8558785765070343e-11
ZBTB7B,basal_to_club,viper,-5.25925539308238,3.0,0.0024565722107169
ZBTB7B,basal_to_goblet,viper,-4.306986582564991,3.0,0.0246968393105331
ZBTB7C,basal_to_ciliated,viper,-1.9888328189902758,3.0,0.0037432850685637
ZBTB7C,basal_to_club,viper,-5.017221586832373,3.0,0.0016000640050367
ZBTB7C,basal_to_goblet,viper,-0.678917441667208,3.0,0.145870999552665
ZBTB8A,basal_to_ciliated,viper,-9.739123218320058,2.0,3.010448646605139e-11
ZBTB8A,basal_to_club,viper,-3.0803128679837815,2.0,0.0430334960274233
ZBTB8A,basal_to_goblet,viper,-3.872487081325498,2.0,0.0074883111489579
ZBTB8B,basal_to_ciliated,viper,-3.2194541633787623,2.0,0.0155815467547141
ZBTB8B,basal_to_club,viper,-2.712874886509642,2.0,0.0785368714754808
ZBTB8B,basal_to_goblet,viper,-2.5036695183677145,2.0,0.1347718133649548
ZBTB9,basal_to_ciliated,viper,-0.18769909092066392,3.0,0.0660955013977283
ZBTB9,basal_to_club,viper,-5.440059663684433,3.0,0.0003637969147564
ZBTB9,basal_to_goblet,viper,-5.354410421037268,3.0,0.000531012932334
ZC3H8,basal_to_ciliated,viper,3.955773607191975,4.0,0.0009897305730616
ZC3H8,basal_to_club,viper,-6.239372657230751,4.0,0.0002114081839983
ZC3H8,basal_to_goblet,viper,-5.637387103583231,4.0,0.0003071833294783
ZEB1,basal_to_ciliated,viper,-5.276953664510183,5.0,0.0031855508099046
ZEB1,basal_to_club,viper,-6.528314700031984,5.0,0.0005162676207366
ZEB1,basal_to_goblet,viper,-5.225990404507475,5.0,0.0102330917856373
ZEB2,basal_to_ciliated,viper,2.98965795886659,4.0,0.1220920201360937
ZEB2,basal_to_club,viper,1.3544270046944313,4.0,0.5814007969764082
ZEB2,basal_to_goblet,viper,-1.4687577493897308,4.0,0.3484870066861446
ZFAT,basal_to_ciliated,viper,5.523859016230522,3.0,0.0005854488694651
ZFAT,basal_to_club,viper,3.4609160379201582,3.0,0.0551523874275149
ZFAT,basal_to_goblet,viper,3.3652573591133645,3.0,0.0271380104457505
ZFHX2,basal_to_ciliated,viper,15.729961294323504,3.0,7.620211990688089e-32
ZFHX2,basal_to_club,viper,2.8386442824942737,3.0,0.0979701404556529
ZFHX2,basal_to_goblet,viper,2.4999066071141387,3.0,0.1906328569710932
ZFHX3,basal_to_ciliated,viper,4.182540184253303,3.0,0.0140126467722501
ZFHX3,basal_to_club,viper,3.5415822599037683,3.0,0.0353181108033505
ZFHX3,basal_to_goblet,viper,2.0100093866698803,3.0,0.3470241548580434
ZFHX4,basal_to_ciliated,viper,-4.926897721621748,3.0,0.0023580497679352
ZFHX4,basal_to_club,viper,-5.555667908410669,3.0,0.0008514224283376
ZFHX4,basal_to_goblet,viper,-4.9678812725280705,3.0,0.0027117391323417
ZFP1,basal_to_ciliated,viper,-3.159851499283859,3.0,0.0297156932592998
ZFP1,basal_to_club,viper,-4.944680021555341,3.0,0.0008122614537983
ZFP1,basal_to_goblet,viper,-6.044113571389583,3.0,7.062919397373892e-05
ZFP14,basal_to_ciliated,viper,6.654015175576527,3.0,5.5333354367768304e-05
ZFP14,basal_to_club,viper,1.512978065157072,3.0,0.4293395534606063
ZFP14,basal_to_goblet,viper,0.5745181525750603,3.0,0.6264713943971091
ZFP2,basal_to_ciliated,viper,4.6371477438917665,3.0,0.0059887683298048
ZFP2,basal_to_club,viper,-0.9357105660487822,3.0,0.7271217730642248
ZFP2,basal_to_goblet,viper,-1.672286392056557,3.0,0.4296612570708992
ZFP28,basal_to_ciliated,viper,-2.551411897006178,3.0,0.007926393964768
ZFP28,basal_to_club,viper,-6.129914464362036,3.0,1.6436852910621002e-05
ZFP28,basal_to_goblet,viper,-6.326174229098268,3.0,1.631894391138813e-05
ZFP3,basal_to_ciliated,viper,9.789209084321895,3.0,1.853509307001761e-12
ZFP3,basal_to_club,viper,0.8849885503453742,3.0,0.6962969528675289
ZFP3,basal_to_goblet,viper,1.8172593089842584,3.0,0.4222776273163596
ZFP30,basal_to_ciliated,viper,5.968939193030624,3.0,0.0001923275303482
ZFP30,basal_to_club,viper,0.3027005482402136,3.0,0.8110187408239544
ZFP30,basal_to_goblet,viper,-1.141333608517522,3.0,0.5848998209776409
ZFP37,basal_to_ciliated,viper,-8.105765062526041,3.0,2.315823791138968e-08
ZFP37,basal_to_club,viper,-7.822988169984149,3.0,7.719310195504151e-08
ZFP37,basal_to_goblet,viper,-8.538750481915294,3.0,3.8216320096560734e-09
ZFP41,basal_to_ciliated,viper,5.725097463010986,3.0,6.060524981104318e-05
ZFP41,basal_to_club,viper,0.6034233877597622,3.0,0.6243512605882907
ZFP41,basal_to_goblet,viper,-0.334301342209004,3.0,0.7101067383958453
ZFP42,basal_to_ciliated,viper,-11.048032521521261,4.0,2.321218287192869e-12
ZFP42,basal_to_club,viper,-11.31427195699603,3.0,1.414382836503998e-13
ZFP42,basal_to_goblet,viper,-11.842820999181276,3.0,4.433085409786826e-16
ZFP57,basal_to_ciliated,viper,-4.35320899342483,3.0,0.0095734302648784
ZFP57,basal_to_club,viper,-8.817881800383558,3.0,4.546142782487052e-09
ZFP57,basal_to_goblet,viper,-5.486815120643102,3.0,0.0023306518943078
ZFP62,basal_to_ciliated,viper,2.592291388535662,3.0,0.163180910896417
ZFP62,basal_to_club,viper,-1.554477722366656,3.0,0.5061965994831003
ZFP62,basal_to_goblet,viper,-2.34158155208132,3.0,0.2157435971889035
ZFP64,basal_to_ciliated,viper,-7.2352464993161165,3.0,2.4016674080036726e-10
ZFP64,basal_to_club,viper,-11.800538753811056,3.0,2.493614974172484e-15
ZFP64,basal_to_goblet,viper,-10.848249103612561,3.0,2.85531774227981e-13
ZFP69,basal_to_ciliated,viper,2.0146724068716013,2.0,0.1472618010872471
ZFP69,basal_to_club,viper,-2.385089972569532,2.0,0.1639240594704082
ZFP69,basal_to_goblet,viper,-3.0126910778149836,2.0,0.0537042410006322
ZFP69B,basal_to_ciliated,viper,-3.5299697168543456,2.0,0.0076988468805193
ZFP69B,basal_to_club,viper,-6.207125627849506,2.0,6.676080644860677e-06
ZFP69B,basal_to_goblet,viper,-5.714949904349506,2.0,4.348160759558885e-05
ZFP82,basal_to_ciliated,viper,3.839616142849061,3.0,0.0261994449524626
ZFP82,basal_to_club,viper,-1.3899742669132515,3.0,0.5752108144051852
ZFP82,basal_to_goblet,viper,-2.435522496502494,3.0,0.2037022067718144
ZFP90,basal_to_ciliated,viper,9.465938411559883,3.0,8.140710383743953e-10
ZFP90,basal_to_club,viper,0.9117503601787293,3.0,0.6392298372685999
ZFP90,basal_to_goblet,viper,0.042800494849943534,3.0,0.8218554129337018
ZFP91,basal_to_ciliated,viper,4.444363527150008,3.0,0.0099583135190968
ZFP91,basal_to_club,viper,1.5459269174679555,3.0,0.4310221666012657
ZFP91,basal_to_goblet,viper,1.4618935412806404,3.0,0.4524444249416396
ZFP92,basal_to_ciliated,viper,-6.074917075391818,3.0,6.211881343774688e-05
ZFP92,basal_to_club,viper,-9.19148526965588,3.0,2.011581783205585e-09
ZFP92,basal_to_goblet,viper,-8.55629554173322,3.0,7.024988319331016e-08
ZFPM1,basal_to_ciliated,viper,2.8223565540550486,3.0,0.1245754704579322
ZFPM1,basal_to_club,viper,2.237885517843764,3.0,0.3162290681222516
ZFPM1,basal_to_goblet,viper,2.4585487073670826,3.0,0.2251397574112783
ZFPM2,basal_to_ciliated,viper,-7.7040305954243875,3.0,6.62052744004721e-08
ZFPM2,basal_to_club,viper,-6.172570020178686,3.0,1.2977922547662937e-05
ZFPM2,basal_to_goblet,viper,-7.038510089977324,3.0,1.167557428657163e-06
ZFX,basal_to_ciliated,viper,2.767387007111742,5.0,0.1713084763722577
ZFX,basal_to_club,viper,0.9281608687858718,5.0,0.4859454302731029
ZFX,basal_to_goblet,viper,-2.0020136671290927,5.0,0.4140384230583822
ZFY,basal_to_ciliated,viper,0.9994576907396009,3.0,0.51688897436248
ZFY,basal_to_club,viper,0.8127491102900206,3.0,0.7527496321440494
ZFY,basal_to_goblet,viper,0.6360156014717442,3.0,0.8354962816905989
ZGLP1,basal_to_ciliated,viper,4.203379899120665,2.0,0.0017078303203306
ZGLP1,basal_to_club,viper,-1.069410366092604,2.0,0.5357880463915874
ZGLP1,basal_to_goblet,viper,-1.0789645845667992,2.0,0.607478076153483
ZGPAT,basal_to_ciliated,viper,2.2576705247653917,3.0,0.1692020666962388
ZGPAT,basal_to_club,viper,1.4051750543410024,3.0,0.5797606881743468
ZGPAT,basal_to_goblet,viper,0.5937124935268193,3.0,0.5857258728025352
ZHX1,basal_to_ciliated,viper,-1.205040043314406,4.0,0.3548496031799301
ZHX1,basal_to_club,viper,-1.9592667840873852,4.0,0.1000907469053023
ZHX1,basal_to_goblet,viper,1.5697938217528113,4.0,0.3713249438963407
ZHX2,basal_to_ciliated,viper,-10.992025550112313,4.0,2.446338790930633e-12
ZHX2,basal_to_club,viper,-5.022469759396399,4.0,0.0046135385945467
ZHX2,basal_to_goblet,viper,-6.440032275736154,4.0,0.0005275340287786
ZHX3,basal_to_ciliated,viper,-0.35282312726082166,3.0,0.587160741101103
ZHX3,basal_to_club,viper,1.4165325835491316,3.0,0.58783008200656
ZHX3,basal_to_goblet,viper,-1.0382950239964965,3.0,0.6139508432073878
ZIC1,basal_to_ciliated,viper,-7.1568624737713655,3.0,3.3597365806508074e-05
ZIC1,basal_to_club,viper,-5.272734538705867,3.0,0.0023193515370922
ZIC1,basal_to_goblet,viper,-5.590127797650968,3.0,0.0007319461009198
ZIC2,basal_to_ciliated,viper,-7.579666387581851,3.0,9.17251035276802e-06
ZIC2,basal_to_club,viper,-7.317902702151123,3.0,2.279598838391663e-05
ZIC2,basal_to_goblet,viper,-7.162034002335884,3.0,1.6600993091849444e-05
ZIC5,basal_to_ciliated,viper,-10.005234700974388,3.0,3.3516515622436216e-10
ZIC5,basal_to_club,viper,-8.882202384891645,3.0,4.62430111027581e-08
ZIC5,basal_to_goblet,viper,-9.252072283667513,3.0,9.399655909105878e-09
ZIK1,basal_to_ciliated,viper,-3.8843388282290676,3.0,0.0232259105150705
ZIK1,basal_to_club,viper,-6.263661073117254,3.0,2.744692352774639e-05
ZIK1,basal_to_goblet,viper,-5.682326086813241,3.0,0.0008356108470267
ZIM2,basal_to_ciliated,viper,-6.819803704399678,3.0,1.3453697916799764e-05
ZIM2,basal_to_club,viper,-5.289519895781871,1.0,2.249480421593137e-06
ZIM2,basal_to_goblet,viper,-6.215961632872749,3.0,2.7908755059400225e-05
ZIM3,basal_to_ciliated,viper,-5.5949568199343975,3.0,0.0003780543443162
ZIM3,basal_to_club,viper,-4.690422609985084,3.0,0.0018511930241077
ZIM3,basal_to_goblet,viper,-3.3984393422331425,3.0,0.0260941002737791
ZKSCAN1,basal_to_ciliated,viper,17.56980061998806,5.0,7.132068428004058e-32
ZKSCAN1,basal_to_club,viper,4.985800090734102,5.0,0.0143162743755324
ZKSCAN1,basal_to_goblet,viper,6.8414897579336165,5.0,3.332646218666692e-05
ZKSCAN2,basal_to_ciliated,viper,5.245838024519606,3.0,0.0032132952795175
ZKSCAN2,basal_to_club,viper,-1.0545125261584276,3.0,0.519184374869837
ZKSCAN2,basal_to_goblet,viper,-1.8330412569321672,3.0,0.4296612570708992
ZKSCAN3,basal_to_ciliated,viper,8.074787282559184,3.0,9.45317725160563e-09
ZKSCAN3,basal_to_club,viper,0.4546133281133624,3.0,0.8612051030708808
ZKSCAN3,basal_to_goblet,viper,-1.1469699090086605,3.0,0.6425643820550334
ZKSCAN4,basal_to_ciliated,viper,-0.10536197178907791,3.0,0.3281478994230823
ZKSCAN4,basal_to_club,viper,-4.0649013843198,3.0,0.0149959579281025
ZKSCAN4,basal_to_goblet,viper,-4.18530504100801,3.0,0.0220664878550297
ZKSCAN5,basal_to_ciliated,viper,5.198571557338075,3.0,0.0018837615583358
ZKSCAN5,basal_to_club,viper,-1.6609926419323349,3.0,0.492461870876415
ZKSCAN5,basal_to_goblet,viper,-2.127057033298894,3.0,0.3126588765149943
ZKSCAN7,basal_to_ciliated,viper,3.809231119891943,2.0,0.006847852831367
ZKSCAN7,basal_to_club,viper,0.704984418580475,2.0,0.799548690183844
ZKSCAN7,basal_to_goblet,viper,0.40993395917353076,2.0,0.8808657433248261
ZKSCAN8,basal_to_ciliated,viper,3.3760689681362805,2.0,0.0142409410463298
ZKSCAN8,basal_to_club,viper,2.5755988154897684,2.0,0.0998715488810425
ZKSCAN8,basal_to_goblet,viper,0.2542423805242613,2.0,0.6250739071222569
ZMAT1,basal_to_ciliated,viper,7.993716080575912,3.0,1.695217828911279e-06
ZMAT1,basal_to_club,viper,2.2400925549510924,3.0,0.1648586049985163
ZMAT1,basal_to_goblet,viper,1.2332083435643204,3.0,0.4318883241362161
ZMAT4,basal_to_ciliated,viper,-9.012626356395575,3.0,4.79486069968262e-08
ZMAT4,basal_to_club,viper,-5.4391466332319895,3.0,0.0003020427051172
ZMAT4,basal_to_goblet,viper,-4.372161996748093,3.0,0.0084172831282392
ZNF10,basal_to_ciliated,viper,7.13432441320687,3.0,2.5599914619032157e-06
ZNF10,basal_to_club,viper,1.772935915480227,3.0,0.4591447278112076
ZNF10,basal_to_goblet,viper,0.5669391694817977,3.0,0.8566023448172099
ZNF100,basal_to_ciliated,viper,3.854914705262573,3.0,0.0113899864345104
ZNF100,basal_to_club,viper,-3.1339809979722095,3.0,0.1506616195874655
ZNF100,basal_to_goblet,viper,-5.594464055290647,3.0,0.0025438349316024
ZNF101,basal_to_ciliated,viper,5.70355746785796,3.0,0.0001265448421994
ZNF101,basal_to_club,viper,0.9332399815495777,3.0,0.6450352469073147
ZNF101,basal_to_goblet,viper,1.5484114957587654,3.0,0.4521269616649824
ZNF107,basal_to_ciliated,viper,-0.13545854733527282,3.0,0.7510631149334306
ZNF107,basal_to_club,viper,-2.0559584397501482,3.0,0.3706716658842815
ZNF107,basal_to_goblet,viper,-3.5323182839256013,3.0,0.0718056456009735
ZNF112,basal_to_ciliated,viper,2.1781435664006894,2.0,0.1399627299818571
ZNF112,basal_to_club,viper,-1.5335534729538056,2.0,0.4098375557252981
ZNF112,basal_to_goblet,viper,-2.1204398888717857,2.0,0.2210265025075943
ZNF114,basal_to_ciliated,viper,-3.4433367146192104,3.0,0.0182240976211155
ZNF114,basal_to_club,viper,-6.163595455375222,3.0,4.525474330173226e-05
ZNF114,basal_to_goblet,viper,-5.125838237392889,3.0,0.0015933197374039
ZNF117,basal_to_ciliated,viper,6.507339433502035,3.0,0.0001265448421994
ZNF117,basal_to_club,viper,4.5538221731078306,3.0,0.0085532068161581
ZNF117,basal_to_goblet,viper,3.4010276143993385,3.0,0.0601212995503077
ZNF12,basal_to_ciliated,viper,2.270080563505228,3.0,0.2189342225556068
ZNF12,basal_to_club,viper,1.903073769039826,3.0,0.4249786045714229
ZNF12,basal_to_goblet,viper,-0.7315571903404513,3.0,0.5653831807179076
ZNF121,basal_to_ciliated,viper,-5.49008321035918,3.0,0.0002541815302158
ZNF121,basal_to_club,viper,-4.646480726914311,3.0,0.0069936651358554
ZNF121,basal_to_goblet,viper,-4.893721670901854,3.0,0.0048006749885663
ZNF124,basal_to_ciliated,viper,-8.470839490323415,3.0,3.87899845299094e-07
ZNF124,basal_to_club,viper,-6.494163765774119,3.0,4.402022586246794e-05
ZNF124,basal_to_goblet,viper,-7.327672145290486,3.0,1.296086071331184e-05
ZNF131,basal_to_ciliated,viper,-5.267608599888447,3.0,0.0006035616336745
ZNF131,basal_to_club,viper,-4.754010211622329,3.0,0.0016361029043683
ZNF131,basal_to_goblet,viper,-5.75878288388232,3.0,0.0002837138603038
ZNF132,basal_to_ciliated,viper,8.370849901324924,3.0,7.747405047754017e-09
ZNF132,basal_to_club,viper,0.577742062658646,3.0,0.6962969528675289
ZNF132,basal_to_goblet,viper,-0.03150970688483569,3.0,0.5672671531490154
ZNF133,basal_to_ciliated,viper,-0.2907358988693099,3.0,0.6805109033998388
ZNF133,basal_to_club,viper,-1.969746665060442,3.0,0.2454162799931031
ZNF133,basal_to_goblet,viper,-2.2527610969887064,3.0,0.2631125485026947
ZNF134,basal_to_ciliated,viper,0.2180291029492023,3.0,0.6248032693930977
ZNF134,basal_to_club,viper,-1.5843327447818558,3.0,0.4473677397365351
ZNF134,basal_to_goblet,viper,-2.92365726006399,3.0,0.1110136691320084
ZNF135,basal_to_ciliated,viper,9.832872136811979,3.0,1.4397996893300768e-10
ZNF135,basal_to_club,viper,1.506868624888093,3.0,0.4585280478300255
ZNF135,basal_to_goblet,viper,0.6582840478786497,3.0,0.5448071459655074
ZNF136,basal_to_ciliated,viper,1.4430142656204081,3.0,0.3714104086559064
ZNF136,basal_to_club,viper,0.41904787166531576,3.0,0.8749608614345679
ZNF136,basal_to_goblet,viper,-1.9558578907166504,3.0,0.2811977711391779
ZNF138,basal_to_ciliated,viper,-3.4036138483728267,3.0,0.0256586968966599
ZNF138,basal_to_club,viper,-3.2267988138982897,3.0,0.0573053233008786
ZNF138,basal_to_goblet,viper,-3.5885784030080954,3.0,0.0545608134390383
ZNF14,basal_to_ciliated,viper,-0.5472858398412712,3.0,0.7416534260561898
ZNF14,basal_to_club,viper,-2.0401656771014767,3.0,0.3314553180609314
ZNF14,basal_to_goblet,viper,-2.5477442228580722,3.0,0.1858850381022988
ZNF140,basal_to_ciliated,viper,1.7712927014432966,3.0,0.2173914999557529
ZNF140,basal_to_club,viper,-1.0079499467035469,3.0,0.7101840037456472
ZNF140,basal_to_goblet,viper,-2.7962364921365332,3.0,0.2037022067718144
ZNF141,basal_to_ciliated,viper,2.330022299039681,3.0,0.1836532453122375
ZNF141,basal_to_club,viper,1.218230376950721,3.0,0.5270497938279294
ZNF141,basal_to_goblet,viper,-1.9587913593256485,3.0,0.3053686992008567
ZNF142,basal_to_ciliated,viper,2.54577663855492,3.0,0.1644887785505055
ZNF142,basal_to_club,viper,2.2402701230829787,3.0,0.351641277796698
ZNF142,basal_to_goblet,viper,0.38375776851928745,3.0,0.8853217332797475
ZNF143,basal_to_ciliated,viper,16.55290407169685,5.0,2.916906043697658e-25
ZNF143,basal_to_club,viper,-3.4058631649666977,5.0,0.0549593090309088
ZNF143,basal_to_goblet,viper,-2.673370244990365,5.0,0.2449774670982382
ZNF146,basal_to_ciliated,viper,-9.33009225405246,3.0,8.411235072069457e-08
ZNF146,basal_to_club,viper,-7.880228851040439,3.0,8.552607248473963e-06
ZNF146,basal_to_goblet,viper,-9.349713922556095,3.0,5.980786728755966e-08
ZNF148,basal_to_ciliated,viper,1.2362255638953972,3.0,0.4614638697213992
ZNF148,basal_to_club,viper,2.0333871579067355,3.0,0.2934335955074733
ZNF148,basal_to_goblet,viper,0.8023221877410684,3.0,0.6250739071222569
ZNF154,basal_to_ciliated,viper,3.1803930880913014,3.0,0.0542771814087457
ZNF154,basal_to_club,viper,0.7022066854435788,3.0,0.7768129862116931
ZNF154,basal_to_goblet,viper,-1.2796951784442274,3.0,0.4801112402169134
ZNF155,basal_to_ciliated,viper,-3.50289122404268,3.0,0.0151528106549288
ZNF155,basal_to_club,viper,-3.4210424996840834,3.0,0.0377319136903672
ZNF155,basal_to_goblet,viper,-1.8713432217241857,3.0,0.4383441409039442
ZNF157,basal_to_ciliated,viper,7.070712752830424,3.0,1.097629999363836e-05
ZNF157,basal_to_club,viper,-0.11885412137368964,3.0,0.7044958441562403
ZNF157,basal_to_goblet,viper,-0.4934370840568123,3.0,0.7320733007054748
ZNF16,basal_to_ciliated,viper,-7.30676475499788,3.0,1.0434209472109836e-05
ZNF16,basal_to_club,viper,-5.138615874617783,3.0,0.0029062689675634
ZNF16,basal_to_goblet,viper,-5.9686208944701615,3.0,0.0006985380647294
ZNF160,basal_to_ciliated,viper,2.7192814681246995,3.0,0.0596736384906539
ZNF160,basal_to_club,viper,1.209032248895178,3.0,0.5004658652837333
ZNF160,basal_to_goblet,viper,-0.9909763452462049,3.0,0.6145408981059438
ZNF165,basal_to_ciliated,viper,15.221508604243326,4.0,1.790135904896483e-26
ZNF165,basal_to_club,viper,1.842084965704547,3.0,0.3789994461343387
ZNF165,basal_to_goblet,viper,3.206043133714427,4.0,0.1078540241260269
ZNF169,basal_to_ciliated,viper,6.375010700713543,3.0,2.4229722816780908e-05
ZNF169,basal_to_club,viper,1.2963885099789059,3.0,0.5944396573474512
ZNF169,basal_to_goblet,viper,0.8888822844237259,3.0,0.6801212680220305
ZNF17,basal_to_ciliated,viper,-2.175273384838628,3.0,0.1825766128498855
ZNF17,basal_to_club,viper,-2.4902415039705574,3.0,0.2496062985460339
ZNF17,basal_to_goblet,viper,-3.7925011926223946,3.0,0.0377573153016353
ZNF174,basal_to_ciliated,viper,0.6203375404402487,3.0,0.3954035768133547
ZNF174,basal_to_club,viper,-4.330009581837778,3.0,0.0064370202150415
ZNF174,basal_to_goblet,viper,-3.946370220379917,3.0,0.0117914104616037
ZNF175,basal_to_ciliated,viper,8.057945667942336,4.0,1.0198310479606675e-07
ZNF175,basal_to_club,viper,0.8107446884582152,4.0,0.7908647552894236
ZNF175,basal_to_goblet,viper,-0.1566029000337168,4.0,0.7553650931412805
ZNF177,basal_to_ciliated,viper,-4.632983575367282,3.0,0.001224749242695
ZNF177,basal_to_club,viper,-5.936695406048743,3.0,5.916311532474924e-05
ZNF177,basal_to_goblet,viper,-6.1651771842392575,3.0,0.0001658722018572
ZNF18,basal_to_ciliated,viper,-0.4153571238489182,3.0,0.4499693217820943
ZNF18,basal_to_club,viper,-3.8891347317465343,3.0,0.0106029761354219
ZNF18,basal_to_goblet,viper,-3.6393406605599847,3.0,0.0213923082318994
ZNF180,basal_to_ciliated,viper,2.549725316417808,3.0,0.1240420985762611
ZNF180,basal_to_club,viper,-1.482023600347442,3.0,0.5289962725444508
ZNF180,basal_to_goblet,viper,-2.938199633334994,3.0,0.1540411139464311
ZNF181,basal_to_ciliated,viper,0.6204016477642317,3.0,0.5709136370086829
ZNF181,basal_to_club,viper,-1.50917335946409,3.0,0.5405915507577753
ZNF181,basal_to_goblet,viper,-2.9734545282747082,3.0,0.1592717136503447
ZNF182,basal_to_ciliated,viper,4.55650912686088,3.0,0.0133281041470507
ZNF182,basal_to_club,viper,1.8449529935829345,3.0,0.4275848510474412
ZNF182,basal_to_goblet,viper,0.6753533270631288,3.0,0.8332456157870342
ZNF184,basal_to_ciliated,viper,3.024889272278031,3.0,0.0609960707392249
ZNF184,basal_to_club,viper,-3.5825097889087463,3.0,0.0504328222683169
ZNF184,basal_to_goblet,viper,-4.0419508486971,3.0,0.0312416521218904
ZNF189,basal_to_ciliated,viper,1.3423610733721183,3.0,0.1821511719884146
ZNF189,basal_to_club,viper,6.306022063213826,3.0,0.0012703326632112
ZNF189,basal_to_goblet,viper,6.724307884001997,3.0,0.000151463532953
ZNF19,basal_to_ciliated,viper,16.615094069502206,3.0,7.689700726167731e-33
ZNF19,basal_to_club,viper,1.1512920872683998,3.0,0.4069263343628388
ZNF19,basal_to_goblet,viper,1.5609789727104137,3.0,0.4964630064757072
ZNF195,basal_to_ciliated,viper,-5.865258127751462,3.0,0.0013023046445875
ZNF195,basal_to_club,viper,-4.530432911039352,3.0,0.0041579994221254
ZNF195,basal_to_goblet,viper,-5.926793775720956,3.0,0.0002570348380602
ZNF197,basal_to_ciliated,viper,2.970316786662046,4.0,0.1326910516627818
ZNF197,basal_to_club,viper,1.4632731395513512,4.0,0.2329854537726257
ZNF197,basal_to_goblet,viper,-0.30210744633770825,4.0,0.6239540786504482
ZNF2,basal_to_ciliated,viper,1.744675195135137,2.0,0.2098011543299591
ZNF2,basal_to_club,viper,-3.015712007141333,2.0,0.0732934496837806
ZNF2,basal_to_goblet,viper,-2.8798519781279373,2.0,0.0808274196262889
ZNF20,basal_to_ciliated,viper,13.443729031207232,3.0,3.3554365184719398e-18
ZNF20,basal_to_club,viper,2.728480932939915,3.0,0.1155612081466414
ZNF20,basal_to_goblet,viper,3.0761163399234817,3.0,0.0730206417321926
ZNF200,basal_to_ciliated,viper,7.845825839187924,3.0,1.0399308810054486e-06
ZNF200,basal_to_club,viper,-0.8286254046978332,3.0,0.8100173175874624
ZNF200,basal_to_goblet,viper,-0.48804271397086607,3.0,0.8430556645088563
ZNF202,basal_to_ciliated,viper,-2.261218451231984,3.0,0.1994250702229663
ZNF202,basal_to_club,viper,-4.660377955683717,3.0,0.0095398974965859
ZNF202,basal_to_goblet,viper,-5.764065905695308,3.0,0.0008133476253946
ZNF205,basal_to_ciliated,viper,2.9667074469430794,3.0,0.0486993296560683
ZNF205,basal_to_club,viper,-1.6451345575267708,3.0,0.2318051416327134
ZNF205,basal_to_goblet,viper,-2.194624470245871,3.0,0.1135824601541579
ZNF207,basal_to_ciliated,viper,0.9674505559386071,4.0,0.0294509619988388
ZNF207,basal_to_club,viper,-4.831014217349717,4.0,0.0025846205181154
ZNF207,basal_to_goblet,viper,-5.874576223016499,4.0,0.0021571605925158
ZNF208,basal_to_ciliated,viper,-6.709413012842558,3.0,9.535500366448453e-06
ZNF208,basal_to_club,viper,-4.922731278306703,3.0,0.0057264411745643
ZNF208,basal_to_goblet,viper,-4.169594431445793,3.0,0.0204729317724066
ZNF211,basal_to_ciliated,viper,4.50993202714674,3.0,0.0062736497851253
ZNF211,basal_to_club,viper,0.882217933442826,3.0,0.674934265278328
ZNF211,basal_to_goblet,viper,-1.234785680765007,3.0,0.6442207479351606
ZNF212,basal_to_ciliated,viper,2.072555336641594,3.0,0.1590756008117549
ZNF212,basal_to_club,viper,-2.8373037037956896,3.0,0.13291890782932
ZNF212,basal_to_goblet,viper,-1.959009208365445,3.0,0.4238670366075532
ZNF213,basal_to_ciliated,viper,3.8658430076201937,3.0,0.0159092880623686
ZNF213,basal_to_club,viper,-0.13543995018794205,3.0,0.7767611663530976
ZNF213,basal_to_goblet,viper,-0.6053186700787196,3.0,0.682503797409897
ZNF214,basal_to_ciliated,viper,12.033326406980477,3.0,7.74581486442761e-15
ZNF214,basal_to_club,viper,0.9297740989979684,3.0,0.5466293948822946
ZNF214,basal_to_goblet,viper,1.182271342705969,3.0,0.509426571948323
ZNF215,basal_to_ciliated,viper,-8.130573005272556,3.0,9.940066525836478e-07
ZNF215,basal_to_club,viper,-8.800136057538381,3.0,4.087660506037625e-07
ZNF215,basal_to_goblet,viper,-8.761459265788908,3.0,1.1270946124404243e-07
ZNF217,basal_to_ciliated,viper,0.5518443434304409,6.0,0.2547774795417218
ZNF217,basal_to_club,viper,2.2071483080689056,6.0,0.1625199209495071
ZNF217,basal_to_goblet,viper,2.9291153367900744,6.0,0.0428854442681985
ZNF219,basal_to_ciliated,viper,-8.131780141478838,3.0,1.550360596421011e-06
ZNF219,basal_to_club,viper,-5.894062128121615,3.0,0.0001214514545761
ZNF219,basal_to_goblet,viper,-6.3186948370604865,3.0,5.9174200572766125e-05
ZNF22,basal_to_ciliated,viper,-5.449276912532948,3.0,0.0003515634097642
ZNF22,basal_to_club,viper,-5.911662059210038,3.0,0.0002774275740607
ZNF22,basal_to_goblet,viper,-8.253661823831795,3.0,1.9506699835816505e-07
ZNF221,basal_to_ciliated,viper,-1.9549181224269685,3.0,0.2013382969212995
ZNF221,basal_to_club,viper,-2.370944292269364,3.0,0.3711291103456061
ZNF221,basal_to_goblet,viper,-2.252453354570895,3.0,0.2325660899322303
ZNF222,basal_to_ciliated,viper,-4.145780976926832,3.0,0.0045454548027983
ZNF222,basal_to_club,viper,-3.751254919147653,3.0,0.0284918942029625
ZNF222,basal_to_goblet,viper,-1.7725414169120242,3.0,0.4569717094891242
ZNF223,basal_to_ciliated,viper,-2.0290464187475274,3.0,0.1803244049619763
ZNF223,basal_to_club,viper,-4.233512594910723,3.0,0.0084570738219549
ZNF223,basal_to_goblet,viper,-3.1691460340635778,3.0,0.0571176901753509
ZNF224,basal_to_ciliated,viper,3.528081045023353,3.0,0.0297775119312703
ZNF224,basal_to_club,viper,-0.48525267014263235,3.0,0.714983347198983
ZNF224,basal_to_goblet,viper,-1.9537155300976037,3.0,0.2913643320565272
ZNF225,basal_to_ciliated,viper,3.457099743643865,2.0,0.0133688764561725
ZNF225,basal_to_club,viper,-1.2691381158457498,2.0,0.532676144168893
ZNF225,basal_to_goblet,viper,-1.524096676820682,2.0,0.4207210776246707
ZNF226,basal_to_ciliated,viper,6.450229921278953,3.0,6.70586950672775e-05
ZNF226,basal_to_club,viper,0.8765648073675593,3.0,0.7610836721487982
ZNF226,basal_to_goblet,viper,1.0821541331025681,3.0,0.6346293009756707
ZNF227,basal_to_ciliated,viper,-0.9507462929041713,3.0,0.5359039023641908
ZNF227,basal_to_club,viper,-2.982972226724139,3.0,0.0936536664816888
ZNF227,basal_to_goblet,viper,-3.1862628724006457,3.0,0.0662551745737382
ZNF229,basal_to_ciliated,viper,6.120906868247748,2.0,3.696758151307e-05
ZNF229,basal_to_club,viper,0.1600790439089629,2.0,0.8166502555459948
ZNF229,basal_to_goblet,viper,0.3565737258756285,2.0,0.8578564353001816
ZNF23,basal_to_ciliated,viper,11.87440605592571,3.0,6.551232007353258e-19
ZNF23,basal_to_club,viper,1.4325315840774548,3.0,0.5202069464848065
ZNF23,basal_to_goblet,viper,2.3029398237747447,3.0,0.326036690929846
ZNF230,basal_to_ciliated,viper,5.609093569039952,3.0,0.0009791552413731
ZNF230,basal_to_club,viper,0.39543572521245746,3.0,0.6995717481257155
ZNF230,basal_to_goblet,viper,0.6788197098222327,3.0,0.7817314919229775
ZNF232,basal_to_ciliated,viper,4.193835642637924,3.0,0.0064614100741518
ZNF232,basal_to_club,viper,-2.7905061589796736,3.0,0.1383433367348533
ZNF232,basal_to_goblet,viper,-3.14015781905233,3.0,0.1357460135900431
ZNF233,basal_to_ciliated,viper,11.001045235996719,3.0,3.180243114679377e-15
ZNF233,basal_to_club,viper,-1.497840693499296,3.0,0.4323726193018503
ZNF233,basal_to_goblet,viper,0.22278743468799558,3.0,0.8515235087482667
ZNF234,basal_to_ciliated,viper,4.542823327924385,3.0,0.0026879365704151
ZNF234,basal_to_club,viper,0.517609182434383,3.0,0.4618691079362039
ZNF234,basal_to_goblet,viper,-1.267223617623398,3.0,0.4560220792472811
ZNF235,basal_to_ciliated,viper,3.075237567829714,3.0,0.0440257874911933
ZNF235,basal_to_club,viper,-0.7552168849398783,3.0,0.7992858736954289
ZNF235,basal_to_goblet,viper,-1.8278560718188128,3.0,0.3501179313705316
ZNF236,basal_to_ciliated,viper,5.560215497839605,3.0,0.0010199278962189
ZNF236,basal_to_club,viper,5.071894286567631,3.0,0.0072648222771635
ZNF236,basal_to_goblet,viper,1.3258787341151954,3.0,0.2375948335242106
ZNF239,basal_to_ciliated,viper,-11.20864568334218,3.0,1.655721624818397e-13
ZNF239,basal_to_club,viper,-6.172606563191574,3.0,0.000484164195804
ZNF239,basal_to_goblet,viper,-6.504684820130023,3.0,0.0003092097040395
ZNF24,basal_to_ciliated,viper,8.351207339331328,4.0,3.5673973613693852e-09
ZNF24,basal_to_club,viper,2.696969527889851,4.0,0.2520684057361571
ZNF24,basal_to_goblet,viper,2.831964380894451,4.0,0.1454861263819013
ZNF248,basal_to_ciliated,viper,4.231320459165568,3.0,0.0095383731316821
ZNF248,basal_to_club,viper,0.48352967825224435,3.0,0.8440763694347733
ZNF248,basal_to_goblet,viper,-1.1451872671778414,3.0,0.707640704685332
ZNF25,basal_to_ciliated,viper,6.103624196171368,3.0,0.0001825200636094
ZNF25,basal_to_club,viper,-0.29623820707398235,3.0,0.370573937334122
ZNF25,basal_to_goblet,viper,-2.7532244414611555,3.0,0.1104584781809297
ZNF250,basal_to_ciliated,viper,-0.7596930518705277,3.0,0.2236682143037542
ZNF250,basal_to_club,viper,-2.8607412463653255,3.0,0.0612800210682804
ZNF250,basal_to_goblet,viper,-4.188167267022411,3.0,0.0082883462499663
ZNF251,basal_to_ciliated,viper,5.751236675053469,3.0,0.0009546790216293
ZNF251,basal_to_club,viper,0.39170304028271424,3.0,0.8543105226588885
ZNF251,basal_to_goblet,viper,-1.173877397487063,3.0,0.5999782661213737
ZNF253,basal_to_ciliated,viper,1.5946856907899594,3.0,0.2762087873046305
ZNF253,basal_to_club,viper,-0.06512435920592008,3.0,0.8750809729833869
ZNF253,basal_to_goblet,viper,-1.316624065102983,3.0,0.6250739071222569
ZNF254,basal_to_ciliated,viper,2.981480108470236,3.0,0.1032169996833904
ZNF254,basal_to_club,viper,2.5070869032197556,3.0,0.1241707784598976
ZNF254,basal_to_goblet,viper,0.8878761536024159,3.0,0.667483078364918
ZNF256,basal_to_ciliated,viper,-8.644305477320389,3.0,5.973419676058103e-07
ZNF256,basal_to_club,viper,-8.019515259210047,3.0,1.911542977905436e-05
ZNF256,basal_to_goblet,viper,-8.177135498775819,3.0,2.6750120652012167e-06
ZNF257,basal_to_ciliated,viper,-4.73544575892266,3.0,0.0035930914007133
ZNF257,basal_to_club,viper,-7.136935024356374,3.0,3.288795574185119e-05
ZNF257,basal_to_goblet,viper,-7.66094563493427,3.0,1.1527320178619244e-05
ZNF26,basal_to_ciliated,viper,2.9298483923529104,3.0,0.0011280316608982
ZNF26,basal_to_club,viper,-3.3895326254008276,3.0,0.0590752026246003
ZNF26,basal_to_goblet,viper,-4.111519400943912,3.0,0.0118303593644712
ZNF260,basal_to_ciliated,viper,1.02630134197045,3.0,0.5111118697690102
ZNF260,basal_to_club,viper,0.7202218316075322,3.0,0.70357092594118
ZNF260,basal_to_goblet,viper,-1.1559300428584869,3.0,0.6490909647962851
ZNF263,basal_to_ciliated,viper,-7.168935897056108,6.0,0.000140661062933
ZNF263,basal_to_club,viper,-8.623659046318597,6.0,2.901999592438187e-05
ZNF263,basal_to_goblet,viper,-7.973751096079451,6.0,6.986042838714006e-05
ZNF264,basal_to_ciliated,viper,7.899313938652443,3.0,1.1574003383702313e-07
ZNF264,basal_to_club,viper,2.4056959439776597,3.0,0.1097169184506315
ZNF264,basal_to_goblet,viper,0.6634531876578752,3.0,0.3689829940802282
ZNF266,basal_to_ciliated,viper,3.6327288146625203,3.0,0.0183826520440353
ZNF266,basal_to_club,viper,0.7632472307754478,3.0,0.688388509147985
ZNF266,basal_to_goblet,viper,-0.6100454308393596,3.0,0.7591107711834163
ZNF267,basal_to_ciliated,viper,1.7671375190323901,3.0,0.2884822382671337
ZNF267,basal_to_club,viper,0.26225215883146763,3.0,0.7698635812209583
ZNF267,basal_to_goblet,viper,1.5164388330277943,3.0,0.5095018098849081
ZNF268,basal_to_ciliated,viper,5.421425127276639,3.0,0.0001373371737254
ZNF268,basal_to_club,viper,1.5711500163396883,3.0,0.4235936902258151
ZNF268,basal_to_goblet,viper,0.1082863047283179,3.0,0.7423812826265498
ZNF273,basal_to_ciliated,viper,12.658768290809965,3.0,2.2369614385717748e-20
ZNF273,basal_to_club,viper,-3.1359748395839007,3.0,0.0718591484461307
ZNF273,basal_to_goblet,viper,-3.3238236788936035,3.0,0.0086673188634066
ZNF274,basal_to_ciliated,viper,9.132287076178919,6.0,1.307905558364413e-07
ZNF274,basal_to_club,viper,2.0743157060511774,6.0,0.4652044019745309
ZNF274,basal_to_goblet,viper,1.2050298634683447,6.0,0.5083770821188643
ZNF275,basal_to_ciliated,viper,-5.603577392450201,3.0,0.0007054007688568
ZNF275,basal_to_club,viper,-2.354321385741395,3.0,0.086512088969322
ZNF275,basal_to_goblet,viper,-3.058013848121246,3.0,0.0559660048729917
ZNF276,basal_to_ciliated,viper,2.4006225728542034,3.0,0.0982529975852199
ZNF276,basal_to_club,viper,-0.7085821755454935,3.0,0.8264244107758196
ZNF276,basal_to_goblet,viper,0.3149248425970222,3.0,0.8989108433881391
ZNF277,basal_to_ciliated,viper,-8.459089870684872,3.0,8.688470952375348e-08
ZNF277,basal_to_club,viper,-4.238831470673312,3.0,0.0113430542269247
ZNF277,basal_to_goblet,viper,-6.332067627485056,3.0,8.510770891436171e-05
ZNF28,basal_to_ciliated,viper,3.5832145300086387,3.0,0.0351265973198779
ZNF28,basal_to_club,viper,1.6011456666647537,3.0,0.3525326345860149
ZNF28,basal_to_goblet,viper,1.7200516110961026,3.0,0.2528212574361196
ZNF280A,basal_to_ciliated,viper,-7.876441727325175,3.0,3.6602105631523342e-06
ZNF280A,basal_to_club,viper,-6.348221339801462,3.0,3.371666850061956e-05
ZNF280A,basal_to_goblet,viper,-5.903311384143018,3.0,0.0001856013309038
ZNF280B,basal_to_ciliated,viper,-3.615155931694631,2.0,0.0105600115452437
ZNF280B,basal_to_club,viper,-6.991494594706274,2.0,8.715887859044463e-08
ZNF280B,basal_to_goblet,viper,-6.231303889586715,2.0,3.7960301589026352e-06
ZNF280C,basal_to_ciliated,viper,-1.2236910181679945,3.0,0.4963597198145557
ZNF280C,basal_to_club,viper,-3.6692349819690775,3.0,0.0354918614202212
ZNF280C,basal_to_goblet,viper,-5.428863409274457,3.0,0.0008035500081494
ZNF280D,basal_to_ciliated,viper,5.756994933049634,3.0,4.66704114045354e-05
ZNF280D,basal_to_club,viper,1.9352183811389159,3.0,0.3053228492497003
ZNF280D,basal_to_goblet,viper,-1.0367337614621652,3.0,0.3435850384835333
ZNF281,basal_to_ciliated,viper,-3.8282403711145183,3.0,0.0177281496880434
ZNF281,basal_to_club,viper,-3.4868698458280574,3.0,0.0235907127192202
ZNF281,basal_to_goblet,viper,-4.873799642273728,3.0,0.0032549924653974
ZNF282,basal_to_ciliated,viper,2.88931287456538,3.0,0.0797521714115527
ZNF282,basal_to_club,viper,2.3967030303838763,3.0,0.2279316810277647
ZNF282,basal_to_goblet,viper,2.0754799886280177,3.0,0.2726317363783039
ZNF283,basal_to_ciliated,viper,0.33968487306886286,3.0,0.3506091713937031
ZNF283,basal_to_club,viper,-1.4162948772778903,3.0,0.5563595205459146
ZNF283,basal_to_goblet,viper,-2.133867384337076,3.0,0.2997411790331973
ZNF284,basal_to_ciliated,viper,-1.958886766756692,3.0,0.1970586726337643
ZNF284,basal_to_club,viper,-2.0752188231921225,3.0,0.3095970380854953
ZNF284,basal_to_goblet,viper,-1.9799243796806039,3.0,0.3064337955058724
ZNF285,basal_to_ciliated,viper,3.8010619101211005,2.0,0.0034855358217596
ZNF285,basal_to_club,viper,-1.6574897721950845,2.0,0.4713676631956529
ZNF285,basal_to_goblet,viper,-1.7584309175553532,2.0,0.3053686992008567
ZNF286A,basal_to_ciliated,viper,1.5766853524629143,3.0,0.3790873587413055
ZNF286A,basal_to_club,viper,-3.2929638236888557,3.0,0.0998715488810425
ZNF286A,basal_to_goblet,viper,-3.96495861642651,3.0,0.0577514425300448
ZNF286B,basal_to_ciliated,viper,-3.988625793247253,2.0,0.0091833970202305
ZNF286B,basal_to_club,viper,-3.4532188445478385,2.0,0.0333455112578307
ZNF286B,basal_to_goblet,viper,-3.073315926100887,2.0,0.0537489698724677
ZNF287,basal_to_ciliated,viper,6.220496615412964,3.0,6.495988843387725e-05
ZNF287,basal_to_club,viper,-3.418607336826515,3.0,0.0914638152541511
ZNF287,basal_to_goblet,viper,-2.4035812478879643,3.0,0.1742023776494844
ZNF292,basal_to_ciliated,viper,2.4974083899132586,3.0,0.1121701080098293
ZNF292,basal_to_club,viper,1.3650378727654717,3.0,0.4069263343628388
ZNF292,basal_to_goblet,viper,-1.26321870080066,3.0,0.4659504881095965
ZNF296,basal_to_ciliated,viper,-6.0232830622658025,3.0,0.0010013980770281
ZNF296,basal_to_club,viper,-7.287954856829099,3.0,8.989846523925757e-05
ZNF296,basal_to_goblet,viper,-5.777387820011621,3.0,0.0010121373270028
ZNF3,basal_to_ciliated,viper,8.464413731787664,3.0,4.4432445507732867e-08
ZNF3,basal_to_club,viper,2.222029780569752,3.0,0.3344834793147634
ZNF3,basal_to_goblet,viper,2.110246324393388,3.0,0.2583088733377566
ZNF30,basal_to_ciliated,viper,2.582116450502242,3.0,0.180336725522505
ZNF30,basal_to_club,viper,-2.0866608496276937,3.0,0.3274431886641361
ZNF30,basal_to_goblet,viper,-2.5542234916504016,3.0,0.2362292352396386
ZNF300,basal_to_ciliated,viper,-6.778752178350926,3.0,1.5673400054107206e-05
ZNF300,basal_to_club,viper,-5.835383089908833,3.0,0.0001934543170656
ZNF300,basal_to_goblet,viper,-6.602525361941942,3.0,0.0002899814809149
ZNF302,basal_to_ciliated,viper,3.931550502034649,3.0,0.0312344746855734
ZNF302,basal_to_club,viper,0.48882642135136545,3.0,0.8190516304071589
ZNF302,basal_to_goblet,viper,-0.4504851191176064,3.0,0.8752298978219019
ZNF304,basal_to_ciliated,viper,1.3916921382653995,3.0,0.4219508652034663
ZNF304,basal_to_club,viper,-1.200782548095074,3.0,0.5322510655719208
ZNF304,basal_to_goblet,viper,-1.8073272384045735,3.0,0.4320304459659857
ZNF311,basal_to_ciliated,viper,1.8207396586522413,3.0,0.3074640099210813
ZNF311,basal_to_club,viper,-6.371639263333466,3.0,7.806533108712498e-05
ZNF311,basal_to_goblet,viper,-6.789668138193704,3.0,0.0002292416269289
ZNF316,basal_to_ciliated,viper,5.106202514001445,3.0,0.0048645674960371
ZNF316,basal_to_club,viper,3.6363935286092186,3.0,0.0237762001101289
ZNF316,basal_to_goblet,viper,2.8980181243987837,3.0,0.0891920615236231
ZNF317,basal_to_ciliated,viper,0.7586994549212862,3.0,0.5622015088602907
ZNF317,basal_to_club,viper,-1.0063699075194616,3.0,0.6976387811558137
ZNF317,basal_to_goblet,viper,-1.990627548913526,3.0,0.4139606963928951
ZNF318,basal_to_ciliated,viper,6.601198169012111,4.0,7.739887961921435e-06
ZNF318,basal_to_club,viper,0.9373796760907596,4.0,0.1798616602811929
ZNF318,basal_to_goblet,viper,-1.8494293203831225,4.0,0.1053469814235626
ZNF319,basal_to_ciliated,viper,4.7137947999529555,3.0,0.0071763205438968
ZNF319,basal_to_club,viper,1.0999015109247288,3.0,0.6303192415613249
ZNF319,basal_to_goblet,viper,1.2350280014083463,3.0,0.6250739071222569
ZNF32,basal_to_ciliated,viper,-5.971087231748504,3.0,4.07133980444092e-05
ZNF32,basal_to_club,viper,-5.094499735479787,3.0,0.0018457406723747
ZNF32,basal_to_goblet,viper,-6.118907341254248,3.0,9.798994747738698e-05
ZNF320,basal_to_ciliated,viper,3.7813608698870382,3.0,0.0153417675586065
ZNF320,basal_to_club,viper,0.6663760217611651,3.0,0.6543765007847224
ZNF320,basal_to_goblet,viper,-0.884708626687904,3.0,0.7423067887033181
ZNF322,basal_to_ciliated,viper,-0.8088796217341324,2.0,0.637071768352552
ZNF322,basal_to_club,viper,-2.146466478277965,2.0,0.1883561567382109
ZNF322,basal_to_goblet,viper,-2.5865100570544266,2.0,0.1147967332768329
ZNF324,basal_to_ciliated,viper,4.7179913233519075,3.0,0.0043499622111651
ZNF324,basal_to_club,viper,1.0420578752985616,3.0,0.705218449578248
ZNF324,basal_to_goblet,viper,0.8767855511696495,3.0,0.7183580326258738
ZNF324B,basal_to_ciliated,viper,2.2714879553028062,2.0,0.080238865274795
ZNF324B,basal_to_club,viper,-2.4572984733610816,2.0,0.1031917798464868
ZNF324B,basal_to_goblet,viper,-3.0937726705200337,2.0,0.0582348695435905
ZNF326,basal_to_ciliated,viper,-0.6619728116523648,3.0,0.3612251756730655
ZNF326,basal_to_club,viper,-3.4577933649429227,3.0,0.0094674797190275
ZNF326,basal_to_goblet,viper,-4.300009056910271,3.0,0.0019072922214151
ZNF329,basal_to_ciliated,viper,8.365459895191481,3.0,3.3890288383477564e-06
ZNF329,basal_to_club,viper,1.3622473444921306,3.0,0.4094290185209258
ZNF329,basal_to_goblet,viper,0.7375215322373359,3.0,0.4671992924356613
ZNF331,basal_to_ciliated,viper,-2.0146740669470713,3.0,0.1987889121060264
ZNF331,basal_to_club,viper,-1.9796164503305387,3.0,0.3053228492497003
ZNF331,basal_to_goblet,viper,-2.5316396859137447,3.0,0.1258228527590323
ZNF333,basal_to_ciliated,viper,5.943919461169282,3.0,0.0001478305087638
ZNF333,basal_to_club,viper,1.5641521277754296,3.0,0.3796233891503326
ZNF333,basal_to_goblet,viper,-1.6513759443119602,3.0,0.4614157144172616
ZNF334,basal_to_ciliated,viper,7.959994244374998,3.0,4.844338476224403e-06
ZNF334,basal_to_club,viper,1.4360920539702333,3.0,0.5452691180513913
ZNF334,basal_to_goblet,viper,-0.7627353056384545,3.0,0.773025177515144
ZNF335,basal_to_ciliated,viper,1.843173982878884,3.0,0.2269534855434279
ZNF335,basal_to_club,viper,1.4900606752937902,3.0,0.5397708959872729
ZNF335,basal_to_goblet,viper,1.2625597167904044,3.0,0.610690785599417
ZNF337,basal_to_ciliated,viper,5.343622373827768,3.0,0.0006498050646652
ZNF337,basal_to_club,viper,1.4886479954329532,3.0,0.4980709840342144
ZNF337,basal_to_goblet,viper,-1.4978001418533988,3.0,0.4079407762351189
ZNF33A,basal_to_ciliated,viper,4.527206714163256,3.0,0.0048645674960371
ZNF33A,basal_to_club,viper,2.6018151938667193,3.0,0.2352059444374461
ZNF33A,basal_to_goblet,viper,1.5219621471086024,3.0,0.5522980732230676
ZNF33B,basal_to_ciliated,viper,4.954813867583887,3.0,0.0036399809202244
ZNF33B,basal_to_club,viper,1.5474466443823138,3.0,0.5113836922975751
ZNF33B,basal_to_goblet,viper,1.2009058590289479,3.0,0.5920542740116017
ZNF34,basal_to_ciliated,viper,-7.660211706579533,3.0,1.567316565746108e-06
ZNF34,basal_to_club,viper,-4.815366723719226,3.0,0.0073520244310974
ZNF34,basal_to_goblet,viper,-5.47103217241701,3.0,0.0009256973605649
ZNF341,basal_to_ciliated,viper,8.233966545460897,3.0,2.7371073517691633e-07
ZNF341,basal_to_club,viper,3.407236238375998,3.0,0.0357431772310572
ZNF341,basal_to_goblet,viper,2.9334654178781077,3.0,0.0749393550803254
ZNF343,basal_to_ciliated,viper,-4.490749632143719,3.0,0.0060270509232584
ZNF343,basal_to_club,viper,-3.8188194620929607,3.0,0.0182210856664584
ZNF343,basal_to_goblet,viper,-5.274383785099884,3.0,0.0028373126486068
ZNF345,basal_to_ciliated,viper,3.544843445941099,3.0,0.035485025523907
ZNF345,basal_to_club,viper,-0.14153103293356845,3.0,0.9040594781301696
ZNF345,basal_to_goblet,viper,-1.5451144911876151,3.0,0.4326165037947946
ZNF346,basal_to_ciliated,viper,-0.5356745550962922,3.0,0.178007697309873
ZNF346,basal_to_club,viper,-2.774170435390129,3.0,0.0916530867383789
ZNF346,basal_to_goblet,viper,-3.5190090536228693,3.0,0.0210505727699815
ZNF347,basal_to_ciliated,viper,0.9773833208022384,3.0,0.4256424009257354
ZNF347,basal_to_club,viper,-0.3077823671926449,3.0,0.9199769996760114
ZNF347,basal_to_goblet,viper,-1.825166590181021,3.0,0.3953635273000814
ZNF35,basal_to_ciliated,viper,-5.425976944624738,3.0,0.0006801928980957
ZNF35,basal_to_club,viper,-5.409780835470671,3.0,0.0010981755067451
ZNF35,basal_to_goblet,viper,-5.09091997598519,3.0,0.0020212867406061
ZNF350,basal_to_ciliated,viper,-0.929102422304296,3.0,0.6019886671376319
ZNF350,basal_to_club,viper,-2.6221346831269914,3.0,0.1150647645713139
ZNF350,basal_to_goblet,viper,-2.0849387041602947,3.0,0.3128781712926626
ZNF354A,basal_to_ciliated,viper,0.14553518811613805,3.0,0.2129502840274254
ZNF354A,basal_to_club,viper,-4.9630940471899985,3.0,0.0005561662482201
ZNF354A,basal_to_goblet,viper,-5.491771324945197,3.0,0.000278635426025
ZNF354B,basal_to_ciliated,viper,-0.03385201633482103,3.0,0.4285876690942454
ZNF354B,basal_to_club,viper,-0.1516104617612169,3.0,0.3774024977479803
ZNF354B,basal_to_goblet,viper,-2.415717698037985,3.0,0.215078780952384
ZNF354C,basal_to_ciliated,viper,-4.7605226263878695,3.0,0.0025574308312448
ZNF354C,basal_to_club,viper,-2.711661894406918,3.0,0.0874851542919542
ZNF354C,basal_to_goblet,viper,-4.72603408623533,3.0,0.0057411922375383
ZNF358,basal_to_ciliated,viper,-5.190897331485311,3.0,0.0018073672335903
ZNF358,basal_to_club,viper,-0.9777445684857983,3.0,0.5511384549690543
ZNF358,basal_to_goblet,viper,-1.7606313900700719,3.0,0.3661626989239015
ZNF362,basal_to_ciliated,viper,-7.905904793747347,3.0,5.296004849854181e-06
ZNF362,basal_to_club,viper,-5.771545531564851,3.0,0.0003870683317182
ZNF362,basal_to_goblet,viper,-7.707657158130503,3.0,1.017669349790188e-05
ZNF365,basal_to_ciliated,viper,-0.1837435081200478,3.0,0.0922108067498171
ZNF365,basal_to_club,viper,-7.608154726071642,3.0,1.259661001660052e-07
ZNF365,basal_to_goblet,viper,-4.412806069591441,3.0,0.0029768141815021
ZNF366,basal_to_ciliated,viper,-1.7333034271116934,3.0,0.2568994067447218
ZNF366,basal_to_club,viper,-4.085997593927504,3.0,0.0234702119150561
ZNF366,basal_to_goblet,viper,-3.389815461096905,3.0,0.0522865632554826
ZNF367,basal_to_ciliated,viper,-10.337427051668362,3.0,3.745814940822892e-09
ZNF367,basal_to_club,viper,-10.855862587827449,3.0,2.0447262861774356e-10
ZNF367,basal_to_goblet,viper,-11.524892326229782,3.0,1.8076814392349775e-11
ZNF37A,basal_to_ciliated,viper,4.526803420285602,3.0,0.0014802620082735
ZNF37A,basal_to_club,viper,2.5956977249912003,3.0,0.1461108707173087
ZNF37A,basal_to_goblet,viper,1.452950535033761,3.0,0.4391909360982745
ZNF382,basal_to_ciliated,viper,8.449715238055171,3.0,1.048233521824429e-07
ZNF382,basal_to_club,viper,1.106043400730883,3.0,0.5980437628496232
ZNF382,basal_to_goblet,viper,0.9591570745813146,3.0,0.728118510471121
ZNF383,basal_to_ciliated,viper,2.529280693231063,3.0,0.0325096860715883
ZNF383,basal_to_club,viper,-2.292812370295099,3.0,0.2626922869220127
ZNF383,basal_to_goblet,viper,-3.1013388810550055,3.0,0.0774298570808162
ZNF384,basal_to_ciliated,viper,5.556505029906881,5.0,0.0001690231341506
ZNF384,basal_to_club,viper,2.6081019905588425,5.0,0.2236984833064618
ZNF384,basal_to_goblet,viper,-0.173332418050262,5.0,0.6083016001524639
ZNF385A,basal_to_ciliated,viper,-5.395464524397752,3.0,0.0002733379494286
ZNF385A,basal_to_club,viper,-10.37880536827188,3.0,3.576783912964513e-12
ZNF385A,basal_to_goblet,viper,-9.26810367071321,3.0,5.748569663329279e-09
ZNF385B,basal_to_ciliated,viper,-3.1131777923400774,3.0,0.0546009579177588
ZNF385B,basal_to_club,viper,-2.419954702848371,3.0,0.1833870039160623
ZNF385B,basal_to_goblet,viper,-4.525780804481413,3.0,0.005438955844234
ZNF385C,basal_to_ciliated,viper,8.41050520758933,3.0,7.632605640793772e-08
ZNF385C,basal_to_club,viper,-3.9806692519428974,3.0,0.0068695535711267
ZNF385C,basal_to_goblet,viper,-2.9079462711198594,3.0,0.1188309395161749
ZNF385D,basal_to_ciliated,viper,-3.8480053620554453,3.0,0.0142761366765967
ZNF385D,basal_to_club,viper,-5.752461049354752,3.0,0.000630804934551
ZNF385D,basal_to_goblet,viper,-5.6635909581753365,3.0,0.0018707581796486
ZNF391,basal_to_ciliated,viper,10.337460712464056,3.0,8.502725151845926e-12
ZNF391,basal_to_club,viper,1.1018935098033333,3.0,0.5511384549690543
ZNF391,basal_to_goblet,viper,1.3275017539816452,3.0,0.3644886460564056
ZNF394,basal_to_ciliated,viper,-2.995770053629453,3.0,0.035239749139894
ZNF394,basal_to_club,viper,-3.42251246221377,3.0,0.0239154846491681
ZNF394,basal_to_goblet,viper,-3.590299971075889,3.0,0.0164714440793887
ZNF395,basal_to_ciliated,viper,1.9872419555246508,3.0,0.2927105336143493
ZNF395,basal_to_club,viper,-1.7148611490173573,3.0,0.3209569808786906
ZNF395,basal_to_goblet,viper,-1.7678332917817074,3.0,0.3073840687717174
ZNF396,basal_to_ciliated,viper,16.37909441544259,3.0,1.8627816046020287e-34
ZNF396,basal_to_club,viper,3.4254803145819896,3.0,0.010677088134454
ZNF396,basal_to_goblet,viper,5.516998872582762,3.0,0.0004438500863737
ZNF397,basal_to_ciliated,viper,4.5449143316362,2.0,0.0004156962848131
ZNF397,basal_to_club,viper,0.9380025674101958,2.0,0.6885139289832399
ZNF397,basal_to_goblet,viper,-0.36513836769357055,2.0,0.8140209962522272
ZNF398,basal_to_ciliated,viper,5.026274872008471,3.0,0.0010458680525559
ZNF398,basal_to_club,viper,2.2345161181178734,3.0,0.2241221845498163
ZNF398,basal_to_goblet,viper,1.324633808918379,3.0,0.2493993304632035
ZNF404,basal_to_ciliated,viper,5.771959446110896,3.0,0.0001019172814238
ZNF404,basal_to_club,viper,-1.1095688460488284,3.0,0.6070990882000216
ZNF404,basal_to_goblet,viper,-0.7139409915021432,3.0,0.7605005706692223
ZNF407,basal_to_ciliated,viper,3.9667710648551795,3.0,0.0126063991327784
ZNF407,basal_to_club,viper,4.898541573717342,3.0,0.0027801453416192
ZNF407,basal_to_goblet,viper,2.184845532330597,3.0,0.1776415531531017
ZNF408,basal_to_ciliated,viper,-5.000736182147056,3.0,0.0005979985328208
ZNF408,basal_to_club,viper,-4.304498965667569,3.0,0.0085007498845504
ZNF408,basal_to_goblet,viper,-2.6424099289211034,3.0,0.1288158082925806
ZNF41,basal_to_ciliated,viper,-2.3875043327903196,3.0,0.1063273644181058
ZNF41,basal_to_club,viper,-4.841028989747523,3.0,0.0082403513268696
ZNF41,basal_to_goblet,viper,-2.376936173859613,3.0,0.1871132703275068
ZNF410,basal_to_ciliated,viper,1.480841758110912,3.0,0.3637746335294269
ZNF410,basal_to_club,viper,-0.5344756124645428,3.0,0.7046959794478643
ZNF410,basal_to_goblet,viper,-1.3019859554146325,3.0,0.5742676154349645
ZNF414,basal_to_ciliated,viper,-4.071165374586196,3.0,0.0055168148898716
ZNF414,basal_to_club,viper,-3.3477225222842493,3.0,0.0726305387333636
ZNF414,basal_to_goblet,viper,-2.475049559082645,3.0,0.2428732309217788
ZNF415,basal_to_ciliated,viper,7.2726600869480915,3.0,5.474488965363501e-07
ZNF415,basal_to_club,viper,-0.15772031174503623,3.0,0.8419532149934617
ZNF415,basal_to_goblet,viper,-1.037825518577193,3.0,0.6195325496371074
ZNF416,basal_to_ciliated,viper,-7.655474632792115,3.0,4.348911491460864e-06
ZNF416,basal_to_club,viper,-7.688836276086829,3.0,2.150600842988237e-05
ZNF416,basal_to_goblet,viper,-7.39064191225926,3.0,5.0624425937004046e-05
ZNF417,basal_to_ciliated,viper,3.5684489332341722,3.0,0.0287246240536765
ZNF417,basal_to_club,viper,2.5031236089902924,3.0,0.1424478206017455
ZNF417,basal_to_goblet,viper,1.712643017515873,3.0,0.3644886460564056
ZNF418,basal_to_ciliated,viper,5.069878819348443,3.0,0.0024036679119586
ZNF418,basal_to_club,viper,1.6113587120662884,3.0,0.3996203038601232
ZNF418,basal_to_goblet,viper,0.8553606879265296,3.0,0.6111872211475761
ZNF419,basal_to_ciliated,viper,1.783074578857152,3.0,0.292569812656112
ZNF419,basal_to_club,viper,-0.9177986186934918,3.0,0.7044958441562403
ZNF419,basal_to_goblet,viper,-0.8917147502568644,3.0,0.7405462576120854
ZNF420,basal_to_ciliated,viper,2.99034579831238,3.0,0.0722575221464603
ZNF420,basal_to_club,viper,-1.3945749744675522,3.0,0.5901609039755935
ZNF420,basal_to_goblet,viper,-2.518585989133879,3.0,0.2034007209013842
ZNF423,basal_to_ciliated,viper,-3.634040263568531,3.0,0.0136961554939715
ZNF423,basal_to_club,viper,-6.205510068494311,3.0,7.604371187342001e-05
ZNF423,basal_to_goblet,viper,-6.988820994823092,3.0,1.7312791508284987e-05
ZNF425,basal_to_ciliated,viper,4.038998431647581,3.0,0.0144932642106126
ZNF425,basal_to_club,viper,-1.014564731157999,3.0,0.7017746298940186
ZNF425,basal_to_goblet,viper,-0.9552649056820338,3.0,0.6737081126348284
ZNF426,basal_to_ciliated,viper,-1.7040973730815474,3.0,0.17781673904195
ZNF426,basal_to_club,viper,-2.0736572873404717,3.0,0.3316863738591442
ZNF426,basal_to_goblet,viper,-0.963077096018015,3.0,0.6484928061870403
ZNF428,basal_to_ciliated,viper,5.417738115948734,3.0,0.001480587635525
ZNF428,basal_to_club,viper,-2.405024925528119,3.0,0.1283054880232974
ZNF428,basal_to_goblet,viper,-1.0153971498784304,3.0,0.6915795873955565
ZNF429,basal_to_ciliated,viper,7.684385865311787,3.0,7.519629886792603e-06
ZNF429,basal_to_club,viper,2.127328357236402,3.0,0.1641098736003282
ZNF429,basal_to_goblet,viper,0.8958497893962277,3.0,0.6235005530812929
ZNF43,basal_to_ciliated,viper,1.9481843865100101,3.0,0.2324913228219534
ZNF43,basal_to_club,viper,-0.7419313037256865,3.0,0.6431275076280087
ZNF43,basal_to_goblet,viper,-2.964247697852577,3.0,0.1134601417037618
ZNF430,basal_to_ciliated,viper,-6.358521111109991,3.0,1.0398395759614426e-05
ZNF430,basal_to_club,viper,-5.11604895742228,3.0,0.0026334458470869
ZNF430,basal_to_goblet,viper,-4.442384826617159,3.0,0.0132396317149207
ZNF431,basal_to_ciliated,viper,-4.428240773779138,3.0,0.0035447487593736
ZNF431,basal_to_club,viper,-0.5375515296732095,3.0,0.293416432361871
ZNF431,basal_to_goblet,viper,-0.19323611561700357,3.0,0.7429656564745813
ZNF432,basal_to_ciliated,viper,9.96368225328074,3.0,3.088676615209712e-12
ZNF432,basal_to_club,viper,2.689562246578898,3.0,0.1478670500082564
ZNF432,basal_to_goblet,viper,3.0403142155702874,3.0,0.0772141133007137
ZNF433,basal_to_ciliated,viper,8.169896357674443,3.0,3.949540212323518e-09
ZNF433,basal_to_club,viper,0.9790956760668617,2.0,0.5866972981454354
ZNF433,basal_to_goblet,viper,1.7538296752633056,3.0,0.3927864786613105
ZNF436,basal_to_ciliated,viper,-8.996638754897255,3.0,3.7724183853549946e-11
ZNF436,basal_to_club,viper,-9.039710015133485,3.0,1.176060476723955e-10
ZNF436,basal_to_goblet,viper,-7.4661549723213625,3.0,3.153042359929458e-07
ZNF438,basal_to_ciliated,viper,-5.985863883165654,3.0,3.957119580718328e-05
ZNF438,basal_to_club,viper,-3.53992799324454,3.0,0.0170186329554117
ZNF438,basal_to_goblet,viper,-4.873661692551097,3.0,0.0008702182592996
ZNF439,basal_to_ciliated,viper,4.746535268084527,3.0,0.0022016776072276
ZNF439,basal_to_club,viper,0.7895068945171592,3.0,0.7247229456190222
ZNF439,basal_to_goblet,viper,0.30773859639055184,3.0,0.7846408737016694
ZNF44,basal_to_ciliated,viper,7.3794333096674745,3.0,2.40472266605411e-06
ZNF44,basal_to_club,viper,1.9864953266845182,3.0,0.2335716989322982
ZNF44,basal_to_goblet,viper,1.6469812341744223,3.0,0.4990281595844843
ZNF440,basal_to_ciliated,viper,19.874428846330808,3.0,1.8215107139619997e-50
ZNF440,basal_to_club,viper,1.741435251464369,3.0,0.3274431886641361
ZNF440,basal_to_goblet,viper,5.574559433387758,3.0,0.001205795334626
ZNF441,basal_to_ciliated,viper,5.777329425824257,3.0,0.0003839947536816
ZNF441,basal_to_club,viper,1.3844238577353636,3.0,0.4988365638742422
ZNF441,basal_to_goblet,viper,-0.30009017052258036,3.0,0.728118510471121
ZNF442,basal_to_ciliated,viper,3.0258395947076395,3.0,0.0182916930119629
ZNF442,basal_to_club,viper,-2.710092232335574,3.0,0.13291890782932
ZNF442,basal_to_goblet,viper,-3.757778429502504,3.0,0.0218092552503817
ZNF443,basal_to_ciliated,viper,1.9261757710827874,3.0,0.220590126183121
ZNF443,basal_to_club,viper,-3.6091304266641644,3.0,0.0550102621245453
ZNF443,basal_to_goblet,viper,-3.9887549061394183,3.0,0.013956877730882
ZNF444,basal_to_ciliated,viper,6.469465825105337,3.0,0.0004255678596018
ZNF444,basal_to_club,viper,2.572901643030186,3.0,0.2432628780566714
ZNF444,basal_to_goblet,viper,1.910859942828135,3.0,0.3220709282217566
ZNF445,basal_to_ciliated,viper,6.568607088115225,3.0,2.097788526717673e-05
ZNF445,basal_to_club,viper,2.358665735371084,3.0,0.197070636729512
ZNF445,basal_to_goblet,viper,0.7775012294461227,3.0,0.7172822905227739
ZNF446,basal_to_ciliated,viper,6.298057154808139,3.0,0.0002552366870868
ZNF446,basal_to_club,viper,1.4443025115348516,3.0,0.5324205057356494
ZNF446,basal_to_goblet,viper,0.9910575765215258,3.0,0.5274054954394313
ZNF449,basal_to_ciliated,viper,4.624195541311854,3.0,0.0048951032522182
ZNF449,basal_to_club,viper,2.2934246215871728,3.0,0.3147806849528491
ZNF449,basal_to_goblet,viper,0.7225716156214046,3.0,0.6686370204519265
ZNF45,basal_to_ciliated,viper,0.1784100867485502,3.0,0.4550617134392882
ZNF45,basal_to_club,viper,-3.1778868983176873,3.0,0.0653884837614158
ZNF45,basal_to_goblet,viper,-4.71756602664962,3.0,0.0020205606275455
ZNF451,basal_to_ciliated,viper,4.154269948975916,3.0,0.0037873157317876
ZNF451,basal_to_club,viper,1.8037498463426132,3.0,0.3363089892539311
ZNF451,basal_to_goblet,viper,-1.1786246746799476,3.0,0.5816004267864799
ZNF454,basal_to_ciliated,viper,6.8192514906804815,3.0,7.303358246999089e-05
ZNF454,basal_to_club,viper,-0.17587506817853626,3.0,0.7469553374134168
ZNF454,basal_to_goblet,viper,-1.2724826728439245,3.0,0.3144254705221069
ZNF460,basal_to_ciliated,viper,-1.977307724685713,3.0,0.0550050238397573
ZNF460,basal_to_club,viper,0.370637104244299,3.0,0.2917852163637994
ZNF460,basal_to_goblet,viper,-2.7925291809188706,3.0,0.0675602062522331
ZNF461,basal_to_ciliated,viper,2.395800109920601,3.0,0.152176391602263
ZNF461,basal_to_club,viper,-0.10574136099352764,3.0,0.872948990871848
ZNF461,basal_to_goblet,viper,-1.1674591567243044,3.0,0.6266951558810238
ZNF462,basal_to_ciliated,viper,2.8668079913346576,3.0,0.0699673991733811
ZNF462,basal_to_club,viper,-2.0868502412790453,3.0,0.2852271325544933
ZNF462,basal_to_goblet,viper,-3.0151996775677903,3.0,0.0966868954505956
ZNF467,basal_to_ciliated,viper,-7.106992331358248,3.0,9.769463293965357e-06
ZNF467,basal_to_club,viper,-0.27036911650931095,3.0,0.5330104688175549
ZNF467,basal_to_goblet,viper,1.9135132664571979,3.0,0.3142507194062945
ZNF468,basal_to_ciliated,viper,-0.24414124250467445,3.0,0.6153387618415974
ZNF468,basal_to_club,viper,-0.729581990820482,3.0,0.4736212569507104
ZNF468,basal_to_goblet,viper,-0.24937201557813307,3.0,0.6158209997918566
ZNF469,basal_to_ciliated,viper,3.447106894671368,2.0,0.0257222180453176
ZNF469,basal_to_club,viper,-1.6862574827068806,2.0,0.4209352870994757
ZNF469,basal_to_goblet,viper,-1.8468407206521074,2.0,0.3743053597732274
ZNF470,basal_to_ciliated,viper,5.643480944423201,3.0,0.0001925917278823
ZNF470,basal_to_club,viper,0.7634272578366741,3.0,0.6851124936660309
ZNF470,basal_to_goblet,viper,-0.4393749668496015,3.0,0.694830997058512
ZNF471,basal_to_ciliated,viper,6.012523331600937,3.0,0.0003617187662949
ZNF471,basal_to_club,viper,0.27740507206464043,3.0,0.9250756084785576
ZNF471,basal_to_goblet,viper,-1.9190495110491632,3.0,0.3332617785922913
ZNF473,basal_to_ciliated,viper,18.83769338515703,3.0,1.044789209430674e-36
ZNF473,basal_to_club,viper,-1.8928234044530416,3.0,0.2240973251921273
ZNF473,basal_to_goblet,viper,2.81733905725586,3.0,0.0114685450358215
ZNF474,basal_to_ciliated,viper,29.446457408869634,3.0,2.8732800723981227e-81
ZNF474,basal_to_club,viper,0.5338926698200211,2.0,0.8490594352155891
ZNF474,basal_to_goblet,viper,7.587663016783936,3.0,1.4835132996196873e-05
ZNF479,basal_to_ciliated,viper,-4.376049321171991,3.0,0.0025642886977567
ZNF479,basal_to_club,viper,-1.1622331728111108,1.0,0.3983537403955719
ZNF479,basal_to_goblet,viper,-0.7187112484088107,3.0,0.7305926916340141
ZNF48,basal_to_ciliated,viper,2.936146058957997,3.0,0.0882116667649447
ZNF48,basal_to_club,viper,-0.8122762354249287,3.0,0.6583568379440111
ZNF48,basal_to_goblet,viper,-0.6546306635173119,3.0,0.6926853946592053
ZNF480,basal_to_ciliated,viper,-2.0750540326117815,3.0,0.0535310176363938
ZNF480,basal_to_club,viper,-3.8981755475180737,3.0,0.0382268177901919
ZNF480,basal_to_goblet,viper,-4.1779972121458595,3.0,0.0268409821354196
ZNF483,basal_to_ciliated,viper,8.287711444908263,3.0,3.120454457541581e-07
ZNF483,basal_to_club,viper,0.15892233773338568,3.0,0.8360931828989026
ZNF483,basal_to_goblet,viper,-0.9899592599424705,3.0,0.5337576774633169
ZNF484,basal_to_ciliated,viper,3.6252941125043265,3.0,0.0382231217064992
ZNF484,basal_to_club,viper,2.6215563404309568,3.0,0.1648586049985163
ZNF484,basal_to_goblet,viper,0.05035241389331019,3.0,0.5616820426143397
ZNF485,basal_to_ciliated,viper,-8.371243692303745,3.0,1.793386600677551e-06
ZNF485,basal_to_club,viper,-6.500481360350404,3.0,0.0006694158888508
ZNF485,basal_to_goblet,viper,-6.797444560412233,3.0,0.0003952584620636
ZNF486,basal_to_ciliated,viper,5.115380921878648,3.0,0.0016472017309966
ZNF486,basal_to_club,viper,2.0706114022496593,3.0,0.3147806849528491
ZNF486,basal_to_goblet,viper,-1.7421183443249866,3.0,0.3927864786613105
ZNF487,basal_to_ciliated,viper,13.050489454992142,3.0,1.3137774071068826e-18
ZNF487,basal_to_club,viper,0.6671097546883666,2.0,0.7923744572942543
ZNF487,basal_to_goblet,viper,2.17852827154107,3.0,0.2731239072769512
ZNF488,basal_to_ciliated,viper,-9.880297994089315,2.0,1.6689623167761188e-13
ZNF488,basal_to_club,viper,-9.49034027172797,2.0,4.252641575691418e-13
ZNF488,basal_to_goblet,viper,-8.715243348100238,2.0,8.789876245591957e-11
ZNF490,basal_to_ciliated,viper,7.226908097551034,3.0,3.2069803498230015e-06
ZNF490,basal_to_club,viper,0.5344662616193443,3.0,0.4972580312868013
ZNF490,basal_to_goblet,viper,-0.4617363094165731,3.0,0.7613810076242861
ZNF491,basal_to_ciliated,viper,7.865195283819482,3.0,2.5728780965844652e-08
ZNF491,basal_to_club,viper,1.5045558935246044,3.0,0.5429177343079624
ZNF491,basal_to_goblet,viper,0.6330506146715161,3.0,0.6892188411093485
ZNF492,basal_to_ciliated,viper,-6.6491130806966785,2.0,6.843970622371629e-07
ZNF492,basal_to_club,viper,-10.267256964624812,2.0,2.335590067525746e-12
ZNF492,basal_to_goblet,viper,-10.732718634521476,2.0,1.1318822865361758e-12
ZNF493,basal_to_ciliated,viper,7.066422559704223,3.0,3.551140645876863e-06
ZNF493,basal_to_club,viper,2.359560943204807,3.0,0.1401533145525928
ZNF493,basal_to_goblet,viper,0.8604261806436817,3.0,0.7471486086557234
ZNF496,basal_to_ciliated,viper,4.5807782408303295,3.0,0.0013538388972901
ZNF496,basal_to_club,viper,0.4669743959361595,3.0,0.8334168941322232
ZNF496,basal_to_goblet,viper,-2.1265322961649153,3.0,0.3215769049744401
ZNF497,basal_to_ciliated,viper,8.711848022224403,3.0,3.3628533826257585e-07
ZNF497,basal_to_club,viper,1.675851392933424,3.0,0.3776905187982057
ZNF497,basal_to_goblet,viper,1.2852845961680404,3.0,0.4970902778738713
ZNF500,basal_to_ciliated,viper,7.19729964299797,3.0,1.1276885186134722e-06
ZNF500,basal_to_club,viper,0.7520252875801992,3.0,0.4377771636670566
ZNF500,basal_to_goblet,viper,-1.2449402437975607,3.0,0.4564403780487877
ZNF501,basal_to_ciliated,viper,-2.0039617457444767,3.0,0.2559104082143667
ZNF501,basal_to_club,viper,-2.5003039850536326,3.0,0.2310394789629027
ZNF501,basal_to_goblet,viper,-3.373753130523888,3.0,0.124276257105996
ZNF502,basal_to_ciliated,viper,-3.486064834203487,3.0,0.0229454430167245
ZNF502,basal_to_club,viper,-3.0128733437301514,3.0,0.0598265132276757
ZNF502,basal_to_goblet,viper,-4.240605170224759,3.0,0.0180688945647751
ZNF503,basal_to_ciliated,viper,-8.961732165432565,3.0,1.9310583120646373e-07
ZNF503,basal_to_club,viper,-6.204176068368079,3.0,0.0001934543170656
ZNF503,basal_to_goblet,viper,-7.714526792743574,3.0,4.7347696529084034e-06
ZNF506,basal_to_ciliated,viper,2.8572822389809978,3.0,0.0472417412883728
ZNF506,basal_to_club,viper,1.3862701577667695,3.0,0.4743912305285545
ZNF506,basal_to_goblet,viper,-0.5697434647417066,3.0,0.7982126256613616
ZNF507,basal_to_ciliated,viper,4.035032551590797,3.0,0.0166561450514224
ZNF507,basal_to_club,viper,2.7628635786693176,3.0,0.1710810950637996
ZNF507,basal_to_goblet,viper,-0.2926377275454241,3.0,0.4856997854590421
ZNF510,basal_to_ciliated,viper,5.249769164796172,3.0,0.0037253520487537
ZNF510,basal_to_club,viper,3.5538418379191654,3.0,0.0305298113686292
ZNF510,basal_to_goblet,viper,2.0810633713699422,3.0,0.3814573862600828
ZNF511,basal_to_ciliated,viper,-5.112329566749338,3.0,0.0021861229701673
ZNF511,basal_to_club,viper,-7.478723488154081,3.0,5.658546511453003e-06
ZNF511,basal_to_goblet,viper,-6.596824028631574,3.0,4.567742642044658e-05
ZNF512,basal_to_ciliated,viper,3.7643161445872546,3.0,0.029323701955523
ZNF512,basal_to_club,viper,-1.1998038312288941,3.0,0.5378636362188318
ZNF512,basal_to_goblet,viper,-2.5950928864555123,3.0,0.2145921874170121
ZNF512B,basal_to_ciliated,viper,-5.026998459923217,3.0,0.0004985969091472
ZNF512B,basal_to_club,viper,-3.64451737152748,3.0,0.0249975458083636
ZNF512B,basal_to_goblet,viper,-4.126605795303191,3.0,0.0049854807083862
ZNF513,basal_to_ciliated,viper,4.676418713166083,3.0,0.0014434248177893
ZNF513,basal_to_club,viper,0.8599984273804043,3.0,0.5718241082565642
ZNF513,basal_to_goblet,viper,2.2212104208280574,3.0,0.302536456076138
ZNF514,basal_to_ciliated,viper,5.869975570864983,3.0,0.0002733839690987
ZNF514,basal_to_club,viper,1.2789851448112222,3.0,0.5462617506543799
ZNF514,basal_to_goblet,viper,-0.06209891514167382,3.0,0.8719228328467338
ZNF516,basal_to_ciliated,viper,11.475656564483646,3.0,1.4944590359036798e-17
ZNF516,basal_to_club,viper,0.7945141678806328,3.0,0.7609403217340589
ZNF516,basal_to_goblet,viper,1.0091918555950457,3.0,0.7040051018414255
ZNF517,basal_to_ciliated,viper,7.492474114177699,3.0,4.601146780768149e-06
ZNF517,basal_to_club,viper,0.46019116808060434,3.0,0.8218738196767066
ZNF517,basal_to_goblet,viper,1.04924580687983,3.0,0.7098735481833478
ZNF518A,basal_to_ciliated,viper,3.46801561936058,3.0,0.027732650056859
ZNF518A,basal_to_club,viper,1.071050473211404,3.0,0.5794525152720119
ZNF518A,basal_to_goblet,viper,-1.0064448950281077,3.0,0.7265659014104733
ZNF518B,basal_to_ciliated,viper,-4.221236917597594,3.0,0.0025140198511809
ZNF518B,basal_to_club,viper,-2.8439757347625316,3.0,0.0676272936691175
ZNF518B,basal_to_goblet,viper,-3.213780734765677,3.0,0.0345030863199632
ZNF519,basal_to_ciliated,viper,-9.473443985090928,3.0,2.611036844921082e-10
ZNF519,basal_to_club,viper,-11.400276912692846,3.0,4.5040698937467877e-14
ZNF519,basal_to_goblet,viper,-8.855984804783972,3.0,1.1753743504421324e-09
ZNF521,basal_to_ciliated,viper,-7.17340087258994,3.0,3.608661940131804e-06
ZNF521,basal_to_club,viper,-7.901970130758971,3.0,2.426280320927706e-07
ZNF521,basal_to_goblet,viper,-8.457537344996819,3.0,6.97079437432276e-08
ZNF524,basal_to_ciliated,viper,-0.19778031658331138,3.0,0.6698687591563827
ZNF524,basal_to_club,viper,1.344237090592236,3.0,0.5840023585004569
ZNF524,basal_to_goblet,viper,1.906829103610417,3.0,0.3452947053384054
ZNF525,basal_to_ciliated,viper,-1.3138058024617758,2.0,0.3550522518832615
ZNF525,basal_to_club,viper,-2.8117517575014523,2.0,0.0693246138687689
ZNF525,basal_to_goblet,viper,-4.9531882561318845,2.0,0.000913125556227
ZNF526,basal_to_ciliated,viper,-1.8403332551652152,3.0,0.123550882940067
ZNF526,basal_to_club,viper,-2.8157976645870484,3.0,0.1711101555166335
ZNF526,basal_to_goblet,viper,-3.1155013979191595,3.0,0.0984766572242461
ZNF527,basal_to_ciliated,viper,4.938452264964881,3.0,0.000641807967671
ZNF527,basal_to_club,viper,0.3316911799306915,3.0,0.5349393715247849
ZNF527,basal_to_goblet,viper,-2.3710260548318565,3.0,0.2797493080366632
ZNF528,basal_to_ciliated,viper,5.778963573254353,3.0,0.0002703868491166
ZNF528,basal_to_club,viper,1.1789077536138575,3.0,0.5520890856339543
ZNF528,basal_to_goblet,viper,0.25854327168533675,3.0,0.8401340328921268
ZNF529,basal_to_ciliated,viper,6.949074050491239,3.0,4.012762188693802e-05
ZNF529,basal_to_club,viper,2.0516950514734,3.0,0.2151897501852491
ZNF529,basal_to_goblet,viper,0.7404151492873043,3.0,0.7972080322474768
ZNF530,basal_to_ciliated,viper,-4.636144774550708,3.0,0.0024951424235195
ZNF530,basal_to_club,viper,-6.56745654110607,3.0,6.414109240634015e-06
ZNF530,basal_to_goblet,viper,-7.105153635741012,3.0,2.3663307067379765e-06
ZNF532,basal_to_ciliated,viper,-3.5071834979247964,3.0,0.0199740894751756
ZNF532,basal_to_club,viper,-3.7257060076316297,3.0,0.0208113635370115
ZNF532,basal_to_goblet,viper,-4.967051196699179,3.0,0.0019313089975724
ZNF534,basal_to_ciliated,viper,1.9674980183315487,2.0,0.1485325484529541
ZNF534,basal_to_club,viper,-1.4604464546347375,2.0,0.4784616524984529
ZNF534,basal_to_goblet,viper,-1.7020828851925214,2.0,0.3995748367776986
ZNF536,basal_to_ciliated,viper,7.343675301739093,3.0,1.3964902724872491e-05
ZNF536,basal_to_club,viper,-0.32927163916429675,3.0,0.8100173175874624
ZNF536,basal_to_goblet,viper,-0.9644109280051073,3.0,0.6944531807555434
ZNF540,basal_to_ciliated,viper,0.7077364664509732,3.0,0.6806031928952554
ZNF540,basal_to_club,viper,-1.5888903069136706,3.0,0.5627701277362479
ZNF540,basal_to_goblet,viper,-2.8487210386822777,3.0,0.1684321794325535
ZNF541,basal_to_ciliated,viper,-9.04038564782284,3.0,7.256442316174617e-08
ZNF541,basal_to_club,viper,-7.718048336228129,2.0,1.012665940663318e-08
ZNF541,basal_to_goblet,viper,-6.095394371805022,3.0,2.5491157633630308e-05
ZNF543,basal_to_ciliated,viper,-2.9130900898376875,3.0,0.0379884153963954
ZNF543,basal_to_club,viper,-5.226506520688082,3.0,0.0045470501801671
ZNF543,basal_to_goblet,viper,-5.797718892370986,3.0,0.0008572803766834
ZNF544,basal_to_ciliated,viper,7.649359371239478,3.0,5.56349224902193e-07
ZNF544,basal_to_club,viper,0.08782115882088816,3.0,0.6473127059280523
ZNF544,basal_to_goblet,viper,-0.2382783356701176,3.0,0.6266951558810238
ZNF546,basal_to_ciliated,viper,10.604009497930441,3.0,7.917083441078826e-12
ZNF546,basal_to_club,viper,0.34746347221724316,3.0,0.6043694567699747
ZNF546,basal_to_goblet,viper,1.2523454065322035,3.0,0.5881175383841888
ZNF547,basal_to_ciliated,viper,-0.497233270830857,3.0,0.6121713765817639
ZNF547,basal_to_club,viper,-3.9075482799417696,3.0,0.0128751219831728
ZNF547,basal_to_goblet,viper,-4.847181064271282,3.0,0.0014770462214127
ZNF548,basal_to_ciliated,viper,5.527380337939618,3.0,0.0004209133860732
ZNF548,basal_to_club,viper,1.6766344273845082,3.0,0.4240687381162007
ZNF548,basal_to_goblet,viper,0.6228950620751801,3.0,0.7741813770542965
ZNF549,basal_to_ciliated,viper,5.009383387259412,3.0,0.0010265757487241
ZNF549,basal_to_club,viper,0.7156060944120864,3.0,0.8346972634943929
ZNF549,basal_to_goblet,viper,0.699303901603905,3.0,0.7958989238645926
ZNF550,basal_to_ciliated,viper,2.3236014916242476,3.0,0.1999196536950605
ZNF550,basal_to_club,viper,-1.1489235260280792,3.0,0.6379864316656201
ZNF550,basal_to_goblet,viper,-2.005700599718827,3.0,0.2811977711391779
ZNF551,basal_to_ciliated,viper,-4.471747342168316,3.0,0.0020899028534445
ZNF551,basal_to_club,viper,-3.6361124036110506,3.0,0.0155373630115509
ZNF551,basal_to_goblet,viper,-4.281449704598011,3.0,0.0060012254734685
ZNF552,basal_to_ciliated,viper,7.0710031087875045,3.0,3.511936132615223e-05
ZNF552,basal_to_club,viper,4.530127666969847,3.0,0.0021585679475918
ZNF552,basal_to_goblet,viper,4.359903671708397,3.0,0.0048918177906078
ZNF554,basal_to_ciliated,viper,4.756997060095507,3.0,0.0015187259471863
ZNF554,basal_to_club,viper,-1.3248997809551801,3.0,0.5911073102669397
ZNF554,basal_to_goblet,viper,-1.0608334697997275,3.0,0.6627065782466076
ZNF555,basal_to_ciliated,viper,7.480204580626083,3.0,2.1057719170945217e-05
ZNF555,basal_to_club,viper,2.4947192308626787,3.0,0.1873697748249755
ZNF555,basal_to_goblet,viper,2.146162539317441,3.0,0.3045524030464334
ZNF556,basal_to_ciliated,viper,-3.957550238606127,3.0,0.0080295118184911
ZNF556,basal_to_club,viper,-4.358656630583325,3.0,0.0144229142367311
ZNF556,basal_to_goblet,viper,-2.8799697688363985,3.0,0.1757383574840644
ZNF557,basal_to_ciliated,viper,0.2638760205588441,3.0,0.3693661863627623
ZNF557,basal_to_club,viper,-1.7527267847785992,3.0,0.4711325179094375
ZNF557,basal_to_goblet,viper,-1.7198678536153962,3.0,0.4637716325330956
ZNF558,basal_to_ciliated,viper,4.08643982379401,3.0,0.0045570651960978
ZNF558,basal_to_club,viper,-1.50217985460714,3.0,0.3996203038601232
ZNF558,basal_to_goblet,viper,-3.101813661861131,3.0,0.1377169197479458
ZNF559,basal_to_ciliated,viper,3.240191899100469,3.0,0.0447741620100498
ZNF559,basal_to_club,viper,-0.38791561202663255,3.0,0.9006739960459239
ZNF559,basal_to_goblet,viper,-2.225056284046078,3.0,0.2202844501831669
ZNF560,basal_to_ciliated,viper,-9.531266966972252,3.0,2.9806429717227173e-09
ZNF560,basal_to_club,viper,-10.51400400717421,3.0,1.0592405643940171e-10
ZNF560,basal_to_goblet,viper,-9.808345348693576,3.0,1.334780419812781e-10
ZNF561,basal_to_ciliated,viper,2.7684390213519223,3.0,0.0949129097927187
ZNF561,basal_to_club,viper,-2.3772625945207624,3.0,0.2006236136647093
ZNF561,basal_to_goblet,viper,-2.28235477115314,3.0,0.2822993014795247
ZNF562,basal_to_ciliated,viper,-4.2893471000724155,3.0,0.0041558659775925
ZNF562,basal_to_club,viper,-3.638252544493333,3.0,0.0918365431029397
ZNF562,basal_to_goblet,viper,-0.2322816134662902,3.0,0.8575061020534607
ZNF563,basal_to_ciliated,viper,10.959671179732911,3.0,1.202572199729737e-10
ZNF563,basal_to_club,viper,-0.2035638304901235,2.0,0.9531057811454596
ZNF563,basal_to_goblet,viper,2.3671970731999754,3.0,0.2624000159582606
ZNF564,basal_to_ciliated,viper,5.275450400131814,3.0,0.0014751807424327
ZNF564,basal_to_club,viper,2.893497217511228,3.0,0.0679641950859813
ZNF564,basal_to_goblet,viper,2.0771226486407275,3.0,0.3523258849289052
ZNF565,basal_to_ciliated,viper,-1.6020417569949088,3.0,0.3199792949478113
ZNF565,basal_to_club,viper,-2.917916770345497,3.0,0.1344694183827677
ZNF565,basal_to_goblet,viper,-3.0698243112924404,3.0,0.0976353999860275
ZNF566,basal_to_ciliated,viper,0.45867476017701475,3.0,0.4963597198145557
ZNF566,basal_to_club,viper,-1.1596587451936213,3.0,0.54077312748882
ZNF566,basal_to_goblet,viper,-2.5644167370820092,3.0,0.1433287571702732
ZNF567,basal_to_ciliated,viper,-1.8646650893854524,3.0,0.3169427212940162
ZNF567,basal_to_club,viper,-2.95579724356032,3.0,0.0924999347566066
ZNF567,basal_to_goblet,viper,-4.363830728777685,3.0,0.0087663287451967
ZNF568,basal_to_ciliated,viper,2.5377072836153616,3.0,0.106093434490962
ZNF568,basal_to_club,viper,-0.7903355685467727,3.0,0.6521844198095096
ZNF568,basal_to_goblet,viper,-1.4707646982810343,3.0,0.4611345754824413
ZNF569,basal_to_ciliated,viper,8.99038491270767,3.0,4.753067997175261e-11
ZNF569,basal_to_club,viper,-1.794423342038214,3.0,0.3906183375881477
ZNF569,basal_to_goblet,viper,-1.8449528145070397,3.0,0.4291838767281616
ZNF57,basal_to_ciliated,viper,-2.9911312106487653,3.0,0.0423521322679062
ZNF57,basal_to_club,viper,-7.9282494759951465,3.0,1.5895545181099715e-06
ZNF57,basal_to_goblet,viper,-6.61104183416286,3.0,3.2319225963066157e-05
ZNF570,basal_to_ciliated,viper,5.398747233655543,3.0,0.0009003351489516
ZNF570,basal_to_club,viper,-1.5613188437038161,3.0,0.2520684057361571
ZNF570,basal_to_goblet,viper,-2.218630240955965,3.0,0.1065201132632219
ZNF571,basal_to_ciliated,viper,2.8235444662971365,3.0,0.0585642459082104
ZNF571,basal_to_club,viper,-0.8226052019621385,3.0,0.7819015067023519
ZNF571,basal_to_goblet,viper,-2.09026780552788,3.0,0.2811977711391779
ZNF572,basal_to_ciliated,viper,4.361203406518979,3.0,0.0024183582761403
ZNF572,basal_to_club,viper,-1.3447532159719557,3.0,0.6087757287834682
ZNF572,basal_to_goblet,viper,-2.1619403880008967,3.0,0.2874432183594012
ZNF573,basal_to_ciliated,viper,-1.008773520278762,3.0,0.5782752921557118
ZNF573,basal_to_club,viper,-1.9941916351329638,3.0,0.3890504551791545
ZNF573,basal_to_goblet,viper,-2.871017414118834,3.0,0.1176316411166764
ZNF574,basal_to_ciliated,viper,1.5780247027046517,3.0,0.0063610063177858
ZNF574,basal_to_club,viper,-4.936922690110813,3.0,0.0060210145410188
ZNF574,basal_to_goblet,viper,-5.03578311405655,3.0,0.0056806852733756
ZNF575,basal_to_ciliated,viper,-8.424631804936007,3.0,1.0821394160414805e-06
ZNF575,basal_to_club,viper,-7.205349759304343,3.0,3.2057262959363514e-05
ZNF575,basal_to_goblet,viper,-6.596566213597544,3.0,0.0002537916503685
ZNF576,basal_to_ciliated,viper,-3.3502556989212455,3.0,0.0342990621345562
ZNF576,basal_to_club,viper,-3.8232410384915605,3.0,0.0100650830176617
ZNF576,basal_to_goblet,viper,-3.005353103984224,3.0,0.0867807374164287
ZNF577,basal_to_ciliated,viper,-0.9994165207573038,3.0,0.5336422900268843
ZNF577,basal_to_club,viper,-1.0311060238669905,3.0,0.6779164473643067
ZNF577,basal_to_goblet,viper,-1.7385373024737645,3.0,0.4422223779147205
ZNF578,basal_to_ciliated,viper,-4.071561549632103,3.0,0.0154367646435938
ZNF578,basal_to_club,viper,-4.6318679394101725,3.0,0.0056436459622591
ZNF578,basal_to_goblet,viper,-4.01230988555293,3.0,0.0388978419990774
ZNF579,basal_to_ciliated,viper,2.3114915256496813,3.0,0.124426652979656
ZNF579,basal_to_club,viper,0.8754040483234004,3.0,0.6850418745619995
ZNF579,basal_to_goblet,viper,1.6922061697134163,3.0,0.4916034155082583
ZNF580,basal_to_ciliated,viper,-2.954751525297694,3.0,0.0968322330994058
ZNF580,basal_to_club,viper,0.34843193510655995,3.0,0.7427281450134239
ZNF580,basal_to_goblet,viper,-2.2942645940345217,3.0,0.2063960209989884
ZNF581,basal_to_ciliated,viper,-13.375488102178046,3.0,1.5841579861826712e-17
ZNF581,basal_to_club,viper,-6.6151344365482805,3.0,0.0001760466838052
ZNF581,basal_to_goblet,viper,-9.221766234939835,3.0,6.267969227639701e-08
ZNF582,basal_to_ciliated,viper,-1.6910419466703723,3.0,0.2649992377182376
ZNF582,basal_to_club,viper,-3.0351656913223297,3.0,0.1215338336972507
ZNF582,basal_to_goblet,viper,-3.189766876243824,3.0,0.1101819104654086
ZNF583,basal_to_ciliated,viper,-3.719085223859732,3.0,0.0312660554485032
ZNF583,basal_to_club,viper,-2.1622847889100387,3.0,0.2721120329777435
ZNF583,basal_to_goblet,viper,-2.3887444520011525,3.0,0.1837570006054116
ZNF584,basal_to_ciliated,viper,9.931162404254998,4.0,2.625432918784489e-08
ZNF584,basal_to_club,viper,-4.1709217993606424,4.0,0.0156314619353566
ZNF584,basal_to_goblet,viper,-1.844450934614792,4.0,0.1024941063162041
ZNF585A,basal_to_ciliated,viper,7.914899570127711,3.0,8.60901004408341e-06
ZNF585A,basal_to_club,viper,2.269508334493323,3.0,0.1833870039160623
ZNF585A,basal_to_goblet,viper,-0.4976520847875102,3.0,0.6418513569955535
ZNF585B,basal_to_ciliated,viper,8.559657354283218,3.0,2.921186206241742e-07
ZNF585B,basal_to_club,viper,2.56174616195254,3.0,0.247195186421408
ZNF585B,basal_to_goblet,viper,0.34905982215501075,3.0,0.6561517927320628
ZNF586,basal_to_ciliated,viper,-5.067537556977168,3.0,0.0024640005411963
ZNF586,basal_to_club,viper,-2.423002047637717,3.0,0.1508791365469968
ZNF586,basal_to_goblet,viper,-2.7482123691389764,3.0,0.0982419633181909
ZNF587,basal_to_ciliated,viper,4.681440112414565,3.0,0.0063963488466903
ZNF587,basal_to_club,viper,6.046786150028056,3.0,7.04905808753589e-05
ZNF587,basal_to_goblet,viper,6.684169610637971,3.0,5.866616735490374e-06
ZNF587B,basal_to_ciliated,viper,-2.0896085599811003,2.0,0.115188856249791
ZNF587B,basal_to_club,viper,-2.065039039011423,2.0,0.1883464176517159
ZNF587B,basal_to_goblet,viper,-2.8246847980296623,2.0,0.1003788896243523
ZNF589,basal_to_ciliated,viper,-1.7061835676327075,4.0,0.0613961956374919
ZNF589,basal_to_club,viper,-6.480821228599474,4.0,0.0015999378651497
ZNF589,basal_to_goblet,viper,-6.75809894499804,4.0,0.0001912755424613
ZNF592,basal_to_ciliated,viper,5.5847980490735925,4.0,0.0082151105846865
ZNF592,basal_to_club,viper,3.8088855926568836,4.0,0.07660334117463
ZNF592,basal_to_goblet,viper,2.5394589365932188,4.0,0.2361772994349587
ZNF594,basal_to_ciliated,viper,4.75689429528687,3.0,0.0100838417473331
ZNF594,basal_to_club,viper,1.5679206561004986,3.0,0.4130127016403449
ZNF594,basal_to_goblet,viper,-0.27852699070526105,3.0,0.7628142009887706
ZNF595,basal_to_ciliated,viper,-8.00717568204674,2.0,3.745814940822892e-09
ZNF595,basal_to_club,viper,-3.603121223804827,2.0,0.0098007482803194
ZNF595,basal_to_goblet,viper,-4.514165849850138,2.0,0.0009684389286462
ZNF596,basal_to_ciliated,viper,6.839172715137894,3.0,0.0001789774058087
ZNF596,basal_to_club,viper,0.9211499917889215,3.0,0.6248093176082945
ZNF596,basal_to_goblet,viper,-0.30322975389579543,3.0,0.7628142009887706
ZNF597,basal_to_ciliated,viper,2.490790896280336,3.0,0.0912806251511635
ZNF597,basal_to_club,viper,-0.17700045823696214,3.0,0.8082053337215942
ZNF597,basal_to_goblet,viper,-0.6293426719906959,3.0,0.652319549859119
ZNF598,basal_to_ciliated,viper,-1.8114449958587822,3.0,0.2645506696266484
ZNF598,basal_to_club,viper,-0.6508015099683557,3.0,0.519184374869837
ZNF598,basal_to_goblet,viper,0.12617717469016393,3.0,0.6013541253436432
ZNF599,basal_to_ciliated,viper,13.65884289966476,3.0,3.537282460416495e-22
ZNF599,basal_to_club,viper,1.972198036606224,3.0,0.2307509028448731
ZNF599,basal_to_goblet,viper,1.6141559578447395,3.0,0.3469566686289137
ZNF600,basal_to_ciliated,viper,-4.294483680193466,3.0,0.0185558402493708
ZNF600,basal_to_club,viper,-4.437951226703842,3.0,0.0076633833869067
ZNF600,basal_to_goblet,viper,-5.1371879444841415,3.0,0.0037305591815367
ZNF605,basal_to_ciliated,viper,4.1498609709639815,3.0,0.0160195707937943
ZNF605,basal_to_club,viper,1.5458057114805301,3.0,0.4520507568835341
ZNF605,basal_to_goblet,viper,0.8163281968072876,3.0,0.7077952235948629
ZNF606,basal_to_ciliated,viper,7.731240221393742,3.0,2.940982876887548e-06
ZNF606,basal_to_club,viper,1.5357849255728222,3.0,0.5167162855363884
ZNF606,basal_to_goblet,viper,-0.26579587647737435,3.0,0.8718507261694499
ZNF607,basal_to_ciliated,viper,12.620761955623783,3.0,2.966395110929522e-21
ZNF607,basal_to_club,viper,0.2384631271063005,3.0,0.4674625247448369
ZNF607,basal_to_goblet,viper,-1.8301300016593463,3.0,0.4065340897766708
ZNF608,basal_to_ciliated,viper,3.5395310636774155,3.0,0.0295403043296497
ZNF608,basal_to_club,viper,1.3270264521877386,3.0,0.5600324599863769
ZNF608,basal_to_goblet,viper,-2.2894737935869056,3.0,0.1558247334749202
ZNF609,basal_to_ciliated,viper,6.844715165968299,3.0,1.4593616205163835e-05
ZNF609,basal_to_club,viper,4.274702877821252,3.0,0.0301409159315056
ZNF609,basal_to_goblet,viper,0.9058032890555352,3.0,0.3448854222601018
ZNF610,basal_to_ciliated,viper,13.498086107049524,3.0,4.2240284728106186e-24
ZNF610,basal_to_club,viper,0.11711609539529703,3.0,0.4106514589485979
ZNF610,basal_to_goblet,viper,0.3791275592033016,3.0,0.6250743783820882
ZNF611,basal_to_ciliated,viper,7.078092226929365,3.0,3.2792222220048396e-07
ZNF611,basal_to_club,viper,1.6676729151424372,3.0,0.3574621768136959
ZNF611,basal_to_goblet,viper,1.301539961136252,3.0,0.5920405854876977
ZNF613,basal_to_ciliated,viper,1.0331175759829812,3.0,0.460831877180993
ZNF613,basal_to_club,viper,0.6281784694227743,3.0,0.7228470859886009
ZNF613,basal_to_goblet,viper,0.925064998579113,3.0,0.7158130314740426
ZNF614,basal_to_ciliated,viper,-5.335540935971361,2.0,0.0001005638927129
ZNF614,basal_to_club,viper,-2.2841189201551417,2.0,0.152720242578379
ZNF614,basal_to_goblet,viper,-2.5713411594957236,2.0,0.1075011862961738
ZNF615,basal_to_ciliated,viper,-0.6697180128586759,3.0,0.7098478732036034
ZNF615,basal_to_club,viper,-1.7065606974023702,3.0,0.4907227613720122
ZNF615,basal_to_goblet,viper,-2.351824541084531,3.0,0.28994072439764
ZNF616,basal_to_ciliated,viper,3.055141600451793,3.0,0.034248263188726
ZNF616,basal_to_club,viper,-1.309893686824256,3.0,0.5438409930840801
ZNF616,basal_to_goblet,viper,-1.160632666836916,3.0,0.5927883178611755
ZNF618,basal_to_ciliated,viper,-12.272319544235225,3.0,8.629611910054239e-12
ZNF618,basal_to_club,viper,-3.182981345087171,3.0,0.0694546957244758
ZNF618,basal_to_goblet,viper,-3.9240181647124377,3.0,0.0362752811275285
ZNF619,basal_to_ciliated,viper,5.042996075062744,3.0,0.000641807967671
ZNF619,basal_to_club,viper,0.701253328798127,3.0,0.3197697291994421
ZNF619,basal_to_goblet,viper,-0.29526374581317644,3.0,0.7628142009887706
ZNF620,basal_to_ciliated,viper,-5.768230929970772,3.0,6.179678987290404e-05
ZNF620,basal_to_club,viper,-1.9108373111098118,3.0,0.3120275853505259
ZNF620,basal_to_goblet,viper,-2.2564971724206804,3.0,0.2237858574670205
ZNF621,basal_to_ciliated,viper,5.819695053237259,3.0,3.899853656054943e-05
ZNF621,basal_to_club,viper,2.7592394006495002,3.0,0.0795365267960101
ZNF621,basal_to_goblet,viper,1.8595775710709146,3.0,0.3294129585752281
ZNF623,basal_to_ciliated,viper,4.074401660515581,3.0,0.0128967158821544
ZNF623,basal_to_club,viper,-0.9599211389347425,3.0,0.4821907940354715
ZNF623,basal_to_goblet,viper,-2.45056762359719,3.0,0.1684321794325535
ZNF624,basal_to_ciliated,viper,5.0144177603831315,3.0,0.0035557239613282
ZNF624,basal_to_club,viper,-2.5534933764278644,3.0,0.0700676842073439
ZNF624,basal_to_goblet,viper,-4.530601374686589,3.0,0.0083146951165383
ZNF625,basal_to_ciliated,viper,0.6896434645632032,3.0,0.4026594385690522
ZNF625,basal_to_club,viper,-2.5199231331540446,3.0,0.2168808815944286
ZNF625,basal_to_goblet,viper,-2.095316244584787,3.0,0.128058674211794
ZNF626,basal_to_ciliated,viper,4.967957959731286,3.0,0.0046786420323076
ZNF626,basal_to_club,viper,1.0670528806339912,3.0,0.6043694567699747
ZNF626,basal_to_goblet,viper,0.155526298337893,3.0,0.7582982277359894
ZNF627,basal_to_ciliated,viper,6.28561613232484,3.0,0.0007431040021223
ZNF627,basal_to_club,viper,1.4129459104367692,3.0,0.5727775839954323
ZNF627,basal_to_goblet,viper,-0.15542870094710393,3.0,0.6410955227712087
ZNF628,basal_to_ciliated,viper,-0.8354871298219925,3.0,0.3220762611466538
ZNF628,basal_to_club,viper,0.44675945798280453,3.0,0.6879275785380486
ZNF628,basal_to_goblet,viper,0.3859555077210273,3.0,0.7172822905227739
ZNF629,basal_to_ciliated,viper,3.4849255795512617,3.0,0.0457537479015552
ZNF629,basal_to_club,viper,0.02258707209438335,3.0,0.26942263188692
ZNF629,basal_to_goblet,viper,0.6144580317183705,3.0,0.4301686345566715
ZNF630,basal_to_ciliated,viper,2.7524158130025533,2.0,0.0385132064555968
ZNF630,basal_to_club,viper,-0.2989961343259362,2.0,0.9045726264756072
ZNF630,basal_to_goblet,viper,-0.6187476601003018,2.0,0.7431551501465341
ZNF639,basal_to_ciliated,viper,-1.6126231219375924,4.0,0.0127021745861643
ZNF639,basal_to_club,viper,-4.475655136085425,4.0,0.0070025913092657
ZNF639,basal_to_goblet,viper,-5.618937954424428,4.0,0.0005654822924547
ZNF641,basal_to_ciliated,viper,-5.030203134131241,3.0,0.0003780522546057
ZNF641,basal_to_club,viper,-2.350549722423326,3.0,0.1658584043429991
ZNF641,basal_to_goblet,viper,-4.096512898362374,3.0,0.0237490385821663
ZNF644,basal_to_ciliated,viper,0.7379770887613684,4.0,0.49037762178349
ZNF644,basal_to_club,viper,-0.19110446653830138,4.0,0.7375302307987806
ZNF644,basal_to_goblet,viper,-1.7936300724669647,4.0,0.5119727028087898
ZNF646,basal_to_ciliated,viper,7.529926758755171,3.0,1.7158377593026769e-07
ZNF646,basal_to_club,viper,3.261622567998471,3.0,0.0832241475130714
ZNF646,basal_to_goblet,viper,2.4580260396360902,3.0,0.2244211705544426
ZNF648,basal_to_ciliated,viper,-3.6476400229600614,3.0,0.0232992391217986
ZNF648,basal_to_club,viper,-2.944674853179189,3.0,0.0347035886326551
ZNF648,basal_to_goblet,viper,0.8639320458383829,3.0,0.2336494721677106
ZNF649,basal_to_ciliated,viper,-8.203726557285865,3.0,1.5155489198162457e-06
ZNF649,basal_to_club,viper,-4.867315027546577,3.0,0.0073535069717495
ZNF649,basal_to_goblet,viper,-5.309869396297259,3.0,0.005016050595436
ZNF652,basal_to_ciliated,viper,3.764904082859469,4.0,0.016071660108658
ZNF652,basal_to_club,viper,2.472555119103866,4.0,0.2812812341432752
ZNF652,basal_to_goblet,viper,1.470410444486556,4.0,0.5423024399836572
ZNF653,basal_to_ciliated,viper,4.912719326530858,3.0,0.0045896293270436
ZNF653,basal_to_club,viper,1.5960112151054244,3.0,0.4771956868370408
ZNF653,basal_to_goblet,viper,1.812067884869393,3.0,0.4196080147914754
ZNF654,basal_to_ciliated,viper,-0.5955534593194527,3.0,0.4521097177178973
ZNF654,basal_to_club,viper,1.1757398970309882,3.0,0.5888679151409514
ZNF654,basal_to_goblet,viper,-0.6648403536367554,3.0,0.504244551372017
ZNF655,basal_to_ciliated,viper,-2.1227378266633226,3.0,0.1980790769743473
ZNF655,basal_to_club,viper,0.515239274431598,3.0,0.6850418745619995
ZNF655,basal_to_goblet,viper,-1.2016576943556556,3.0,0.5020192842818401
ZNF658,basal_to_ciliated,viper,6.019071945647306,2.0,2.038028605250509e-05
ZNF658,basal_to_club,viper,-0.44557444068958557,2.0,0.7906214453029873
ZNF658,basal_to_goblet,viper,-0.47852368968120834,2.0,0.8110400686655717
ZNF66,basal_to_ciliated,viper,3.95975694386198,2.0,0.002322603866489
ZNF66,basal_to_club,viper,0.7025474354783195,2.0,0.7773600425624587
ZNF66,basal_to_goblet,viper,0.40863548346698725,2.0,0.8859496286115655
ZNF660,basal_to_ciliated,viper,4.096799973613082,3.0,0.0077209606976249
ZNF660,basal_to_club,viper,-1.332370925282724,3.0,0.4672363653474298
ZNF660,basal_to_goblet,viper,-3.343801524789263,3.0,0.0789961059392434
ZNF662,basal_to_ciliated,viper,-4.51900611902941,3.0,0.0012481775203188
ZNF662,basal_to_club,viper,-1.1844329409691126,3.0,0.5199945613856848
ZNF662,basal_to_goblet,viper,-3.798013537172929,3.0,0.0168469033946155
ZNF664,basal_to_ciliated,viper,7.503043204580573,3.0,3.721714116063649e-06
ZNF664,basal_to_club,viper,3.6587166186736515,3.0,0.0584954510549955
ZNF664,basal_to_goblet,viper,3.8296723497202514,3.0,0.0347465350872473
ZNF665,basal_to_ciliated,viper,4.02705945340604,3.0,0.0083523361838716
ZNF665,basal_to_club,viper,-2.7656012185796883,3.0,0.1211318724316014
ZNF665,basal_to_goblet,viper,-3.885384340699665,3.0,0.037278006046616
ZNF667,basal_to_ciliated,viper,6.829412515625756,3.0,1.2035039957945251e-05
ZNF667,basal_to_club,viper,-3.9830986176355907,3.0,0.0187130954237588
ZNF667,basal_to_goblet,viper,-3.4614901827971205,3.0,0.0455212142510749
ZNF668,basal_to_ciliated,viper,-7.262633866339507,3.0,9.535500366448453e-06
ZNF668,basal_to_club,viper,-4.533764440388182,3.0,0.0068399329358178
ZNF668,basal_to_goblet,viper,-3.298030533947165,3.0,0.0607242102877571
ZNF669,basal_to_ciliated,viper,-3.582146681358088,3.0,0.027732650056859
ZNF669,basal_to_club,viper,-3.063314111881532,3.0,0.1010449428093947
ZNF669,basal_to_goblet,viper,-3.7393916071315325,3.0,0.0540795135671791
ZNF670,basal_to_ciliated,viper,-6.019365658262898,2.0,2.4946507663815084e-05
ZNF670,basal_to_club,viper,-5.830435625028958,2.0,0.0001010619768651
ZNF670,basal_to_goblet,viper,-5.9365133797112595,2.0,0.0002002560911276
ZNF671,basal_to_ciliated,viper,5.204368236545805,3.0,0.0019620316148914
ZNF671,basal_to_club,viper,0.5201898262847792,3.0,0.6171255662986921
ZNF671,basal_to_goblet,viper,-1.1568587910975645,3.0,0.7006576233238322
ZNF672,basal_to_ciliated,viper,1.0636288673879493,3.0,0.4414936644682979
ZNF672,basal_to_club,viper,1.0975264829915639,3.0,0.3919247049749376
ZNF672,basal_to_goblet,viper,2.9991701761645357,3.0,0.1266475383079206
ZNF674,basal_to_ciliated,viper,4.615271550500608,3.0,0.0024640005411963
ZNF674,basal_to_club,viper,-0.5222457740233913,3.0,0.7705643788695093
ZNF674,basal_to_goblet,viper,0.5839425164663189,3.0,0.8050633396037099
ZNF675,basal_to_ciliated,viper,-5.823704195586919,3.0,0.0001157000117539
ZNF675,basal_to_club,viper,-5.78555481679508,3.0,0.0001289147133471
ZNF675,basal_to_goblet,viper,-4.7535705690997485,3.0,0.0009285711861884
ZNF676,basal_to_ciliated,viper,-6.19527971169112,3.0,0.000610341755349
ZNF676,basal_to_club,viper,-3.7971880835551657,3.0,0.0445579635566951
ZNF676,basal_to_goblet,viper,-2.4417639060235183,3.0,0.2004897750815805
ZNF677,basal_to_ciliated,viper,-10.20901633595263,3.0,1.342209233088421e-13
ZNF677,basal_to_club,viper,-3.1273704472738917,2.0,0.0231592868964668
ZNF677,basal_to_goblet,viper,-3.157948682765156,3.0,0.0467190544499112
ZNF678,basal_to_ciliated,viper,1.6785300995355135,3.0,0.3555648939348289
ZNF678,basal_to_club,viper,1.0344438456348248,3.0,0.5270497938279294
ZNF678,basal_to_goblet,viper,-2.418520878216941,3.0,0.279973559313856
ZNF679,basal_to_ciliated,viper,-8.902804140122562,3.0,3.290929418348531e-08
ZNF679,basal_to_club,viper,-7.171863270258278,2.0,7.719310195504151e-08
ZNF679,basal_to_goblet,viper,-7.685467723428526,3.0,1.9506699835816505e-07
ZNF680,basal_to_ciliated,viper,2.066393769794513,3.0,0.2108666457262181
ZNF680,basal_to_club,viper,-1.5419589895370607,3.0,0.3809890149838357
ZNF680,basal_to_goblet,viper,-2.9173259319408467,3.0,0.071925870561108
ZNF681,basal_to_ciliated,viper,5.0233459889917995,3.0,0.0022606647295626
ZNF681,basal_to_club,viper,0.5238286437447819,3.0,0.510939442584599
ZNF681,basal_to_goblet,viper,0.007608605918232875,3.0,0.4686988086907883
ZNF682,basal_to_ciliated,viper,0.8839903586224356,3.0,0.6689015843461911
ZNF682,basal_to_club,viper,1.518823255228183,3.0,0.5069131840413885
ZNF682,basal_to_goblet,viper,-0.5948683281268926,3.0,0.8338842697178238
ZNF683,basal_to_ciliated,viper,-2.372192738466128,3.0,0.1654621082789496
ZNF683,basal_to_club,viper,-2.9803144423053136,2.0,0.0780094801567815
ZNF683,basal_to_goblet,viper,-1.3269030542930549,3.0,0.5969034668878661
ZNF684,basal_to_ciliated,viper,2.399244014837586,3.0,0.0573099127689793
ZNF684,basal_to_club,viper,-3.9673415628637922,3.0,0.0213083456135948
ZNF684,basal_to_goblet,viper,-3.897041828185964,3.0,0.0110526834121517
ZNF687,basal_to_ciliated,viper,3.5341005127442764,3.0,0.056338458272285
ZNF687,basal_to_club,viper,2.839431506985301,3.0,0.1456260792820268
ZNF687,basal_to_goblet,viper,1.7258563323005665,3.0,0.3366664389991077
ZNF688,basal_to_ciliated,viper,6.811491527865214,3.0,3.239735321117326e-05
ZNF688,basal_to_club,viper,0.6361360798414843,3.0,0.822569421143351
ZNF688,basal_to_goblet,viper,1.1611873151856023,3.0,0.637651455924698
ZNF689,basal_to_ciliated,viper,-4.763575800782099,3.0,0.00040240361764
ZNF689,basal_to_club,viper,-7.330690228246898,3.0,4.154396226962756e-06
ZNF689,basal_to_goblet,viper,-8.647929975590916,3.0,5.582422679536657e-08
ZNF69,basal_to_ciliated,viper,9.26586339923462,3.0,2.6734345719116105e-07
ZNF69,basal_to_club,viper,5.371385654573095,3.0,0.0004686107222374
ZNF69,basal_to_goblet,viper,5.415843802423017,3.0,0.0003986699263294
ZNF691,basal_to_ciliated,viper,-4.608895987310976,3.0,0.0013928205794032
ZNF691,basal_to_club,viper,-5.0998023845137395,3.0,0.001029150989818
ZNF691,basal_to_goblet,viper,-5.218786159300298,3.0,0.000509110085841
ZNF692,basal_to_ciliated,viper,3.7163779620636532,3.0,0.0152926229311815
ZNF692,basal_to_club,viper,0.6012539367203248,3.0,0.7095230066473358
ZNF692,basal_to_goblet,viper,-2.1106452995407827,3.0,0.2234085917830964
ZNF695,basal_to_ciliated,viper,-9.110340079256886,3.0,8.100976395254642e-08
ZNF695,basal_to_club,viper,-10.832401492460201,3.0,2.1401770852120056e-10
ZNF695,basal_to_goblet,viper,-10.923354030724726,3.0,2.0768415012157692e-10
ZNF696,basal_to_ciliated,viper,-1.2432208327051357,3.0,0.4276088447326239
ZNF696,basal_to_club,viper,-2.4024564449620933,3.0,0.327823900306135
ZNF696,basal_to_goblet,viper,-2.8871945483940875,3.0,0.1610745342860344
ZNF697,basal_to_ciliated,viper,-3.1581504725898286,3.0,0.0614229627911848
ZNF697,basal_to_club,viper,-3.216234433244889,3.0,0.0564073085061686
ZNF697,basal_to_goblet,viper,-2.9049753963910607,3.0,0.1342176233513793
ZNF699,basal_to_ciliated,viper,-4.307122626795144,3.0,0.0063993555068186
ZNF699,basal_to_club,viper,-3.8381510364944202,3.0,0.0385529555713659
ZNF699,basal_to_goblet,viper,-4.440362713718058,3.0,0.0159819731448263
ZNF7,basal_to_ciliated,viper,1.48927903213699,3.0,0.1261863544218056
ZNF7,basal_to_club,viper,-2.6561039111942883,3.0,0.09084518145955
ZNF7,basal_to_goblet,viper,-3.423155734696721,3.0,0.0486453951719846
ZNF70,basal_to_ciliated,viper,6.343792099018837,3.0,3.425882208127267e-05
ZNF70,basal_to_club,viper,2.745420587063581,3.0,0.1384183408200542
ZNF70,basal_to_goblet,viper,2.283518493903903,3.0,0.1377169197479458
ZNF700,basal_to_ciliated,viper,2.6639476787884506,3.0,0.11841138665569
ZNF700,basal_to_club,viper,1.2604467592043864,3.0,0.6486965304275055
ZNF700,basal_to_goblet,viper,0.8282293248360654,3.0,0.728118510471121
ZNF701,basal_to_ciliated,viper,1.6718474385274187,3.0,0.3829501780148046
ZNF701,basal_to_club,viper,-1.547874957182834,3.0,0.5747825430644438
ZNF701,basal_to_goblet,viper,-0.7581816389944821,3.0,0.594286599598434
ZNF703,basal_to_ciliated,viper,-6.326734821864071,3.0,2.609566285642438e-05
ZNF703,basal_to_club,viper,-6.180850099142248,3.0,0.0001166053183784
ZNF703,basal_to_goblet,viper,-4.794628005290902,3.0,0.0036657949148876
ZNF704,basal_to_ciliated,viper,9.168996964456426,3.0,2.5702371391196724e-08
ZNF704,basal_to_club,viper,4.990388311858323,3.0,0.0036971162960191
ZNF704,basal_to_goblet,viper,3.671723492763079,3.0,0.0415536808356913
ZNF705A,basal_to_ciliated,viper,-4.462388586549937,3.0,0.0014864157897133
ZNF705A,basal_to_club,viper,-7.368120457691787,2.0,4.031595819402123e-08
ZNF705A,basal_to_goblet,viper,-5.288924042470084,3.0,0.0004040593625138
ZNF705D,basal_to_ciliated,viper,1.7119977035559393,1.0,0.1295714985964554
ZNF705D,basal_to_club,viper,-2.3338863158837846,1.0,0.0514640067628709
ZNF705D,basal_to_goblet,viper,-1.7019103131250337,2.0,0.4204136181432443
ZNF705G,basal_to_ciliated,viper,-3.4010221750540643,2.0,0.0110195270102422
ZNF705G,basal_to_goblet,viper,-1.807608875931031,2.0,0.3273709837160294
ZNF706,basal_to_ciliated,viper,-3.4701577588537242,3.0,0.0311654259554167
ZNF706,basal_to_club,viper,-5.358053506754854,3.0,0.0042654561625729
ZNF706,basal_to_goblet,viper,-4.749639547091345,3.0,0.0054580528022097
ZNF707,basal_to_ciliated,viper,0.17510664783569416,3.0,0.1644887785505055
ZNF707,basal_to_club,viper,-2.4129016305118647,3.0,0.1413073413259918
ZNF707,basal_to_goblet,viper,-2.3179515515669236,3.0,0.1847980503090295
ZNF708,basal_to_ciliated,viper,1.3725701329175224,3.0,0.4808720335353714
ZNF708,basal_to_club,viper,1.662630020452456,3.0,0.3540526737036204
ZNF708,basal_to_goblet,viper,0.26796757881322386,3.0,0.9400777704202126
ZNF709,basal_to_ciliated,viper,12.753680182432998,3.0,3.4568816069374425e-21
ZNF709,basal_to_club,viper,0.9726265209625714,3.0,0.476166144695852
ZNF709,basal_to_goblet,viper,0.5834583394757733,3.0,0.8173311326403481
ZNF71,basal_to_ciliated,viper,-2.826795330989106,3.0,0.1281072125054509
ZNF71,basal_to_club,viper,-3.8753926980059856,3.0,0.0445579635566951
ZNF71,basal_to_goblet,viper,-4.421247892391463,3.0,0.0124122033871443
ZNF710,basal_to_ciliated,viper,3.742782990668112,3.0,0.0247853937096786
ZNF710,basal_to_club,viper,4.585347259209942,3.0,0.0167280152198649
ZNF710,basal_to_goblet,viper,5.32436313120615,3.0,0.0022628240118659
ZNF711,basal_to_ciliated,viper,-4.617630327859131,3.0,0.0012059350765896
ZNF711,basal_to_club,viper,-6.350841158445918,3.0,3.1838106621486355e-05
ZNF711,basal_to_goblet,viper,-8.039524579526677,3.0,1.8590916512614808e-06
ZNF713,basal_to_ciliated,viper,10.061324366379564,3.0,1.0490576414240076e-10
ZNF713,basal_to_club,viper,0.5927451423283397,3.0,0.7221228578360193
ZNF713,basal_to_goblet,viper,0.7644381581342301,3.0,0.7759185462346898
ZNF714,basal_to_ciliated,viper,-3.667488847512787,3.0,0.027339292056548
ZNF714,basal_to_club,viper,-2.828688291413766,3.0,0.1407241557968393
ZNF714,basal_to_goblet,viper,-4.13344689091318,3.0,0.0151314148662461
ZNF716,basal_to_ciliated,viper,-6.098284697364345,3.0,3.160261379718638e-05
ZNF716,basal_to_club,viper,-4.057685830188201,3.0,0.0084627783872388
ZNF716,basal_to_goblet,viper,-3.0235618300544673,3.0,0.0492855415895337
ZNF717,basal_to_ciliated,viper,7.968367724359822,3.0,3.9561179144719027e-07
ZNF717,basal_to_club,viper,0.28939344606901335,3.0,0.4865684421933368
ZNF717,basal_to_goblet,viper,0.0018499206399335084,3.0,0.4107150346516567
ZNF718,basal_to_ciliated,viper,0.9764480966928668,3.0,0.4760478819087037
ZNF718,basal_to_club,viper,0.35704758137251935,3.0,0.8198289871381619
ZNF718,basal_to_goblet,viper,-0.8536067394527294,3.0,0.694830997058512
ZNF721,basal_to_ciliated,viper,2.678968962086861,3.0,0.0725700280633889
ZNF721,basal_to_club,viper,-0.4150662387124593,3.0,0.8489459124951036
ZNF721,basal_to_goblet,viper,-1.071962706413359,3.0,0.5828268226736785
ZNF724,basal_to_ciliated,viper,-4.854280281299447,2.0,0.0004321131746607
ZNF724,basal_to_club,viper,-6.576987212878798,2.0,3.1109362481397054e-05
ZNF724,basal_to_goblet,viper,-7.206134878906762,2.0,4.962751933580724e-06
ZNF726,basal_to_ciliated,viper,3.056866762652599,2.0,0.0256926408857673
ZNF726,basal_to_club,viper,-2.074206465781485,2.0,0.3095970380854953
ZNF726,basal_to_goblet,viper,-2.6040477830454467,2.0,0.1099261439716643
ZNF727,basal_to_ciliated,viper,3.3095109410027357,2.0,0.0130076379714209
ZNF727,basal_to_club,viper,0.7581216076375015,2.0,0.7906567366839079
ZNF727,basal_to_goblet,viper,-1.4630309112452793,2.0,0.4207210776246707
ZNF728,basal_to_ciliated,viper,-2.681475876899865,2.0,0.0760789955799079
ZNF728,basal_to_club,viper,-2.94673569057587,2.0,0.0539943709471569
ZNF728,basal_to_goblet,viper,-2.83037311306596,2.0,0.0733552534106312
ZNF730,basal_to_ciliated,viper,-0.2138221711694219,2.0,0.8924674669085524
ZNF730,basal_to_club,viper,-4.905720609277847,2.0,0.0022330913372322
ZNF730,basal_to_goblet,viper,-5.702489332506256,2.0,0.0001841647808547
ZNF732,basal_to_ciliated,viper,-7.468029888521757,2.0,5.0543893122253665e-09
ZNF732,basal_to_club,viper,-7.541652747436135,2.0,1.9696113745372823e-08
ZNF732,basal_to_goblet,viper,-7.882961321351621,2.0,2.357389917868852e-09
ZNF736,basal_to_ciliated,viper,6.131718615824577,2.0,1.8837516868720193e-06
ZNF736,basal_to_club,viper,2.4742033409313606,2.0,0.1245634146519206
ZNF736,basal_to_goblet,viper,0.4464043249639974,2.0,0.3449320770932504
ZNF737,basal_to_ciliated,viper,2.7579824983871766,2.0,0.0681998407453888
ZNF737,basal_to_club,viper,2.0550274497879526,2.0,0.2562778412380043
ZNF737,basal_to_goblet,viper,1.1118343433458802,2.0,0.6436500523720217
ZNF74,basal_to_ciliated,viper,-2.090946165628158,3.0,0.19958831810256
ZNF74,basal_to_club,viper,-2.7166498009937974,3.0,0.173152991211033
ZNF74,basal_to_goblet,viper,-3.546827589930459,3.0,0.0627754701182575
ZNF740,basal_to_ciliated,viper,5.950256962687632,4.0,3.757341496403095e-05
ZNF740,basal_to_club,viper,2.190393979320431,4.0,0.3178196312132561
ZNF740,basal_to_goblet,viper,1.2175219229077365,4.0,0.6485941312820648
ZNF746,basal_to_ciliated,viper,4.524461000936699,3.0,0.0061509359969391
ZNF746,basal_to_club,viper,1.9150166607877521,3.0,0.3252160039733676
ZNF746,basal_to_goblet,viper,2.0927476472592903,3.0,0.3274304472796492
ZNF747,basal_to_ciliated,viper,6.318323799704137,3.0,1.809169622086037e-05
ZNF747,basal_to_club,viper,-0.7273192379284195,3.0,0.6216499355169687
ZNF747,basal_to_goblet,viper,0.286821075059542,3.0,0.3790123321221926
ZNF749,basal_to_ciliated,viper,3.358942242337429,3.0,0.0368592987764559
ZNF749,basal_to_club,viper,-1.5850655938530054,3.0,0.5153859241453367
ZNF749,basal_to_goblet,viper,-2.109075472663397,3.0,0.2817544992585831
ZNF750,basal_to_ciliated,viper,-12.938486199325624,4.0,1.2897157686205399e-11
ZNF750,basal_to_club,viper,-11.176248151712095,4.0,1.91189709254022e-09
ZNF750,basal_to_goblet,viper,-7.65350069355813,4.0,0.0001190966230675
ZNF75A,basal_to_ciliated,viper,2.316626135939984,3.0,0.1615213641943289
ZNF75A,basal_to_club,viper,-0.8670570136142028,3.0,0.5936070346125817
ZNF75A,basal_to_goblet,viper,-1.5903510874360633,3.0,0.5471593206381326
ZNF75D,basal_to_ciliated,viper,5.965365569017757,3.0,0.0008765105541813
ZNF75D,basal_to_club,viper,3.439109043510845,3.0,0.0316404334848954
ZNF75D,basal_to_goblet,viper,3.002244435782048,3.0,0.0852006573076736
ZNF76,basal_to_ciliated,viper,5.583941986634709,3.0,0.0004933478882311
ZNF76,basal_to_club,viper,2.3620520766375117,3.0,0.322040410222862
ZNF76,basal_to_goblet,viper,0.8498811285521495,3.0,0.7221733825794894
ZNF761,basal_to_ciliated,viper,0.610320508969599,3.0,0.7263709700623929
ZNF761,basal_to_club,viper,-1.4587793023880977,3.0,0.476166144695852
ZNF761,basal_to_goblet,viper,-0.7948345448641821,3.0,0.7321780855309875
ZNF763,basal_to_ciliated,viper,5.784843634779301,3.0,0.0007094700920913
ZNF763,basal_to_club,viper,1.4255875518242893,3.0,0.4570632174866225
ZNF763,basal_to_goblet,viper,1.209545369933572,3.0,0.5742676154349645
ZNF764,basal_to_ciliated,viper,6.689435965948163,3.0,6.429154056943647e-06
ZNF764,basal_to_club,viper,0.62793596999062,3.0,0.8412342969372971
ZNF764,basal_to_goblet,viper,1.0517461685796852,3.0,0.668907052113441
ZNF765,basal_to_ciliated,viper,4.321585541981517,3.0,0.0052515938930992
ZNF765,basal_to_club,viper,0.2520617087396054,3.0,0.2826740514805492
ZNF765,basal_to_goblet,viper,-1.0537425965077605,3.0,0.2763374363677683
ZNF766,basal_to_ciliated,viper,-2.5328268151957944,4.0,0.0973372494896846
ZNF766,basal_to_club,viper,-2.9849425533196863,4.0,0.0955871820472489
ZNF766,basal_to_goblet,viper,-3.406876288286477,4.0,0.0914476483810859
ZNF768,basal_to_ciliated,viper,4.245818970390108,3.0,0.0072955148239036
ZNF768,basal_to_club,viper,0.49805181146276106,3.0,0.4802679664122457
ZNF768,basal_to_goblet,viper,1.4707050677681148,3.0,0.4990281595844843
ZNF77,basal_to_ciliated,viper,-4.810233385379426,3.0,0.0008318305676545
ZNF77,basal_to_club,viper,-5.8403689623052,3.0,0.001052731101958
ZNF77,basal_to_goblet,viper,-6.549087714027179,3.0,5.117381607006887e-05
ZNF770,basal_to_ciliated,viper,-2.2994014037208883,3.0,0.0987554865636431
ZNF770,basal_to_club,viper,-3.747032060638177,3.0,0.0431750259905487
ZNF770,basal_to_goblet,viper,-4.8102372816728005,3.0,0.0084107479235791
ZNF771,basal_to_ciliated,viper,-7.147432402394066,3.0,6.94758554728765e-06
ZNF771,basal_to_club,viper,-5.602860356552231,3.0,0.0006468622739736
ZNF771,basal_to_goblet,viper,-6.17218529829866,3.0,0.0005178028810634
ZNF772,basal_to_ciliated,viper,4.2403209378823945,3.0,0.0059722134442417
ZNF772,basal_to_club,viper,-0.27069013034535033,3.0,0.4636145935337485
ZNF772,basal_to_goblet,viper,-0.7998339394733488,3.0,0.5698561326022863
ZNF773,basal_to_ciliated,viper,1.3090839934301093,3.0,0.0420498263666444
ZNF773,basal_to_club,viper,-2.085750453794251,3.0,0.3484915022530907
ZNF773,basal_to_goblet,viper,-3.393496839372176,3.0,0.0556418047966522
ZNF774,basal_to_ciliated,viper,4.198451233475587,3.0,0.0037999405848593
ZNF774,basal_to_club,viper,-1.5353208357560555,3.0,0.511989245975925
ZNF774,basal_to_goblet,viper,-2.3758257484238032,3.0,0.1433760438542474
ZNF775,basal_to_ciliated,viper,3.5424857044420284,3.0,0.0222299625293609
ZNF775,basal_to_club,viper,-2.0357215653396348,3.0,0.2351566556871084
ZNF775,basal_to_goblet,viper,-2.030403008805695,3.0,0.2262768796724836
ZNF776,basal_to_ciliated,viper,6.978050242314289,3.0,5.2047595894607965e-06
ZNF776,basal_to_club,viper,3.350635732455668,3.0,0.0345342392487924
ZNF776,basal_to_goblet,viper,1.73231106981478,3.0,0.3786865331460944
ZNF777,basal_to_ciliated,viper,-0.1439336885889888,3.0,0.5755268212657063
ZNF777,basal_to_club,viper,0.3694909869939428,3.0,0.349691615180904
ZNF777,basal_to_goblet,viper,0.7087481964557346,3.0,0.3629447365327817
ZNF778,basal_to_ciliated,viper,4.588097568821143,3.0,0.0041363444076227
ZNF778,basal_to_club,viper,3.0284197478501453,3.0,0.0479030310585496
ZNF778,basal_to_goblet,viper,2.55398711769938,3.0,0.1394279131002653
ZNF780A,basal_to_ciliated,viper,8.905363283720218,3.0,6.348616852779486e-09
ZNF780A,basal_to_club,viper,3.2566004837422775,3.0,0.0300087718309088
ZNF780A,basal_to_goblet,viper,3.207549756141444,3.0,0.0898790894127217
ZNF780B,basal_to_ciliated,viper,6.222419387489237,3.0,0.0003916561401289
ZNF780B,basal_to_club,viper,3.224300805888138,3.0,0.0597701812770709
ZNF780B,basal_to_goblet,viper,1.0771169873426878,3.0,0.619503929627357
ZNF781,basal_to_ciliated,viper,3.452321722440807,3.0,0.0237792792743684
ZNF781,basal_to_club,viper,-2.9487036277482876,3.0,0.072880665482796
ZNF781,basal_to_goblet,viper,-3.717819351890387,3.0,0.031417559918778
ZNF782,basal_to_ciliated,viper,4.2959876949102735,3.0,0.0058055315196982
ZNF782,basal_to_club,viper,2.8866308487332737,3.0,0.1483861361908355
ZNF782,basal_to_goblet,viper,0.261255135480165,3.0,0.690685900897306
ZNF783,basal_to_ciliated,viper,4.223137171164794,3.0,0.0085023328589123
ZNF783,basal_to_club,viper,1.080266562823655,3.0,0.6038515998477904
ZNF783,basal_to_goblet,viper,-0.6466866963836718,3.0,0.728118510471121
ZNF784,basal_to_ciliated,viper,0.40663401956817025,3.0,0.3454937087905553
ZNF784,basal_to_club,viper,-2.505620127844887,3.0,0.201762517990244
ZNF784,basal_to_goblet,viper,-1.4388024335118366,3.0,0.4131209887582194
ZNF785,basal_to_ciliated,viper,0.5886984757395699,2.0,0.6837651438240526
ZNF785,basal_to_club,viper,0.23435023335894462,2.0,0.9450356642772304
ZNF785,basal_to_goblet,viper,-0.8344582686509932,2.0,0.7171896274176027
ZNF786,basal_to_ciliated,viper,-6.2237357846664985,3.0,5.7698009121621626e-05
ZNF786,basal_to_club,viper,-6.240891356470052,3.0,4.1220997630089184e-05
ZNF786,basal_to_goblet,viper,-5.27233825350374,3.0,0.0004966278219777
ZNF787,basal_to_ciliated,viper,0.36941193257823873,3.0,0.8338984280818542
ZNF787,basal_to_club,viper,1.87662684648489,3.0,0.4269309909444219
ZNF787,basal_to_goblet,viper,2.4628953927497834,3.0,0.1873418175217054
ZNF788P,basal_to_ciliated,viper,5.69802014999866,3.0,5.9825843269247e-05
ZNF788P,basal_to_club,viper,-2.150590590786975,3.0,0.2261193798475451
ZNF788P,basal_to_goblet,viper,-2.552722089906196,3.0,0.120828516748272
ZNF789,basal_to_ciliated,viper,5.9392603699842335,3.0,0.0001689199866099
ZNF789,basal_to_club,viper,0.019473663013199836,3.0,0.8665894486688046
ZNF789,basal_to_goblet,viper,-1.180548729588916,3.0,0.5514221952195356
ZNF79,basal_to_ciliated,viper,-1.2899868983763663,3.0,0.408067107759426
ZNF79,basal_to_club,viper,-4.314275850851726,3.0,0.0269402063029818
ZNF79,basal_to_goblet,viper,-3.8257942711991255,3.0,0.0665527459893108
ZNF790,basal_to_ciliated,viper,2.0941053773859593,3.0,0.2055704577847499
ZNF790,basal_to_club,viper,-1.198994966821695,3.0,0.6491458596378271
ZNF790,basal_to_goblet,viper,-1.5113622638112334,3.0,0.4647440371581138
ZNF791,basal_to_ciliated,viper,3.490257135967005,3.0,0.0312272264965444
ZNF791,basal_to_club,viper,1.0181659409709913,3.0,0.6033229745056177
ZNF791,basal_to_goblet,viper,-1.501691864302275,3.0,0.4788752408998715
ZNF792,basal_to_ciliated,viper,-3.8093488847146633,3.0,0.0067827729336829
ZNF792,basal_to_club,viper,-5.432371941324511,3.0,0.0003665574701286
ZNF792,basal_to_goblet,viper,-3.847114074627114,3.0,0.0124198757487579
ZNF793,basal_to_ciliated,viper,5.824520674042593,3.0,0.0004733612047083
ZNF793,basal_to_club,viper,0.6778515205890209,3.0,0.8041709863995222
ZNF793,basal_to_goblet,viper,0.2874917298358886,3.0,0.8212222764340615
ZNF799,basal_to_ciliated,viper,6.8613140669292525,3.0,5.0838355342414954e-05
ZNF799,basal_to_club,viper,1.9786441868127378,3.0,0.4000641224917389
ZNF799,basal_to_goblet,viper,2.150421464213918,3.0,0.326036690929846
ZNF8,basal_to_ciliated,viper,5.4669036956985675,2.0,3.670244228680364e-05
ZNF8,basal_to_club,viper,0.9969250313526647,2.0,0.5645521974391343
ZNF8,basal_to_goblet,viper,0.26107622719618917,2.0,0.9303880170940436
ZNF80,basal_to_ciliated,viper,-3.9477918115828676,3.0,0.0222672656497234
ZNF80,basal_to_club,viper,-4.424308198175891,3.0,0.0208326647324433
ZNF80,basal_to_goblet,viper,-3.4420592826787435,3.0,0.0799793017546449
ZNF800,basal_to_ciliated,viper,1.132449551976913,3.0,0.5300751840364526
ZNF800,basal_to_club,viper,2.325075366040543,3.0,0.2505821189286888
ZNF800,basal_to_goblet,viper,0.9009079564210296,3.0,0.6255319603002151
ZNF804A,basal_to_ciliated,viper,-5.974097216448412,3.0,0.0002749937417338
ZNF804A,basal_to_club,viper,-5.060903821892856,3.0,0.0105311157386149
ZNF804A,basal_to_goblet,viper,-4.063292015818949,3.0,0.053028099462533
ZNF805,basal_to_ciliated,viper,-0.3286587225526809,3.0,0.112913060955592
ZNF805,basal_to_club,viper,0.13556708538675283,3.0,0.0966028582943527
ZNF805,basal_to_goblet,viper,-2.780816026665614,3.0,0.0268974427137287
ZNF808,basal_to_ciliated,viper,7.676644146901114,3.0,5.424577451866729e-06
ZNF808,basal_to_club,viper,2.774016218023709,3.0,0.0974141604323349
ZNF808,basal_to_goblet,viper,1.8440477056682547,3.0,0.3103002604526905
ZNF81,basal_to_ciliated,viper,4.57355829861865,3.0,0.006003878819235
ZNF81,basal_to_club,viper,3.9495330344972377,3.0,0.0370067759186414
ZNF81,basal_to_goblet,viper,2.3895781219904104,3.0,0.3310781996773097
ZNF813,basal_to_ciliated,viper,0.36323531555450317,2.0,0.0489860901146239
ZNF813,basal_to_club,viper,-4.150470109236472,2.0,0.0075727260213276
ZNF813,basal_to_goblet,viper,-4.287482020524219,2.0,0.0141477287611332
ZNF814,basal_to_ciliated,viper,2.5601620831995997,2.0,0.0982529975852199
ZNF814,basal_to_club,viper,-1.0357197554345614,2.0,0.7054713461684674
ZNF814,basal_to_goblet,viper,-0.5040864781281306,2.0,0.844437552413394
ZNF816,basal_to_ciliated,viper,2.3126415624964225,2.0,0.1347126191283439
ZNF816,basal_to_club,viper,-1.741114071010004,2.0,0.3702088193161327
ZNF816,basal_to_goblet,viper,-1.9352899334880307,2.0,0.2806978730376063
ZNF821,basal_to_ciliated,viper,-9.86182679146894,3.0,1.717534087884669e-09
ZNF821,basal_to_club,viper,-4.948019879039334,3.0,0.0028947736713399
ZNF821,basal_to_goblet,viper,-4.696908757508057,3.0,0.0084107479235791
ZNF823,basal_to_ciliated,viper,-0.7941860347772847,3.0,0.4096826767939708
ZNF823,basal_to_club,viper,-4.405508661029274,3.0,0.0129113779108504
ZNF823,basal_to_goblet,viper,-4.406146104237086,3.0,0.0160472076363373
ZNF827,basal_to_ciliated,viper,2.4431462195977893,3.0,0.1296157351755114
ZNF827,basal_to_club,viper,1.645049010405692,3.0,0.4790213129352519
ZNF827,basal_to_goblet,viper,1.1433840850498387,3.0,0.6333068160048224
ZNF829,basal_to_ciliated,viper,3.519171809278433,3.0,0.0517538713769797
ZNF829,basal_to_club,viper,-1.1302089015519599,2.0,0.4941987678240542
ZNF829,basal_to_goblet,viper,-1.710781278746241,3.0,0.3469566686289137
ZNF83,basal_to_ciliated,viper,6.370253692997073,4.0,0.0001358801528528
ZNF83,basal_to_club,viper,0.9864442005009733,4.0,0.6908138172037499
ZNF83,basal_to_goblet,viper,0.2465365955009736,4.0,0.6773950917934546
ZNF830,basal_to_ciliated,viper,-4.1957554362021705,3.0,0.0106073434809531
ZNF830,basal_to_club,viper,-5.287280586102882,3.0,0.0020036727203402
ZNF830,basal_to_goblet,viper,-5.681501975743106,3.0,0.0005423687434072
ZNF831,basal_to_ciliated,viper,-2.4123360352350036,3.0,0.1707921897039972
ZNF831,basal_to_club,viper,-3.267166394436963,3.0,0.1034239905961837
ZNF831,basal_to_goblet,viper,-2.0793737601940623,3.0,0.399472737249017
ZNF835,basal_to_ciliated,viper,-2.269226129255092,3.0,0.2049234287318118
ZNF835,basal_to_club,viper,-2.6970871027908165,3.0,0.1839621423518817
ZNF835,basal_to_goblet,viper,-3.612345803599659,3.0,0.064331571831284
ZNF836,basal_to_ciliated,viper,2.834765697772613,3.0,0.07652032454111
ZNF836,basal_to_club,viper,-3.3578625027772055,3.0,0.074862814616237
ZNF836,basal_to_goblet,viper,-3.307564469020242,3.0,0.092370154163112
ZNF837,basal_to_ciliated,viper,-3.1314185722599577,3.0,0.0334344972147952
ZNF837,basal_to_club,viper,-3.8343599396271606,3.0,0.0312710358150916
ZNF837,basal_to_goblet,viper,-3.008562078661019,3.0,0.0823400182223389
ZNF84,basal_to_ciliated,viper,6.135638834095747,3.0,0.0001497917913798
ZNF84,basal_to_club,viper,-1.6558070199257793,3.0,0.1344694183827677
ZNF84,basal_to_goblet,viper,-3.31925189749966,3.0,0.0681689248429848
ZNF841,basal_to_ciliated,viper,1.3937945837638972,3.0,0.3693661863627623
ZNF841,basal_to_club,viper,1.8643121980396116,3.0,0.34994420767458
ZNF841,basal_to_goblet,viper,1.7630975906377186,3.0,0.4615756684530901
ZNF843,basal_to_ciliated,viper,4.862616259323539,3.0,0.0018644444472328
ZNF843,basal_to_club,viper,-2.305998993717398,3.0,0.2696579847879143
ZNF843,basal_to_goblet,viper,-2.0799547154332085,3.0,0.2955774745679301
ZNF844,basal_to_ciliated,viper,6.632733953897732,2.0,3.8804464271797337e-07
ZNF844,basal_to_club,viper,1.1147687138476432,2.0,0.6739131870479466
ZNF844,basal_to_goblet,viper,0.32285548863275193,2.0,0.6932038188934426
ZNF845,basal_to_ciliated,viper,-0.13807318590729625,3.0,0.4022004116668319
ZNF845,basal_to_club,viper,-2.406110826028932,3.0,0.2334562451622873
ZNF845,basal_to_goblet,viper,-3.3820856992515815,3.0,0.110640948707533
ZNF846,basal_to_ciliated,viper,12.280013642324736,3.0,1.324656712956335e-19
ZNF846,basal_to_club,viper,-2.878382730247695,3.0,0.0904394521899908
ZNF846,basal_to_goblet,viper,-1.7343722825094066,3.0,0.2135002733885215
ZNF85,basal_to_ciliated,viper,-5.396410081829919,3.0,0.0001540422850326
ZNF85,basal_to_club,viper,-5.183084260434415,3.0,0.0003884132714769
ZNF85,basal_to_goblet,viper,-6.212908310769027,3.0,1.6026787244516923e-05
ZNF850,basal_to_ciliated,viper,3.5143458363681286,2.0,0.0211144511841096
ZNF850,basal_to_club,viper,-1.9826155197280202,2.0,0.2551368133216535
ZNF850,basal_to_goblet,viper,-2.618903758424582,2.0,0.0951726020003497
ZNF852,basal_to_ciliated,viper,2.0396474537214195,2.0,0.1322425376271229
ZNF852,basal_to_club,viper,-0.5970741254828255,2.0,0.8307551133034806
ZNF852,basal_to_goblet,viper,-0.9378548729336429,2.0,0.6195325496371074
ZNF853,basal_to_ciliated,viper,6.02511528559491,2.0,3.099551033190398e-05
ZNF853,basal_to_club,viper,0.8647984255018839,2.0,0.7235231187094161
ZNF853,basal_to_goblet,viper,0.7311283076219547,2.0,0.7435481542722157
ZNF860,basal_to_ciliated,viper,-5.196442891722554,2.0,5.7268074735216016e-05
ZNF860,basal_to_club,viper,-1.8371618018732958,2.0,0.2600605095321608
ZNF860,basal_to_goblet,viper,1.664589778814862,2.0,0.42505027055661
ZNF865,basal_to_ciliated,viper,1.2706930795718911,2.0,0.3522221447402739
ZNF865,basal_to_club,viper,0.954962036202508,2.0,0.2229500299368484
ZNF865,basal_to_goblet,viper,0.8504735775974902,2.0,0.3686451046123297
ZNF875,basal_to_ciliated,viper,8.733027200518576,3.0,1.235513131692758e-06
ZNF875,basal_to_club,viper,4.376663346380791,3.0,0.0084817463811641
ZNF875,basal_to_goblet,viper,3.827675099323916,3.0,0.0174025140625767
ZNF878,basal_to_ciliated,viper,-6.315828812512442,2.0,3.381346627918234e-05
ZNF878,basal_to_club,viper,-7.436641792002777,2.0,1.8776907847398632e-06
ZNF878,basal_to_goblet,viper,-6.911137711870402,2.0,9.470915283260291e-06
ZNF879,basal_to_ciliated,viper,-0.2701716917308381,2.0,0.8817816699462712
ZNF879,basal_to_club,viper,-1.498833430498275,2.0,0.4187492012690307
ZNF879,basal_to_goblet,viper,-2.3189592562480343,2.0,0.1827528838103683
ZNF880,basal_to_ciliated,viper,-2.6986456316093475,2.0,0.0497700436167664
ZNF880,basal_to_club,viper,-2.903293196834777,2.0,0.1099895546087113
ZNF880,basal_to_goblet,viper,-2.266234210759974,2.0,0.1582565725976301
ZNF883,basal_to_ciliated,viper,-5.142890881502745,2.0,6.489396225517543e-05
ZNF883,basal_to_club,viper,-6.086372956850831,2.0,9.57667389601563e-06
ZNF883,basal_to_goblet,viper,-4.546672237995518,2.0,0.0019444045614113
ZNF888,basal_to_ciliated,viper,-1.8405002106359003,1.0,0.110613127010193
ZNF888,basal_to_club,viper,-3.0873021390817663,1.0,0.0128094684955041
ZNF888,basal_to_goblet,viper,-3.6833933744641927,1.0,0.0021599752234402
ZNF891,basal_to_ciliated,viper,4.751530208893791,2.0,0.0002708006603755
ZNF891,basal_to_club,viper,-2.3139934553756887,2.0,0.2025769332864563
ZNF891,basal_to_goblet,viper,-3.764489788991512,2.0,0.0237615183203915
ZNF90,basal_to_ciliated,viper,-7.089426865455686,3.0,3.2014384716755527e-06
ZNF90,basal_to_club,viper,-6.185698181419988,3.0,0.0003615694326629
ZNF90,basal_to_goblet,viper,-6.67300381973075,3.0,4.479396603112582e-05
ZNF91,basal_to_ciliated,viper,3.4802015217220887,3.0,0.0273097617328595
ZNF91,basal_to_club,viper,1.7495509053189897,3.0,0.4771926347803168
ZNF91,basal_to_goblet,viper,1.2010237578704817,3.0,0.5648332543776977
ZNF92,basal_to_ciliated,viper,-10.0789938556487,4.0,5.2364040101203905e-12
ZNF92,basal_to_club,viper,-8.53411161047044,4.0,3.0627911451136216e-08
ZNF92,basal_to_goblet,viper,-9.506047255601178,4.0,3.762764314638578e-08
ZNF93,basal_to_ciliated,viper,-7.123608404223474,3.0,1.1923784626436398e-05
ZNF93,basal_to_club,viper,-6.094587710327381,3.0,0.0002587161119941
ZNF93,basal_to_goblet,viper,-7.685022815895421,3.0,4.180834421590312e-06
ZNF98,basal_to_ciliated,viper,7.323250644471434,3.0,6.473359787364315e-07
ZNF98,basal_to_club,viper,1.3051444251910416,3.0,0.510939442584599
ZNF98,basal_to_goblet,viper,-1.3378835913994438,3.0,0.6145408981059438
ZNF99,basal_to_ciliated,viper,4.076771984540303,3.0,0.0085039820250282
ZNF99,basal_to_club,viper,-1.364008548755516,3.0,0.6084497453533924
ZNF99,basal_to_goblet,viper,-1.6116932386845126,3.0,0.4596246119510362
ZSCAN1,basal_to_ciliated,viper,12.197866507404441,3.0,8.551601364939466e-15
ZSCAN1,basal_to_club,viper,1.5016624920076895,3.0,0.4841988628339419
ZSCAN1,basal_to_goblet,viper,1.9339107317347553,3.0,0.3995748367776986
ZSCAN10,basal_to_ciliated,viper,-9.819134479341463,3.0,1.29822964704389e-10
ZSCAN10,basal_to_club,viper,-9.009058522089205,3.0,7.23855167956877e-08
ZSCAN10,basal_to_goblet,viper,-8.752930612950774,3.0,2.186272713804356e-08
ZSCAN12,basal_to_ciliated,viper,-3.5702575018675433,3.0,0.0143268480749954
ZSCAN12,basal_to_club,viper,-3.566171129361748,3.0,0.0161208544226516
ZSCAN12,basal_to_goblet,viper,-3.6482657000733054,3.0,0.0330764553961725
ZSCAN16,basal_to_ciliated,viper,7.8352201651953495,3.0,7.309818501163152e-07
ZSCAN16,basal_to_club,viper,4.343762319873368,3.0,0.0104107322651755
ZSCAN16,basal_to_goblet,viper,5.388520425757851,3.0,0.001684622302607
ZSCAN18,basal_to_ciliated,viper,11.900221824881884,3.0,4.0809997900155163e-13
ZSCAN18,basal_to_club,viper,1.5343114468331567,3.0,0.4817357859649917
ZSCAN18,basal_to_goblet,viper,1.4104435213946305,3.0,0.6250739071222569
ZSCAN2,basal_to_ciliated,viper,-6.759974207214845,3.0,0.0001825200636094
ZSCAN2,basal_to_club,viper,-0.8287041805109996,3.0,0.4591447278112076
ZSCAN2,basal_to_goblet,viper,-2.6979611408060693,3.0,0.1039691801529561
ZSCAN20,basal_to_ciliated,viper,4.12624341873371,3.0,0.0028727258630622
ZSCAN20,basal_to_club,viper,-3.1633930678334483,3.0,0.0689385190206029
ZSCAN20,basal_to_goblet,viper,-3.6160984668109215,3.0,0.0382315661777511
ZSCAN21,basal_to_ciliated,viper,2.1607246960471334,3.0,0.1494669813293657
ZSCAN21,basal_to_club,viper,-2.82880632676271,3.0,0.1634855361151949
ZSCAN21,basal_to_goblet,viper,-3.448253992069469,3.0,0.1101819104654086
ZSCAN22,basal_to_ciliated,viper,4.228660312070242,3.0,0.0103514878766497
ZSCAN22,basal_to_club,viper,-1.4100533046469306,3.0,0.537714108137179
ZSCAN22,basal_to_goblet,viper,-1.645004506876847,3.0,0.4912347763959964
ZSCAN23,basal_to_ciliated,viper,6.660598214487648,3.0,5.798429449787974e-05
ZSCAN23,basal_to_club,viper,-0.09087946375534037,3.0,0.8043712716969734
ZSCAN23,basal_to_goblet,viper,-1.957812611306304,3.0,0.354100783575937
ZSCAN25,basal_to_ciliated,viper,3.405086924429391,2.0,0.0107111492829035
ZSCAN25,basal_to_club,viper,0.3881999689832687,2.0,0.9006739960459239
ZSCAN25,basal_to_goblet,viper,-1.233973587058869,2.0,0.5348405668235008
ZSCAN26,basal_to_ciliated,viper,2.677743232022638,2.0,0.0464886765486708
ZSCAN26,basal_to_club,viper,-1.5233530314336132,2.0,0.4473677397365351
ZSCAN26,basal_to_goblet,viper,-2.1519600862966333,2.0,0.2173620364406474
ZSCAN29,basal_to_ciliated,viper,4.996897552678971,3.0,0.0007655663567936
ZSCAN29,basal_to_club,viper,1.7729574413672682,3.0,0.3873337712119575
ZSCAN29,basal_to_goblet,viper,0.8215223012423148,3.0,0.7781223152448131
ZSCAN30,basal_to_ciliated,viper,5.262852994614407,2.0,0.000109273679731
ZSCAN30,basal_to_club,viper,1.0906333247242919,2.0,0.6257104909130417
ZSCAN30,basal_to_goblet,viper,0.12500205029010447,2.0,0.9098435049051726
ZSCAN31,basal_to_ciliated,viper,2.965152617088191,2.0,0.027348946880491
ZSCAN31,basal_to_club,viper,-1.082630332662041,2.0,0.6353031890792804
ZSCAN31,basal_to_goblet,viper,-1.3426325969438448,2.0,0.4659504881095965
ZSCAN32,basal_to_ciliated,viper,2.2818102541778726,2.0,0.0920677785963364
ZSCAN32,basal_to_club,viper,-2.3815237214035276,2.0,0.2278588344043514
ZSCAN32,basal_to_goblet,viper,-2.0353232471995155,2.0,0.1321766025032658
ZSCAN4,basal_to_ciliated,viper,3.259223201838853,3.0,0.068722138915201
ZSCAN4,basal_to_club,viper,-3.9689197728654295,3.0,0.0513404793068417
ZSCAN4,basal_to_goblet,viper,-3.2426049027767725,3.0,0.0619317356904239
ZSCAN5A,basal_to_ciliated,viper,11.484624362221371,3.0,1.8456352190658075e-11
ZSCAN5A,basal_to_club,viper,2.660260481153705,2.0,0.0604163308750489
ZSCAN5A,basal_to_goblet,viper,2.5881575084383086,3.0,0.1728437334690933
ZSCAN5B,basal_to_ciliated,viper,-4.03657129760352,3.0,0.0127300037209009
ZSCAN5B,basal_to_club,viper,-6.440039855188469,3.0,1.4599130494166314e-05
ZSCAN5B,basal_to_goblet,viper,-3.3956249270825594,3.0,0.0742724004809964
ZSCAN9,basal_to_ciliated,viper,2.8845436792896515,2.0,0.0393841004079898
ZSCAN9,basal_to_club,viper,-2.1074305397121798,2.0,0.1998804119719649
ZSCAN9,basal_to_goblet,viper,-3.9928657226639435,2.0,0.0073745068977526
ZUP1,basal_to_ciliated,viper,-5.254097864677974,3.0,0.0013584744704068
ZUP1,basal_to_club,viper,-4.677463767080228,3.0,0.0067471304903261
ZUP1,basal_to_goblet,viper,-4.681080692960167,3.0,0.0051118474840491
ZXDA,basal_to_ciliated,viper,-1.1521625427757083,3.0,0.3287570077162452
ZXDA,basal_to_club,viper,-2.4812742813074307,3.0,0.1464693544254862
ZXDA,basal_to_goblet,viper,-4.201158868830047,3.0,0.0286913250620177
ZXDB,basal_to_ciliated,viper,0.9520975127763983,3.0,0.5665583761839933
ZXDB,basal_to_club,viper,2.4434266227703003,3.0,0.3082933925755953
ZXDB,basal_to_goblet,viper,-0.2851372279577003,3.0,0.6139508432073878
ZXDC,basal_to_ciliated,viper,3.825386139153353,3.0,0.0254092370508108
ZXDC,basal_to_club,viper,2.4315261465514064,3.0,0.1998804119719649
ZXDC,basal_to_goblet,viper,1.8320589558881415,3.0,0.3500110116617529
ZZZ3,basal_to_ciliated,viper,-3.163322066651501,5.0,0.0714482951465674
ZZZ3,basal_to_club,viper,-2.328840628338037,5.0,0.3291076122214906
ZZZ3,basal_to_goblet,viper,-3.476792862060282,5.0,0.0819249527439735
