,basal_to_club,basal_to_goblet,basal_to_ciliated
A1BG,0.07548925317396821,-0.2967817532974039,0.4389420209363328
A1BG-AS1,,,0.448088959321556
A2M,,0.5890511126686806,0.3680066035470112
A2ML1,,1.0638478855640285,
A4GALT,-0.502723798848516,-0.009365323731138188,-1.7177685208635862
AAAS,-0.820156704462752,-1.328302566737963,-0.42632132334929485
AACS,0.3341535863563951,1.4238972505595044,-1.2203317297795317
AADAC,1.0422628126141296,0.22687596785811875,-0.035051738716111766
AADAT,,-1.5524135667947867,0.4039360151316203
AAGAB,0.6550301796216181,0.6807206256280961,0.8844967021321917
AAK1,-0.5773374352940513,-0.011526639028746974,-0.5003807924494885
AAMDC,1.206427408679187,1.3064286995805166,0.506368882653103
AAMP,-0.9253186435968312,-0.8964276060430951,-1.2307121367110803
AAR2,0.20252808525160218,-0.23557001178453166,0.13873792770093962
AARS1,0.36426014588377625,0.612999880063083,0.5337627154035316
AARS2,,-0.2890739497791129,-0.20433233106199233
AARSD1,0.0738727719180245,-0.6000118359574468,-0.4006673352234094
AASDH,-0.4873658620794544,-0.9538983932460443,-0.1431146446950447
AASDHPPT,-1.1151922897564783,-1.391874717264729,0.06618075983869173
AASS,-0.14593998711968623,-0.8118630128168549,-1.0366268359541821
AATBC,,-1.0682986188825332,
AATF,-1.0956772830128196,-0.9384007293371098,-0.4025054386613843
ABAT,0.45724277674386093,0.25654714652159755,0.918727496573949
ABCA1,-1.1390977654447545,-0.7721835079149485,-1.1591573257451009
ABCA10,,1.0335717774533726,1.008970932280304
ABCA12,,0.07011621098184304,
ABCA13,-0.254536247460135,0.7632360986734008,0.7941818088000587
ABCA15P,,0.16244114628475087,
ABCA2,,-0.7217147118673767,1.2855879878304202
ABCA3,,1.2810604374735954,0.7696267255984443
ABCA5,0.6581726557222125,1.292601640430239,1.065431524107401
ABCA6,,0.7049904019474448,1.1107250629134202
ABCA7,1.5649568899089572,1.185525489307229,0.7547635634636374
ABCA9,,,1.2104730803279669
ABCB10,0.040886585861258144,0.1558749028423527,1.1297802044543892
ABCB7,-0.7423458588852844,-0.7355712482124683,-0.8431794641189129
ABCB8,-0.14756941924912637,0.44645783856867727,0.6875569753923443
ABCB9,,-0.5679731959912895,
ABCC1,-0.6690789641812133,-0.7984145275017145,-0.9265134815261314
ABCC10,-1.416157335673762,-1.065117370875606,-0.5715176088783058
ABCC2,,,1.554294221095267
ABCC3,-1.3354840856264685,-1.922001676710309,-1.714482390906917
ABCC4,1.5856628903560632,-0.6254350150283928,-1.2140086062188602
ABCC5,-0.6360269716496816,-1.7291826829153671,0.30696565678851917
ABCC5-AS1,,,1.1695482777156927
ABCC6,2.305653605727289,1.351728653155508,1.8223593316098923
ABCC9,-1.1452876210300422,-1.436922384005939,-1.426798430902157
ABCD1,,0.1951999930019158,
ABCD2,,,1.5033763081708797
ABCD3,1.547946084461399,1.651085681475032,1.0509201836597901
ABCD4,-0.35026892300916934,-0.41444837417125485,0.05976203981617125
ABCE1,-0.9200315542214504,-1.3145043535712024,-1.551149316457265
ABCF1,-0.4272767467055084,-0.34055486542315366,-1.0710986500145954
ABCF2,-0.8426060922231169,-0.9690524107373192,-0.7005018492599033
ABCF3,-0.21759509998628807,0.21838348148414488,-0.2552152864871612
ABCG1,-2.168334953392345,-1.1187279558755843,-1.0330864591350855
ABHD1,,0.07752046334456891,
ABHD10,0.04595759125372474,0.5375474824293528,0.8591485423693173
ABHD11,0.7206790125659639,1.0009398895726114,0.834607629429098
ABHD12,0.8182241381176893,0.23594036170353616,-0.8364774634308177
ABHD12B,,1.8688277100631205,1.391708049405306
ABHD13,0.707603452900934,0.6047622591000423,-0.2501576637685029
ABHD14A,-0.8224152440012483,-0.7625133134954157,0.02694612308891146
ABHD14B,-0.45852144462536837,-0.992652282181093,-0.9759808329682294
ABHD15,0.12873737935676732,-0.12331998659997197,0.33693012791129706
ABHD16A,0.5635179755816879,0.27670203478236627,0.06920226154794244
ABHD17A,0.2788760912723452,0.6064930692978652,-0.033543558767156846
ABHD17B,-0.5721762550826271,0.08239873108976874,0.7874846750415627
ABHD17C,0.4842563494244665,0.918447131435977,-0.2860960327164394
ABHD18,0.8769318480829509,0.9938320467814274,0.2454947646264278
ABHD2,0.8531626154614801,1.6660502531504706,1.224707338627331
ABHD3,-0.7073076909791304,0.03098211229614538,0.20837412124201637
ABHD4,0.2776792210124577,-0.159339564748017,-0.39027672762224574
ABHD5,1.2419912796310955,1.2005698772627629,-0.4664968640210191
ABHD6,,-0.5875522370981088,1.4742700356623748
ABHD8,-0.15339205053071214,-0.16335367228178307,-0.3728496161083083
ABI1,-1.18199630794416,-0.8358863302944625,-0.2766870128126969
ABI2,0.3654908148096576,-1.3269982287922768,1.2821514115212052
ABI3BP,,0.3950961230180673,0.05617619709968216
ABITRAM,0.377828355882345,0.4209334104733792,1.8076856325095005
ABL1,0.8725429195393567,0.46002950519113867,0.2727738534839662
ABL2,-0.3290443233004738,-0.5612141903449605,0.3880411680063564
ABLIM1,1.2179499446346667,1.7164725626134525,0.02487289906632415
ABLIM3,,0.6748289395685644,
ABO,1.5962759668382884,1.3562326796712,0.6601303645926968
ABR,0.2654935131368681,0.48621576153768953,0.31487536887850853
ABRACL,0.3999337293442868,1.076620902083422,-1.5625437323036946
ABRAXAS1,-1.1533110688145278,-1.564546323324894,1.224308586917354
ABRAXAS2,0.13152427087145854,-0.0849289681072466,-0.09585971446834232
ABT1,-1.0156751474142072,-1.0657527576850387,-1.2723546377267287
ABTB1,-0.18867887334611014,-0.5916236984210365,0.22534903374813106
ABTB3,,-1.6115696870297962,-2.005132465372966
ACAA1,-0.09953111738946234,0.021973937336828425,-0.8531685435660232
ACAA2,1.0486265682016689,-0.10193259973389578,0.724055162320451
ACACA,1.4365363052792213,1.2462456216784068,0.6157891730339248
ACACB,,-0.7310936661682222,0.7800562150861664
ACAD10,0.07433460382408336,-0.12785813252540135,0.7150241722009372
ACAD11,,,0.8116065383083727
ACAD8,0.6459249288192928,0.777289356727142,0.2342478830714539
ACAD9,-0.2695509476936037,-0.44486661286396134,-0.6601303645926969
ACADL,,0.9844322997508893,0.588683868254713
ACADM,-0.05541135627863814,-0.17175539762697087,0.4441345899005402
ACADS,0.3368333438672833,0.31017152703404055,-0.15874152652127446
ACADSB,1.6257806541877373,1.3166438295622407,0.2674976943262634
ACADVL,0.26907337335689385,0.5494470926213929,-0.483793015974285
ACAP1,,-0.1981378604727824,1.4490482336458081
ACAP2,-0.6301180311432996,-0.8204063784091777,-0.3347373670988399
ACAP3,-0.6999336134140447,-0.5298638216299549,-0.8165928289117709
ACAT1,-1.1294580904751066,-0.7474255538612279,0.3503215231515645
ACAT2,1.2525177664337273,1.589527409747494,-0.3113135900089782
ACBD3,0.807649114487947,1.3026329570049304,-0.22592884222541346
ACBD3-AS1,,0.5402546754906793,1.7161231394100949
ACBD4,-0.017847864492506305,-0.261016725513674,-0.588011828184848
ACBD5,0.765601179195985,1.176122540629347,0.6114677567066894
ACBD6,-0.6008949336712268,-0.927546684378611,-1.0327652485360503
ACCS,0.8861017484250104,0.6707637711665174,0.8556112081003371
ACD,-0.7102681024066964,-1.0568961442659597,-0.408642325419851
ACE,,1.7919392805102166,
ACE2,,1.40819080020482,
ACER3,-0.28894577249210673,0.16098138566719442,-1.5899500646449174
ACER3-AS1,,2.7537513483076017,
ACHE,,0.2196747856160318,
ACIN1,-0.7037633581583222,-0.7507635959736754,-0.2957272769640234
ACKR1,,0.7059143323490893,0.1526388287927314
ACKR3,0.5441889750680715,-0.43871119431045336,-0.9294114678076255
ACKR4,,,1.4958362515767838
ACLY,0.8715324753655099,1.6858560034279417,1.085249457652509
ACO1,0.5032464699144996,0.8758911025141254,-0.48040693542098545
ACO2,-1.0486265682016689,-0.5304856510255671,0.08318536539598823
ACOT11,-1.577618879451535,-1.2892866154008247,0.01205863631129724
ACOT13,-0.15129531443904534,0.5662810225401393,-0.2299896405594687
ACOT2,-0.3050706339739467,-0.27090568516503977,-0.532025465272228
ACOT4,,0.5826366156301411,-0.00885546216858426
ACOT7,-1.923743275149504,-1.3995064743725973,-1.4123488683158534
ACOT8,0.900861581767623,0.45064020282705386,0.9765877194422277
ACOT9,-0.20299821642803662,0.37531094343815674,0.570630483576856
ACOX1,1.3542564640048467,1.4160003610105931,-0.14064051666550867
ACOX2,-0.11574474126736933,-0.8363972561990093,-1.279156780104573
ACOX3,0.9656458870214002,1.2431194342674339,0.9221810322623083
ACP1,0.410433076619041,0.822172743881117,-0.12087715854017629
ACP2,0.6214352649758484,1.469537626481174,-0.9546643881907912
ACP3,,1.583189148900567,
ACP5,-0.5126782741993963,-0.5905513127882552,-0.9466711535118488
ACP6,0.07941582316499156,1.1388206061134456,0.22592884222541346
ACSBG1,,,2.5435210922190197
ACSF2,0.9409789164799701,-0.16700514473917052,0.16103155099943778
ACSF3,0.20041304723051406,0.3991885558234208,0.13208277334246324
ACSL1,1.7394955496345998,1.691853303336798,0.4993133822986573
ACSL3,1.3496618239641718,2.2175683287075283,-0.011493362232153201
ACSL4,0.3473322106171978,-0.34647728873216815,-1.523511492237497
ACSL5,1.6388704702366852,0.9991581964935674,-0.21473241684642289
ACSL6,,-0.21727693921020388,
ACSM1,,0.9490838716186942,0.7319136292780575
ACSM3,-0.6419582034029712,-1.1096819983554194,-1.0985869184448498
ACSS1,1.2971496620718959,1.1862531426463314,1.3745454858378725
ACSS2,1.8337084080963308,1.527653265691311,0.1960666134409533
ACSS3,-1.018378884583493,-1.4605830389885082,-0.7582752349862246
ACTA2,-0.6934757733854781,-0.8679892800802076,0.10760190566568055
ACTB,-0.3510035723624316,-1.1204132036342038,-0.8035140298568594
ACTG1,-1.2693454897686964,-1.162210020694458,-1.6872701752419268
ACTL6A,-1.0931624920077438,-0.9950131962658437,-0.976284231258177
ACTMAP,,-0.19593430094599953,0.3860105228919675
ACTN1,-1.7673452979971729,-1.166466761901887,0.42364048977963575
ACTN4,-0.7795676841074046,-0.05549919990646791,-0.34331833369524317
ACTR10,-0.28942600460038265,-0.09722672781636686,-0.19472231333411474
ACTR1A,0.747208045968633,1.1217636964367803,-0.3919038145035245
ACTR1B,0.3154611084950021,0.2574778833009147,0.4937719743598785
ACTR2,0.4990689338004319,1.5965740643753419,0.29887807993554355
ACTR3,-0.9969530040350495,-0.04341767617058312,-0.5764048730121704
ACTR3B,0.2827087713563157,-0.26194854151872093,0.9363986952485075
ACTR3C,0.8063734326364992,0.5624795432157477,0.9778025727461389
ACTR5,0.3874916262672266,-0.29565269106446807,-0.4558097964966016
ACTR6,-0.6570291866170614,-0.6180060562285077,0.7769949396686839
ACTR8,-0.055180721146860116,0.33769347213263207,-0.7375899241674726
ACTRT3,,0.006123429655484162,
ACVR1,1.492380405682946,1.367614813557039,0.33334281204987126
ACVR1B,-0.4506056812866076,-1.0080986644996475,0.8089902654487435
ACVR2A,-1.199306420517605,-0.6121308103209967,-0.7552646603207316
ACVR2B,,0.19061293579192085,0.9531795656246549
ACY1,-0.02752226874128535,-0.32475604548465475,-0.6276755945525452
ACY3,,2.014359196718662,
ACYP1,-1.2301270883643922,-1.410135134992812,1.6545508798410942
ACYP2,0.3677074160474511,0.08257944462006596,0.10646494184908456
ADA,,-0.8727238354530498,
ADA2,0.4335926262656596,-0.08601352092389675,0.8386180042004341
ADAD2,,-0.9687644274039408,
ADAM10,1.7109392451398526,1.3366163637551995,-0.12505367370947482
ADAM12,,,1.2315161350834576
ADAM15,0.06925530300045761,0.9618767670260963,-0.8245075410913085
ADAM17,-0.130130698777244,-0.39879851322809234,-0.46965023092015057
ADAM28,1.2092930016183312,0.5937705142063998,-1.3644393048698222
ADAM8,0.43106421264358113,0.16134629354177907,-0.5902529969965897
ADAM9,0.38922986978319646,1.5410953695495477,-0.9472611689527719
ADAMTS1,,-0.6149569824406527,-0.533328252028872
ADAMTS14,,,1.2757483304450543
ADAMTS17,,1.329609168445078,
ADAMTS9,,0.06596431440498127,
ADAMTSL3,-0.9039757347773223,0.8199021725942813,-1.0815223538412615
ADAMTSL4,,0.36817052844018777,
ADAMTSL5,,-1.515616611534883,-1.9517986330045078
ADAP1,0.16155252543765558,0.24298322390214294,0.55671672761972
ADAP2,,,1.2100811772999864
ADAR,1.3770760193354734,0.9102403105106736,0.6587253385297754
ADARB1,,-0.3173606432528227,0.12201599597648075
ADARB2,,-0.7121667141202667,
ADAT1,0.6312418424071579,0.5125343998848793,0.6563865129569592
ADAT2,-0.356396822877211,-0.6886892786254526,-1.3372270747319863
ADAT3,,0.34246400974360164,0.3373289854972473
ADCK1,,0.6526055080364856,-0.7978027470392234
ADCK2,0.08311253621460762,0.2224431027424809,-0.9375676814830691
ADCK5,-0.27528667144598423,-0.017830819728257463,-0.15626160535890127
ADCY2,0.5549017364070772,1.2934326195402877,0.3232018323988923
ADCY3,-1.4313856945938292,-1.5560293788240669,-1.3981883163858355
ADCY4,,0.6125652873595792,
ADCY6,1.832472676529506,1.6316907615672827,0.37244569911486713
ADCY7,,0.5933409323839214,
ADCY9,-0.5082187341489254,-1.083721525571307,0.4952623938733356
ADD1,0.572718817642905,-0.24780895688733426,0.39414275529246867
ADD3,0.48944148973430174,-0.7932234445042095,0.6019553658324022
ADGB,,,2.1853458266916364
ADGRA1,,,0.8962593741573116
ADGRA3,-0.036738369221486086,-1.1010560770794553,0.11935895219612135
ADGRB2,,,1.4226396301630948
ADGRE2,,0.43890949571263876,
ADGRE5,0.40993208960408245,0.34208208123129935,1.1804451563095402
ADGRF1,0.765909919011013,1.436922384005939,0.49185733051198144
ADGRF4,,0.021793794459509797,
ADGRF5,1.9064515970691882,0.9575950575556668,0.5670864594240749
ADGRG1,-0.6175293591293173,-0.03837065953738499,-0.8343407484848628
ADGRG6,-0.5926399447392302,-1.4135506059040188,-1.893222230192066
ADGRL1,0.13989116657973133,0.018191077651678395,0.4593663109015303
ADGRL1-AS1,,0.4672487968593893,
ADGRL2,-1.460199742695902,-1.7102201225325788,-2.5581472936085814
ADGRV1,1.3652848849044368,1.1615026088168823,1.158051416208155
ADH1C,-0.12688000834619964,-0.4852025244958783,-0.9242006831029994
ADH5,-1.953908924322685,-2.0647952575967894,-1.2702409996685384
ADH6,,,1.5806823258291243
ADH7,-2.078465410475062,-1.7125569466078523,-0.8450628181253486
ADHFE1,0.9856609974109899,-0.0814952036819656,0.6794653508100955
ADI1,0.8162946228653817,0.858317702403087,-2.1257539493231197
ADIPOR1,1.1759977529249048,1.2688813000536134,0.5298561575433128
ADIPOR2,0.69025768304689,0.7374609615851946,-0.6935355217595767
ADIRF,-1.1251109298516786,-1.847570757515737,-1.757848436864055
ADISSP,-1.6865713429221385,-2.0929255814155483,-1.9081330436695372
ADK,-0.9961962518821934,-1.8898889613857834,-1.3395340627875356
ADM,-0.35885172210003813,0.3022442532300139,-0.41499998759214685
ADM2,,2.5545108439125066,
ADM5,,0.3141424541221067,
ADNP,-0.5811502675618292,-0.8053696347902237,-0.2604743538772046
ADNP-AS1,,0.22927896031363398,0.4408099753445543
ADNP2,-0.02982604414278763,-0.3056393017843683,-0.36578977768149745
ADO,-0.05126036291936866,-0.43217686101949987,-0.9881876945267922
ADORA2B,-0.2819898291386273,-0.2902008379404907,-1.5187182392919987
ADPGK,0.17626891408707207,-0.023054809780425737,0.43127863291829704
ADPRHL1,,0.9099678058970535,1.3516469785098086
ADPRM,-0.6086366993001127,-0.54317454961755,-0.7346254257112309
ADPRS,-0.9954400697952022,-0.41798348837677834,0.9552589068644165
ADRA2A,2.2560129383464984,2.3576010731492287,0.7430417500325945
ADRB1,1.4819427260432314,1.0753357017982224,1.3409216846517567
ADRB2,-1.0210900868737725,-1.4062517744666772,-1.101001576252989
ADRM1,-1.2560576062920679,-0.908334195021022,-0.7000203238267844
ADSL,-0.8722060058711112,-1.559665649761484,-0.8687260428222952
ADSS1,-0.5189915248942171,0.3999688233102898,1.4257564177444082
ADSS2,-1.1143349757366026,-1.4949282061329796,-0.02034986007615477
AEBP1,,-1.608278919293988,
AEBP2,-0.7450786719950718,-1.1367562956323822,-0.2598896598321051
AEN,0.525854312091767,0.26791759049749303,-0.23754125086120556
AFAP1,0.09282194576616266,0.42329598710652644,-1.841528164020419
AFAP1L1,,-0.9581649371338119,0.2509353399589058
AFAP1L2,,-1.245854182158198,-0.5235791926766719
AFDN,1.1173391690429062,0.5172638598541393,1.3828307207304804
AFDN-DT,,,1.1598953870784334
AFF1,1.2112089271782467,0.8520869609086129,0.5233631145378576
AFF4,0.9182748980533368,1.072130445833965,-0.0890478320836973
AFG1L,,0.13439771631560385,1.1770484026601475
AFG2A,-0.19900352037228639,-0.6439391595417191,-0.2880594095021047
AFG2B,-0.4949000892616731,-0.353945408373531,-0.5631079253968958
AFG3L2,-1.0969372807713234,-1.1862531426463314,-1.3109705634358633
AFMID,0.22514695754546646,0.22983368459455275,0.01337762445951757
AFTPH,1.107080623637175,1.089246022429983,0.7368481926514302
AGA,0.43916493554017194,0.3260852957700387,-1.2259047637371343
AGAP1,1.3717464019439136,0.8835818662564446,1.0985869184448498
AGAP2-AS1,-1.8590326679210945,-0.9751187374690083,-2.064866237297079
AGAP3,-0.8691782252335281,-1.312370877672974,-0.09718475398606977
AGAP4,,0.09867445425728234,0.8778298194827833
AGAP5,,0.9897088975713817,0.2982870792658018
AGAP6,,0.4811545399644119,0.6228647232957432
AGAP9,,0.2287243065772469,0.938152655306702
AGBL2,,0.4510389335023485,2.335008157579621
AGBL3,,0.6667096574431516,1.6567766365700174
AGBL4,,,1.6967314475347601
AGBL5,0.8070111093995914,-0.15386990349811383,1.5912852272767712
AGER,,0.014768716091881358,0.2624239785237812
AGFG1,0.5836058394451611,0.5580547294256505,0.23657234739712668
AGFG2,1.6942599709024808,1.3571367930165965,-0.16867113838096295
AGGF1,-0.1547902487597146,0.06650580012124428,0.04994984386630135
AGK,-0.5311502669205693,-0.6839028733683487,-0.023553630912470282
AGL,-0.9363281245206097,-1.0581562942795668,0.2919895050861199
AGMAT,,0.6184421069362481,
AGO1,0.37609767716704495,0.08565199213969509,0.4789272577526648
AGO2,0.024988284030008898,-0.038190427782995695,0.056742333589148035
AGO3,0.2185383949881852,-0.5845584368374145,-0.35633794944562325
AGO4,0.707011990916209,0.859359400084587,0.8758926521080957
AGPAT1,-0.08080196066828445,-0.4634356045969031,-0.016204108950426753
AGPAT2,1.1782998726762757,1.1030393919173385,0.19664285039960058
AGPAT3,1.1220805239669454,1.4845485341319509,1.2311140364211957
AGPAT4,,0.255058429443084,1.270663273241538
AGPAT5,-0.9091855660967211,-1.3026329570049304,1.0086575317106552
AGPS,0.7281634273114139,1.6440877948604176,0.7856876314240681
AGR2,1.5261853474156784,2.7158720877512788,0.04259390327612021
AGR3,1.7010706586820066,1.9648431892463771,1.570900973575673
AGRN,0.8409651144215624,-0.1122573700507992,-0.26417949375045313
AGTPBP1,0.8233844745500033,0.7794837883063038,1.0591379006979382
AGTRAP,-0.8006490184137581,-0.475500559937515,0.9481468109375638
AHCTF1,-0.06602395896398225,-0.2492949543400498,0.5737373934465421
AHCY,-1.8386795467489208,-2.0439937956462084,-2.910549556360262
AHCYL1,0.777696733919614,-0.08727896051868446,0.2249625368584521
AHCYL2,1.5832389193853298,1.858600568975499,0.44954759704583125
AHDC1,-1.2729615253119522,-1.260865308647677,-0.11271998609456435
AHI1,0.950703899117544,0.9479542371159726,0.964817558707445
AHI1-DT,,,1.4866713860703074
AHNAK,0.014393171921613986,-0.5086360878039391,-0.45643699660909015
AHNAK2,-2.1635267443017803,-1.4927296252598645,-0.11044492711672878
AHR,1.5471834442055998,0.959590999370158,-0.40700432644630263
AHSA1,-1.1974177314612873,-0.5626905228917852,1.1145738703169688
AHSA2P,0.2481190973477084,0.7107748966448623,1.1445266512933996
AIDA,0.6940616521131961,1.3754570342686052,0.30716316365441776
AIF1,,0.37087008031314894,0.2851147582129069
AIF1L,,0.19666871455467358,
AIFM1,0.5266477620728368,0.5325598997316731,-0.04994984386630149
AIFM2,-0.2659706302943236,0.13294398853093414,0.35372926036578944
AIFM3,,0.9914738975829117,0.48633621942858035
AIG1,0.6402612691788675,-0.5469354945117848,0.08999367263295033
AIM2,,0.014588596941476259,
AIMP1,-0.4816686621400203,0.20825000088964446,-0.4321058792865152
AIMP2,-0.39072072921476453,-0.3956803497079733,-0.48464040201497854
AIP,-0.3147350984626778,-0.3993835998934311,-1.9953822748421273
AIRIM,-0.6864636760180997,-1.1412351186210739,-1.3432401421970446
AJAP1,,-0.27782497743746076,
AJUBA,-2.214041747833263,-2.3214692500733727,-1.9092977522114252
AJUBA-DT,,-0.5383800444620238,0.10949715524216154
AK1,1.6522472761997102,1.0305041886912172,1.1041156009432371
AK2,0.8137266530222373,-0.20346712559563382,-1.3303484594777242
AK3,-0.5710916348430107,-0.06758883021593674,-1.1639660681719695
AK4,-1.1773782759600149,-1.2192926130966493,-1.5356502892875628
AK6,-0.10624477224977218,-0.11388866314089036,-0.3349366423382323
AK7,,0.8433162662986592,2.2351745294174785
AK8,,0.688460997310202,1.8333748637682838
AK9,0.40767891859337024,0.6541661891037311,2.62879295177236
AKAP1,0.20581994973170928,0.08782133444295981,-1.3931983068992746
AKAP1-DT,0.8970672180912364,0.753392222707811,1.2255054267829393
AKAP10,0.9565095083587263,0.27707631016311385,0.2880594095021045
AKAP11,1.1347030229046973,0.70337496997153,0.9675218512423764
AKAP12,-0.9370423115682511,-0.25412826845319264,-0.9446086895012071
AKAP13,1.4218293659213819,1.260865308647677,0.2453005936520357
AKAP14,,0.7123988178113676,1.7877745574961144
AKAP17A,0.4557093612657208,0.14458194382990963,0.03580585837557155
AKAP3,,,1.2120425548355935
AKAP6,,-0.6818563498288207,1.694351885601276
AKAP7,0.5724475152985482,-0.4288178946786561,0.1313225621713406
AKAP8,-0.3305032306412082,-0.42664702355101214,-0.33792737253553845
AKAP8L,0.002187688342097361,-0.22724557339799648,0.01092809182551462
AKAP9,-0.1571212531664289,0.49088310822434644,1.1914840361177559
AKIP1,-1.1100606356251093,-0.9045318293932404,-1.463189569402681
AKIRIN1,-0.3566422159254393,-0.11406993655877518,0.6830296710572371
AKIRIN2,-0.17603503064548237,-1.1227779102279207,-1.0476528967115744
AKNA,0.3672146822231366,0.49393279490237996,2.071261816340021
AKR1A1,-0.23863087275494824,0.20843405210203939,-1.041151650006415
AKR1B1,-1.527662990942355,-1.6182040823995312,0.11651305386502492
AKR1B10,-1.446297748728284,-0.7905128214337563,-0.5992475517640323
AKR1C1,1.7099448704822764,0.4375217477725399,-0.4269404119023082
AKR1C2,-0.18914773109950248,-0.2546863386106088,-0.5505674220028083
AKR1C3,-0.7040583811748863,-1.2737302919471254,-0.2143468209653531
AKR7A2,-0.5412539333916857,-0.45383206144603583,0.7203868714187103
AKR7A3,,1.2446810074320886,0.5285557694058857
AKT1,0.854157163121396,0.8252067829354497,-0.07789269600784564
AKT1S1,0.30531189488675664,0.7910052295850192,-0.9915704796706728
AKT2,0.2781579212884607,0.023234957772258796,0.6528849890784308
AKT3,,-1.3759209815652749,-1.1467056192786433
AKTIP,-0.10045686525406362,-0.04936737578470547,-0.5361540687868238
ALAD,0.2623937190531124,-0.301678751406032,-1.1041156009432371
ALAS1,0.05195213188033889,0.09306563849659691,0.15702455496523324
ALCAM,1.9281573808785148,1.9786830472395571,0.9044541042829733
ALDH16A1,-0.4318224466844453,-0.3236171447166954,0.2884522179031405
ALDH18A1,1.4142767474426956,2.518568317751389,-0.3599539922949179
ALDH1A1,1.2184335666732147,1.0746937672405732,0.46796785608995034
ALDH1A3,1.1488444679970469,0.9985650032180875,-0.5055123337576235
ALDH1A3-AS1,,0.3220992627740335,-0.07316894592566899
ALDH1B1,-0.7284636511800003,-0.7714557445762912,-1.9139826770852455
ALDH1L1,0.7314695111663728,1.6017491417310656,0.8895227748720457
ALDH2,0.8628122583972576,-1.027141002557815,-1.4458256942885181
ALDH3A1,-2.0096819655052576,-1.8455893028452108,-0.40598113162546273
ALDH3A2,-2.120169758737935,-2.420024271519175,-1.7516987825284047
ALDH3B1,1.5328611914571704,1.830954443988453,2.0744916431197074
ALDH3B2,1.1238109207122013,1.4894452208230402,-0.17651194930978026
ALDH4A1,-1.4358903937829555,-1.6089356798748433,-2.307152826352156
ALDH5A1,0.10693955650330898,-0.40856798094227087,0.5786309091322394
ALDH6A1,1.02341996268303,0.6322386826884957,-1.14162978624959
ALDH7A1,-2.0744882193693357,-3.3824230508352997,-3.276153073025955
ALDH9A1,0.11620841474394249,-0.24316872370358125,-0.18034064666082056
ALDOA,-1.140861836317384,-0.7787518944864507,-1.125510382247663
ALDOC,-0.9015528600932035,-0.6047622591000422,-0.8485684530557442
ALG1,1.494487558011518,1.7613915681976446,0.3210189487140272
ALG10,,-0.7019917735934772,-0.06920226154794244
ALG10B,0.8054175317966709,0.5709384215491183,0.8022137143568281
ALG11,0.8905435539147935,0.5255167297587859,0.39068340231992915
ALG12,0.11203624065125184,0.4931190970100915,-0.85533954895651
ALG13,0.7974801005304772,1.4004661917627566,-0.8461403673143783
ALG14,0.8604757019997449,1.5288112137942416,-1.0139988873295511
ALG1L1P,-0.7566792048645595,0.451437735899489,0.7373426352576921
ALG1L2,,0.4203431337649058,
ALG2,1.5784186938695766,1.3895063439914175,0.40577654368961913
ALG3,0.478051306075825,0.9794738909241851,-1.23878823320661
ALG5,0.4569871329205219,1.2717062443481006,-1.2112574446280067
ALG6,-0.35934296109321673,0.0041423060202663365,-0.5468440618230721
ALG8,-0.1023086200944501,0.010445975280426394,-0.6228647232957432
ALG9,0.6256307132028477,0.2918918619057817,-0.4799840631746282
ALKAL1,,1.3450235874493983,
ALKBH1,-0.07364186187960252,-0.01008575680421713,-0.0165809828375434
ALKBH2,-1.7069718471192492,-1.9453607882218775,-2.1441553045580326
ALKBH3,-0.2985632466629598,0.35432891795196303,0.026192210512113553
ALKBH4,-0.7356888553945544,-0.7966817817486439,-1.1606340807883222
ALKBH5,0.4404332672591283,0.5065874488591857,0.9320263452997077
ALKBH6,0.34513164182951184,-0.033504820432691734,0.21010735576906042
ALKBH7,0.501940049620972,0.8043736675070243,-0.8575145932944885
ALKBH8,,-0.7949514246639442,-0.44788066038005
ALMS1,0.41143535992211616,0.07824305047794067,2.1150494065820977
ALOX15,-1.2585957316774739,-1.2246122027018473,0.6459058222571109
ALOX5,,0.7259273374814003,-0.3040044855225643
ALOX5AP,,0.7440958192574717,0.5003807924494886
ALPK1,0.5527541229593833,0.573271767135478,0.7897989035838705
ALPK3,,,1.4113279885177081
ALPL,2.4050774194534843,2.326833395926701,-0.41828792019134375
ALS2,0.6815171369039992,0.643939159541719,1.3789199943505346
ALS2CL,-0.9568734295735306,-0.8016388615625212,-0.31745024869093735
ALYREF,0.07641304504872316,-0.08637506095067893,0.19510636306679363
AMACR,,0.39256602863465245,0.5499098050406582
AMBRA1,0.7717899233943181,0.9203709696123371,0.5374597359369807
AMD1,-0.35369891160596706,-0.2924557218579358,-0.8954150778292556
AMDHD2,1.0316186419664497,0.23797786628295156,0.8717526050503489
AMER1,,-0.19721959436020386,
AMFR,0.3198206773973305,0.3198238293118123,0.3517242141584135
AMIGO1,,0.8330801280099366,
AMIGO2,-1.913587023504973,-2.4166709348858717,-0.7828688198763006
AMMECR1,0.21924599382781526,0.7692749013782617,-0.3401224957844588
AMMECR1L,0.5789704754104591,-0.4931190970100915,0.03184694734924827
AMN,0.9597893745580347,1.9084743719372197,-0.7972848303993697
AMN1,-0.2569156181300929,-0.13839694210549383,0.6479962554166008
AMOT,1.2262106078794976,1.7471286143450575,0.9419628393880802
AMOTL1,-2.238748952953008,-2.1332158087742252,-1.745614669578404
AMOTL2,-0.0526439257036021,-0.6225904758362394,-0.64683455467286
AMPD2,-0.2114683599712232,-0.4813567514979783,-0.5008079161253558
AMPD3,-0.4346047674522612,0.47691262347894353,1.4123488683158534
AMT,1.0534273954480604,-0.035126672972235436,0.6235511060503329
AMTN,,0.6158275619136387,
AMY2B,,0.0681303749148078,1.1117731045684667
AMZ2,-0.657314973306316,-0.7873168266852213,0.5728491409561572
ANAPC1,0.005411672207159498,-0.7398268134699184,0.054100515955099474
ANAPC10,-0.8755796124194878,-1.0453183829080894,-0.5102279658961578
ANAPC11,0.5893492553272377,0.4809523481031021,-0.32201097832377945
ANAPC13,1.0269252301088532,1.0186321388818675,0.030904425372499426
ANAPC15,-0.14570724282969652,0.4494444402410876,0.1377868219445235
ANAPC16,0.38327503531988216,-0.26176216014712034,-0.16886225239278804
ANAPC2,0.6501863022884301,0.7098477828405194,0.3710324675314456
ANAPC4,-1.3315620751783928,-1.1884398804011298,0.9413757677865524
ANAPC5,-0.6993453334277081,-0.6718918702958039,0.8234492680502074
ANAPC7,-0.25524990675214204,-0.5444273418127463,0.0524024051406918
ANG,2.2959067682976553,2.9378402712248324,1.3118609733067874
ANGEL1,,0.45622899155284014,0.43272650814650876
ANGEL2,0.2374463712692668,-0.17047610654494424,0.06731375069517706
ANGPT1,,-0.0686719395950575,
ANGPT2,-1.0885699096162698,-0.667834698565562,-0.8239782892197844
ANGPTL4,,0.05477770497515867,
ANK3,0.4539217295439857,0.2156176240447284,0.6452096384178383
ANK3-DT,,0.22225849545728743,1.1937861375971597
ANKAR,0.6351814812697858,-0.24409634837143726,0.23347334342502116
ANKDD1A,,-0.3147101325404504,
ANKDD1B,,0.2606440626057406,1.5813398141789654
ANKEF1,,0.5209732585346064,1.4895219794076615
ANKFN1,,,1.6818201086157805
ANKFY1,1.0241978235093026,0.08673661226800129,0.7851746563292176
ANKH,-1.869504952112265,-2.5361301472478495,-2.115049406582097
ANKHD1,0.3768392583789932,-0.12077973978943146,-0.22902244226959517
ANKIB1,0.8521689109708975,0.789036745494131,0.048817994729488536
ANKK1,,-0.6199692116519766,1.0913810858478061
ANKLE2,-0.498286616676953,-0.21653939221782775,-0.5562767954394778
ANKMY1,0.22089748543021562,0.4460599263094868,1.6501237955827617
ANKMY2,-0.9744932935298203,0.30507321671334486,0.7572709476223858
ANKRA2,-0.8701865989853629,-0.6177880749373311,-0.2760997702107483
ANKRD10,0.09953111738946234,-0.418376600670791,-0.41869922916496205
ANKRD11,-0.6699433705780881,-0.48034589043183235,-0.1870472686757038
ANKRD12,-0.03374283220637943,-0.5645904690558988,-0.7262608195343191
ANKRD13A,1.842437941608801,0.8063664016020609,0.8118684711024089
ANKRD13B,,-0.9247811593238568,
ANKRD13C,0.6693670440702145,0.6093095190096608,0.025249840675602854
ANKRD13C-DT,0.14361289781411496,0.0749917246032456,0.3752743986442959
ANKRD13D,-0.3021768832227593,-0.29527642079625627,1.1086326314063817
ANKRD16,-0.363030028399659,-0.5652242372763165,0.06448143237275275
ANKRD17,0.2841470946900484,0.14203452203713102,-0.7769949396686839
ANKRD18A,-0.32564292190387517,-0.25208268676294077,1.002721632528869
ANKRD18B,,-1.7955387936499363,0.4664968640210189
ANKRD2,,-1.0009398895726114,
ANKRD20A4P,,-0.048826424948247335,
ANKRD22,,0.5959200700683582,
ANKRD23,,,1.2593404290749954
ANKRD26,-0.6908422579585666,-0.9791829695807799,1.1632245102735972
ANKRD27,0.41595077121193474,0.7765587110587518,0.33194890497970203
ANKRD28,0.6039320222597608,0.7598665012228959,0.7525109681500155
ANKRD29,-1.6495482357959361,-1.6873496449594325,-1.515740086056964
ANKRD31,,,0.9958923237441156
ANKRD35,0.13919355919282245,0.6689605856139422,-0.09869929396363977
ANKRD36,0.5056001945789242,1.0918573233404663,0.7111369113718137
ANKRD36B,0.8711958583356383,1.3179304133575225,0.724545003669253
ANKRD36C,1.2875949434266367,1.5725578298767808,0.41828792019134375
ANKRD37,-0.16995740126808792,0.5084311279629702,0.9508082105897548
ANKRD39,-0.3271002017589338,0.5222113169269328,0.6396513687244079
ANKRD40,-0.1526930640240889,-0.07788175182818366,-0.1414016944355662
ANKRD42,-0.04480499093449814,-0.1008464327158114,2.337895613902575
ANKRD44,0.3465985013143372,-0.22096645615232616,0.8515429249347383
ANKRD44-AS1,,0.8051205681023547,1.973782370453833
ANKRD45,,,2.647128111220185
ANKRD46,-0.2949535046635009,-0.6707637711665173,-0.5255249979883221
ANKRD49,-0.02936527678973675,0.09125697594893473,-0.8163298868670228
ANKRD50,-0.7141259708379005,-0.7785080225704851,-1.1226751962458568
ANKRD52,0.7805041831029622,0.6868640312151444,0.3395236636984595
ANKRD53,,,1.0330864591350855
ANKRD54,0.17135936585483474,-0.0854712319485772,1.9698332329299273
ANKRD6,-1.4798744611378603,-1.9370644767173844,-1.21361502060025
ANKRD65,0.38030272012411287,0.3327402505767196,1.187279838516098
ANKRD66,,,1.9790962431981312
ANKRD9,-0.021072435595014514,0.8735148305945134,-0.8662556711225624
ANKS1A,0.4222362983810477,0.41759044066618595,1.3043253667786594
ANKS1B,,-0.7760718441803647,
ANKS3,0.19266549736362046,0.05676188578390135,0.43521069410352065
ANKS6,0.37362723023190764,0.3789850696460306,-0.010362824910714701
ANKUB1,,0.33521583331314125,2.232889628666779
ANKZF1,-0.0028785389713820906,0.2935837209667784,1.3764864602250928
ANLN,,-0.7673394411792935,-0.49718026596971976
ANO1,,0.6219347593381186,
ANO10,1.1121952657067182,1.529390957368243,-0.9372753148511789
ANO6,1.2459850962595902,0.5743334106749193,0.36478272415884533
ANO8,,1.1686030800650848,
ANO9,-0.7090831922070037,-0.5969958808238982,-0.9457867477394462
ANOS1,-1.8856085362934603,-2.2711895133780278,-1.903499907406379
ANP32A,-1.2276770815876312,-1.404318021613542,-0.8006551238979225
ANP32B,-2.0149141737180747,-3.0679284634862745,-2.589155398185358
ANP32E,-1.3450955008916856,-1.9465569685004676,-0.31230257500404074
ANPEP,3.5624012304165316,1.9774091402544975,0.3359332182505413
ANTKMT,0.920383226227006,0.9088784624692384,-1.338149015405318
ANTXR1,-0.3157031487752606,-0.6287234778625913,-0.8108210737889044
ANTXR2,0.7977966316626222,-0.14349007770796796,0.85533954895651
ANXA1,-0.5420539359435409,0.9061598103703906,0.046365867524699796
ANXA11,1.3106198793124655,0.9272698127744132,0.5229310315434303
ANXA2,-1.0207023128943198,-0.5300710753192983,-0.2255422948135713
ANXA2R-AS1,,,1.3554141986574095
ANXA3,2.1540577237104364,2.1349716237188927,0.46355790149620896
ANXA4,-0.23507836561337977,-0.6980799863987527,0.38783803161372593
ANXA5,0.8501840218750526,1.4705988823929501,0.0009420582702166099
ANXA6,,-0.6067095482709915,0.5455317452867182
ANXA7,-0.015775026027383524,0.11207613378114513,0.3413205261993523
ANXA8,-2.6119320208048364,-2.1909921040709324,-2.424399324981004
ANXA8L1,-1.8487603794867593,-1.766512189833047,-1.074784018556285
AOPEP,-2.3928020932097898,-2.2617912583445965,-2.1957220202244017
AOX1,,-0.6501562148275131,
AP1AR,0.030747597943949975,-0.1196913020790062,0.17938322665012907
AP1B1,0.3723928622878179,0.7156523113892397,0.23250536573518046
AP1G1,1.3583003575608195,1.236129573150306,0.7872277989092442
AP1G2,0.01324164793985435,-0.09957938812368945,-1.0704301446339013
AP1G2-AS1,,-0.041074288712636166,0.3150733622389973
AP1M1,-0.8963787208275098,-0.8507930510400644,0.16962677019208763
AP1M2,1.8036208378917218,1.4564093434641754,0.5679717961987806
AP1S1,-0.5348663103124072,0.3585509789075662,-1.0177867409319623
AP1S2,0.19407326927018864,-0.45742843939706135,-0.26574063534547926
AP1S3,-0.5901713281846082,-0.6655854595546572,-0.7650743040012435
AP2A1,-0.3514934438390317,-0.2156176240447284,0.4713339360935046
AP2A2,-0.3825316400397442,0.7066076757797695,0.6801775231719895
AP2B1,0.19477729930731832,0.8891838207714905,0.4890949113525958
AP2M1,-1.386046648841457,-1.057211024382932,-2.0680534530583
AP2S1,-0.8204790966727853,0.04485987845688796,-1.0133689919035591
AP3B1,0.8871252266743889,1.711776966325592,-0.16007727219247433
AP3B2,,-0.8103615097989467,
AP3D1,0.9196799959623426,1.3140771797738782,0.28766664554315935
AP3M1,0.21099740382960958,0.5862685365217473,-0.6723624581509108
AP3M2,-1.1338267008398266,-1.1241319945148618,1.52955271838332
AP3S1,-0.29327027562162983,0.44367393257127014,-0.9687260328107178
AP3S2,1.0679777541982807,1.1123527951872363,0.18781427005657542
AP4B1,1.0187657407245236,1.043454081647011,-0.09529189204245635
AP4E1,-0.10392919319149212,0.08059174279884693,0.2843299362740982
AP4M1,0.2372095109977696,0.02467616934453375,1.6710674368433307
AP4S1,0.16271917360486357,-0.8674644193392881,-0.18647208986869412
AP5B1,0.10207713168348412,0.15059032546289405,-0.5433466355712384
AP5M1,-0.3295305477825064,-0.34208208123129935,-1.1740404263685762
AP5S1,0.6728283495423925,0.37685732361782803,-0.38479289994656773
AP5Z1,-0.06048609676925623,0.5224177377839202,-0.31665775457984086
APAF1,0.4775350522951096,0.4961721534751517,-0.341719978475097
APBA3,-0.10786601587484597,-0.7996536720345332,-1.274049649908342
APBB1,-0.3431769830987453,-1.0686173385947082,1.264352796071638
APBB1IP,,,0.5719613402096768
APBB2,0.04296095358555148,-0.046662762888182045,-0.21126319588937853
APBB3,1.0277058933974847,0.34743365201222687,0.2729694117822122
APC,-0.1543241491944016,0.37125595084845353,-0.13436386672226408
APCDD1,-1.4812526002351714,-1.4642560086524627,0.6552184460312146
APEH,-0.7359907380013075,-0.30488454342130206,-0.8610577201691738
APEX1,-1.467595776108535,-2.406770813936003,-2.840101240251728
APEX2,-1.1650333040740155,-0.36258709800472366,-1.2061723253366932
APH1A,-0.11644026084533717,-0.618878275266432,-2.524828812971003
APH1B,-0.11365851707268522,-0.7944574740151504,1.3413847994985335
API5,0.11504927767612867,0.23205329093973268,-0.72258667934176
APIP,1.5824329925941762,1.0385002520449063,-0.24103115745318388
APLF,,-0.645491082170623,
APLP2,0.06533161893102664,-0.16207617379941208,-0.8654333880216943
APMAP,-0.9345447427584865,-1.0921842597054512,-1.167311028435226
APOBEC3A,,-0.22318160776380755,-0.5237952952640406
APOBEC3B,,-0.27819936945211865,
APOBEC3C,-1.9843131040429305,-1.9838110520542773,-1.9319359790387287
APOBEC3D,,0.14385401401080203,0.3559364552365046
APOBEC3F,,0.48155898271589986,0.12695280666053577
APOBEC3G,-1.020314692335789,-1.1750442618967702,-0.5216353677032419
APOBEC4,,,2.041606103759142
APOC1,0.7505610690702368,0.48439229341527695,-0.08224007921665351
APOD,0.44424252721737356,-0.7591455670369169,0.714051345892124
APOE,,0.3949014107617758,-0.07562508554447868
APOL1,0.861476507388307,1.501011863366595,0.5755152583082295
APOL2,1.2169835542067269,1.8495594927179648,0.36578977768149745
APOL3,0.7662187318500536,0.7649241503057161,0.17574652203357022
APOL4,,1.3388196236519385,0.8783839011462427
APOL6,2.227599833907198,2.145647218130648,1.0334077763594924
APOLD1,,0.7191466251702476,0.18858138194284915
APOM,-0.01992077964674165,-0.6891459489637494,0.06523666574454937
APOO,-0.3684466842513705,0.19997489484213735,1.2973000665451233
APOOL,0.6969946287185342,0.6073591558771945,0.2739473600414908
APP,-0.2983224766462067,-0.77558516119208,-0.379320619628192
APPAT,0.6556010570844533,1.2497772042740176,0.5915991220220533
APPBP2,0.5303549270092426,0.39431736377833315,0.13835747038610774
APPL1,-1.1746194675266501,-1.7172588518608254,-2.0122154180255603
APPL2,-0.1568881145131369,0.6348802203097368,1.5223098977853071
APRT,-0.7789437311146841,-0.8950826220576031,-1.4759477948698116
APTR,0.055180721146860116,-0.19630149451560722,-0.10059278777301014
APTX,-0.5724475152985482,-0.2597125635566508,0.2001016507276956
AQP1,,,1.0883101571164644
AQP11,,1.1516592358975335,
AQP3,-2.448841521186704,-2.996578721548531,-1.9282953451584333
AQP4,1.5351017258416246,1.073411224915479,0.8875655270225676
AQP4-AS1,0.6621815981202012,0.95162998827217,0.9218928177272158
AQP5,0.10670795603282178,1.0597338486780725,-1.1635952092389767
AQP5-AS1,0.13640380344974654,0.8425454967904504,-1.1849954590181158
AQP6,,-0.2638128569516162,
AQP7,,,1.8203800886974124
AQR,0.27720058435929285,0.05135098699416623,0.5074400915477434
AR,0.4605688747210659,-1.540505121114971,-1.1621133712964038
ARAF,1.2266991393494417,1.1811726887952074,-1.3902208763161186
ARAP1,-0.8240310581786567,-0.6252160248568682,0.8121304596096062
ARAP2,0.16622045388666856,-0.2720268431326027,0.25249114824091257
ARAP3,-0.14873353901605096,-1.381044067043615,-1.4987261946443782
ARB2A,-0.21901011536793435,-0.21543329241723863,0.5248761754765067
ARC,,0.03981255893695416,
ARCN1,2.1611412743470373,2.201030428095356,0.49100695653119947
AREG,-0.2702674245245924,-0.11261985365825028,-0.07675884143885199
AREL1,1.2647205506218087,1.0817795818499625,0.7517609513396397
ARF1,0.8452363871846432,1.5299712154307887,-0.44060234900235834
ARF3,1.4243650152049383,1.1530585965241504,0.3643800063692576
ARF4,1.2545386070264901,2.069371056877602,-0.7477679778828303
ARF5,-0.04273045931696554,-0.30412995869888987,-0.3042018137427338
ARF6,-0.8095651056942742,-0.1540521504864835,-0.7990984759711786
ARFGAP1,1.4958960211831795,1.4553698744975792,0.7301907400827472
ARFGAP2,0.18352415104046482,-0.4095470604173275,-0.7460247977573391
ARFGAP3,1.809508301356333,2.2832267713544936,-0.09283168082116727
ARFGEF1,0.8478725429155561,1.2905280880569316,0.22766872429066576
ARFGEF2,0.9228481250284875,1.04500741379655,0.4383197099846975
ARFGEF3,3.0146986150839665,2.8339006998283844,1.4843995786669855
ARFIP1,1.0902372791810775,1.0647998386661994,0.44871397285897013
ARFIP2,1.4371828166575418,1.9825241571852845,0.9451975546496687
ARFRP1,-0.7206790125659638,-0.9713591772429735,-0.8351415697387158
ARG2,-0.9517900069552919,-0.6748289395685644,-1.7525732536903724
ARGLU1,0.37857042160529863,-0.010626085023901758,-0.25288019567751113
ARHGAP1,0.47109255144790824,1.1096819983554194,-1.082875923950871
ARHGAP10,-0.9546917990848596,-1.4425071287930358,-1.2894723738726572
ARHGAP11A,,-0.7519577821717912,
ARHGAP12,0.7615941777913479,1.0908772137580414,-0.2383165341790733
ARHGAP17,0.42752905323599316,0.3566310724505572,0.1673335123775857
ARHGAP18,-0.6981694988287795,-0.6370848899741243,1.658265046636492
ARHGAP19,,-0.5481908613093884,-0.0977526801673156
ARHGAP20,-0.44551371163165093,-0.8236888156105793,-1.42627723074334
ARHGAP21,0.28966614568051396,0.24576660279998946,0.08772378894564548
ARHGAP22,,-1.6030496361803133,-1.394691664942219
ARHGAP23,-1.753250452971774,-1.6043528475108428,-1.3986892354629488
ARHGAP24,-1.826335610220637,-2.0035207235892254,-0.839689716626415
ARHGAP25,,-1.5530147931453444,-1.39071625895884
ARHGAP26,1.3525301271646273,2.0678409758818366,-0.31685585944433664
ARHGAP27,-0.24835658583142964,-0.10410529588652431,-0.815278682541792
ARHGAP28,,-0.31433166900439236,
ARHGAP28-AS1,,0.8857126663553562,
ARHGAP29,2.113676008207017,1.3791769374112386,-0.8040345365796694
ARHGAP30,0.2829484512199511,0.596780663429995,0.09869929396363963
ARHGAP31,,0.5884085755673588,
ARHGAP32,1.686571342922139,1.807400775137716,0.9986805021043403
ARHGAP33,,-0.2819454445667067,1.2933763141191676
ARHGAP35,0.6873383374876416,-0.18236626171499132,-0.5927217122488856
ARHGAP39,,0.6289429502556206,1.6825956339773331
ARHGAP4,,0.3685560140183119,1.2011182059349366
ARHGAP42,0.9905386928949345,1.1917306828650833,0.9573423865449636
ARHGAP44,0.3869952004616711,-0.015489197543377582,1.230712136711081
ARHGAP45,,-0.7332127935825467,0.07940465814345712
ARHGAP5,-0.5844251453073702,-0.5207669931342033,-0.1015396695169571
ARHGAP5-AS1,-0.8624781763864304,-1.3749933828462821,-1.2436729269000102
ARHGAP6,,0.3650886069850434,0.5606809836579916
ARHGAP8,0.8360557072656845,-0.0508099824087889,-1.2104730803279669
ARHGDIA,-0.04503550618756551,0.3409365947763369,-0.9221810322623083
ARHGDIB,1.9793895555118382,1.2777941176836183,-0.09226402009646717
ARHGEF1,0.13872852525265794,-0.4175904406661858,-0.6503222852821353
ARHGEF10,-0.8308411195098928,-0.6854965961242376,-0.7130791948861865
ARHGEF10L,1.6789811430461883,1.2227083764912183,-0.16733351237758554
ARHGEF11,0.3758505294054467,0.5072018169411463,0.17000906624629106
ARHGEF12,0.14640549943028397,0.14895114583433958,-0.3521251100375721
ARHGEF16,-2.03276518844331,-0.9140624987308704,-2.4138553756520498
ARHGEF17,0.49073982805406535,-0.02377540629549463,0.6923378345703228
ARHGEF19,-1.6595041764031022,-1.7009649888881764,-2.4463333484798606
ARHGEF2,-0.18282161508743525,-0.8430592874809564,-0.5553972538482626
ARHGEF26,-1.3171708859817697,-1.4096485515804544,0.7582752349862246
ARHGEF28,0.8601422916863859,0.8428023643252404,0.8412990961502771
ARHGEF3,0.09004697576490077,0.6143043536013921,-1.008970932280304
ARHGEF33,,,1.4426180999173335
ARHGEF35,-1.1479538945059078,-0.6450475172091173,-0.8648855242324578
ARHGEF37,0.9406204410450342,1.3291733823909948,0.7939235689233466
ARHGEF38,2.7443335228290096,3.0130247130204557,1.6068476472320985
ARHGEF39,,-0.9121497389066524,
ARHGEF4,-1.5680988643225382,-1.0772641695705036,0.29809010220297827
ARHGEF40,-0.0008059898861811325,-0.2189368528262815,-0.9299920021217748
ARHGEF5,-0.7314695111663728,-0.4969870823882175,-0.9564489582980666
ARHGEF6,,1.475930173582495,0.7734326285052167
ARHGEF7,1.0852442175952512,1.1110164061396208,0.6664691989432986
ARHGEF9,0.9285033479897064,0.9584499936449051,-0.0339205964674789
ARID1A,0.5964872135303974,0.17596077407922117,-0.005463964346641331
ARID1B,0.8363823735983776,0.9330991293638724,0.4497560518921495
ARID2,0.6829702657143554,0.1732177889778297,0.10135028591208
ARID3A,,-1.702497407220706,-1.313198541532227
ARID3B,,-0.025576952415626217,0.17421597586235577
ARID4A,-0.4162018753819651,-0.5633236122794495,-1.0927492520491442
ARID4B,0.3662294818388079,0.577096720173916,-0.3036098645833631
ARID5A,-0.23081926554432394,-0.13894246118981662,-0.8121304596096062
ARID5B,-1.065943370041072,-2.0724458337792466,-1.7803724152441456
ARIH1,0.05287452922717774,0.16663989807829932,0.14216295414140837
ARIH2,0.3748621677213376,-0.4957648125863043,-0.11234076939826755
ARIH2OS,,-0.339409974799437,0.15225760122559184
ARK2C,-2.2113783715666266,-2.177299137578927,-2.041606103759142
ARK2N,0.4969834318792407,0.2819454445667067,0.56288715743859
ARL1,1.5181172569509076,2.4372125361260952,-0.11196156885648151
ARL10,,-1.1106826187726733,-1.0121104057387507
ARL13B,-1.0007453612329509,-1.1520088645798814,1.5754468509449744
ARL14EP,-0.17767241770631825,-0.4600295051911385,-0.7567690902754383
ARL15,-0.15502331114714732,1.261264185604353,-1.3271598738749093
ARL16,-0.808606739039391,-0.828502254473713,-0.4008715019883718
ARL17A,0.24432117448200352,-0.4927123705009605,-0.3383263644476666
ARL17B,,-0.43890949571263876,0.1444472294643374
ARL2,-1.4635516532462332,-1.517892389039568,-0.6010522716250303
ARL2BP,-1.499430223135449,-1.5933612294152995,0.09434558951299882
ARL3,-1.5396060580636406,-1.3055835750239966,1.2605905528431407
ARL4A,-1.4012504846523397,-1.3183597597671382,-0.6021812160860408
ARL4C,-1.2545386070264901,-2.2435729133935336,-1.988532246666353
ARL4D,-2.086519870504311,-2.937840271224823,-2.329290977282177
ARL5A,-0.6080825101745015,-0.3478162862695706,-0.5900287468407186
ARL5B,-0.033512419165487216,0.0509903156103929,-0.4141787063444675
ARL6,,-0.24205585016306008,2.6228727868243933
ARL6IP1,-0.6270316430223944,-0.96159077132848,-0.6992983398395058
ARL6IP4,-0.5554390395172376,-0.1215054443512165,-0.28943443380385425
ARL6IP5,0.3691861538727333,1.1187279558755847,-0.3621661124949108
ARL6IP6,-1.77955211974061,-1.6037009013879666,-1.2404131767087492
ARL8A,0.5651381688909762,0.6077923700300671,0.14806554562910781
ARL8B,0.36524463679594427,0.4722765374387452,-0.20875923019379153
ARL9,,-0.935328177634713,
ARMC1,-0.28750547542033317,-0.6777718417448798,-0.6923378345703228
ARMC10,-0.6125212755808774,-0.5502850620167727,-0.5967692433154446
ARMC2,,0.4136634976660578,3.016676680364356
ARMC3,,1.0351092250068823,2.131198894337616
ARMC5,-0.17931028125231216,-0.8206585595426553,-0.933773143030151
ARMC6,0.41796034064560506,-0.3886784704485401,-0.6880343529454187
ARMC7,-0.558127966099383,-0.5523816788837986,-0.4354178306716751
ARMC8,-0.6462086549002983,-0.3510707408006383,-0.6146508461173125
ARMC9,0.6189232411569133,0.12077973978943132,2.819451281683497
ARMCX1,-0.856813430790812,-1.0042146064194672,-0.6212643032312041
ARMCX2,0.13454455722819275,0.4532332366398556,-1.05190255982081
ARMCX3,1.5970998380346306,2.3161710820263184,-1.2299089331012816
ARMCX4,1.088153539845248,0.08836373420282381,0.5710739900487961
ARMCX5,0.1471038274199775,-0.2060419346297366,-0.2606692716723995
ARMCX6,0.169490154099187,0.2755794409403239,-0.9829818816874937
ARMH1,,0.14549196389695962,1.790575789329376
ARMH2,,,0.6313507898848826
ARMH3,0.8705229202414348,0.15478118967164525,0.2853109911216588
ARMH4,,-0.03764973993963994,1.4670472619357788
ARMT1,0.05633392640429597,0.19593430094599953,-0.16408623328422417
ARNT,0.8505146039935072,-0.1558749028423527,-0.027134603609482104
ARNT2,,-0.34265499273103484,
ARPC1A,0.4801175976142966,0.5525914740290111,-0.2811923938400431
ARPC1B,-0.015084095374074149,0.3097935994402476,-0.37163804730881034
ARPC2,-2.462936503924424,-2.147450468950109,-2.283528119847316
ARPC3,0.8708593399929248,1.6095931351793464,-0.22824883790735406
ARPC4,-0.2683571268659426,0.3826643190022559,-0.7265061106029563
ARPC5,-0.9032829438280683,-0.060550494562564644,-1.924680091332842
ARPC5L,-0.12502307494696982,0.5261371332924033,-0.232698943816668
ARPIN,0.6682150574302168,0.4817612336302816,0.8504604282777113
ARPP19,0.05725654448026813,-0.5139725826564698,-0.7072603668114166
ARRB1,2.9376310454414107,2.4067708139360033,1.2436729269000102
ARRB2,1.767345297997174,1.1364127145907281,-0.5976700215527964
ARRDC1,1.6733513282663321,1.438441049693804,0.2052943568650466
ARRDC1-AS1,-0.04711025263029121,-0.2021802278111572,0.4944105910846224
ARRDC2,0.6748511705827548,0.329696174643353,-0.47449449298228996
ARRDC3,1.1815333703859556,0.1100827764350207,-0.4528852271600023
ARRDC3-AS1,,,1.5780591815289826
ARRDC4,-0.7293647170530034,0.11896575578693634,0.9431379576438338
ARSA,1.0118254953492976,1.44506058827585,0.8485684530557442
ARSB,,0.6983097954839251,
ARSD,0.8695142515768939,0.8510517190175767,0.6283640467036687
ARSG,0.16015283768231434,-0.18804594072742734,-0.36820822271390624
ARSJ,-2.0456575187775616,-2.588917345398597,-3.3700103375489365
ARSK,-0.9572374775595112,-1.1474746236571869,0.13417374906520943
ARTN,,-0.5677615854462021,
ARV1,-0.4569871329205219,-0.45542972425544825,-1.1980231682737292
ARVCF,1.4757568177624645,1.2027943833675814,1.0102255268190967
ARX,,,1.5319849140250963
ASAH1,2.5248258777733117,1.9942264106356091,-0.20490952379355212
ASAH1-AS1,,0.7553072252063077,
ASAH2B,,0.9759882871448288,0.5735152879094901
ASAP1,-1.0355472482974326,-1.2299666740315258,-1.207733651967835
ASAP2,0.7789437311146841,0.8193981751316715,-0.611013535726542
ASAP3,2.0666308868467875,1.7554752949521424,-0.07921565302014485
ASB1,-0.9165210709746612,-0.31527791239502995,0.8528974506249164
ASB13,0.6301180311432996,0.5751831917685788,0.5839851445981128
ASB14,,,1.2723546377267287
ASB16-AS1,0.4144446961576278,0.13985175163847574,0.5976700215527964
ASB2,,0.5540607219677968,
ASB3,-0.047571334621486286,-0.3035641338023327,0.16064982192797103
ASB4,,,1.2660306627262674
ASB6,0.6607486143221738,-0.17285215653193245,-0.5192622544130008
ASB7,0.40242953478799454,0.9143360231743232,0.9216046797512237
ASB8,0.1964204122064816,0.4696606305246302,-0.38560458507363493
ASB9,,-0.1710243398666954,0.9024705188245711
ASCC1,-0.6374371337374964,-0.4282256389008554,-0.13265298179477245
ASCC2,1.4930820533323395,1.527075058961143,-0.570630483576856
ASCC3,0.6261909376414777,0.26213493199033827,-0.44579873758553007
ASCL2,-1.6486512204083028,-1.7656555334506674,-1.7430268569532832
ASF1A,-0.8422777152359896,-0.7816819799501311,-0.8137035629670584
ASF1B,,-0.8604020311220911,-0.7206311222461882
ASGR1,,-0.06091135892285557,
ASH1L,-0.18774128214843475,-0.5698788374062834,-0.7844055808373674
ASH1L-AS1,0.07918481515388871,-0.3126291392514644,0.8271572732420588
ASH2L,-1.0749279615784886,-0.6841304416291308,-0.6435864239610078
ASIC1,,-0.6909740698289922,0.516461429930799
ASIC3,,,1.1658227689838263
ASL,1.2755546339515789,1.7291826829153671,1.2223177419190483
ASMTL,-0.08103299860817025,-0.54965654877962,-0.8515429249347382
ASNS,0.2509698870163931,0.5406715178899202,-0.4939848242143084
ASNSD1,-0.21099740382960958,-0.3411274780812028,-0.5721832481087051
ASPG,,1.8176403102055498,
ASPH,0.1971247655593372,1.585083946320438,-1.8909652453529817
ASPHD2,,1.8028084208946609,
ASPM,,-1.238065136322053,-1.1808234147723646
ASPSCR1,0.24171214859816745,0.966176183651044,-0.5684146315443543
ASRGL1,0.3571330664746531,1.6037009013879666,-0.7422970211192443
ASS1,1.409908050994165,1.1661112261355762,-1.5574545739457861
ASTE1,-0.16435285355723744,-0.38343955664782015,-0.6311208406885827
ASTN2,,-0.08818293140224633,1.6391953609698209
ASXL1,0.45137048219578885,-0.205490075413336,0.4416406708825479
ASXL2,-0.014623478959375453,0.10718412603796273,1.2042247923913023
ASXL3,,-0.8252067829354498,
ATAD1,-0.6205974886971737,-0.9242289027177688,-0.8814361846295143
ATAD2,-0.8432631189369019,-1.0159127647534192,-2.1293768911380844
ATAD2B,0.5670302716114286,0.10990158393774906,-0.2104926045452749
ATAD3A,-0.2341315330642929,0.09758864020427561,0.41479464105800146
ATAD3B,0.772100135936823,0.34265499273103484,0.42261021115896946
ATAD3C,0.8179023408155679,0.19556713379253302,-0.5337627154035316
ATAD5,-1.3854451323572028,-1.4278792141076488,-0.9937290815557347
ATAT1,-0.1903200576528639,-0.4162152810915833,0.24103115745318401
ATE1,-0.12293453972999055,0.4502415437844426,-0.3303566575288254
ATE1OSP,,0.41013469654111284,0.46439719547518377
ATF1,-0.9499804498487417,-1.4004661917627566,-1.0541987280487646
ATF2,0.1950119974247578,0.1080898564043666,-0.3287652471755353
ATF3,0.29904483863996495,0.40133487791403616,0.14692271228007
ATF4,0.2072314297573863,0.6156098733102926,-0.7882556154283507
ATF5,0.644790543954259,1.0941483344788718,-0.13531452800000518
ATF6,1.0056970495017603,1.099406617075697,0.17785169620501368
ATF6B,0.0014968387569390996,-0.15004388751158954,-0.31883759360914626
ATF7,1.145731434407924,0.3919825179871623,-1.0305197511474362
ATF7IP,0.38724340143548425,-0.12223121290914422,-0.045988642298436806
ATF7IP2,0.6161366758726996,0.2958408418932731,1.178933808634692
ATG10,-0.5770654116848141,-0.5972111258733241,-0.7815895967036068
ATG101,0.46287454414915874,1.2725152378447477,-0.33174982810148856
ATG12,-0.1182952560611148,0.4910862783796878,-0.38073826201377603
ATG13,1.1290224140215064,1.4430170682824817,0.5503481899063594
ATG14,-0.30290008277707736,-0.293019674808234,-0.0535344619249167
ATG16L1,1.2116886037983396,1.1797267184071716,-0.15492666211094924
ATG16L2,0.5444560292623883,0.21690815096492355,0.38885387382147074
ATG2A,-0.36278407086860764,-0.5607926057581705,-0.7747037537312912
ATG2B,0.5298248867517658,0.522830646298687,0.8687260428222952
ATG3,-0.5882537772753039,0.1768753957107584,-0.9004904778961084
ATG4A,1.1501820392389583,2.099407399009613,0.9582365796103485
ATG4B,0.2542983898528941,0.13766964735907494,0.04108529024907833
ATG4C,-0.19290009942509898,-0.24502418312877242,-0.4749162582212297
ATG4D,-0.926025543950606,-0.6914314608552106,-1.2774507001723494
ATG5,0.41344116833948535,1.0228773135701745,-0.13094248507161785
ATG7,-0.46697960556326523,-0.2626941580789516,0.3579445015849874
ATG9A,0.2961563226904033,0.25394226266264847,-0.9193023243383859
ATG9B,,,1.476507972223699
ATIC,-1.2311091614806742,-1.2189139612186626,-0.9615218638003317
ATL1,0.4585214446253685,0.7325060523360133,0.8474886870094448
ATL2,1.31225235451409,0.3105494989346005,-0.613513315101414
ATL3,-0.0681011702964452,0.7934701537297292,-0.9282513378311076
ATM,-0.19149264583097447,-0.004142306020266475,-0.8407623943617649
ATMIN,0.4096816346821903,0.45942898357645245,-0.8348745698318726
ATN1,0.08588581379230513,-0.49617215347515187,-0.08564345950013591
ATOH8,0.8528312870649137,-0.5578442969803501,-0.681127623335529
ATOSA,1.3758882803104786,1.3256961445659874,0.7279787761982972
ATOSB,0.09860545481609481,0.8980437305111468,0.15759682713474124
ATOX1,0.543121146035845,1.184072062676395,0.06769143344488733
ATP10A,2.03824902953167,1.0692551038941502,0.14539923265959703
ATP10B,,1.8436150678713967,0.40987154432638473
ATP10D,0.06025539393901644,0.09849347720391291,-0.7772497676278777
ATP11A,1.5087078847010167,0.9902968881297284,-0.0011304699978323934
ATP11B,0.6225529790288311,1.0326504804767678,0.4445505113453293
ATP11C,-0.14500905726324628,-0.2669843025335142,0.29848406790283316
ATP12A,1.6724181654067705,2.3939270967942963,-0.3971990461770907
ATP13A1,0.9623475372358794,1.171102211452133,0.9193023243383859
ATP13A2,1.2729615253119528,1.789254803099736,-0.9618210407076253
ATP13A3,-0.03420366367470474,-0.03152267546568138,0.6935355217595769
ATP13A3-DT,,0.5135615649337402,0.6375721110296899
ATP13A4,1.4791864443254155,1.0632137853912824,0.11309921900128622
ATP13A5,,0.5014751152720729,
ATP1A1,0.06971698182709461,-1.1436563027797184,-0.9090014344791146
ATP1B1,1.2626736796030547,1.4174743025000127,-0.27394736004149095
ATP1B3,-2.3808770710854246,-2.185073467795776,-2.386980934324561
ATP23,-0.9474522832228458,-0.974829051377587,-1.608906440655134
ATP2A1-AS1,,,0.8817140721486839
ATP2A2,-0.6641900632326934,0.2067778445716786,0.9204528921479768
ATP2A3,3.0871096921140264,3.288873660235062,1.5728452276039924
ATP2B1,-0.04157802178042546,0.0852904745501246,-0.8242428862959649
ATP2B1-AS1,0.9973315942904458,0.9356071354900878,0.07713678192517508
ATP2B4,-1.9745135275566268,-1.6122299388580583,0.6797027032907657
ATP2C1,0.7453826612917421,0.9258865195655601,0.5442203675796561
ATP2C2,0.76683657685631,1.4616304476298836,0.6787535228992464
ATP5F1A,-1.5217722934581919,-1.8129624027092768,-1.2556018154962099
ATP5F1B,-1.8130711097897376,-1.9231449546213104,-1.1800670666688042
ATP5F1C,-0.9685865978091699,-1.071171014477006,-1.559994102740026
ATP5F1D,-0.5868854215491834,-1.0110967815259484,-1.2432647353973607
ATP5F1E,1.2131293091560709,1.2423397832135605,0.5666439577096996
ATP5F1EP2,0.28079191572950046,0.4795375548822821,0.0896153267994248
ATP5IF1,-0.6445070773937083,-0.16828368385049916,1.1999562196506668
ATP5MC1,-1.2881226805406865,-0.7670977107882673,-1.3663535468670247
ATP5MC2,0.13059519459563776,-0.6703127705000238,-0.3906834023199293
ATP5MC3,-1.6309830757083208,-1.9151942178590702,-1.7395944951720828
ATP5ME,-0.3576240030845501,0.30130180379106536,0.10419142554134732
ATP5MF,-0.06440854754038144,0.1816338321076844,-0.004333480965099195
ATP5MG,-0.5959370641932532,-0.8617066367320939,-0.29375951691153507
ATP5MGL,,0.311116540001518,-0.13911840509883758
ATP5MJ,-0.08496131558967204,0.06885246562315601,-0.020161409793962835
ATP5MK,-0.1978292167220715,0.12749498517220442,0.07751473342996129
ATP5PB,-1.1852439887361488,-1.1265066145080407,-1.1230291009015698
ATP5PD,-0.6172507267288414,-0.8279946737352444,-0.7967671275330663
ATP5PF,-0.6702316172877393,-0.5601604156800883,-0.48633621942858035
ATP5PO,-1.0137484434348933,-0.911331005604564,-0.6171562195724805
ATP6AP1,-0.029134895457219416,0.6043298396812056,0.72258667934176
ATP6AP1-DT,0.6864636760181,1.044696545706271,1.9246800913328426
ATP6AP1L,,0.17779016532832465,0.7475188131152408
ATP6AP2,-0.4700635703475498,-0.5220049183187467,-0.6973748283732658
ATP6V0A1,-0.2750475033625539,-0.04540072820953487,-0.7946984475118498
ATP6V0A2,0.5255899023408755,0.7654068511791362,0.8340739269536852
ATP6V0A4,,0.6563985020742896,0.62584117437071
ATP6V0B,0.5970375434622012,1.6994365545617551,-0.3138855870318113
ATP6V0C,,0.42862045938305243,0.19798765761367804
ATP6V0D1,-0.48944148973430174,0.18694618018107184,0.3712343123280259
ATP6V0D1-DT,,0.7061454091059384,0.14045023497171538
ATP6V0E1,-0.5195185605510146,0.18877924071684254,-0.785431118041511
ATP6V0E2,1.2296364964140118,0.5875522370981089,0.6655284270876048
ATP6V1A,1.2126487943514022,1.019237467870142,0.9112821618549561
ATP6V1B1,1.6197662495570393,0.4166081034047806,-0.0641038295053617
ATP6V1B2,-0.41720655473190466,-0.5390047109480003,-0.7216085558466698
ATP6V1C1,0.016235650626355548,0.19318118751040844,0.20683399382716464
ATP6V1C2,0.633773338583679,0.21156400857295982,-0.07241330014002167
ATP6V1D,-0.376839258378993,0.5559515146370564,1.3321765975550286
ATP6V1E1,-0.8198343974745995,0.38150189342819135,-0.6338824395071718
ATP6V1E2,0.33220617897920557,0.002521399125471245,-0.21338297054545846
ATP6V1F,-0.8759175211715525,0.17394912339680038,-0.30163746754625215
ATP6V1G1,0.9370423115682511,1.508835955094716,-0.47829343122406975
ATP6V1H,-0.3280721075316511,-0.35279519166281925,-0.3154693860255152
ATP7A,1.2223128462290016,0.6802665817672023,-0.33972326085536775
ATP7B,0.5981387462518437,1.4204314594175957,-0.05900706324473128
ATP8A1,1.6146572811938542,0.06722781143830224,-0.34591753486951093
ATP8A2,,0.7846187918906333,
ATP8B1,1.7260620929749286,1.7734125684972493,0.3823593624084106
ATP8B1-AS1,-0.40168053061836806,-0.687092061914261,-0.9340645530499228
ATP8B2,,-0.8340998051596622,0.8226561680988288
ATP8B4,,,1.0321231467988004
ATP9A,1.7436927629547503,2.052800116601274,1.7243969952560274
ATP9B,0.25310931730857256,-0.055318823479820436,0.13284306085467415
ATPAF1,-0.08218825344008575,-0.4446677889102285,-0.2600845479654644
ATPAF2,-0.47624497408198235,-0.164083790993743,-0.6221786338606209
ATPSCKMT,0.48089298526052726,0.23853372049877727,1.0263632690075348
ATR,0.4752134819939563,0.4690574164843642,1.051247529656915
ATRAID,-0.9470916107789358,-0.9679009590582586,-0.548376289172949
ATRN,0.130130698777244,0.3255155466613387,-0.1543546282215415
ATRX,-0.04365245013508779,-0.19740323425458184,-0.3038071691391412
ATXN1,-0.14617273931549976,-0.6430530426781259,0.9768912976016363
ATXN10,-0.9901626492011786,-1.4888993797269412,-0.5350667106966416
ATXN1L,0.12038261267085894,-0.6258730853838873,-0.41274213570701107
ATXN2,0.7514769947397387,0.043778218158842246,1.2400066338442446
ATXN2L,-0.0192297988574757,-0.49759849571426634,-0.14197263150837777
ATXN3,-0.5182012415619975,-0.8229305433103249,-0.8027336776771613
ATXN7,0.903282943828068,0.499637885911188,0.20356284659705798
ATXN7L1,-0.6399786261008736,-0.17486342231866323,1.2057824528225378
ATXN7L2,,-0.05495807602006991,
ATXN7L3,0.31352545008488425,0.6723433493913207,-0.25872053801790046
ATXN7L3B,0.8191900388500035,0.6759601320818133,1.052885952184431
AUH,0.649333084996588,0.23908964842507818,-0.3545316767450362
AUP1,0.9763461204918024,1.274541373874813,-1.1725404140473845
AURKA,,-0.5551109173516515,-0.7050844758635342
AURKAIP1,0.4046779045300476,0.8719333859750245,0.056553619414222364
AURKB,,-0.9818042529043882,
AURKC,,0.8580574234914505,
AUTS2,1.2844360242126533,0.920646081758613,0.011304938364139578
AVEN,-0.3882364441089301,0.14349007770796796,-0.1187896959259937
AVIL,0.6253506746104758,0.03548709704561869,0.1661872141440232
AVL9,1.0835858642158567,1.0824264428851023,0.5363716164548572
AVPI1,-1.6406371396204074,-2.006208307731367,-2.406972345620585
AVPR1A,,,0.907293987237082
AXDND1,,,1.64499940463965
AXIN1,0.01347195128266728,0.0818566066202727,0.15302007854484417
AXIN2,1.6138098725066226,1.0667066454497711,-0.9190148724977558
AXL,-2.0569852621226774,-1.9981885656424092,-1.6200035733091442
AZGP1,2.5192862386173536,2.545213015581807,0.26300906014269343
AZI2,-0.2966375698010507,-1.0225734756317513,0.9955830039055283
AZIN1,-0.22987336992217597,0.29885268488928196,1.5549250499557523
AZIN2,,-0.6175701229969235,1.3083055503471637
AZU1,,,1.3483663253009537
B2M,0.7683824717822845,1.2967655021686864,0.3251876091338184
B3GALNT1,-1.3920895948378034,-0.6359821687374965,-1.2821514115212052
B3GALNT2,-0.36795381643409,-0.42211440427175967,-0.5222830900258248
B3GALT4,1.2257223688854726,1.6979120800276557,0.6744897501960817
B3GALT5,1.7468609513029019,1.2230887871360263,
B3GALT6,0.4544323332151065,0.4482493199474863,0.04315965797012253
B3GAT2,-0.2712229428965926,0.4833799514727503,-0.6925772925162211
B3GAT3,-1.2247467664613452,-1.02439792188333,-0.9645175172069863
B3GLCT,-1.4542073139516989,-1.5838201163537904,-0.6290527968071485
B3GNT2,0.41093416666896526,0.8609236975268663,-0.47871596087694857
B3GNT3,1.4980142965873982,1.940603692666873,0.1694356314647004
B3GNT5,-0.3956965607700744,-0.079146341892506,1.1492546496718163
B3GNT6,,2.9659317022260643,
B3GNT7,1.2667727341774073,1.5207482121960199,1.0694282825674182
B3GNT8,-0.933120174571837,-0.7495704794664354,-1.250232378341313
B3GNT9,-0.4842563494244665,-0.29339569521114656,0.010739669141520804
B3GNTL1,,-0.6326786322150062,1.4517452246406972
B4GALNT2,,0.37260693358446156,
B4GALNT3,2.1245491161740104,2.1420615078301584,1.2622604553321748
B4GALNT4,,-0.7334484553879339,
B4GALT1,0.9022445695087248,0.8443447390119776,-0.12866241769823752
B4GALT1-AS1,,1.2814696893997048,0.8853328273933071
B4GALT2,0.7478170609172979,1.1063545930040608,-0.8681766135192717
B4GALT3,1.3254399798805976,1.270494312352805,-1.0900149595349249
B4GALT4,0.19806405557696932,1.352177822338961,-0.05391182936124068
B4GALT5,1.184314805097061,1.3055835750239966,-0.4104863859818045
B4GALT6,,-0.4652410102092269,-0.18014914946152732
B4GALT7,-0.037890585159955796,0.4244781612168551,-1.0318022554533053
B4GAT1,-0.7548407987423368,-0.7741262130296723,0.23889809066004156
B4GAT1-DT,,0.10211363922775295,
B9D1,0.5600126175272677,1.3102433586506537,2.1574819776380387
B9D2,0.4485674986034496,0.8905217358333464,1.7776215910711495
BAALC,-1.2340625290020606,0.5909801854789021,0.23366696518793395
BAALC-AS1,,,1.0982424899521752
BABAM1,-0.04457447806222165,0.6725691403359828,-1.0751197762870337
BABAM2,0.5247968934147411,0.43316571928850384,-0.46355790149620896
BACE1,0.36967924577285705,-0.5703025942222759,-0.5494715258318676
BACE1-AS,,-0.17084158972274097,0.034863211932614
BACE2,2.041939265078605,1.9525800434954392,0.2845261253219292
BACH1,-0.12363065810551588,0.00936532373113805,-0.46607676604784
BACH2,,-0.9339344786547857,
BAD,-0.15525638195545247,0.49800620795052736,0.3858075460358644
BAG1,-0.3556607724156682,0.47086757174947896,-1.9995376682125123
BAG2,,0.4730820816539342,1.0470007803579413
BAG3,-1.6971692009108554,-1.0833975845391615,-1.1770484026601475
BAG4,-0.4767609101370696,-0.7112386827001895,-1.2933763141191683
BAG5,-0.5327419559199089,0.04630217405546722,-0.29434972515656294
BAG6,0.13663624225287474,0.31717124732367125,0.7164846819293218
BAHCC1,1.0245869864072905,-1.0015344937780661,0.4104863859818045
BAHD1,1.0273154834928946,0.9367236957656688,0.6415019219521502
BAIAP2,-0.6914270690456698,0.7026832037329717,0.23444153992440633
BAIAP2-DT,,0.8333349660623454,1.810589299643337
BAIAP2L1,1.2276770815876317,1.207261342600196,1.2576766526742449
BAIAP3,,0.25915377232778714,1.7185929585338624
BAK1,-0.7808165015728828,-0.0943318830952479,-1.0594680980433038
BAMBI,0.23010982451360953,0.5517524392469957,-0.4470476587978227
BANF1,-0.6504708132368837,-1.1646905548225572,0.3146773878607965
BANK1,-0.49151922816252624,-0.7814375500208935,-1.0417997934846461
BANP,-0.18141681347549196,-0.4042646654161849,0.2731649805201979
BAP1,-1.3741103027155999,-1.212879142742247,-1.77397462205289
BARD1,-1.1564514311955758,-1.7768946631380573,-2.0009305039226923
BARX2,,-0.04287687375561628,0.743290084590726
BASP1,-1.179684147176416,-0.12513493497883874,1.1191438547241614
BATF,0.7730312197368685,0.3441833073172864,-0.5313744104938743
BATF2,,0.3710630086745731,
BAX,-0.3217602114698574,-0.578160704835916,-0.6352650525633581
BAZ1A,-0.4154486415235675,-0.4640372383523846,-0.21261203295586834
BAZ1A-AS1,,-0.1874960321078178,-0.41294730787159223
BAZ1B,-0.4582656511346593,-0.7070700934982795,-0.24899143293205409
BAZ2A,1.0538285609539253,0.72311749412047,-0.22090633609895086
BAZ2B,0.7390132633968676,0.3727999865881445,0.08507616162377797
BAZ2B-AS1,0.6264711235661338,0.07390812715060653,0.12980236703433756
BBC3,0.3297736892341021,-0.016389810708457277,0.14958962456736133
BBIP1,0.718888759847256,0.28438251352684646,1.9405318014231465
BBLN,1.008756536581306,0.8557175232987374,-0.5664227484584552
BBOF1,0.5578588920944514,0.7724261865880324,2.3466769110305914
BBOX1,-0.3872434014354844,-1.1248098102177875,0.3113135900089782
BBOX1-AS1,,0.10573514000865294,
BBS1,,0.8926657220974114,1.079495706009452
BBS10,,-0.4963758547925704,0.7118649529490114
BBS12,,0.3622024521634299,2.0355860249904003
BBS2,-0.48399743501452863,-0.5354677047831689,1.2580922703235395
BBS4,-0.8367091292065754,-0.7036056335201255,1.6975267739614692
BBS5,,-0.41975300347884187,1.4676001460835009
BBS7,-0.7153151460488693,-0.33883769637186467,0.9475563003660605
BBS9,,-0.188412578057774,1.8164428611453247
BBX,-0.7478170609172978,-0.6546123906299229,-0.9906467776635588
BCAM,-1.7863237508190242,-3.134003892094607,-2.0179553566061124
BCAP29,1.439125963969554,1.536974849907588,-0.0020725293716392576
BCAP31,-1.282337178222971,-1.1120185117296244,-0.8029937407369034
BCAR1,-0.547663717433721,-0.019812268199468613,-0.8501899598051739
BCAR3,0.8511760472416231,0.542965833828896,1.094462341606904
BCAS1,1.2301270883643913,2.329540776993182,1.1373023655750036
BCAS2,-0.9095337656064485,-0.6804935861616843,-1.3167769255744097
BCAS3,-0.04042563946153902,-0.4795375548822819,1.7219024460117827
BCAS4,-0.03397324703869827,-0.17577786743970084,0.5078687381287874
BCAT2,0.09235940170336437,-0.3122509225112333,-1.122321432147694
BCCIP,1.368214857428804,0.7601069003903494,0.7772497676278777
BCDIN3D,-0.11620841474394235,0.2180146044148858,0.4625092429375116
BCKDHA,0.5751624399863294,0.47167258035719833,-0.05561007861470753
BCKDHB,-0.13872852525265794,0.13021900354874974,-0.934356042411868
BCKDK,0.3127998813178481,0.18438094890484297,-1.407259104345275
BCL10,-0.3140092542863792,-0.23946030808739285,-1.0754556552633046
BCL10-AS1,,0.30752696071918795,
BCL11A,-2.1424866621154774,-1.9208609055113006,-1.479315833581936
BCL11B,-2.343400363171229,-2.2759649024232025,-2.1731971252419204
BCL2,-0.8987903246734728,-1.6399274070502927,-1.5980039743096914
BCL2A1,,0.6265304162293754,0.16389527107420387
BCL2L1,1.4750729718278492,1.6276136164483261,1.4210864054994148
BCL2L10,,-0.30526190086589045,
BCL2L11,-0.2664478080052291,-0.4526345743150191,-0.25482600837787694
BCL2L12,-0.8363823735983776,-1.1793656110071846,-0.3251876091338184
BCL2L13,-0.25001939829403536,0.12259412130966711,0.05353446192491656
BCL2L14,1.7281085530944464,1.9018396165555962,0.08848036604439978
BCL2L15,0.6812266838498809,1.6310093528364735,-0.03335504170850531
BCL2L2,0.5290301053091676,0.7929767835491397,0.5790764602801766
BCL3,0.9645452711909055,0.22059736990169188,-0.4131524974209182
BCL6,0.7511716161681746,0.18328193636642917,0.28276081711358453
BCL7A,-1.6567726077375848,-2.131466545763149,0.07392463349314098
BCL7B,-0.33658962986101393,-0.07661728629921111,-0.5813059437642482
BCL7C,-1.5115888366934251,-1.3971128033643527,-1.7039283822187403
BCL9,0.3728865412740293,-0.19942371395027064,1.01652250249804
BCL9L,0.43182244668444547,-0.5043363986320053,0.3581453854916813
BCLAF1,0.5261187586115703,-0.3226683813527657,0.40720901651860736
BCLAF3,0.8367091292065754,0.5150005071495578,0.3235988855496907
BCO2,-1.5403598239425165,-1.082750043309626,2.0296388270473487
BCOR,-0.8044623663382598,-0.7924836063148357,0.2902204075750445
BCORL1,,-0.7203133483675465,-0.25560460327496265
BCR,0.3635220093710762,0.6873201283463898,-0.2798205908047343
BCS1L,-0.982297823411149,-1.265665141808948,-0.7378372581904374
BCYRN1,-0.2841470946900484,0.35471247965203423,0.8870069376195877
BDH1,0.023375832868458124,0.6015218609161681,0.8558829304018322
BDH2,-0.44449670661253404,-1.3648669551686738,-0.2931694109786632
BDKRB1,,1.9838110520542784,
BDKRB2,2.553753498464918,2.156573099939035,0.9639176945453131
BDNF,,0.6395136089578418,
BDNF-AS,,0.035667310808137495,0.2639843963918944
BDP1,-0.3728865412740293,-0.32950602159053255,-0.4246712182801672
BECN1,0.8301908845863977,1.667495049140158,0.7928911383695977
BEND3,,0.3923715102435099,
BEND5,-0.3810454829717761,-0.6816291346642206,-1.7095876405242583
BEND7,1.118629772297356,1.238065136322053,0.4685985911874939
BEST1,0.8644841152152665,0.300359621895766,0.5381129131249764
BEST4,,0.9267162827012504,1.307419274473025
BET1,0.9338322217759004,1.2737302919471254,-0.08167294283482741
BET1L,1.5792195192835747,1.8290324937228255,-0.037502702717491655
BEX2,-1.073697684835326,-1.6249104778272554,-1.6710674368433311
BEX3,-0.5103160768459727,-1.6255851494195044,-1.3145384633220933
BEX4,-0.19571615628700517,-0.7622724736167382,-1.4164471817000337
BEX5,-0.3763448479035834,0.4636361305333744,-1.1319228596401756
BFAR,-0.3060357843271403,-1.2013107188469783,-1.7943327602051033
BHLHE40,0.30024912235448503,-0.21635502388895558,-0.831408969387738
BHLHE41,-1.89523290515416,-1.628291262691769,0.37810610414447765
BICC1,,,1.8425559769554922
BICD1,-1.191777131512135,-1.1244708377887893,-1.427320018938694
BICD2,-2.0291429740456643,-1.979960173426171,-1.3390720948766452
BICDL1,,0.8262198183339999,0.18570528071052272
BICDL2,2.1517203741065165,1.9748709110660516,1.0502658292722793
BICDL3P,,1.4527780586811847,1.5338150258115875
BICRA,0.7814413671252864,-0.017650691637285547,0.18340550638079237
BICRAL,0.9147700585102834,0.4536324351051281,0.4888825723499611
BID,0.5795151651943365,0.32475604548465486,-0.8613307160787302
BIK,1.0683851617052198,1.3722176610606798,0.28943443380385425
BIN1,1.158251055825561,1.1931974124388622,-0.6306610423742603
BIN3,-1.039491902582096,-0.7841288537315793,0.8588760583038152
BIRC2,0.33537135933400347,0.6428315923618015,0.13740641458721983
BIRC3,0.8146890120747272,-0.3080934718400845,-0.5389841733696416
BIRC5,-1.5456608575752382,-1.197982105853613,-1.1926342967862367
BIRC6,0.8003317650997286,0.7907590015428873,-0.07279111783737408
BISPR,,0.26735758976800306,-0.044291208984345125
BIVM,0.11180451104423199,-0.15459892217791732,-0.0988886273092895
BLACAT1,,0.009905648059795658,
BLCAP,-2.9937090408604856,-2.3489874011372547,-1.1145738703169692
BLM,,-0.3865428184049086,-0.02374209522819917
BLMH,-2.049404271540995,-2.046911625132074,-2.583812243197302
BLNK,-0.9634458225287506,-0.5150005071495578,-0.8564265646756604
BLOC1S1,-0.16201915822987742,0.94485396080335,0.03655999839824873
BLOC1S2,-2.0885547941876297,-2.2303821057473194,-1.7785370376576672
BLOC1S3,,0.19042953754189657,-0.09302090770144161
BLOC1S4,0.46415653488534164,0.32912575121730375,-0.05447789492799586
BLOC1S5,-0.7870789595994407,-0.47006286816667586,-0.586892351067539
BLOC1S6,-0.5240042143768053,-0.48398729712369476,-0.9101412063797848
BLTP1,0.7861376268179433,0.630919567532798,0.246465758505153
BLTP2,0.9525147030256503,0.8849131455052273,0.5250924250837249
BLTP3A,1.1778389492698533,1.5737993643609984,0.20221653846881704
BLTP3B,0.21288151030130356,0.0250364801293446,1.0744483819457322
BLVRA,-0.012320441469710723,-0.15222990981425558,-0.4217863111777514
BLVRB,-1.5856628903560628,-1.0341864631304234,-1.226304296282128
BLZF1,-0.28366758840767625,-0.32115096349417066,-0.25794131998923364
BMAL1,-0.12432683639524726,-0.04810517936396081,-0.5657592869152548
BMAL2,-0.5600126175272675,0.2836324669135327,-0.5584775354576457
BMERB1,-1.5954531777134822,-1.072130445833965,-0.24297126095787405
BMF,,1.4318839477746985,0.5595789199504118
BMI1,-0.11922290593788304,-1.0846940317035734,0.21666087645456247
BMP1,-1.1216484494446175,-0.7685487664511451,-1.5283400061343144
BMP2,-1.0655370223400897,-0.8557175232987376,-0.916144519013035
BMP2K,0.0005757070310280628,0.23112831665009814,1.388242749161496
BMP3,1.548709626098187,1.2442903296506385,-0.026192210512113692
BMP4,-1.4339562447988605,-1.8396880175353685,-0.6584912939688097
BMP7,-2.618973635613691,-2.1109674310345676,-2.6000688768298907
BMPR1A,0.907098679273843,0.16791835898199134,0.5450945152477854
BMPR1B,2.0550789199187247,1.2458541821581979,-0.07713678192517494
BMPR1B-DT,1.5602726976699757,0.8183908040637358,0.3949574051006238
BMPR2,0.27122294289659243,-0.2526404677167444,-0.2249625368584521
BMS1,-0.5277062114877459,-0.5096612078096027,0.017900060340176136
BMS1P14,,0.806615718497971,
BNC1,,-1.2704943123528043,
BNC2,,-1.5387375883871615,-0.6126038616017379
BNIP1,0.4054278153820249,0.6577394609028746,-0.13512438598838575
BNIP2,-1.2982186283185557,-1.8446012866679744,-0.8690008558364469
BNIP3,-0.08334361797202498,-0.9976758715449471,0.9588331342203255
BNIP3L,2.0494042715409946,1.3098185659012855,0.7096819576605456
BNIPL,1.4410745604111375,0.2658646637851788,0.45999453341039365
BOC,-2.1030471916876454,-1.7454738038960067,-1.7640652977663618
BOD1,-0.5863383869410849,-1.1013863287208854,-1.4588072741414364
BOD1L1,-0.007253971807210425,0.1986889002961986,0.14254361486364142
BOK,0.9550550884859481,0.5473538542494308,-0.791344075130711
BOLA1,-0.4119366565469624,-0.3118727504325688,-0.2398675311443025
BOLA2-SMG1P6,0.5037692784960733,0.41091843178022813,-0.0905612155553795
BOLA2B,-0.22821854681172957,0.37202785785182607,-0.43355427269607244
BOLA3,-0.5216281488810383,-0.32912575121730375,0.013189196209810074
BOP1,-0.699051284181665,-1.0534393547493979,-1.1499843170047432
BORA,,0.14949749435888512,
BORCS5,0.5583970805193073,0.4060242033875316,-0.5188310936668703
BORCS6,-0.1143538697262815,0.1929976988969349,-0.8956964389943683
BORCS7,-0.11180451104423199,-0.6423887862697208,0.7648218568678038
BORCS8,0.24764416234508518,0.9994549250136393,0.9337731430301514
BPGM,1.2390088677642326,0.5618467543324842,0.5864447661609268
BPHL,0.7387107073207347,0.8811895011896625,1.0070920125824545
BPIFA1,1.7020500799819533,1.2992746493195488,0.30282076445479644
BPIFA2,,1.7446481879347906,
BPIFB1,2.2248553412521033,1.9574500195780165,0.5224990461559361
BPIFB2,,2.1602729624184227,
BPNT1,0.6789051239793384,0.5294493825093345,-0.1606498219279709
BPNT2,0.8092455675613893,1.0104964314674898,0.13189271341046807
BPTF,0.14477634446514293,0.17029337349818563,0.4616706821944153
BRAF,0.5662191222566876,-0.2102749536967451,0.3754765632909027
BRAP,0.527970916195507,0.04576130207975847,0.42632132334929485
BRAT1,-1.4256362813563945,-1.5352168742910686,-1.2295076286798816
BRCA1,-0.9597893745580347,-1.1790046573293087,0.5931709574907524
BRCA2,-1.16095754766169,-1.362129364040673,-0.8670785403594005
BRCC3,0.582241199364199,0.6300407670877322,-0.5797450026461424
BRD1,0.307966941586315,0.15241211103634758,0.22341688468388723
BRD10,0.25358490328866734,0.12985574570657743,-0.5381129131249764
BRD2,0.18048047809933515,-0.07282461647274226,-0.08526525786469848
BRD3,0.12432683639524726,-0.8058679181129766,-0.5214195088998017
BRD3OS,-0.11412207938142678,-0.7746123458700899,2.6937391267983237
BRD4,-0.008635712322659434,0.10899567545071363,-0.37770138964552347
BRD7,0.09259067125857631,0.09161868438791554,0.11366809887827015
BRD8,-0.5836058394451611,-1.0695741496944722,0.37729673700227223
BRD9,-0.9005161039925513,-0.4988218809245982,-0.3130939829440753
BRF1,0.1638860432860504,0.188412578057774,0.9826764867936352
BRF2,-0.6122434998085456,0.21377463633703767,-0.5931709574907525
BRI3,1.4288245679492362,1.3657817623373918,0.494623508129227
BRI3BP,0.008635712322659575,0.7543493781599957,0.25540994004207934
BRIP1,,-0.8041248003466063,
BRIX1,-1.5343540250313095,-1.78127780444044,-1.3446346895766592
BRK1,0.06902446912876513,0.028279429080094336,-0.5730711616824461
BRME1,,-1.1153669575403882,
BRMS1,-0.44144844291051155,-0.2528264121611199,-0.5171074137404664
BRMS1L,-1.4384776446093472,-1.724383703696052,-1.6833721726410578
BROX,0.7808165015728828,1.2600681559887614,0.319630637577136
BRPF1,0.21029105732136139,-0.012427202381766742,-0.3789157190504685
BRPF3,0.9413375128758679,1.109348705015622,-0.2770785608840767
BRWD1,0.419217178692206,0.034586045403288745,0.21376848687547242
BRWD3,0.39694204612913114,0.44566208466429225,0.41746551440540586
BSCL2,,0.624340363775719,0.7703870131037452
BSDC1,0.5340693950377287,0.7519577821717912,-0.807945305823647
BSG,-0.4411946063839214,0.23334858875988637,-0.4961145561603194
BSG-AS1,,0.21580196299879728,0.8035140298568593
BSPRY,1.671486456608457,1.7682294021872238,0.408847152313774
BST1,0.3329363087174991,0.2582226333118768,-0.20798904319150038
BST2,-0.3268572736219206,-0.7196131968948231,-1.1373023655750036
BTAF1,0.6716736872127527,0.14094305289761747,0.45873826963550773
BTBD1,-0.16855577065400104,-0.04251634578865454,0.7331455956258229
BTBD10,-0.7696205110254807,-0.6610970468583834,-0.8709263879065942
BTBD19,,-0.5141781240786742,
BTBD2,-0.28798550803118605,-0.8630127106145647,-0.8303446385303996
BTBD3,-0.7739629741737228,-0.0014407984721269353,1.478753328200868
BTBD6,0.5393886059167768,0.5215921877944428,0.1574060640194096
BTBD7,0.0678703546899079,0.34036401935770133,0.11746158065723687
BTBD8,,0.24985234516244978,0.6116949145081695
BTBD9,0.7536166108291877,0.6512690455533297,1.6935608261778476
BTC,0.9334761390135083,1.0785520436517084,1.4236770230613516
BTD,0.40692832185203953,0.7651654784569685,0.5529807254819368
BTF3,-1.5840458758327707,-2.63820855026465,-2.235174529417479
BTF3-DT,,,1.2203317297795317
BTF3L4,-0.1795443009280337,-0.6101770911572677,-0.15416396149117537
BTG1,0.036738369221486086,-0.28775971061496564,-1.0343723688257642
BTG1-DT,,0.6406188195396351,-0.24394165531551443
BTG2,-0.6748511705827548,-1.011397093254358,-0.6835055690718218
BTG3,0.3173979495897577,-0.573271767135478,-0.37426380524719466
BTG4,,,1.3127524244767645
BTN2A1,0.4993297740415997,1.1586787560291376,0.774195153537871
BTN2A2,0.44984114385513596,0.6067095482709913,-0.04561142361619269
BTN3A1,1.5094269486706418,1.2450718752805519,0.21743248556327058
BTN3A2,0.5369930812419969,0.9610190157575326,0.30262351890084543
BTN3A3,1.2555509512890017,1.1231162382519941,-0.017900060340176136
BTNL9,,1.5700820072977268,0.6498567981458292
BTRC,0.3595886131043916,0.32703511299881477,0.8629700416614001
BUB1,,-0.8446019967569592,-0.44642311115008887
BUB1B,,-0.8624901045148596,
BUB3,-1.7291345030250336,-1.6979120800276546,-1.125865417004965
BUD13,-0.7514769947397387,-1.3076981387431883,0.3353352327309987
BUD23,0.23649900996836853,1.0743729659743457,0.8618769005703001
BUD31,-1.025755407233213,-0.2110115135608081,0.5209878641558621
BYSL,-1.1871054324239363,-1.1534087896601815,-1.4582614535680452
BZW1,1.1351415108808964,1.521894022007681,-1.0427728301200085
BZW2,-1.7784314140379336,-2.0116273638306144,-2.251504884537103
C10orf143,,0.25245453200708773,0.5055123337576235
C10orf67,,,2.165272710077292
C10orf88,-0.24479572103559233,-0.2058579745936171,-0.08583256490837478
C10orf95,,0.21174818792073963,1.8809261876571526
C11orf16,,0.9012830374596729,1.956886673138502
C11orf24,1.080278066282222,1.6344240012826998,-0.32240787886153427
C11orf52,,,1.4549956164981457
C11orf54,1.4535447044550303,1.4038354030860627,0.7272422462503312
C11orf58,-0.9292123396387353,-0.6770921902134892,-0.5257413213171049
C11orf65,,0.19648510122312457,1.5393364128865787
C11orf68,-0.40943120545603573,-0.3541371566519532,-0.2969084823805369
C11orf71,1.7069718471192492,1.290942354581889,1.339534062787536
C11orf96,0.3263714751934513,0.038550892538195825,-0.23521625534340512
C11orf97,,0.8825179693253629,1.9543363288177356
C11orf98,,0.8292640260728674,0.22322371576181127
C12orf43,-0.05056861848788566,-0.484189785342264,-0.31250040863262685
C12orf54,-1.7695451693052284,-1.2223281427050479,-1.8047971269689573
C12orf56,,-0.49454328298076555,
C12orf57,0.21429508588259763,0.8191462544386892,-1.10376906955226
C12orf60,,0.3861547076634568,1.187661171195252
C12orf75,-2.001081985541176,-2.1349716237188927,2.7008999628904604
C12orf76,-0.18328996234203607,-0.8580574234914505,1.2444899321634808
C14orf119,-0.6481961966494534,-0.7084582549003287,-1.3043253667786587
C14orf132,,-1.2725152378447473,1.1202017905579815
C14orf28,0.22207749100143798,0.3109275152063278,-1.019369330238259
C14orf39,,0.8991224511257225,
C14orf93,-0.94313231374962,-1.2909423545818897,-0.584432085381079
C15orf39,0.6127990986230148,0.6635640197512526,0.14482801498459202
C15orf40,-0.5460591710293622,-0.28869840202305824,0.11215116711155457
C15orf48,1.064319033543252,1.1271862451379882,-0.009232300834003445
C15orf61,-0.5616296174702641,-0.8825179693253632,-1.235952426557414
C15orf62,1.1355802172213938,0.9633079273046647,
C16orf46,,0.3904271412310241,2.0926541822084506
C16orf54,,,1.269397131349565
C16orf74,-2.6642054390291414,-2.1529025253158705,-2.8735452221317384
C16orf86,,-0.3124400252946126,0.3377278967552037
C16orf87,-0.63828383965043,-0.6506012504275336,-1.8323642285344834
C16orf89,2.955308587276272,2.022646153142288,0.7378372581904374
C16orf95,,0.20549007541333583,
C16orf95-DT,,1.1481706631701918,0.8814361846295147
C17orf100,,0.8932023600318703,-0.8591485423693173
C17orf107,,1.785695437161667,
C17orf114,,0.6848133591115889,1.1322804743441677
C17orf49,-0.2937511132156551,-0.12241266509414872,-0.5639912718905422
C17orf50,,,1.4923847280803668
C17orf58,1.0022663401985472,1.5596656497614847,0.9564489582980666
C17orf67,,-0.3287455284315333,-0.710651759667783
C17orf75,-0.5388560000252055,-0.33540634768047767,0.6517195931572876
C18orf21,-0.7609788015444173,-0.550913792707655,-1.0483054588902616
C18orf32,0.8275934465743267,0.6705382537847009,0.5097988044913844
C19orf12,0.05102977873314138,-0.8756268281744216,-0.5082974780448857
C19orf18,,1.0534393547493979,1.0005436088568624
C19orf25,-0.055872635397067716,-0.07517233270544067,-0.24665998513972187
C19orf33,-0.37387417208911455,-0.10827101309490403,-1.194939564430263
C19orf38,,,0.9823711835226283
C19orf44,,0.11697082518871893,1.7087758193310576
C19orf47,,0.2653049694559875,-0.4033228098725492
C19orf48P,-1.3276604407514165,-1.542277479792976,-3.4310170023247935
C19orf53,0.45290087696583253,0.4294103009098077,-0.01997296022777058
C19orf73,,1.1412351186210739,0.316657754579841
C1D,0.7836308041132306,0.7775329975043367,-0.02393056038722253
C1GALT1,0.5076947479573916,1.1520088645798814,-0.18340550638079237
C1GALT1C1,0.8782856891571557,1.308545603641086,0.33972326085536775
C1GALT1C1L,,,1.1691749963797247
C1QA,,0.5544807267298145,0.2772743508467481
C1QB,,0.4019205590814231,0.2733605597065187
C1QBP,-1.6336009253660002,-1.9574500195780158,-1.0667618836432002
C1QC,,,0.2669119165031388
C1QTNF12,,-0.2768891676243394,
C1QTNF3,,,0.9857345725758483
C1QTNF4,,-0.3637413577350909,0.7643171087630862
C1QTNF6,,-0.34839033317147594,
C1R,-1.5800213587675283,-1.9323829450227354,-1.1830965223192145
C1RL,1.0578495822605627,0.371834860336466,-0.8097745652249937
C1RL-AS1,-0.46672280926815213,-0.6337790422721904,-0.7012244421248524
C1S,-1.3975720484607652,-1.7086674129046604,-1.626334422857109
C1orf115,,1.3768497656942267,
C1orf116,0.5487341986495948,0.4120945082483952,-0.3083484568102767
C1orf122,1.0261451921633757,1.466891702613411,-0.8580589884344512
C1orf131,-0.6496174382107316,-0.5957049906962304,-0.7874846750415627
C1orf141,,,1.1079362319432398
C1orf159,0.8426060922231169,0.7172819011895304,0.560901478096856
C1orf162,,,0.2923827618041065
C1orf167,,1.252140279402687,
C1orf174,-0.9525147030256503,-0.9107855226220098,-1.3418482022181564
C1orf198,1.884247794841802,1.3703730374151986,0.765579344604867
C1orf21,-0.6925974013112832,0.558686175109551,-1.0437468550560975
C1orf210,2.2331396958516225,2.1510780614448444,0.11271998609456421
C1orf216,,-1.3127970949263992,
C1orf226,,1.7725453959145656,0.39129353556235824
C1orf35,-1.4895811357927418,-1.1593838526197668,-1.379407682180148
C1orf43,-0.32855817659676795,-0.0892677916551735,-0.5106572212950553
C1orf50,-0.05495008895024883,-0.07192175626652876,-0.36961997659481527
C1orf52,-0.8628122583972576,-1.1316165946720296,-1.0266823687157518
C1orf53,0.8651535348383795,0.5507041916245403,0.1751725191649206
C1orf54,,0.03170286522801107,
C1orf56,-0.6042083972292199,-0.39042714123102423,-0.5457503994156901
C1orf74,-1.307906822991146,-1.4184586435621327,-1.1945549122302492
C1orf87,,,2.1874022925144545
C2,3.2190470866053116,2.6561675140161163,1.042448374908299
C20orf96,-0.6576008136912227,-0.1928142167810919,2.634806710931882
C21orf58,-0.3635220093710762,0.0937891884366268,1.5774050892837315
C21orf91,0.5346006341685386,-0.9988615559211184,0.20625657270430012
C22orf15,,0.9336559565017373,1.8038376295892469
C22orf23,,,1.992631035983796
C22orf39,0.7867651045474882,0.1874960321078178,0.37183993751400674
C22orf46P,-0.05241332497949041,-0.4017253167165079,-0.015261934184629762
C2CD2,1.1510748978371113,1.283108847472466,-0.0073481195470680594
C2CD2L,0.41319035146770033,1.0856675647885792,1.5651035600148604
C2CD3,0.3055531735721131,0.14003362358065466,1.6277501653844075
C2CD4A,,0.9187217572615699,
C2CD4B,,0.7273344099580292,0.6542846357968966
C2CD4D,,0.08872534847585978,
C2CD5,1.243985707660086,1.0487457380232736,1.1880426766559542
C2orf15,,0.34685979596819894,0.669295062200192
C2orf42,,-0.22706076675076067,0.6911411396858519
C2orf49,-0.46390007577097536,-0.22170471901941455,0.2272820244526454
C2orf49-DT,-0.11597657488888549,-0.690288254188718,0.5938450499264506
C2orf68,0.8396539609266489,0.6588578306726762,0.5140946627433195
C2orf69,-0.5549017364070772,-0.3915935850345994,-0.5777401512022257
C2orf74,0.3566422159254393,0.09559827896144715,0.21569654637971203
C2orf76,0.366968348747477,-0.03692883990887993,1.0247693355746204
C2orf88,,-0.8277409633479216,
C2orf92,,0.6390717434326881,1.4906656131269072
C3,2.626147555942906,1.577538597475933,0.001318881765578995
C3orf18,,0.21082736287780673,0.791344075130711
C3orf33,0.9036292850895347,-0.031162299005610208,-1.4159335909899173
C3orf38,-0.2807919157295006,-0.4171974574570958,0.013754482390554735
C3orf52,-0.10161417125848937,0.5969958808238982,0.3291630215545258
C3orf62,-0.5211005344910512,-0.44924520898661857,0.03976533066803309
C4BPA,,,0.6001496673575267
C4BPB,,2.177299137578928,
C4orf19,2.2060982035162557,2.4856118837725987,0.9732542802382698
C4orf3,0.6673516491038,0.3974338413376467,0.9355227946425616
C4orf33,0.2822294603316149,0.6180060562285078,0.9149984890648033
C4orf36,0.014162865647282861,0.09957938812368931,0.5023035694108848
C4orf46,-0.4488221693820447,-0.4696606305246303,-0.6521856452267352
C5,,0.07517233270544081,0.6103324405064541
C5AR1,-0.6075285077436897,-0.591838257177133,1.1903353497445015
C5AR2,,0.7841288537315796,
C5orf15,-0.5640578754637756,-0.285695480441515,1.1219678084512386
C5orf22,0.5353977759044543,0.8356309491537988,0.6820783387446914
C5orf24,-0.5226838136357951,-0.8596199702322894,-0.8287499034462659
C5orf34,,-0.6388508574575652,
C5orf63,-0.10879256783996634,-0.0268380837456273,-0.34972058096133357
C6,,,0.8971043098555358
C6orf118,,0.8598805987585157,2.2283544932015236
C6orf120,1.181070685905157,1.676237802522167,0.6610677729650278
C6orf132,0.025448996111960477,0.3760840211121543,0.6426596339008706
C6orf136,-0.777696733919614,-0.7763152546173995,-0.4476723808695786
C6orf141,-0.6887972764758916,-0.8809239941532757,-0.5597992782851391
C6orf226,0.301935851839915,0.6101770911572677,0.9817608515156792
C6orf47,-0.743256179716165,0.10972039504855356,-1.551777070267301
C6orf52,,0.10519182763960987,1.7990648785181929
C6orf62,1.1169093813115962,1.0265307615402999,0.31368766758858646
C6orf89,1.4006360951147074,1.3904527574820755,0.28472232532182307
C7orf50,1.6441859204843676,1.1968755130921802,0.7597831017909874
C7orf57,,,2.329290977282176
C7orf78,,,1.2614250643904688
C8orf33,-1.0442469437569377,-0.8854460965170219,-0.6858873860748819
C8orf34,,,2.2759288138875906
C8orf34-AS1,,,1.4001941024023241
C8orf58,-0.7499508016291438,-0.9176236692441393,-1.399190505745156
C8orf76,0.6847159263387623,1.381511602442719,0.5797450026461426
C8orf82,-0.47366719093018606,-0.33502533111192956,-2.007953566857715
C8orf88,,-1.255301964664726,
C9orf152,1.6424089445234258,1.7982537755853578,-0.31289611259338457
C9orf40,-0.858476672106892,-0.7459975120681729,-1.800016152404491
C9orf43,,,1.3340091987603222
C9orf72,-0.8674995633175215,-0.9550344383254863,1.844617461844592
C9orf78,-0.5024625148166597,-0.8171327568783117,-0.7813339055447175
C9orf85,-0.021763442481792034,0.11080758262673705,-1.52955271838332
CA11,-1.4723444622240107,-1.497134036971002,-1.1013470516753037
CA12,-0.4899607259387146,-0.07246346530782516,-0.5681931999435084
CA13,2.5785389659031326,1.5099612495621682,0.530940499088848
CA2,,0.6337790422721903,-0.3235988855496906
CA5B,0.7520879622312064,1.1295690628886326,0.988494753018966
CA8,1.4840173497861944,0.013327775813540705,-0.7353659442715331
CA9,,-0.4602297159240392,
CAAP1,0.8658233423810897,0.5549008293272398,-0.052779749868680455
CAB39,0.9785739468339972,1.2713020595292466,0.982981881687494
CAB39L,2.78647738323122,1.7364566932307546,0.7782695846554492
CABCOCO1,,0.49332249085514573,1.671829095638699
CABIN1,0.17603503064548254,-0.34418330731728625,1.2183505192961908
CABLES1,,0.5667039137207066,-0.34611757002830434
CABLES2,,0.11715216316164034,
CABYR,,0.28157065982775087,0.4437187452726953
CACFD1,2.5598037683688286,2.9118918305006747,1.1710430353555301
CACHD1,-0.577609501631148,-1.7188346231211615,-0.2212924833326743
CACNA1D,,0.6673845807564683,1.1891882318515332
CACNA2D1,-0.3600799822491863,-1.409162301692569,-1.3199219014653043
CACNA2D3,,-0.9742499244722325,
CACNB1,,0.5565822204686475,
CACNB3,,1.2632615872881843,1.4753880802838266
CACNB4,-2.0725118658006423,-1.786583158219179,-1.882032304717571
CACNG4,,,0.7104092465338575
CACNG6,,,1.7404506646096438
CACTIN,0.4167041624802949,0.09089527944898369,0.01676942066090819
CACUL1,0.9352577385127161,0.6845856844779109,0.7410567202051611
CACYBP,-1.8324726765295065,-1.5207482121960199,-0.26827887426721686
CAD,-0.5498053090462526,-1.0195402724601281,-0.4606229375148154
CADM1,-1.1290224140215064,-1.5806715607632145,-0.8872861977144622
CADM2,,-0.75770488090166,
CADM4,-0.561090454516473,-0.3535619508461833,-1.077810213539375
CADPS2,2.006224152698474,1.8515555700753343,-0.24879709408904116
CALCOCO1,0.8881496350391063,0.7853540524835686,1.0095980309103405
CALCOCO2,-0.2927895058235412,-0.9991581964935674,-0.8063795183493825
CALCRL,-0.36327600789421227,-0.3587430421462964,-0.8011744377878882
CALD1,-1.892465164671819,-2.196988501535575,-1.8853645448114977
CALHM6,,-0.38906696106885885,
CALM1,-0.7123440988679268,0.740774314179817,1.459900221008426
CALM2,0.6270316430223946,0.3213406002201126,0.9213166182697605
CALM3,1.02809646000778,1.497134036971002,1.0398566734369132
CALML3,-1.8238999280282215,-1.1629180146572862,-1.3760007305337976
CALML4,0.24906913539279316,0.8617066367320939,1.217954850673673
CALML5,,-0.1097203950485537,-1.283438351626796
CALR,0.5907195983833201,1.4145294893825975,-0.23773505828748692
CALU,1.6904031659311338,2.196988501535576,-0.4115114671510417
CAMK1,-1.8047933333094452,-1.9929126219873428,-1.3808727176956066
CAMK1D,1.367041459961161,1.217779052827501,0.2912031270327215
CAMK2B,,-1.0954600659944866,
CAMK2D,2.3848144955890365,1.7413575596406943,0.8954150778292556
CAMK2G,1.316622808448278,0.9944224481070326,-0.4797726592385201
CAMKK1,,-0.1801692647497726,-0.12239564355139991
CAMKK2,0.8840575712531142,0.8774780351241606,-0.66788146390032
CAMKMT,-0.08357470417997566,-0.35759086091721404,-0.8928860094145162
CAMLG,-1.0122097855390377,-1.4130616716860684,-1.3340091987603226
CAMSAP1,-0.9285033479897064,-0.5224177377839202,0.9311540120712257
CAMSAP2,-0.41670416248029507,-0.8269801516491151,-1.3892311332334275
CAMSAP3,1.8924651646718196,1.5037956207038117,0.2839375909995339
CAMTA1,0.2121748821722651,-0.10211363922775295,-0.6144232763248391
CAMTA2,0.9235534122531637,0.5006583602775726,-0.8066403455721709
CAND1,-0.10207713168348412,0.0796883476932828,-0.02223440375171235
CAND2,,-0.12931089105497026,
CANT1,1.7458029406781201,2.4166709348858713,-0.825831682387673
CANX,1.4180429456854688,1.4517440597008417,0.4203451744572077
CAP1,0.022454459760564628,1.1998296940214082,-1.1891882318515339
CAP2,0.7135317618253326,0.7186802099436065,1.5644626416314673
CAPG,-1.156002109866333,-1.1443493022440534,-1.6545508798410933
CAPN1,-1.726062092974928,-1.1880750295171336,-1.7812923575784498
CAPN1-AS1,0.05564199435792599,-0.36624391962610653,-0.7665900121388093
CAPN10,0.11157278744080361,0.6002274699833011,1.0108534207576494
CAPN10-DT,,-0.061813554630705175,0.010551246838817854
CAPN12,-1.1488444679970469,-0.5327674505344685,-0.4203451744572079
CAPN13,1.5633916791774922,0.6640129940396547,-0.8794928743092469
CAPN15,0.4508605856166488,0.6017376906959787,-0.10551757718382775
CAPN2,1.2902372253133545,1.4273802300499825,0.6091979104454218
CAPN3,,0.19611789442545385,0.6768569938522235
CAPN5,1.6799246361486195,2.209223852875147,0.9576403658203297
CAPN7,0.3524734400304771,0.7474255538612279,0.4143840004457929
CAPN8,3.3143101428861494,2.8877673079027066,0.2751212439782104
CAPN9,,2.171553575653816,1.1456154553773321
CAPNS1,0.23223849657686546,0.8541601894508403,-0.03976533066803323
CAPNS2,-1.952357896820219,-1.6553235332161063,-1.9505344841239594
CAPRIN1,-0.16178583743023592,-0.4618320669374344,0.4503815337536585
CAPRIN2,-0.12200647449510733,-0.36008785587790426,0.5784081766316677
CAPS,-0.25192060252632875,0.001620898430106434,1.357778513670169
CAPS2,,0.34494776596468396,2.897769391809874
CAPSL,,0.6470445610014582,1.6741199103662043
CAPZA1,-0.5298248867517659,-0.11280110100825533,-0.7142944890871051
CAPZA2,0.1517611979904051,-0.2479946765789151,-0.8499195535124515
CAPZB,-0.9557820456971636,0.14713030421387957,-0.6514866202018108
CARD10,,-0.4644384208430794,-0.6155614438542854
CARD11,,1.0587869998451893,
CARD14,,0.15150115539740924,0.24471813618389898
CARD16,0.5540960819437503,0.3834395566478203,-0.7525109681500157
CARD19,-0.8749040946561707,-0.6923466771883524,-1.6911939848663993
CARD6,0.6777457155301854,0.8669397974576921,-0.941082353621635
CARD8,0.16225248784994806,0.5022922049321001,0.3192340904966027
CARD8-AS1,,0.6267495866695336,
CARF,-0.17837430060860127,-0.5942002056315729,0.8053367575219715
CARHSP1,0.9105790264412785,0.6026012903295553,0.08431980701203574
CARINH,1.0635079174143516,0.5440096495629052,0.7017063741681902
CARM1,0.37066569942608674,0.38033998312383416,0.19856411304959198
CARMIL1,0.9707976394216505,1.1316165946720291,-0.09832063787947848
CARNMT1,0.5557077512066878,0.6694111778975591,-0.9848161798147452
CARS1,-0.3827794149579175,0.3956803497079731,1.3507081652051327
CARS2,0.48581051858473606,0.14804066367115684,0.16351336457635826
CASC15,,,1.7981152298646284
CASC2,,0.8549385971906523,2.862038300576212
CASC3,0.3807978720174455,-0.3782111457897537,0.1394989026370073
CASC8,2.0273418048399154,1.9394212532542348,0.8637905746739313
CASD1,0.9499804498487417,0.35720690604990174,1.10238426750475
CASK,-0.16738799815971378,-0.08999109011670792,-0.4422638925622394
CASKIN2,-1.3752951379849292,-1.556633995693936,-1.8283402895774907
CASP1,-0.8458948749368164,-0.9069747020813231,-0.7734326285052167
CASP10,0.7073076909791304,0.8464043687484526,0.8951337875310239
CASP2,-0.44500515158852966,-0.6210608863886706,-1.6810455934501203
CASP3,-0.41093416666896526,0.19134659297295278,-0.6780420387460733
CASP4,0.9514278463072023,1.358042017077249,-0.2164679943492191
CASP6,0.3140092542863793,-0.17230375117185576,-0.9437260054245572
CASP7,1.7618827276970888,1.9358901117311225,0.7944401016499012
CASP8,0.5637879049802815,0.11733350498701242,0.6688237142879726
CASP8AP2,-0.4237473010009243,-0.8133663484243246,-1.1117731045684667
CASP9,-0.009556881663180214,0.2255825921537543,0.7972848303993697
CAST,-1.1355802172213938,-0.8918612468463805,0.5368067879705998
CASTOR1,-0.3375646060073914,-0.492509037811889,-1.240819924688595
CASTOR3P,,0.7019917735934772,1.4918111998153383
CASZ1,0.8749040946561707,1.1714598276925083,1.1725404140473845
CAT,-0.6587447130588931,-0.9624489945789441,0.8482984188284395
CATIP,,,1.8954889004812565
CATSPER2,-0.25239604562907103,-0.8031298292858653,0.539855842946488
CATSPERB,,1.8426306389720835,
CATSPERD,,0.940360610335092,1.8765245765217213
CATSPERE,,0.4508395592050455,1.6355956885443867
CATSPERG,,0.9547503115389768,0.7218530219682616
CAV1,-0.6598894750481583,-1.5627117067637752,-0.7998765576566426
CAV2,-0.5455246346946511,-0.9745394470688081,-1.8582120633489485
CAVIN1,-3.376195646914706,-3.5202769419134654,-2.2106579722927338
CAVIN2,-0.8070111093995914,-2.2325537385508083,-1.3409216846517562
CAVIN3,-1.3422557323153856,0.0367486179145034,0.28256472623990264
CBFA2T2,0.03742969283378157,-0.25915377232778714,-0.5199091766062728
CBFA2T3,,-0.9858952678582243,
CBFB,-0.19618564942597427,-0.29508830134120595,0.24763125805866842
CBL,0.2315288227669342,0.4572284857633106,-0.28845221790314063
CBLB,-0.5978633775993186,0.4367291272666297,-0.013566053184201567
CBLC,-1.1815333703859556,-1.0183296143129852,-2.4425952622968063
CBLL1,0.36327600789421227,0.18639638476929457,0.35192465502793613
CBLL1-AS1,,-0.21690815096492355,0.7892842653415139
CBR1,-1.994307027655389,-1.5446481871259239,-1.0463491089436743
CBR3,-0.561899260173675,0.09596013442492958,-0.624466740324425
CBR4,-0.4975046043961072,-0.49739467061446396,-0.3571411102922013
CBX1,-1.4515606953102504,-1.5049123935860989,-1.266870934219264
CBX3,-0.9214389258947069,-0.965601896895148,-0.36196493757177206
CBX4,0.4427180527039324,0.31773946927330077,0.045988642298436945
CBX5,-0.5200457405522407,-1.5488179379955649,0.4700710322253616
CBX6,-0.30772548425752366,-0.6134345885752337,-0.4343823344211919
CBX7,0.44068701858093356,-0.07138006832975635,0.7818453389714511
CBX8,,0.8206585595426553,1.252293274535786
CBY1,-0.9849126626887722,-0.6488218797610974,1.5473955677782731
CC2D1A,-0.4723794797771343,-0.34552124224598596,-0.2519076487142372
CC2D1B,0.17463193172916916,0.3094157160888688,0.245688944856995
CC2D2A,-0.6239512163533174,-1.1170458793957585,2.5733421249741615
CCAR1,-0.7724104227977335,-0.5894796058663383,-0.6459058222571107
CCAR2,-0.4539217295439857,-0.10446745941864605,0.8742348352930063
CCBE1,,0.10845217333872186,
CCDC102A,-1.1126228002311445,-1.6202083565481618,0.9087166759764406
CCDC102B,,,1.3285247567619545
CCDC106,-0.09721711910816204,0.13821511157072844,-0.3961798716590247
CCDC107,2.1957187420213025,2.2391325753734934,1.0958351293388389
CCDC110,,1.6004513506682008,0.8461403673143783
CCDC112,1.215536095986832,0.8086120620115562,0.991262485027323
CCDC115,-1.2444850884819287,-1.2083818530469714,-1.439956397691847
CCDC117,1.24298787560978,0.5381718689878591,0.4658667479072211
CCDC12,-0.11319497918673838,-0.9105128827343859,-0.9996116217532391
CCDC120,0.10161417125848923,0.08962943502461625,-0.9630186102446044
CCDC121,,-0.2537562656576231,1.28644950789033
CCDC122,0.1401237174880622,-0.19446579029619057,0.705809401487245
CCDC124,0.31521908669414783,0.409351213142603,-0.2965147012923639
CCDC125,1.5618302892299143,1.8214114821058875,1.4821354066798527
CCDC126,0.037660137996889685,-0.09161868438791554,1.0206372423000718
CCDC127,-0.047801879403576684,0.2841949868908708,0.3551336388409209
CCDC13,,,2.43158133269353
CCDC134,,1.1467791396188107,0.5969943924547357
CCDC136,,0.41916301933714956,1.0667618836432002
CCDC137,-1.2678008294970247,-0.9885339417822956,-0.730682772785423
CCDC138,-0.19735957172721486,-0.44129046198652366,1.896625897373587
CCDC14,-0.7245658432190141,-1.4430170682824817,-0.45059006685746283
CCDC142,,-0.43257235356239016,-0.01846538867051687
CCDC144A,,0.43653101502309755,0.08980449810929805
CCDC144NL-AS1,-0.27767922101245784,-0.2980994710180806,-0.9030368949448556
CCDC146,0.05079919726008807,0.28963734788432516,1.6137369949766998
CCDC148,,0.30620548481516824,2.5581472936085827
CCDC149,1.1829229437989355,1.6718504522569266,-0.724055162320451
CCDC15,,-0.8672020785636904,0.6500895241064477
CCDC150,,-0.24706616351895858,
CCDC152,,-0.9256100734834664,0.02166903266214648
CCDC157,,0.24855188700750777,2.7638392381396555
CCDC159,1.4994302231354484,1.198351296277588,0.4250836359801624
CCDC160,2.004504202718984,2.194980922867816,1.7649590070784016
CCDC163,,0.6364231643593417,
CCDC167,0.5364611611325978,1.1782832104289578,-0.3880411680063564
CCDC17,,0.7927301708306335,1.6435431979782131
CCDC170,,1.1607957777147782,2.052322772771475
CCDC171,0.22160545175748428,-0.055679578138836144,0.8137035629670584
CCDC174,-0.3770864981566478,-0.5419226093490891,-0.9314447110577379
CCDC175,,,1.1846153299001092
CCDC178,,-0.5599497354069964,
CCDC18,-0.8671641242301146,-1.023789394485907,0.13493424886192582
CCDC180,,0.9217472278888889,1.7658541283197275
CCDC181,,0.6555051849534732,2.0461702100515042
CCDC184,,,1.4420849418123756
CCDC186,1.429463970848598,1.5253434949238396,0.23192468373152952
CCDC187,,,1.731102111637866
CCDC188,,,1.2630967281078274
CCDC190,,1.2917715529381255,1.3446346895766588
CCDC191,-0.4036783771990629,-0.07318577713643604,2.4539137157773028
CCDC22,0.00495110042131827,0.7022222130028698,-0.6491588313219319
CCDC24,0.5632480872358296,0.695325145717265,1.3349271817850479
CCDC25,-0.33853990314114296,0.6622178985264255,-0.22052022180169364
CCDC28A,0.3334231604736614,0.6188782752664319,1.2800112180139354
CCDC28B,,-1.4579715038197978,-0.11954871287262078
CCDC3,,-1.4867204390056807,
CCDC30,,-0.021613652289428624,3.3700103375489143
CCDC32,-0.09559763072450464,-0.03873112679130003,0.6940148752345529
CCDC33,,,1.6186055009077824
CCDC34,-1.6789811430461887,-1.636481972797944,1.5022107325233427
CCDC40,,1.1000660419283617,2.686713810833985
CCDC43,-0.3652446367959444,-0.28494515347261096,-0.19376231451157455
CCDC47,0.21759509998628807,-0.11878437901367234,-1.3687534125127263
CCDC50,-0.06025539393901644,-0.6384091789843409,-0.6507879133718297
CCDC51,-1.8024508167629352,-1.7529584509768352,-1.3312619723669263
CCDC57,1.0831717412571775,0.800894045637353,0.4059811316254626
CCDC59,-0.8803194747126762,-1.5440546964442399,-1.5205116167127009
CCDC6,1.4346003649167143,1.1754035362997495,-0.32856637949528633
CCDC60,-1.971288736356333,-1.0660706124947859,1.4620913617103126
CCDC61,0.11644026084533701,0.2787610306163573,0.7683605673113724
CCDC65,,0.8389551686052633,2.3125818494358135
CCDC66,-0.4034285584077323,-0.9754085054135985,1.1477971476970183
CCDC68,2.444249405690584,2.203064952162172,0.3323470982153714
CCDC69,1.5195768360098725,1.2470290741127357,1.4798788074266185
CCDC7,,1.006005362774307,0.575737619259955
CCDC71,0.18586659390176669,-0.022514370270726104,-0.2016396615963935
CCDC71L,,1.0003456390431664,0.3206222253660563
CCDC74A,,-0.6782251167424166,2.1168167184993107
CCDC74B,,,2.1080454351309488
CCDC77,-0.6320852242677942,-0.5815698667404375,-0.5168920618400699
CCDC78,,0.5679731959912895,1.7128462449447566
CCDC8,,-1.3932994969592727,0.6629443350474225
CCDC80,0.7880209903347359,1.2372903547757073,0.9402025968303107
CCDC81,,,1.9480154974012907
CCDC82,-1.3377344884362445,-1.2769796647475324,1.0152598866864269
CCDC85B,-2.122354349449536,-2.694887426943434,-1.346964763449569
CCDC85C,-0.19454261191834685,0.10881450451054028,-0.8335404619488104
CCDC86,-0.6413923534810707,-0.8257131947121583,-0.9499203298026919
CCDC88A,-1.7651539465360109,-1.7708150386877257,-1.3511774229964957
CCDC88B,0.1659869722707192,1.1972442144551934,0.923623255589689
CCDC88C,-0.0722564836695727,-0.2148803414258013,1.5411873447305673
CCDC89,,,1.6810455934501207
CCDC9,0.052182727042512415,0.12840288518728482,-0.13417374906520943
CCDC90B,-1.2252344219011295,-0.9590203404396656,-1.734484063918607
CCDC91,-0.8383442493139552,-0.3067717660212145,0.5697438071295108
CCDC92,0.7554533170575165,0.12822129674080088,0.7341319704041512
CCDC93,-0.1736967235832489,-0.3274151224677023,0.22631542339824476
CCDC97,0.33366661598380015,0.26176216014712045,0.47196566991709793
CCDC9B,,0.85701688857171,
CCHCR1,-0.6267513586800095,-0.8549385971906523,0.907862842222328
CCK,,1.8204662599876782,
CCL15,,,1.3172254105144614
CCL17,,0.5358834747737947,
CCL18,,,0.8437172598596454
CCL2,-0.6917195632771882,-1.0817795818499625,-0.7590289526666477
CCL20,0.8561487976287422,-0.1403973813674653,-0.17995765886828766
CCL26,,-0.6843580453247079,
CCL28,1.9179154950443076,2.540645381932825,1.3493021733635753
CCL3,,0.7140246198363892,
CCL4,,0.5498660290550915,0.2649599838291183
CCL5,,0.3483903331714761,0.26866952560962154
CCM2,-2.030950750379059,-1.4532956411523257,-2.5294195813612577
CCN1,-0.5137290578660062,-0.8790671806186794,-0.4625092429375118
CCN2,-1.2565645839295843,-1.085667564788579,0.5287724386433016
CCN3,,-0.16481399718488823,
CCNA1,,-0.6880045422716101,0.7607893066885152
CCNA2,,-0.9985650032180875,-0.6417333955182306
CCNB1,-1.479186444325415,-1.2843404821855677,-0.47639310269342805
CCNB1IP1,-1.938605610373074,-2.6100452434532304,-3.0750560199018175
CCNB2,,-1.0204492476394298,-0.9138536596031893
CCNC,0.8925995537381298,1.3205101463546958,-1.0067792048494368
CCND1,-0.6031031739405806,-1.3956804346277547,-1.7694488367742753
CCND2,-2.3089517954692407,-2.8544630793496237,-2.0632804629310684
CCND3,0.536195257996146,0.0753529432597369,-0.6849341930508616
CCNDBP1,0.2199537024601106,0.12949250499887593,0.9594300302526798
CCNE1,,-0.27483123802535453,
CCNE2,,-0.9956042918720011,-1.3488341016666974
CCNF,,-0.4393061503106254,
CCNG1,-0.15548946119790036,-0.10392421924381713,-1.7421668410368167
CCNG2,0.3795601670289659,-0.11842163718389637,-1.3030032205799713
CCNH,-0.5716338609039787,-0.3768573236178278,-0.5065830779135533
CCNI,0.20746671649696677,-0.5511234179966479,-0.7125933720420526
CCNJ,,0.47388793296987397,0.3841843024558935
CCNJL,,,0.736601038891892
CCNK,0.2008829778752207,0.28475759681005214,0.022234403751712487
CCNL1,0.01992077964674165,-0.6622178985264255,-0.5983459235823333
CCNL2,0.0997625463279574,-0.1340342578611521,0.20741148391986014
CCNO,2.1493947210031177,1.743000514587076,0.8764457928675559
CCNO-DT,,1.7275785997530206,1.5555564981986247
CCNQ,-0.5778816107296736,0.4676505800584012,-0.7497629703479779
CCNT1,0.5045537496813397,-0.00810457732456513,0.10987625214141424
CCNT2,0.4592890052209766,0.6075757487003212,-0.03467468638822851
CCNY,0.7582131656737993,0.6401766414769307,0.5954189829928879
CCNY-AS1,,0.44924520898661846,0.7000203238267844
CCNYL1,0.021072435595014375,1.083721525571307,-0.20317814958741334
CCP110,0.8150099661238989,0.4630346086123867,2.5026390355160166
CCPG1,0.9281490271344248,1.2493840363903714,0.12068736758143804
CCS,0.28318814733906944,0.412290576376864,-1.9104650565780037
CCSAP,,-0.7242875671705368,-0.9720447987821706
CCSER1,0.281271032645729,0.35452069228238187,-0.8372797166191507
CCSER2,1.572841053494205,0.9818042529043879,-0.12353469235356564
CCT2,-1.3035858501160242,-1.3432457480185316,0.12334483979569524
CCT3,-1.4958960211831789,-1.7141200402271255,-0.41705441740546245
CCT4,-1.7363676322494308,-1.7275785997530213,-0.39781074891606305
CCT5,-1.2966157343508988,-1.1797267184071716,0.08375257273075777
CCT6A,-1.7322233228486519,-1.7751509253605289,-0.2673024248629713
CCT6B,-0.008866003940270225,0.9507805978922427,0.9081473799091769
CCT7,-1.6257806541877369,-1.6740400994770086,-0.03316652583524053
CCT8,-1.3711566230383765,-1.303474833002713,-0.30301802179093823
CCZ1,0.09883686250761943,0.6230277689156889,-0.21839717908490958
CCZ1B,0.3674610379834657,0.6112622026647013,0.5171074137404664
CD109,-1.5381011450572042,-1.0138028787705349,-0.46376769435701776
CD14,0.8386715423369753,0.3020557418912593,-0.04447980629459265
CD151,0.9039757347773223,1.2888732324660594,-1.31409156055863
CD164,0.9965745566196005,1.751286703839732,1.0447218712285258
CD164L2,-0.23957871498569233,0.002881599935215522,1.5163346413356114
CD177,,0.3418911356892392,
CD200R1,,1.337056496625796,0.5813059437642482
CD24,-0.03950377233127188,1.7125569466078523,1.0092844319823444
CD274,,0.37917858606534444,
CD276,0.6064210617843339,0.8886491002259208,-0.8803253144969657
CD2AP,1.2781563481781848,1.498239689466272,0.5857736089780875
CD2AP-DT,1.8083257868103875,0.6344396567830413,1.3030032205799713
CD2BP2,0.10578161125927239,0.5766713092359755,0.4715444931225516
CD2BP2-DT,,0.32741512246770216,0.782612872800586
CD302,1.3035858501160242,0.2712793665829015,0.4300383163133058
CD320,-1.1723272709935768,-1.4491658301388084,-2.0165141343610435
CD34,,0.09451278748093486,
CD36,,0.9841399588944483,
CD37,,0.022514370270725965,0.3172521064905443
CD38,,1.4179663012927883,1.8571540775908844
CD3D,,0.8056187514485904,
CD3G,,1.1227779102279212,
CD4,,,1.7023214321870062
CD40,-1.592172774288464,-1.6517899320511908,-2.634806710931883
CD44,-2.018433201728075,-1.4496807054402443,-1.5057136063290109
CD46,1.3896663251938504,1.2411717205908166,1.00615388473386
CD47,0.9395457392308346,0.2608303895317687,0.2205202218016935
CD52,1.172327270993577,0.6171343070954146,0.4505900668574626
CD53,,,0.4230222687167916
CD55,1.841182252016378,1.5750433294629125,-0.00037682326126773486
CD58,-0.050338042404211795,0.5059732719282432,-0.19875627951593
CD59,1.7384510198794618,1.754635111580293,1.3582522884103883
CD6,,0.19428225601334254,
CD63,1.167305999414559,2.3188120297855686,-0.7512611749916076
CD63-AS1,0.7159101130972021,0.8011422682289946,0.09832063787947834
CD68,0.6590308225760719,0.8476934624718764,0.12657294365725688
CD69,,0.8267266541084322,0.23870422953182346
CD7,,0.07101895468401118,
CD74,2.165924589648916,0.9613048542611536,0.6568539905103923
CD81,-0.41494661656218124,-1.2474210875207468,-0.3045965057297345
CD82,1.6827641247791838,0.8073639702191608,-1.3460318568660379
CD83,0.20887867863349344,-0.955602923320283,-0.6961739431066677
CD9,-1.687526977387611,-2.189010695460271,-2.0876321645219225
CD99,-1.610431773209744,-2.250317509266561,-0.379118161570039
CD99L2,1.001505561108242,0.5929114600290041,0.9618210407076253
CDADC1,-0.27552585527722695,-0.6775452564614117,0.6121493248363914
CDAN1,,-0.2796973281082342,0.6249247538174301
CDC123,-1.5298857302881677,-1.2322722776223012,-1.0859287340361956
CDC14A,0.1954814259006848,0.09740768241550679,1.9981487008190415
CDC14B,1.1978895031730235,1.2485982794816013,0.9943466759383957
CDC16,-0.6108553286823547,-0.21838348148414508,1.417990199931228
CDC20,-1.313342617133698,-1.0234852729103512,-0.35192465502793613
CDC20-DT,,0.47872953254426576,1.136223833164496
CDC20B,,1.084369749039444,0.9124243048536707
CDC23,-0.35320865933562423,-0.809611443059505,-0.4629286452646694
CDC25A,,-0.3088489738756736,
CDC25B,-0.6479121054785912,-1.0222697320654293,-0.5424733181610448
CDC25C,,-0.5987186170104397,
CDC26,-0.5179378857129111,-0.6195327486243072,-0.1315126078320096
CDC27,-0.4182116553787481,-0.1157015667323704,-0.6735439107880867
CDC34,0.39370505925498156,0.38014638135992146,0.2888450708169491
CDC37,-0.5667598470635239,0.4400996669838365,-0.576182426593626
CDC37L1,-0.134312184280729,0.5511234179966479,-0.534414599460005
CDC37L1-DT,0.8732170441890009,0.7639592828001224,1.228705613303642
CDC40,-0.14547450643238666,-0.5717865505706995,-0.8208076105427086
CDC42,-0.1145856662151625,0.2937717571022494,0.26515513155223636
CDC42BPA,1.9150258634402708,1.6378578138861823,0.3722437634065246
CDC42BPB,0.8548206645155152,0.48662119610592036,0.3351359308790545
CDC42BPG,-0.6377193182387015,-0.3277951792235747,0.5033725813541499
CDC42EP1,1.1104871568700931,0.4706663672870857,-0.7373426352576921
CDC42EP2,0.2834278597296491,0.7736402630659306,-1.4336095939197069
CDC42EP3,-1.509426948670642,-1.0354170082274343,0.15397330036509055
CDC42EP4,-1.2520133548200088,-1.2170233177880383,-1.3634840559543815
CDC42EP5,1.092744031912927,1.7563167193590938,-0.6082908507054235
CDC42SE1,-0.2978409884739808,-0.10736526505334638,-0.4997402780253313
CDC42SE2,0.7156125979084489,0.2707188586441654,-0.07505824413953556
CDC45,,-0.7846187918906334,
CDC5L,-0.5008955299511696,-0.4454631902944382,0.19472231333411474
CDC6,,-0.4009445002824573,
CDC7,,-0.6807206256280961,-0.1983719539155399
CDC73,-0.3251573157436284,-0.3745380900033765,-0.8583312813863897
CDCA2,,-0.7123988178113676,
CDCA3,,-1.0708514230592348,-0.9419628393880802
CDCA4,-2.5248258777733112,-2.5838114806724097,-3.614729432349262
CDCA5,,-0.6123480343911478,
CDCA7,-2.2248553412521033,-2.318812029785567,-2.417340235136898
CDCA7L,-1.6923284217580306,-1.6262605617610235,-2.0893003208559144
CDCA8,,-0.843573300819449,-0.8100361091908639
CDCP1,-0.7764509448734426,0.4819635042532357,0.8295470072773915
CDH1,1.4080439634535509,1.2843404821855677,0.8621500892535255
CDH11,-1.2424894233648258,-2.1949809228678174,-1.8009690579597077
CDH12,,1.1629180146572862,
CDH13,-2.3542995792003194,-2.3109371433093298,-1.5593582773669055
CDH13-AS2,,,1.5524054361900361
CDH2,,-0.9935369759895865,
CDH23,,,0.9878807291775545
CDH24,,-0.5037229195945666,
CDH26,0.39072072921476436,0.3088489738756736,0.6526518389969391
CDH3,-2.3362859441431767,-2.1831174875084454,-2.809560850146815
CDH3-AS1,,-0.316224438162425,
CDH6,,-1.1268463647620335,
CDH7,,-1.253719555471411,
CDHR1,,-0.4256609288485901,
CDHR3,,0.5741210302131204,1.8560981665330574
CDHR4,,0.9015534066108682,2.175199717672417
CDIN1,-1.3057432891440204,-0.8782723306246029,-1.0292389396219612
CDIP1,-1.3782657042184279,-1.7389019057185906,-1.853992531406908
CDIPT,-0.6627551724218957,-0.29452400559847564,-1.9777625325790225
CDK1,-1.3382981488356918,-1.3278675363909793,-0.4585289627621423
CDK10,0.17743847620538758,-0.4761056137709537,0.6837435761348184
CDK11A,-0.01899947398429774,-0.10754640759159725,-0.34571751355132657
CDK11B,0.06763954269916432,-0.4736864413087712,-0.03146993521049099
CDK12,0.2239661440210903,0.25934002707114223,0.2398675311443025
CDK13,0.14593998711968637,0.03873112679130017,0.5744038799698616
CDK14,1.8214750183863362,0.2427977324614236,0.058252120305211604
CDK16,0.9984682237193641,0.4710687952759212,-0.21492522675677794
CDK17,-0.21029105732136152,0.5534308980045439,0.9135676393435131
CDK18,-0.439925849661487,-0.8985829601152521,-2.3805240249382016
CDK19,0.40342855840773206,0.22743038780678912,-0.01714629810072518
CDK2,-0.8208015741833046,-1.3064286995805166,-1.6864885229575521
CDK20,,0.6274072787281427,1.7031243574581711
CDK2AP1,0.15548946119790022,0.28532029687798294,-0.10002470206914257
CDK2AP2,1.9121521343197818,1.724383703696053,0.4522590382244149
CDK4,-1.7662485620715498,-2.1385031289891434,-3.016676680364354
CDK5,0.01001746932567419,0.8846467642346175,0.37628537545428203
CDK5R1,,-0.047203657528337835,
CDK5RAP1,-0.14826786701015704,0.4355407105661572,0.19184285152941521
CDK5RAP2,0.4381507786755448,0.7947044251023292,0.3799280871410241
CDK5RAP3,0.44297206025411,0.6177880749373309,0.0879129284959188
CDK6,-1.1303300871539745,-1.5346319354534024,-1.9556099110056466
CDK7,-0.8631464367350117,-0.39957865915805146,0.843448331496064
CDK8,-0.28582588208612025,-0.18951264223237466,-0.13474411661350086
CDK9,-0.10971921321278362,-0.42783088516056555,0.6382648902600707
CDKAL1,0.10555003927948056,-0.4548304646826965,0.10153966951695724
CDKL1,,-0.025216636737708475,1.628459261806736
CDKL2,,,2.0179553566061132
CDKL3,,-0.3428459882174562,1.2092979283054752
CDKL4,,,1.3317191457065647
CDKL5,0.9081416283046552,0.26437233013419004,1.1121227232749962
CDKN1A,-0.69230472936096,-0.3980186099424909,0.2616440093781512
CDKN1B,0.6524638668277276,0.29922935538837514,0.22245112328489783
CDKN1C,-0.15362506267140455,0.23983100065174195,0.02374209522819917
CDKN2A,,0.6843580453247078,1.2903382172770677
CDKN2AIP,-0.1853980241452206,-0.6570688337983396,-0.1812982320099065
CDKN2AIPNL,-0.7842570476575191,-1.2938484442305411,-0.9164312145478206
CDKN2B,0.9102304956664494,1.272920047083311,0.24200109534393913
CDKN2B-AS1,,,1.7235642867579801
CDKN2C,-0.7917961303738592,-0.22687596785811875,-0.9078628422223282
CDKN2D,-1.2976839598391057,-0.6823108858030815,0.45434702606830457
CDKN3,-1.5418699867494194,-1.143310008924177,-1.3596754450699184
CDNF,,0.06145267035103719,1.1248007380158325
CDON,0.7162076916684464,-0.13603349979833315,0.5777401512022257
CDPF1,,-0.5338055491201414,-0.1393086513468123
CDR2,0.8230613117940143,1.4052842411751547,-0.40352719476379256
CDR2L,,0.2027317143094998,
CDS1,0.9474522832228458,1.3013718713855655,1.805758288791584
CDS2,-1.1448440331252332,-1.099406617075697,0.09585971446834232
CDT1,-0.11087765252454852,-0.3167924895867364,-0.6528849890784308
CDV3,0.38873310899123636,0.6169164430978451,-0.2557992761941513
CDYL,0.36376803284907017,0.6916602106182737,0.1623677879323354
CEACAM1,0.4126887956751981,1.2338129931652304,-1.5760989256553133
CEACAM19,,-0.3855726505733556,
CEACAM5,0.4343516904534929,1.9673316188947791,-0.27472990728679086
CEACAM6,2.584990367510143,2.4976545324541624,0.3222094222479491
CEBPA,-1.255044618380114,-1.4674200658666035,-0.8920442549422796
CEBPA-DT,,-0.07932700790148733,
CEBPB,0.1844610066282686,-0.49780234148873187,-0.19856411304959184
CEBPD,-0.1767367099115387,-1.1150315502677683,-0.6538179445949502
CEBPG,-1.3046638105533006,-1.3454687121374767,-0.013754482390554735
CEBPZ,-1.04942502659255,-1.3843231779064833,-0.8482984188284395
CEBPZOS,0.29687821911469703,-0.06921352441700906,0.14597049778080876
CECR7,,0.1157015667323704,
CEL,,-0.15879238676000498,0.27707856088407684
CELF1,0.5124156667529464,0.062354896159921576,1.0889916982921193
CELF2,2.117995239782538,0.7984145275017143,-0.11973847785406107
CELSR1,1.3641161712122396,0.12059832360227472,1.0815223538412615
CELSR2,-1.667774055860016,-1.371294765985786,-2.1498200348327035
CEMIP,,-0.8526049244375777,
CEMIP2,0.3610629815515323,0.4864184688272925,-0.32677715393013573
CENATAC,-0.37906524790077945,-0.4025063781490502,0.25288019567751097
CENPA,,-1.119401673488566,
CENPB,0.2573916664229877,0.5597390799850016,-0.2678882638621523
CENPBD1P,-0.03143878038891718,0.04828548839938255,0.21415403497898597
CENPC,-0.694061652113196,-1.076620902083422,-0.2815844346637944
CENPE,,-1.07309086511267,-1.1287108193869235
CENPF,-1.5203078411158204,-1.415019439815471,-0.16217687924691943
CENPH,-2.006224152698474,-2.101041718961497,-1.409799421103339
CENPJ,-1.387854214050073,-1.5190332318879476,-1.220728547080818
CENPK,-1.4243650152049383,-1.3777797390700264,0.33214799501445247
CENPL,,-0.14294420887094186,-0.8572424910067726
CENPM,-0.9067512488021278,-0.4690574164843642,1.1194963607867021
CENPN,-1.2683153800409284,-0.8923974995103546,-1.2351440193168748
CENPO,,0.059648368054738166,-0.049195270754657044
CENPP,-1.7607964994710161,-1.8426306389720828,-1.6413654009955123
CENPQ,-1.3565645435908529,-1.2777941176836183,-0.20664151246655046
CENPS,-1.086905560927704,-0.8523459140890123,0.8348745698318726
CENPT,-0.4518804961558049,-0.992947093765699,-0.7681074834680716
CENPU,-1.2540329166905744,-1.10535875697156,-0.552102788645846
CENPV,1.5159339335821203,1.0119979905219283,-0.4123318434857653
CENPW,-1.1632194710951107,-1.1371000109182032,-0.8819920277718011
CENPX,-0.585518163824599,1.0801644062411737,-1.514552580304352
CEP104,-0.15852026490069412,0.019812268199468474,1.0359821651802157
CEP112,2.076472709211401,1.3699126094038694,2.089300320855914
CEP120,-0.002648255291919459,-0.16426633432433,1.2556018154962099
CEP126,-0.31909366257354904,-0.308471200849101,2.204196566443269
CEP128,,-0.7524357569761404,1.5104130383392063
CEP131,-0.49594149150251843,-0.7700014421492101,1.3711611872940792
CEP135,-1.0152895050992108,-1.5572391821455218,1.1976370948456214
CEP15,-0.091896877399741,0.23816314284331577,-1.5247152904157573
CEP152,-0.31425118394498325,-0.33902844350870787,-0.15721530663200195
CEP162,-0.5940129595875936,-0.3145208951411352,1.6384737267680143
CEP164,-0.9221432965577009,-1.2946807654442676,1.2267040246734502
CEP170,-0.8035079342605687,-0.8046225844961921,1.0731070442055965
CEP170B,0.5792427988206743,0.6019535485098724,1.0266823687157518
CEP19,,-1.4263833267361306,1.7039283822187403
CEP192,0.5452574249775753,0.276514911629637,0.3355345479037605
CEP20,-0.8648187765837141,-1.3110936541807767,-1.0030331671919075
CEP250,-0.32200273820725744,-0.5125343998848794,1.1930180678621425
CEP290,0.07849181642423779,-0.07372753604633459,1.3653958004621525
CEP295,0.0031088228034952567,-0.6481551453244923,-0.07298003057924701
CEP350,0.5008955299511696,0.2757665157601035,0.573293210660843
CEP41,-0.5746191164304106,0.4868239433858497,2.8296254520126007
CEP43,0.08819738223200464,-0.4478510888337889,1.8456511508770144
CEP44,-0.11551291386659905,-0.0018009984406612625,1.0437468550560975
CEP55,,-0.9039897015783037,
CEP57,-0.7943191708116677,-1.3782451729296794,0.3097318466879844
CEP57L1,-0.06302404310055057,-0.7249900871625022,0.3059783018812887
CEP63,-0.27289569666629115,0.019271865774850013,-0.2546313838068447
CEP68,-1.5269237524375825,-2.109298662577081,-1.2706632732415386
CEP70,0.34977926180129926,-0.3196342847442185,0.69185903772809
CEP72,-0.3974404126256416,-0.12259412130966697,-0.5181845333133992
CEP76,-0.08912214088763104,-0.505563926662875,-0.0505157923411845
CEP78,-0.3434212435942424,-0.7219484102330186,0.8956964389943683
CEP83,-0.46236196090243703,-0.5749707075763585,2.2860907900406553
CEP85,-0.7005221357285509,-0.590122548691267,-0.31725210649054447
CEP85L,-1.1750786479758935,-0.7379338014334275,-1.0295589841644597
CEP89,-0.4592890052209767,-0.4992298418654857,1.82136881827457
CEP95,-0.5487341986495948,-0.8843804457228528,0.9233346572878184
CEP97,-0.24171214859816745,-0.7086897478468767,1.893222230192066
CEPT1,0.150363645738478,-0.17650952934535324,0.4443425410145466
CERCAM,0.1292017912613686,-0.8822521511447124,-1.0992761666972384
CERK,-0.10763439238310216,-0.2088021757164359,-1.8678288623966328
CERKL,,,2.3773324274658414
CERNA1,,,1.1793113930354542
CERS2,-0.4371370722551581,-0.6470445610014582,-0.2573570092563032
CERS3,,-0.09903641806580074,
CERS4,2.0027901621564226,1.105027055121139,1.342775873108013
CERS5,-0.869850376129032,-1.5518129010768364,-2.1792312724191905
CERS6,-0.8298658987229351,0.16992792445666888,0.4850642255339175
CERT1,0.3485554753127934,0.58648241948134,-0.6868412026882216
CES1,0.9894109815534227,0.7266306938919596,1.1308508830842694
CES2,-2.2589566467665145,-2.5316660329403353,0.4740728121323538
CES3,,,0.9946556153981905
CES4A,-0.804144140924206,-0.5890511126686805,1.4159335909899173
CETN2,-0.5213643235440686,0.30167875140603184,2.8401012402517347
CETN3,-0.920383226227006,-1.096116639123322,0.6438182078460095
CFAP100,,0.8793322540582145,1.6479223279100745
CFAP107,,,2.1479241249786014
CFAP119,,0.5354677047831689,1.7112146714187266
CFAP126,,0.7467113426183163,1.8743373351435266
CFAP141,,,1.0463491089436745
CFAP144,0.31812457169002556,0.2492949543400498,1.6612529366430067
CFAP157,,0.6182240668887201,1.6370330126925503
CFAP161,,,2.0943399791328154
CFAP184,,0.9533308321270048,1.8466868157824718
CFAP20,-1.754322356553204,-1.8367612402956377,1.1459786920220283
CFAP206,,,1.9777625325790216
CFAP20DC,,0.09668388309634714,1.7490833749267245
CFAP210,,0.9072464665188009,2.5483361341204787
CFAP221,,0.9856025054813206,2.442595262296805
CFAP251,-1.4469534274358895,-0.9297642224690253,2.1894680508006816
CFAP263,,0.060370065342215146,2.293870201706194
CFAP276,0.6183655441880287,0.5715744797767315,1.6857078997281867
CFAP298,-0.6312418424071576,0.34590362289456056,2.0107907399844622
CFAP299,,,1.9831186380271146
CFAP300,-0.8111640380953599,-0.7986622582909197,2.420854701069973
CFAP36,-0.5953870951658791,-0.7419596261403841,1.8508494086816005
CFAP410,1.01297881471257,1.5026807201844385,1.4737117037575533
CFAP418,,-0.1010274522556403,1.295117742617309
CFAP418-AS1,,,1.382340723028945
CFAP43,,0.6086591407688761,1.9282953451584337
CFAP44,0.5308851163079596,0.5965654736745438,1.7508256488419267
CFAP45,,0.6384091789843409,1.8096197146437074
CFAP46,,0.9713591772429735,2.177211071661042
CFAP47,,,2.0281631850393973
CFAP52,,0.71147063310386,1.9633188188902808
CFAP53,,0.339600758970403,2.383740056956026
CFAP54,,0.7469493706953919,2.084313174843091
CFAP57,,,2.0165141343610435
CFAP58,,,2.072874026762157
CFAP61,,,1.908133043669538
CFAP65,,1.8824222752110134,1.9198985464207923
CFAP68,-0.05172153948064166,-0.8487257525484291,-0.28589975580619414
CFAP69,,0.8101114369132804,2.659864996267062
CFAP70,0.007023683139001531,0.32077172467973053,1.644270865466654
CFAP73,,0.7214810529114842,1.925882380702361
CFAP74,,,2.4983455426017245
CFAP77,,,2.4501059338296076
CFAP90,0.7674547147277619,0.6896027630671697,1.8384563419691542
CFAP91,,0.6716661821011567,2.4898942243796145
CFAP92,,,2.515803799915951
CFAP95,,0.8328253440482961,1.898907274846632
CFAP96,,1.127526255774908,2.0237625610070897
CFAP97,-0.5346006341685386,-1.2839297208635942,0.3898701174599696
CFAP99,,,1.5289460811867492
CFB,1.8513101787347104,1.73079122778935,0.502731105239164
CFD,0.6653389611598413,0.16426633432433,-0.16752458342116758
CFDP1,0.5967623559041417,1.4048009674575477,1.2199351045435303
CFH,0.5425874637430457,-0.3460948321831325,-0.6983362611348616
CFI,1.663165640359013,0.21783017700728843,-0.8679019971263899
CFL1,-0.4633872490411423,0.3378841454315754,-1.317225410514462
CFL2,-0.01324164793985435,-0.17120709572263348,-0.9684248557702446
CFLAR,0.6192021618350632,0.11479506777565823,0.8720281430319183
CFLAR-AS1,,-0.07625603302129556,
CFP,,,1.662752459993657
CFTR,2.2709314934997145,1.2400053489352585,-0.8218635852670828
CGAS,,-0.5006583602775727,-1.0808463112843125
CGGBP1,0.21453072337301896,-0.1030188870212121,-0.8547964199443454
CGN,1.2218269303509068,1.2773867852988814,1.6047956421984955
CGNL1,1.4269098556886068,0.9261630364242753,-0.5387663199744505
CGRRF1,-0.5401878018010716,-0.45882862759821696,-0.35533432146231525
CH25H,-1.8629358603085382,-2.0817896243180374,-1.0395332016650725
CHAC1,,1.278201662189956,
CHAC2,-0.6242310101743069,-0.7829048309156013,-1.2473560136999338
CHAD,,2.413344555159925,
CHADL,-0.45596485601392595,-1.2280503201816,-0.30065170938581504
CHAF1A,-0.8956906482108188,-0.8635355525242031,-0.7055677184163759
CHAF1B,-0.37115906148493716,-1.0644824137807674,-0.47028146409138943
CHAMP1,0.20417374092865354,-0.05658149659318549,0.05711976800812937
CHCHD1,0.7002278442550628,0.9803471527720179,0.6203504916843176
CHCHD10,-1.1015722448156968,-1.7946367338542484,-0.7550140881943627
CHCHD2,0.03881239405727187,0.9409212400836671,0.14978015879578166
CHCHD3,-0.9434916386018849,-0.6234651811662458,-0.36679720230914137
CHCHD4,-1.2484913577656256,-1.2648631449538907,-1.0158909921507164
CHCHD5,-0.2044088796372675,-0.02395555733866215,0.7998765576566426
CHCHD6,-1.5159339335821203,-1.175762962485683,1.0505929502357172
CHCHD7,0.4019301736165893,0.6234651811662458,-1.3877490652880136
CHD1,0.33878377771237,-0.18493053861507103,-0.25424216359035584
CHD1-DT,,,1.0327652485360503
CHD1L,0.17346294531391732,0.3575908609172139,0.5924971344846025
CHD2,0.7153151460488693,0.1271318546317582,0.13987942037267434
CHD3,0.3837707498472451,-0.39665436117653996,-1.3625300496008734
CHD4,0.16785507967671828,-0.1937316924030014,0.32657841575425894
CHD6,-0.10995088924639845,-0.5158232386700929,-0.37507224933419436
CHD7,0.4452594172152252,0.12132401222650353,0.6428912796393973
CHD8,0.06625474599155161,-0.1300373724827579,0.2910065606722094
CHD9,-0.5473961952089548,-0.9527635779342165,-0.7711477461823703
CHD9NB,0.31159096567226957,0.15933956474801714,1.6116621514343783
CHDH,1.2400017797245624,1.2765727557419497,-0.6401138014635392
CHEK1,-1.3232260348566496,-1.0944760908148687,-1.4103085774837743
CHEK2,-1.7030311367279138,-1.38761724174146,-2.0569887078660187
CHERP,0.49985155648347085,0.04323740729581821,0.249380138839113
CHFR,0.4816686621400204,0.816881302621893,0.5246599504117563
CHFR-DT,,,1.2116499063744723
CHGB,,0.6795857787901451,
CHI3L1,-0.6693670440702145,-1.2095038827276818,-1.132638233912223
CHI3L2,,0.6377468946738313,
CHIC1,,0.864843691304538,0.10513865788030628
CHIC2,-0.17322917652434708,-0.09107612620958738,0.8055973656007566
CHID1,0.2046440296482352,0.20769788955036594,-0.020726762815330004
CHKA,2.1158306899521286,1.5572391821455218,0.6913803994395498
CHKB,0.11551291386659919,0.6149569824406527,0.29041692901535465
CHKB-DT,,0.9911795164889633,1.1290671376153858
CHL1,-0.24669445977821236,-0.2780121685736905,-0.6839816219363896
CHM,0.5066471934256963,0.22447428475709427,-0.6024070970601205
CHML,0.35369891160596706,0.12096115995175795,-0.705809401487245
CHMP1A,0.05679522939909799,0.5730595159791022,0.11992824714747137
CHMP1B,0.30049003130442886,0.31868673398508446,-0.8399577954464236
CHMP2A,0.6028269832424121,1.5116527849402515,0.6096516282962998
CHMP2B,0.37510922377670675,1.2234693748591756,0.4025054386613843
CHMP3,0.2966375698010507,1.0756568353086287,-1.322628023959994
CHMP4A,-0.20558474299752322,-0.058926701833600076,-0.2661310218123726
CHMP4B,1.4086647821725355,1.59786382523187,-0.2982870792658016
CHMP4C,0.13361510889987052,0.42605531700861676,-0.8789382526105973
CHMP5,-0.13779854726498675,0.8201542494389182,0.7798008298024467
CHMP6,0.0383514855350549,0.3612410718212059,-0.5119455526603472
CHMP7,0.11087765252454838,0.45982931289651774,-2.223864731386287
CHN1,,,1.0896737456784356
CHN2,,1.431382099720953,1.9556099110056457
CHORDC1,-0.44525941721522505,-0.39606990919906154,0.7029119180300729
CHP1,1.024976304538588,1.2818791560681406,-0.6854107117193229
CHP2,0.4051778197847899,0.38499072408229046,-1.0024101951534339
CHPF,0.8121243936505308,1.4927296252598645,-0.9050214968925352
CHPF2,1.1475089489968466,1.491085412441567,0.0746803632786519
CHPT1,1.4555344517341648,1.4248906243598012,-1.0601288395146253
CHRAC1,-0.796847277836998,-1.0474980033454941,-2.0385868292698723
CHRNA10,,,1.0117960096193945
CHRNA5,,-1.1160381487880942,
CHRNA7,,0.7379338014334276,
CHRNB1,-0.9151200365253167,-0.6243403637757189,-0.9115675861196366
CHRNE,,0.8376755272969237,
CHROMR,,-0.8851795895831791,0.5407279229032426
CHST10,,-0.7395900420682161,-0.42096269741038606
CHST11,0.7078992767333889,-0.9428857775744155,1.244081325729083
CHST12,-0.4777931632679092,-0.8899863786417213,-0.3469178492680505
CHST14,-1.2580874580720642,-1.8195226615624802,-1.3257974588924362
CHST15,0.3951985385527926,-0.7738832152039906,-0.3216141285059457
CHST2,,1.5769138596335277,
CHST3,-1.1691285062291819,-1.5972186126853656,-1.1419913703896212
CHST6,-0.36770741604745094,1.2761660579950984,1.0561713053291577
CHST7,,-1.0415933999979654,-0.368409856849683
CHST9,-0.1380310305579468,0.5800775289737743,0.5244437498737966
CHSY1,-0.5849715672085575,-0.9211965152022737,-0.8769992019185826
CHTF18,-0.4646695447336318,-0.47026401550743047,-0.6631790694051365
CHTF8,0.07895381136838264,-0.35049615601941314,0.00942072065501498
CHTOP,-0.3595886131043916,-0.3493473332974769,-0.03637146146001236
CHUK,0.8867839640481945,1.0183296143129852,0.18148976900263558
CHURC1,-0.7930570195439575,-0.8886491002259208,0.3845900182910869
CIAO1,-0.22703691308176654,-0.2915160068329943,-0.2093369516971331
CIAO2A,0.24147504626039876,-0.22761520998410414,0.22071327483721292
CIAO2B,-0.6751403703728518,-0.4718738802575242,0.6148784477457837
CIAO3,-0.22113346188672717,0.27951004901930104,-1.0273208819607274
CIAPIN1,-0.8285668306877643,-0.9031770076401391,-1.4855345239931148
CIART,-0.8658233423810897,-0.8956204212286034,-0.45831967597471274
CIB1,1.4256362813563952,2.0075575523371403,1.5387206059959737
CIB2,-1.2776353132983091,-0.7410112932723604,-1.6748854711813561
CIBAR1,-1.9892852302477455,-1.9995162825461286,0.8058580284044424
CIBAR1-DT,,,1.2089065818672435
CIBAR2,,0.7954455693469491,1.7569658396614667
CIC,-0.9561457137786753,-0.8849131455052273,-1.2916387990696552
CIDEB,-2.347002529120492,-2.363442221843664,-0.09112878764952805
CIITA,,1.0609977936462813,0.9750711766520354
CILK1,0.3346406359831208,0.5686081803070039,0.04938391138978657
CIMAP1B,0.24527032272222218,0.5557413285075328,1.5587230817773414
CIMAP1C,,0.02287466253679421,
CIMAP3,0.4790841961601196,0.5143836872258003,1.6334460172000629
CIMIP1,0.5841519997889845,0.5338055491201417,1.6493890846101062
CIMIP2B,,0.928654882594076,1.8689081207339902
CIMIP2C,,,1.6089064406551334
CIMIP5,,,1.7587324055199052
CIMIP6,,,2.2306163261889846
CINP,-0.05356635671800646,-0.11787755363910841,-1.3682728087613463
CIP2A,,-1.2423397832135605,-1.1477971476970183
CIPC,0.9663802812193705,0.747663709007122,1.7361825062158123
CIR1,-0.0003454242064049837,0.27782497743746076,1.0845706816519318
CIRBP,-0.9871593252395924,-1.654615158950581,-0.6556855654416998
CISD1,-0.4404332672591283,-0.8564969689391794,-0.3509225918805896
CISD2,1.0218660958151569,1.34191514940428,-0.43769756873526705
CISD3,1.0526255726100906,1.0821029557695983,0.5396378871201335
CISH,-0.6050377992380288,-1.238452805942118,-0.7485157509111509
CIT,-0.4659526049298647,-0.42921281543150064,-0.7762307583208815
CITED2,0.7090831922070038,-0.3700985048089225,0.48697251144771037
CITED4,0.5800600269671105,0.7158849935089029,0.586892351067539
CIZ1,0.028213385468078254,-0.3685560140183119,-0.5100133734520191
CKAP2,-2.004504202718984,-1.8996465203675394,-2.4616377688933664
CKAP2-DT,,-1.0905507433416148,-1.215979361413924
CKAP2L,,-0.9283777261546752,
CKAP4,1.0347602493286874,1.6851105909135988,-1.5606305594043381
CKAP5,-0.12966623103368136,-0.4160188940208669,0.6759096419243802
CKB,-1.926681838305972,-1.3326667661967038,1.3838117134215324
CKLF,-0.8019188384550628,-0.8570168885717097,0.533328252028872
CKMT1A,-2.0475273022264067,-1.2415608865925232,-1.6857078997281871
CKMT1B,-2.041939265078606,-1.2880471266889866,-1.8193931355023327
CKMT2-AS1,-0.2855860061005631,-0.4349467329146052,0.08715638909629848
CKS1B,-2.1402065270489863,-2.2154677121199517,-1.21519049294881
CKS2,-1.4669200883893483,-1.3300452071509654,-0.859966377594208
CLASP1,0.015544714989149638,-0.04774456597908013,1.1358646159324075
CLASP2,1.1019947795140688,0.39645952880564905,0.6559191788031324
CLASRP,0.5995162706779832,-0.07733982290014946,-0.17039138714898183
CLBA1,,-0.1671877764216536,1.5530344156689484
CLCA2,-0.5729901621487605,-1.169673241871146,-1.5307676842829405
CLCA4,-1.2434866368723274,-1.1333265022975043,-1.7055397443715485
CLCC1,0.8134060341138246,0.7313289625315055,-0.32637969047636795
CLCF1,0.8912284685734573,0.4488467999575931,-0.8979498864971572
CLCN2,,0.1167894910621212,
CLCN3,0.9992266938519578,1.7040338340004508,1.207733651967835
CLCN4,,0.2967817532974041,1.3091928550688774
CLCN5,,0.4381163935615337,-0.22534903374813106
CLCN6,0.7147204321042406,0.5914091668971526,0.8569704521741947
CLCN7,0.6690789641812133,0.7263962018287307,0.47365121556270684
CLDN1,-2.9553085872762788,-2.9515949072899152,-1.9940047687580955
CLDN10,0.2107619433138526,1.5920806883846745,-0.9311540120712257
CLDN11,,-0.18657964363808868,
CLDN12,1.47644135452508,1.8195226615624809,0.6064782305295487
CLDN15,-0.37017242757304597,-0.5837040279455895,0.5025173258433272
CLDN16,,-1.2295830419611131,1.354942243928213
CLDN22,,2.24805793276846,
CLDN23,0.6411095055246638,0.75770488090166,0.8071621647225256
CLDN3,2.302380307909411,1.9254390808421842,1.5080591592151211
CLDN4,0.42778138698530915,0.16207617379941208,0.041651008992064406
CLDN5,,,0.5655381884118694
CLDN7,1.6283763559158166,1.946556968500467,0.44559065169032896
CLDN8,0.5213643235440686,-0.34322801672168446,1.091039363367515
CLDN9,,1.2166457107924722,1.3922044583970417
CLDND1,-1.771753637697765,-1.8616483029703594,-2.23288962866678
CLDND2,,0.8209107928769841,
CLEC11A,0.06694712829761121,-0.7436208164905773,-0.22670203839574565
CLEC16A,1.030051650147688,0.7804602967683943,0.9469661200252899
CLEC2B,-1.7931782987251599,-1.5340475212244935,-1.7552047399057975
CLEC2D,-0.8912284685734573,-0.861967733869872,-0.569079093662367
CLEC7A,,1.1654005964620433,
CLGN,,1.3414721440926618,1.7831367779126792
CLHC1,0.5155692959909175,0.4270415775695724,2.043122747321747
CLIC1,0.21735930651819446,1.1309335572357386,0.1851302455166227
CLIC3,1.4489242053750204,1.1371000109182032,-0.7775046460695639
CLIC4,1.0367289508072643,0.716350474069251,-0.7577729957687238
CLIC5,,2.340544565278269,1.59935641385841
CLIC6,2.4488415211867034,2.077095061313565,1.6193041414707112
CLINT1,1.4635516532462332,1.569464553096242,0.1566430687644802
CLIP1,-0.1384960195387348,0.246137863414954,0.5821985462085979
CLIP2,,-1.2269026693473974,
CLIP4,-1.5696756738186086,-1.0647998386661994,-0.22264425893826237
CLK1,-0.4897010913331994,-0.47086757174947896,-0.17957469747006288
CLK2,0.8354026420924788,-0.021973937336828425,0.28707758277917045
CLK3,0.1568881145131369,-0.3906215116028018,-0.8714771332373725
CLK4,-0.7078992767333889,-1.1312750099807332,-0.04580003214268132
CLMN,0.6470601454890624,1.1426178322157132,1.5325943810413616
CLN3,0.6114104557354674,1.1153669575403882,-0.5695222080162494
CLN5,-0.3691861538727333,-0.35567161239793493,-0.08280724205171708
CLN6,-0.9586949399510134,-1.0698933044041532,-2.403573146067254
CLN8,0.19243090590561093,-0.17266934897721165,0.0495725537822731
CLN8-AS1,0.34317698309874517,-0.19832153372090117,-0.24355347005783418
CLNS1A,-1.8036208378917218,-2.252588633938725,-1.5442840162842233
CLOCK,0.03812103433525294,0.27146622149485117,0.5481573207971996
CLP1,-0.9442106540144507,-0.4686553686027606,-0.7084706429178189
CLPB,,0.5412969577127278,-0.5514446152075776
CLPP,0.047801879403576546,0.27763779603585714,-0.4455906516903288
CLPTM1,-0.49880812751031317,-0.2351996941732714,-0.9774987241720732
CLPTM1L,0.5863383869410849,1.1768421534904636,0.06580311516959135
CLPX,0.033512419165487216,-0.521592187794443,0.16007727219247447
CLSPN,-1.152863373372438,-1.105690580484926,-1.443685648084081
CLSTN1,-1.69136501019094,-1.4234010901328096,-0.15664306876448006
CLSTN2,,,0.8753397792111166
CLSTN3,0.009096296028083525,-0.5460990620358338,-0.7482664467479782
CLTA,-0.6194811306934476,-0.15077248143137945,0.19261055151069867
CLTB,-0.661608241585272,0.5246898395256074,-1.2877435811270186
CLTC,2.0400906746072427,2.0513213152451546,1.2259047637371343
CLTCL1,,-0.42231129377852694,
CLTRN,,0.20070989724346233,0.6447456895490336
CLU,1.7684441638680002,-1.093820695638771,0.31764840335531624
CLUAP1,-0.7680731459785944,-0.9911795164889632,1.7395944951720828
CLUH,0.07502738144294248,-0.029180299558877822,-0.5626664169111465
CLUL1,-0.30579447004668275,-0.5365073035250775,-0.9672210250030164
CLXN,,-0.0019810985096334597,2.4103995863405565
CLYBL,-1.7129330851167417,-1.3923493298114202,-2.043122747321747
CMAS,0.6315229197787157,1.424393761762198,-0.4092568575757906
CMBL,0.4001831975579098,0.34513891211111414,-0.2408371971121191
CMC1,-0.42929596230648154,-0.20236404980345574,0.0812948665185582
CMC2,-0.07687496539181517,-0.10066541648046556,-1.1405459283405233
CMC4,,-0.15059032546289405,
CMIP,-0.8220923388057837,-0.4066109952286599,0.7716551495844647
CMPK1,1.3519555763915738,1.6255851494195048,0.1252435665964326
CMPK2,,0.9465438927817386,1.4506651618547624
CMSS1,-1.5556224923372262,-1.93471841054111,-1.259756918260763
CMTM3,,-1.4298787144122136,-1.0430973951428062
CMTM4,1.2596132555059585,1.663889558204636,1.3877490652880136
CMTM6,0.23034629197136172,-0.28175804725013504,0.6053463543513329
CMTM7,-0.30675983417070435,-1.9955436504451372,-1.2736255537646333
CMTM8,1.594631467266004,1.2478132927193828,-0.4234343981126952
CMTR1,0.11667211320586936,0.3401731856882575,0.17957469747006288
CMTR2,0.07618209099729889,-0.12985574570657743,-0.42549612599461684
CMYA5,-0.917923906775158,-0.14986175149148478,-0.5826450213942245
CNBD2,0.8558166228345712,-0.4506402028270541,0.5516639797982656
CNBP,-1.124677382272281,-1.7235877236130768,-1.157314929338709
CNDP2,2.025547188840708,1.987691575872546,1.0734421975848334
CNEP1R1,-0.15176119799040497,-0.11098879325579691,-0.4927080603213595
CNFN,0.7696205110254807,-0.23353366321917862,-0.15740606401940974
CNGA4,,,0.9934204264575952
CNIH1,-1.1199222415000345,-1.137787844804914,-0.5750706217435958
CNIH2,,,1.5638223652487553
CNIH3,-0.29615632269040343,-0.7261617497007052,0.7485157509111509
CNIH4,-0.8468832948879992,-1.3149317673707173,-0.36558833733001367
CNKSR1,0.2736128246843633,0.9988615559211184,0.5911502946781055
CNKSR3,0.858476672106892,0.9570254887991234,-1.080508475178574
CNN2,-1.2555509512890017,-2.2641221272775995,-2.2635480805953043
CNN3,0.8908859590038983,-0.48824373541443694,-1.0821988910519467
CNN3-DT,1.02380881566199,0.48804084778108653,0.26008454796546426
CNNM1,,-0.4468558215299604,
CNNM2,,0.2664244414109356,1.5886177303504645
CNNM3,0.7820665379460067,0.5824232128434091,0.11575430794054381
CNNM4,0.666488737984262,0.37975922056513267,0.9118530846663324
CNOT1,0.3164293806625423,-0.20309940622229095,0.7967671275330663
CNOT10,0.08357470417997552,-0.40055418374313356,1.1016926585970275
CNOT11,1.029269101929255,1.1671782761296172,0.9349392594343489
CNOT2,-0.48658804319433685,-0.2202283136994141,-0.5752929258088656
CNOT3,0.14268228051345147,-0.26791759049749303,0.19357033620202252
CNOT4,-0.08865975208232725,-0.2787610306163573,-0.572627148463847
CNOT6,1.154207153864649,1.1909982785680016,1.1562113745916314
CNOT6L,-0.4941193897195903,-0.9704935346349655,-0.6447456895490336
CNOT7,-0.2863056834163639,-0.9891212489889883,-0.7191662612324523
CNOT8,0.023836526815277474,0.46083045886668694,-0.10248664230862692
CNOT9,-0.38525845999912106,-0.276514911629637,0.568857578385895
CNP,-0.6893812626547663,-0.25487237961591064,-1.1934020147265283
CNPPD1,0.029134895457219555,0.7093844546912481,-0.9135676393435134
CNPY2,0.02521863940188493,1.228433230103922,-0.5693006368665121
CNPY2-AS1,0.292789505823541,-0.4524350562613919,0.14368572119638337
CNPY3,-0.42576347789098484,0.6602009631979273,0.43376126023663897
CNPY4,,-1.071490715340236,0.6620057626007387
CNRIP1,,-0.43316571928850384,
CNST,-0.0653316189310265,-0.3073381456182144,0.3963836736099355
CNTD1,,1.3261299228452559,1.3912119831241654
CNTLN,-1.8095083013563327,-1.7463006113624577,-0.11025536483213141
CNTN1,,-0.10881450451054042,
CNTN3,,0.35145386171161935,1.000232849955404
CNTN4,,-1.1388206061134456,-0.8295470072773915
CNTN5,,,1.6007117851222081
CNTNAP2,,-0.6010902853894818,
CNTNAP3,,-0.9473898732534677,1.0121104057387502
CNTNAP3B,,-0.7683068115184686,0.9282513378311077
CNTRL,-0.8060547171903764,-1.0506204073741143,2.153635202613413
CNTROB,0.3062771164301682,-1.3374968886594232,-0.021480577180401885
COA1,-0.4656959315851786,-0.583276983277697,-0.485700124250305
COA3,-0.5705495766362167,0.19464933112981986,0.5242275738469606
COA4,0.3070012198416169,0.7393533121211883,-0.9016214970232831
COA5,0.1828216150874351,-0.06018963808717385,0.5830916127545906
COA6,-0.35002408191465806,0.04269660907842017,0.1870472686757038
COA6-AS1,-0.032129977853560705,0.1425803199845755,0.6279050455331602
COA7,-0.9778307988170472,-0.8500173884180167,-1.4753880802838266
COA8,-0.6524638668277275,-0.38053359914456436,-0.982676486793635
COASY,-0.39146648451487875,0.0657838234720225,0.15016124357285496
COBL,1.4867934897003503,1.4414883736255768,1.5068853464837415
COBLL1,0.9678506354726027,0.4638366751146899,-0.8831045324021696
COCH,,0.4373235668947927,0.21126319588937853
COG1,0.7499508016291438,1.0381914835106814,1.2347401182260334
COG2,0.5605514546205048,0.8254599623623551,0.32121732933258773
COG3,1.8238999280282222,1.7463006113624577,0.04862935932595968
COG4,-0.5871590047159555,-0.6293819859581935,-0.03655999839824887
COG5,0.7022891606826017,1.5869844517524199,0.3089412657755147
COG6,1.1281517034179405,1.7332124744901383,0.8496492093511977
COG7,1.495191418833165,1.495478981874659,1.5593582773669048
COG8,0.39644377820129295,0.0553188234798203,0.5490333521449224
COIL,-0.5441889750680715,-0.7917442016456164,-0.4924953444601296
COL12A1,,-1.8185806804242461,-1.670306746242459
COL14A1,,-0.9882404160076723,
COL16A1,-1.929637133468188,-1.907362736791205,0.49654077240398997
COL17A1,-2.3968538481428583,-1.6813975005304327,-1.9685236542631774
COL18A1,-1.684664681470263,-2.285674380601935,-2.244432769746462
COL1A1,0.9619817000106811,0.9140624987308704,0.1362653115849411
COL1A2,,0.5408799743199738,
COL21A1,,-0.10573514000865308,1.6228092562980128
COL27A1,-0.48866288271858854,-1.177562376287315,-1.6523332896904792
COL28A1,,,1.7430268569532836
COL4A5,-2.3292878467928433,-2.437212536126093,-1.7730665564400507
COL4A6,-2.7978314902808235,-2.715872087751279,-2.700899962890455
COL5A1,,-0.24558098519809635,
COL5A2,,,1.3697155696319088
COL6A1,-0.8765936389053204,-1.2211885003074574,-0.5547378795362339
COL6A2,,-0.35528792008469906,
COL7A1,-2.937631045441419,-2.568885530270695,-2.3437296937588163
COL9A2,1.4167853127148966,0.9485189030697766,0.5761824265936257
COL9A3,,-0.7479019065664652,0.6624749758757917
COLCA1,1.5044097931536855,-0.08113381138760388,0.874510971171512
COLEC12,,0.6041136723450411,0.23967362504128467
COLGALT1,-0.7323725581859294,-0.27221373600411974,-0.4882456875277536
COLQ,,,1.3230799870077898
COMMD1,-0.42626779233350226,-0.0594679486017711,-0.020915215285709873
COMMD10,0.04918520188257061,0.28325750346091844,-1.7063470888892258
COMMD2,0.564868033745703,-0.7022222130028697,-0.24743698481465104
COMMD3,-0.633773338583679,-0.13457945219787573,-0.12429414718346166
COMMD4,-0.6069746917120128,-0.4023110897878412,-0.6028589512491631
COMMD5,-0.15246008511622866,0.5504946147325086,-0.25326928139329424
COMMD6,-0.11342674508324843,-0.9783107023622547,-0.5936203224790624
COMMD7,0.6679271993344431,0.8972353753456415,0.10532811564169256
COMMD8,-1.3723366583829684,-0.7483784290400388,0.7663372718768887
COMMD9,-0.4207262591670026,-0.29395980362535523,-1.8646040752132698
COMT,-1.0765708658657838,-1.5428693439778707,-1.1297802044543892
COMTD1,0.9572374775595112,1.0603656094128746,-1.6313038677558835
COP1,0.2037034973621472,0.465843148934968,0.18168131265380585
COPA,2.0309507503790596,2.79604891186215,0.9561513184928928
COPB1,1.156002109866333,1.7537961649967269,0.5584775354576457
COPB2,1.6932934066456666,2.53613014724785,0.9092862667094421
COPB2-DT,,0.2924557218579358,1.3203722506353062
COPE,0.7671456091517777,1.5328802620391149,-0.3061757489702618
COPG1,1.9601605093292807,2.1228166422074946,0.8624233422959457
COPG2,-0.9320529899352559,-0.8915932166695444,0.02204594594110218
COPRS,0.6538890645365611,0.7322705532199841,1.556821258715877
COPS2,-0.9767170882319047,-1.2992746493195488,-1.5473955677782731
COPS3,-1.6371089012057836,-1.6069674753125618,-1.6363139280607488
COPS4,-1.1032635656676504,-0.9601619709642569,-0.7836369690238256
COPS5,-0.4011813196939797,-0.30903787691559953,-0.6873183453673365
COPS6,-1.368214857428804,-1.2046526954521164,-0.4595756982489853
COPS7A,-0.19055455430319046,-0.16682251862686256,-0.5591382847692721
COPS7B,-0.27696128985172913,-0.4811545399644119,0.08280724205171708
COPS8,-0.765292512341027,-0.8386991304851769,0.5781854728220949
COPS9,0.6194811306934476,1.1103489551054708,0.20202423871016856
COPZ1,1.7119353144255023,1.8782022750236596,0.37487011535001247
COPZ2,-1.2404986944522272,-0.05153132518812681,-1.6007117851222081
COQ10A,-0.9715357086708037,-0.5133560886066924,1.1110742745357325
COQ10B,-0.11226797627461846,0.1327622923738164,-0.7905712534157159
COQ2,-0.6203183267338422,-0.39529085025473654,-1.8754298343202096
COQ3,-1.169584740108097,-1.150262126834734,-1.0209544767732688
COQ4,-0.3224878485235738,-1.0578410992885328,1.2986124320574008
COQ5,-0.5691951637559683,-0.5967806634299951,0.33872541022678027
COQ6,-0.05564199435792599,0.9719366769148396,0.13588498341708452
COQ7,-0.7239671577977154,-1.2204296189927044,0.4927080603213593
COQ7-DT,,,1.8343873750581705
COQ8A,-1.0099062814595645,-0.9499318929129472,0.25579927619415144
COQ8B,-0.17182676210377454,-0.2049382787715577,1.1283546444050077
COQ9,-1.3542564640048467,-1.0977601428360237,-0.35152378741895757
CORO1A,,0.19630149451560722,-0.019407615758214553
CORO1B,0.31885136179246,1.4548507291856234,-0.47112339995862673
CORO1C,-1.7511126690620682,-1.0584715944312655,-1.4748288275267216
CORO2A,-0.32467178624771464,-0.20567402152373412,-0.29297273169543203
CORO2B,,,0.9262241108032925
CORO7,-0.03904285140423863,0.23353366321917862,1.0757916556106155
COSMOC,1.0230312643904127,-0.9012830374596729,0.9070096698168517
COTL1,-0.5066471934256963,-0.4878379802351639,-0.27844931414620394
COX10,-0.4687780433467999,-0.9417627396588011,-1.268975535968877
COX11,-1.982666576616002,-2.102681670145098,-1.1815804389846485
COX14,1.1564514311955758,1.4009465345525434,0.41623243472328575
COX15,0.19125810718238034,0.37337922900631954,0.050893100302389215
COX16,1.3872511886293184,1.111350317335284,0.2513242349423892
COX17,1.7342917541803249,2.109298662577082,1.1800670666688042
COX18,0.44678561636415604,1.0453183829080894,-0.14711317113933273
COX19,-0.5530224350564131,-0.6477108157354445,0.637341252618918
COX20,0.16341926872484067,-0.2418704004189479,-0.5283391249789746
COX4I1,-0.8435917688352306,-1.1323001604613556,-1.2881754184290812
COX5A,-0.3205478613018448,-0.4626336870689885,-0.3740617324609268
COX5B,-0.4014309126510214,-0.6015218609161683,-0.48506422553391765
COX6A1,-0.2887056814316431,-0.4357387372585382,-0.029961930848831645
COX6B1,-0.18305578369559433,-0.0007203990491288043,-0.29730230951377723
COX6B2,,0.48601307422484313,
COX6C,-0.7990635564431766,-0.47408944387213797,-0.13075245361836568
COX7A1,-0.8259728797412286,0.5834904923104559,-0.12676287287247606
COX7A2,-0.42097786566442114,0.772911680462502,-0.07600299330311137
COX7A2L,-0.35173841120460597,-0.39548559248147364,-0.6851724329373253
COX7B,-0.8953467708797496,-0.9358861661710656,-0.4662868047480081
COX7C,-0.254774119468952,-0.7560260654805068,-0.4172599570907786
COX8A,-0.7921112345924082,-0.41229057637686417,-0.4785046853720007
CP,2.6976975002466514,2.4663080691060286,0.8488385491735573
CPA4,,0.5866963292734766,
CPAMD8,1.1092081984080466,0.3438011534356621,-0.5464065184408022
CPD,1.4895811357927413,2.066315720745518,-0.042593903276120074
CPE,-0.6558865759471448,1.4507116105325881,-0.8717526050503488
CPEB1,,,1.6428163997065288
CPEB1-AS1,,,1.2050032571435865
CPEB2,0.6633289648446811,0.5607926057581705,0.24297126095787405
CPEB3,0.9722743075402228,0.7969291703363606,0.7328991133820362
CPEB4,2.175642623556909,1.7821585516143084,1.1842353718797844
CPLANE1,0.7126409203558792,0.4044601077399775,1.3892311332334275
CPLANE2,,1.2269026693473974,1.500466186251379
CPLX1,,-0.5463081343164349,
CPM,-0.024988284030008898,-0.6834478430599337,-0.17612922277287502
CPNE1,-0.308449910129592,-0.5477723098095615,-1.2539458292351913
CPNE2,1.2271879637626608,0.21819903923821457,-0.060328294576389274
CPNE3,-0.18094862595716352,-0.39334425084370417,-0.4541381382750393
CPNE8,-2.007950058106471,-1.6303287005718756,-0.20125511430272364
CPNE8-AS1,,-0.5563719606025758,
CPOX,-0.38898147738853395,0.21543329241723877,-0.41952205974327933
CPPED1,1.1750786479758935,2.0542834208055747,0.2297961837177655
CPQ,0.4626182373321665,-0.36585876117012944,-0.5701870893183927
CPSF1,0.4061779543023115,0.7780204175819466,0.41664339087594615
CPSF2,0.3561514512885203,0.8166299000056539,0.8016939678340693
CPSF3,-1.139979357436776,-0.8156248052012607,-0.3208205807283214
CPSF4,-0.5322112431398843,-1.21175252198802,-1.6305914786981353
CPSF6,-0.41796034064560506,-0.6548355402709513,-0.42735322851598545
CPSF7,0.41293956058665665,-0.08330232576976851,0.6217214035759843
CPT1A,-0.5343349957534635,-0.41660810340478077,-0.0673137506951772
CPT2,-0.05610327940840891,0.15423440259167945,-0.4533027851136659
CPTP,0.11389029516782001,0.44805019550871344,-0.6037630291485102
CPVL,,-1.109348705015622,0.05919580421767277
CPXM1,,0.3722208692254904,
CPXM2,-2.2008788347429387,-2.0709059979724582,-2.3556429810867408
CR1L,,,1.4878101728580482
CRABP2,0.7780083697872477,0.09776960118871103,-1.4185052903173985
CRACDL,0.35836056968817415,1.0628968955613964,1.7336367157017942
CRACR2A,2.325831136918744,2.6210621804769056,1.1006562321888516
CRACR2B,3.2629898856619945,2.5940916084185117,0.1713472985058883
CRADD,0.894315773525464,0.7591455670369169,0.9115675861196366
CRAMP1,0.5074328071338877,-0.23797786628295156,0.2678882638621523
CRAT,0.37041905223340404,0.931986342105374,-1.6501237955827617
CRAT37,,,1.2959899315808687
CRB3,0.8648187765837141,1.2684785624566843,-0.4219922593108991
CRBN,-0.6806459500712655,-0.9192712168891254,-0.6744897501960817
CRCP,-0.031669177858606276,0.32570545128124606,-0.25618865112481637
CREB1,-0.2001780985104205,-0.4854051320242531,-0.9413757677865524
CREB3,1.2335695536760434,2.0977786674134307,0.5470628727740326
CREB3L1,1.7829277157965902,2.5640348977896896,-0.9230461358690638
CREB3L2,2.724963059823603,2.4100446661679804,-0.08791292849591865
CREB3L4,2.185570576925122,2.4200242715191775,0.4939848242143084
CREB5,,-0.23445915564837297,-0.45915694369216375
CREBBP,0.3924611637746769,0.018551337936057642,-0.3479185109232125
CREBL2,1.3635325124370716,0.6463785933638272,1.322628023959994
CREBRF,-0.28294845121995094,-0.2862583312177339,-0.012812341108554674
CREBZF,0.5735329777773592,0.23612554879608016,0.5418186015464982
CREG1,-0.6036556934128188,-1.4174743025000127,-1.8125335919308645
CRELD1,0.9879093208233751,0.9564562303407407,-0.18455527153239162
CRELD2,1.5225057451129043,1.8129624027092768,0.45246774815405566
CREM,0.7801919407470738,0.7112386827001896,0.9138536596031893
CRIM1,0.5879800180823291,-0.5479815735596814,0.47765979678498516
CRIM1-DT,,-0.7529139037437554,-0.5837617179500626
CRIP1,1.1492900966214714,1.5857168118724674,1.1093295689410545
CRIP2,0.8799802577155623,1.0537530880752062,0.8898026599117382
CRIPT,0.23200192566164834,0.36585876117012944,0.07675884143885214
CRIPTO,,-0.5263439794689686,
CRISP2,,,1.4946837646535198
CRISPLD1,,-0.6983097954839249,1.3423118932683675
CRISPLD2,,-0.575820800243607,-0.12695280666053577
CRK,0.31304171925807023,0.4921024335023007,-0.8577867590871083
CRKL,-0.6902576830468898,-1.2166457107924722,-0.3511229762900813
CRLF1,,-0.39392807384714223,0.9968208555042583
CRLF3,-0.36130878586384885,-0.5933409323839214,-0.2665214488422736
CRLS1,0.6838428355395894,1.3616740902409612,0.19049964829308913
CRNDE,0.3123162602992035,-0.4444689825330884,1.1159775372919545
CRNKL1,0.019690451676469524,0.8554578235944511,-0.1509234786103765
CROCC,-0.7326737065927009,-1.0150079746249396,1.6327311347074054
CROCC2,,,1.5926232326701015
CROT,-2.4092509782445,-1.8782022750236596,-1.4698161814998516
CRPPA,,0.8091116515217323,-0.36438000636925777
CRTAC1,,,0.33115267630981515
CRTAP,-1.6991166969382028,-2.21129557223355,-2.6228727868243946
CRTC1,0.33439710125415906,-0.4071979271094082,0.40352719476379256
CRTC2,0.0734109557676571,-0.0672278114383021,-0.3245917418150227
CRTC3,0.4229916789729039,-0.18200003470702653,-1.0263632690075348
CRY1,-0.23981570914497205,0.5267577394026357,0.9657182048150077
CRY2,1.184779269051933,0.9406408882532782,1.6642557315095652
CRYAB,,-0.5839175901994664,-0.5400738244215735
CRYBG1,-0.8162946228653817,-0.6459347741687984,-1.602750372351309
CRYBG2,,-1.0468747471412558,-1.4278419955728103
CRYBG3,0.5121530946392963,0.5477723098095613,0.33274534415425994
CRYL1,0.9700600986322832,0.452235556216427,-0.865707417348304
CRYM,2.6050175829214504,2.3241429636602886,0.15511735133106924
CRYZ,-0.8156521262314144,-1.1965069743614969,-0.22786208697362792
CRYZL1,-0.6736949352726743,-0.44268051427838573,0.25560460327496276
CS,-0.6564577741515407,-0.8013905401923994,-0.8616037761955793
CSAD,-0.4490768692733198,-0.6112622026647013,-0.4082327230488513
CSDE1,0.2607256447833517,0.1668225186268627,-0.9288312465549328
CSE1L,-1.600406211994021,-1.666772216235435,-0.6318107884650029
CSF1,0.46826404950105605,-1.354878584680793,-1.2199351045435303
CSF2RA,,0.7431459814458525,
CSF3,0.9126725386167034,0.7932234445042095,-0.09434558951299868
CSF3R,,,0.5768498514442691
CSGALNACT1,,,0.9147121693107327
CSGALNACT2,-0.19595089745745928,-0.6428315923618015,0.21396125695163268
CSK,-0.12223848092109153,0.1953835601051981,-0.5437834496843915
CSKMT,0.08912214088763118,0.1006654164804657,-0.4443425410145466
CSMD1,,-0.3710630086745731,1.452285891686568
CSNK1A1,0.47727697313238326,0.745046328861271,-0.11670275081017346
CSNK1D,-0.29760027028564273,-0.06650580012124428,0.009797561307094744
CSNK1E,0.09929969378166688,0.25803643239760715,0.4397720334299662
CSNK1G1,-0.12084654061387702,-0.12695029565086724,1.0241324907090736
CSNK1G2,0.39047219241621123,0.579651384075463,0.7388270460465484
CSNK1G3,0.5145175179660854,0.7838839552245097,-0.4507986195574931
CSNK2A1,-0.0005757070310282019,-0.2442818984871476,0.0020725293716391184
CSNK2A2,-0.3495344626508262,-0.5230371339836798,-0.23734745235687613
CSNK2B,-0.24313504852011894,-0.29490019232843506,-0.5115160145566157
CSPP1,-0.6402612691788675,-0.5494470926213927,2.273424662693248
CSRNP1,0.3694326885948295,-0.11298235206392007,-0.2330861261482781
CSRNP2,0.6425242589456975,-0.10120847510600478,0.4799840631746282
CSRNP3,,-1.1998296940214086,
CSRP1,-0.5909938000756666,-0.20438654452224034,-0.8742348352930063
CSRP1-AS1,,0.552171908048298,0.659193535941071
CSRP2,-1.572841053494205,-1.7307912277893496,-1.8613985627279863
CSRP3-AS1,,,0.9654179024340241
CST3,2.9208264206728582,2.4551525047842353,0.3726476500119541
CST6,,1.1083495635995977,1.7712547988600185
CSTA,-1.7311918802963853,-0.28963734788432516,-1.8498057528630383
CSTB,0.46954926644438316,0.4250694707019199,0.14997069846187006
CSTF1,-0.7786318683177764,-0.6357617173047592,-0.49654077240398986
CSTF2,-0.32394363544626464,-0.13748783506527257,-0.745527162615426
CSTF2T,-0.2918281690944565,-0.3304569061580025,0.5184000293496605
CSTF3,0.12688000834619964,-0.4658431489349678,0.7885126996806888
CSTPP1,-0.8867839640481945,-0.5152061573292598,1.5906172915197923
CTBP1,-0.23934173428188252,-0.738170283234859,0.16771566058095716
CTBP1-DT,0.16038609711305243,-0.09415098179665092,-0.05730848826571459
CTBP2,-0.12386271086112201,0.6004431319221654,0.45392927029580815
CTBS,0.8491928324819505,1.4780744831927857,1.0565004679189067
CTC1,,1.3022123650083197,0.4576919359978794
CTCF,0.04273045931696554,-0.3386469615626549,-0.3192340904966027
CTDNEP1,0.5948373061638842,0.6119136151311917,0.17498119770970788
CTDP1,0.24266069399054166,0.4028970009367677,0.8171188824541616
CTDSP1,-0.12061457339739663,-0.2898251676759581,-2.197825895464646
CTDSP2,-0.6676393965740038,-1.079196652020806,-1.357778513670169
CTDSPL,-1.3490894941399811,-1.3291733823909948,-1.8243457392947824
CTDSPL2,-0.07294915527341947,-0.36662913242095063,-1.2132216228925574
CTF1,,-0.4670479335458412,0.5999240926953322
CTH,,0.7301528851417127,-0.44205613292731
CTIF,,0.4556295137857572,0.4051628817337626
CTNNA1,0.6754296266403673,1.2128791427422474,0.5253086992490976
CTNNA1-AS1,,0.6499337453116166,0.6885118873457069
CTNNAL1,-1.0663498938252545,-1.6357952123353126,0.9302823868436808
CTNNB1,-0.5567829995927938,-0.7709707959382394,-0.1121511671115547
CTNNBIP1,0.5139918423912501,0.6687353404006221,-1.5289460811867492
CTNNBL1,-1.639753165195199,-0.9272698127744134,-0.6123765774041583
CTNND1,0.1192229059378829,0.47046518187698616,-0.4556007696441695
CTNS,0.8685064667920724,1.5434617491289326,0.9279615005014367
CTPS1,-0.5380573776375122,-0.5427571416903919,-0.8607847884163855
CTPS2,0.7096755227577078,0.5092510955948513,0.5082974780448856
CTR9,-0.41168599530253985,-0.09758864020427548,-0.0016957054482172056
CTSA,-0.4224880651215589,-0.016029563888070357,-0.4956884300219128
CTSB,-0.43131692976701747,-0.3857666550797547,-1.2903382172770677
CTSC,2.343400363171229,1.2246122027018473,-1.091039363367515
CTSD,-0.4902203935767478,0.08402525045232496,-0.38398146825455143
CTSE,,,0.4535115937279796
CTSF,-0.3098992480522339,-0.6957839189696963,-1.222715523286179
CTSH,-0.04918520188257061,-1.2442903296506385,0.5110865708083882
CTSK,,-0.19318118751040844,
CTSL,-1.1894380370659836,-1.4067360351619693,0.6006009083279968
CTSO,1.0226427206024364,1.0912038004847877,0.6325010371322114
CTSS,0.7329749214605825,1.9995162825461272,1.8405022928005643
CTSV,-1.8374325006205323,-0.8708802999952536,-2.136707766951785
CTSZ,0.6610351024634726,0.9783107023622549,0.5296393640153109
CTTN,0.4021798416662667,0.7355712482124682,0.11632336111249794
CTTN-DT,,0.45782840154689114,
CTTNBP2,1.1746194675266501,1.079196652020806,-1.1937861375971588
CTTNBP2NL,-0.7105644857735939,-0.05748346107650172,-1.4604473490186525
CTU1,0.06094751210013929,0.2638128569516162,-0.22225799592891096
CTU2,0.2265643484284722,0.6791320850858809,-0.6424280226421657
CTXN1,,0.8977742136083708,2.0266919462236044
CUBN,,,1.4037178451915058
CUEDC1,-0.935971210034661,-0.5269646531872656,0.4990999685584027
CUEDC2,-0.8932857259137104,-1.1548109788371685,-0.8139659426362095
CUL1,-1.1510748978371113,-1.052498776300753,0.20125511430272364
CUL2,-0.35909733076464717,0.013868125014349966,-0.17383340321878948
CUL3,1.1997792617291996,0.8471776560503577,0.3714361722503163
CUL4A,0.097911263371924,0.7285080712504368,-0.03260098526062477
CUL4B,0.5975880542740535,0.418769777630222,0.4470476587978226
CUL5,0.028674137418958374,-0.18822925622980965,0.3040044855225643
CUL7,0.8318171311139302,0.7369882865591932,1.0395332016650725
CUL9,-0.4323280739770586,-0.32627523565553596,0.6714179713783403
CUTA,0.504030734422492,0.2290940679058703,-0.18896497947655339
CUTALP,0.29302988225623405,0.1231385142008492,0.17842597104342667
CUTC,-0.9025905861467958,-0.9126959009582856,0.07052436561023817
CUX1,1.2960821760118926,0.55385075623768,-0.31428146281651437
CWC15,-0.934188422982877,-0.3585509789075664,-0.7673485269298944
CWC22,-0.9467310614950054,-0.9923575568465002,-0.5322425336412191
CWC25,-0.929567010675321,-0.6967019051361346,-0.7633081962266932
CWC27,-1.02380881566199,-1.3265639507975406,-0.67141797137834
CWF19L1,0.34537606676064614,-0.451437735899489,0.29572727696402323
CWF19L2,-0.6233917751841144,-0.7317996767746808,-0.670945952552997
CWH43,,,1.1365831970713947
CX3CL1,0.79400351442497,-1.7716795542200612,-0.6157891730339248
CXADR,0.8902012532023004,-0.8061171348189369,-0.5194778709854493
CXCL1,0.7833177975656483,-0.007023947876441007,-0.8917638105465049
CXCL10,,0.19887259363674914,
CXCL14,-1.3468045818681142,-0.9967875278907694,-1.137662170505106
CXCL16,1.6486512204083028,1.1398545835141367,-0.9888019047395857
CXCL17,2.821684405481538,1.945360788221878,-0.3226063481739753
CXCL2,0.7851969901238879,0.24502418312877255,-0.47765979678498527
CXCL3,0.8772701575985861,0.4656424172697807,-0.7612926980684924
CXCL5,,0.9664634465551192,
CXCL6,1.3588798726241316,1.2692842435652505,-0.892605354319039
CXCL8,0.4346047674522612,0.407784999298923,-0.5951940451760241
CXCR2,,-0.5450540583602741,
CXCR4,,0.44129046198652366,0.3465176819074061
CXXC1,-0.2614404446552888,-0.8384431473346446,0.07279111783737408
CXXC4,1.3884577445724609,1.3149317673707173,1.5283400061343144
CXXC5,1.173243409913356,1.477001479469389,0.47702635406477045
CXorf38,0.16925654439653265,0.5822098365773705,0.5913746934588221
CXorf58,,,1.6061628939292198
CYB561,2.329287846792842,2.2688211085692243,1.7079651227530726
CYB561A3,-0.9399038525477917,-0.523863307892257,0.8934475307063848
CYB561D1,0.4004326906791771,0.06560333468207669,0.24083719711211923
CYB561D2,0.9144201925046493,1.9586747975590162,0.1311325212535766
CYB5A,1.7301622762318225,0.6197509653803239,0.07222439517091708
CYB5B,-0.7615941777913479,-0.04269660907842003,-0.528122505346721
CYB5D1,,0.21137983640158156,0.8831045324021696
CYB5D2,-0.7138288348263923,-0.5519621615076479,0.10817043964719761
CYB5R1,-0.7227705646412936,0.9947177787939407,0.8042948716431295
CYB5R2,-0.7399213378445525,0.24669481797291865,0.48527616996698003
CYB5R3,0.7435597568794307,0.5978570271256346,-0.7555152798764191
CYB5R4,0.06210110741536623,0.6655854595546572,-0.39597608616220953
CYB5RL,,0.4363329199112545,0.6463701187746574
CYBA,1.1945926805362421,1.3961575726334288,0.2220648768623861
CYBC1,-0.22750952844178604,0.5658582326073017,-0.41458931201309485
CYBRD1,0.7752063597076971,-0.5722107693303968,-1.191100966026132
CYC1,-1.899411936228938,-1.9242907517859442,-1.6959371929195304
CYCS,-1.2140911800085867,-1.2917715529381255,-1.6991206558701615
CYFIP1,0.026831165160044544,0.8274873062302386,0.038633991969485644
CYFIP2,1.7311918802963853,0.6186601763893834,0.4047538585258677
CYGB,,-0.8410054573270271,0.8842181310967792
CYLD,1.0060789703798372,0.6472666139863702,-0.6078375084914542
CYP1B1,0.01508409537407401,-0.40739360223608134,-0.5035864527507184
CYP20A1,0.432833811822391,0.4030923353830098,-0.14578007078994326
CYP24A1,-1.5510056851453962,-1.521894022007681,-1.533815025811587
CYP26A1,-1.6884841554555412,-1.1913644008331685,-1.044396755518611
CYP27A1,-0.552485850649986,-0.35816689209746566,1.1899528031241569
CYP27B1,,0.34552124224598585,
CYP27C1,,-0.32589536764804455,
CYP2A13,1.7989554793964064,1.035724889564841,-0.34431775102863277
CYP2A6,1.5800213587675278,1.2664679535658776,0.6547514695460157
CYP2B6,2.135679357223587,1.3566845977210997,0.16523213246212434
CYP2C18,-0.23673583036209772,1.1534087896601815,-1.0700960712671659
CYP2F1,2.7754715183572585,1.8909642744499344,-0.12125675352719582
CYP2J2,1.8106933516390462,1.0113970932543581,-0.6033109285587944
CYP2R1,-0.07433460382408322,-0.06794985780294678,-1.3083055503471641
CYP2S1,-2.8895023768605643,-2.466308069106028,-1.6284592618067357
CYP2U1,,-0.2130376448664966,0.9866537975036939
CYP2U1-AS1,,0.19354818425680095,0.4360393525263743
CYP2W1,-1.7374083834111964,-1.4189513299074688,-1.0102255268190967
CYP39A1,,-0.48014377713870177,0.9949646498206717
CYP3A5,-0.807649114487947,0.7151870633434068,-1.0276402956998505
CYP46A1,,-0.10519182763960987,0.7460247977573391
CYP4B1,1.2059507721657217,-0.2204128380479561,0.6320408378925702
CYP4F11,-0.4785676872972631,0.04251634578865454,0.23386059571127452
CYP4F12,-0.49672289624255095,0.5719986470833274,-1.1691749963797247
CYP4F3,-0.9879093208233751,-0.6058438028187582,-1.2873119838343778
CYP4F33P,,0.22262771760881359,1.4367757613021823
CYP4F35P,,-0.17376628108496292,0.06788027843735985
CYP4V2,0.9935521001608368,0.8204063784091777,0.8690008558364469
CYP4X1,2.1402065270489876,-0.7831495416002907,0.6230934849278746
CYP51A1,1.4130257953787533,1.3717560674765994,0.13759661577692503
CYP7B1,,-0.1493153732337665,
CYREN,-0.1271121556550548,-0.32646518731284657,-1.6165143056299585
CYRIA,,-0.19153002334654567,-0.10475975367197525
CYRIB,-1.764061441900903,-1.916322640319287,-2.377332427465843
CYS1,,-0.4276335332923654,
CYSLTR1,-1.2174666072950968,-0.7538707141018927,-1.2732016865684348
CYSRT1,,1.2215682048318501,0.8769992019185824
CYSTM1,-1.1194912106386252,-1.2132550252887053,1.3123065685329531
CYTH1,-0.7683824717822846,0.5041318845401707,0.4141787063444675
CYTH2,-0.13826352131151412,-0.0401730466034298,0.7815895967036068
CYTH3,,0.6481551453244923,0.2943497251565631
CYTOR,0.6928901325993619,0.3604722079098053,-0.1011609059421774
CYYR1,,-2.3433403177917316,-1.8710731914216514
CZIB,1.0296602972203281,-0.2289091833294022,0.1910752645966274
D2HGDH,-0.7811288962244325,-1.2556980584368438,-0.30084883761671855
DAAM1,-0.5465938634346325,-0.15350542484649443,0.350722221561022
DAB2,,-0.7562657657269642,-0.672126280254944
DAB2IP,-1.6180585647943153,-2.213376826226149,-2.1613609458755514
DACT2,,-1.6791807259800293,
DACT3,,0.17047610654494424,
DAD1,0.6844248381069018,1.1374438605937744,0.30321529091835414
DAG1,-0.08057092704140804,0.429607803136758,0.6489262459892235
DAGLA,,0.1507724814313793,0.19376231451157455
DAGLB,0.7215750054793661,0.533597883413328,-0.3091388928825155
DALRD3,-1.2818133485391414,-1.5241916548212655,1.5074719932182332
DANT2,-0.9774594272457554,-0.9361652697374169,-1.104809061780592
DAP,2.4926886215671216,2.3433403177917307,-0.08394164782132157
DAP3,-1.10114990669567,-1.3081217537560388,-1.136942707819379
DAPK1,,1.3782451729296794,0.48570012425030484
DAPK2,0.9536026860757252,0.024856324333571312,-0.44933916173206456
DAPK3,-0.11899098388137919,0.07282461647274212,-0.6373412526189179
DAPL1,-2.0926507810103425,-1.884544908615163,-1.6334460172000635
DAPP1,0.24337224629544726,1.1013863287208854,0.8736827634184439
DARS1,-1.170041217565311,-1.5920806883846745,-1.5139596274895892
DARS2,,0.6680598082148327,0.3585471966765449
DAW1,,,2.1404166958656567
DAXX,-0.9583303835118928,-0.8113623085778828,-1.5405697809070182
DAZAP1,-0.12107851433314586,-0.09198040481404084,-0.40454937231663674
DAZAP2,1.5680988643225382,1.3553296735814584,0.7693733952801947
DBF4,-0.6507553768484075,-0.4070022675725951,-1.3308050771017572
DBF4B,,-0.4864184688272923,0.5889079406919778
DBI,0.8518378630951926,1.1254881430911088,0.47512717252058345
DBN1,-1.8226861334910152,-2.1160093196631258,-2.686713810833981
DBNDD1,,1.4700680474764578,0.5510059656075144
DBNL,-0.33537135933400347,0.8093615220191568,-1.4804422506945805
DBP,-1.1147635303294063,-1.2584762482931575,-2.0977295394175903
DBR1,-0.5407207907709961,-1.0256161161088884,-0.520124865685541
DBT,0.2664478080052291,0.10464854632019449,0.4854881362011055
DCAF1,0.4600568365018342,0.4632350972937479,0.059950789264800665
DCAF10,0.4422101232634298,0.01260731623844171,0.039199655047170656
DCAF11,0.8830368668493688,0.184014586712529,0.17746887890739213
DCAF12,1.1709549046371905,0.9220226890890969,0.3162615821213912
DCAF13,-1.3237789129366937,-1.0801644062411737,-1.0548557977630948
DCAF15,-0.631522919778716,-1.0512461182382702,0.199717222099956
DCAF16,0.033051598408942014,-0.35912720833565326,-0.31151136261909185
DCAF17,0.41168599530253985,-0.219859287490342,0.44330297736154084
DCAF4,-0.43891135401593656,-0.5240699072297514,-0.9660185943111932
DCAF5,0.10995088924639859,-0.25189677721396087,0.6046676008073355
DCAF6,1.2174666072950968,0.9553186422309743,0.8303446385303996
DCAF7,0.6055909651934924,0.41150639886712037,-0.5795221264136287
DCAF8,0.688505371465528,-0.028819948566487976,0.7869709747119242
DCAKD,-0.6493330849965879,-0.7765587110587518,-0.1220159959764806
DCBLD1,1.0510239538312915,0.07842370363003999,-1.6109720763156723
DCBLD2,-0.7686918711241749,-0.9322644306904185,0.7021884692439383
DCDC1,,,2.755352215697913
DCDC2,,,2.6113011108377835
DCDC2B,,,1.8920925329877318
DCK,-1.2781563481781841,-0.6088759048970503,-0.8976679563033481
DCLK1,,0.4173939410040697,
DCLRE1A,,0.7833942991915641,0.4285921157896929
DCLRE1B,,-0.34628605412611224,0.20087059676767807
DCLRE1C,0.020381438769979866,1.113021735272179,-0.26866952560962154
DCN,-1.3933043011823023,-1.417966301292789,-0.9534763619629409
DCP1A,-0.5255899023408753,-1.1017167005299924,-1.2719314554370147
DCP1B,-0.0734109557676571,-0.44705483955144226,0.7813339055447175
DCP2,0.5562452950112293,0.1215054443512165,0.3365313239194758
DCPS,0.518991524894217,0.6839028733683488,-0.17211214029692382
DCST1-AS1,,-0.11461377932740964,
DCTD,-0.7702399731704485,-0.4460599263094868,-1.762282094323713
DCTN1,0.7764509448734425,0.5787994098647725,-0.030904425372499426
DCTN2,-1.00569704950176,-0.4624332541839384,-1.1688018778843197
DCTN3,-1.0639133879839768,-1.2065151769315268,0.2267020383957458
DCTN4,1.2565645839295843,1.0372657712213385,0.6806524964514539
DCTN5,0.7591343990285156,0.10609736558543381,-0.2898273983091664
DCTN6,-0.38302721337807094,-0.19428225601334267,-0.8009147538433763
DCTN6-DT,1.091489798207721,0.12295704585686165,0.48336945322907765
DCTPP1,-0.9864098845156951,-0.17943712616240623,-1.0532139759898476
DCUN1D1,0.595937064193253,0.3026213081394153,-0.3253862572236001
DCUN1D2,,0.5284136822320132,0.07505824413953556
DCUN1D3,0.18328996234203607,-0.792237089967923,-0.3748701153500123
DCUN1D4,-0.16575349970297754,-0.4941362704638895,0.3908867638969728
DCUN1D5,-1.0994625148447383,-0.23705160587161475,-1.5115931228464254
DCXR,0.7921112345924083,0.7299177908572398,-1.1976370948456214
DCXR-DT,,0.3107385015200413,
DDA1,0.7526992105921186,1.0465632714842232,-0.14102109533723228
DDAH1,2.8095581618369456,2.363442221843663,2.3236489336488297
DDAH2,0.8057360836018904,-0.03296422271430795,0.6634138403098524
DDB1,-0.40093175172668605,0.4882437354144368,0.4614610927467702
DDB2,-2.5192862386173536,-2.5498343762196116,-2.084313174843089
DDHD1,0.6627551724218957,-0.9587351280582611,-0.2776659626693478
DDHD2,-0.6354632609182529,-0.9476720174547494,-0.2583309093968725
DDI2,1.1303300871539745,0.9598764460512146,0.6026330087745276
DDIAS,,-0.009005109040770192,
DDIT3,-0.7191869751883772,-0.6978502141748185,-0.5209878641558622
DDIT4,-0.2733737663949255,-0.9386804915729979,-1.035337924673558
DDIT4L,,-0.1028378307324335,
DDO,,,1.5966544513575331
DDOST,0.04734079236782742,0.08583275512947033,-1.3843027095503253
DDR1,0.3351277650053531,0.8487257525484291,0.2704279650800225
DDR2,,1.1668224451774056,
DDRGK1,1.3531051247667842,1.490538236292378,-0.37992808714102433
DDT,-0.25287154579181664,-0.271092521142125,-0.6792280366017498
DDX1,-1.2708931846201352,-0.5631125574082855,-0.5518833709386917
DDX10,-1.4068039514569517,-1.4374282375917897,-1.5498956394272418
DDX11,-0.7453826612917421,-0.4622328398746557,-1.2547733922465607
DDX11-AS1,,0.3787915674181381,
DDX17,1.0076081236474976,0.5100714057632315,0.8316751992794851
DDX18,-0.7365947045362745,-0.9826795144006288,-0.7615444661116545
DDX19A,0.28750547542033317,-0.6313591505003374,-0.08507616162377811
DDX19B,-0.6696551795207172,-0.029720833166832283,-0.41007647431788014
DDX20,-0.7224715780504655,-0.9914738975829117,0.3335419944502845
DDX21,-0.6567434535799566,-0.6140868687995715,-0.9511043374629652
DDX23,-0.09883686250761957,0.7726689107600936,0.4778709869442934
DDX24,-0.49281889245719307,-0.9072464665188009,0.036371461460012224
DDX27,-1.3496618239641718,-1.0496826115750413,-1.1492546496718163
DDX28,-0.8003317650997283,-0.9768585754086344,-0.669295062200192
DDX31,0.45800988762490014,-0.34494776596468396,0.01997296022777058
DDX39A,-0.7469036424039708,-0.6916602106182735,-0.2076039959801927
DDX39B,-0.022684801219906618,-0.3818893112672562,-0.3998508350519845
DDX3ILA1,0.46697960556326523,0.8312977739759045,0.8781068266164508
DDX3X,0.28798550803118605,0.2167237679075319,0.21723957116728643
DDX3Y,0.40567783632017473,0.22835457651795443,0.27081884279831653
DDX41,-0.27361282468436315,-0.13130888037772478,-0.45372042211774194
DDX42,0.17276166733032242,-0.25394226266264863,0.6730712170012405
DDX46,-0.2908671019881396,-0.5180875540144609,-0.495901481835176
DDX47,,0.26679767286952727,-0.23057006276384265
DDX49,-0.7405270599065379,-0.2864459682887874,-1.0896737456784362
DDX5,0.2552499067521422,-0.5574235061730136,0.13436386672226408
DDX50,-1.0986199917027284,-1.209878231185746,-1.0279598143185453
DDX51,0.2559636960690757,-0.11588287790962966,-0.1505423501584347
DDX52,-0.40667817389751226,-0.72709979793007,-0.4002590517824815
DDX54,-0.8847385528406186,-1.3796432690042202,-1.6999192182040306
DDX55,-0.8891749762882238,-1.3013718713855653,-0.7787797967965454
DDX56,-0.947813078957854,-0.8071145027708132,-0.5091552383603908
DDX59,-0.44576803486077543,-0.7555467952496604,0.04749758300670916
DDX6,0.6791951186811002,0.045941591243060007,0.25112978270306063
DDX60,0.9200315542214504,0.9347704801620401,0.8684512954005813
DDX60L,0.6453576325786536,1.0048111671787856,0.831408969387738
DEAF1,-1.02341996268303,-0.7661312370766094,-0.9334818122846383
DECR1,-0.5540960819437505,-0.7934701537297292,-1.134787842626424
DECR2,0.40817944402766915,0.17833909847059023,-0.5087263114155381
DEDD,0.6374371337374964,0.2038348724833599,-0.16103155099943792
DEDD2,-0.8311663687334713,-0.0965029411953538,0.15797837057832312
DEF6,-2.1564069009603566,-1.825208736999162,-2.538764308465272
DEF8,-0.013932560124161575,0.4992298418654859,0.3347373670988401
DEFB1,-0.2355518608762818,1.3736041990643846,-1.264352796071638
DEFB124,,,1.2207285470808187
DEFB4A,,1.5032379368779447,
DEGS1,-0.20911404607159711,-0.9456985891934804,-0.3874318068254872
DEGS2,1.0990411557550905,1.0098964453915835,1.0238142239843002
DEK,-1.8525896051621524,-2.5640348977896927,-1.2420414020673727
DELE1,0.300971901543347,-0.6494889027464734,-0.843448331496064
DENND10,-0.8118041919455308,-0.18419776471827903,-0.277861784546602
DENND11,0.22727321441615814,1.4987932032196416,0.47301897849627417
DENND1A,,-0.3325499057659145,0.7535116495682095
DENND1B,1.6087495926319035,1.9382415192664801,0.1488275418858426
DENND1C,,,0.7787797967965454
DENND2B,0.23910476701870728,-1.0997362697257078,0.6942546117798833
DENND2C,-1.3536805700839882,-0.693720590205643,-0.31210475359764284
DENND2D,0.8422777152359895,1.230350487205984,-0.19030779022692487
DENND3,0.6745620272238481,0.29828775861467954,-0.06485904443438388
DENND3-AS1,,0.709616099723959,
DENND4A,0.10879256783996634,-0.1701106461375788,0.5536394578938335
DENND4B,0.7557596825197798,-0.19061293579192085,-0.33633194199704497
DENND4C,1.3806509439114611,1.3535269694119536,0.745527162615426
DENND5A,-0.01347195128266728,-0.02071295184279559,-0.5207720781843335
DENND5B,,0.057844259923366996,
DENND6A,-0.644790543954259,-0.4508395592050453,-0.9044541042829733
DENND6B,,0.3272251118265509,2.1028595149514206
DENR,-0.23839394572472192,-0.4532332366398555,-0.6299715947712372
DEPDC1,,-1.3192191824270414,-0.7693733952801947
DEPDC1B,,-0.509251095594851,
DEPDC4,,-0.6285040357498191,
DEPDC5,,-0.5454719883432931,0.5891320427013045
DEPDC7,,-0.9593056308549829,
DEPP1,1.721990723733598,1.4491658301388084,0.4000549350840436
DEPTOR,0.9366851583233582,1.0063041359080975,-1.1846153299001092
DERA,-0.32734314920099866,0.11660816077572213,-0.991262485027323
DERL1,0.9660130189948252,1.6269367167889879,-0.17000906624629106
DERL2,0.20534954763618932,1.0478097840859708,-0.6554519878589596
DERL3,,1.6195395421289467,1.7859148343331466
DESI1,0.21005563181621054,0.04143479485691142,-0.8940093338491947
DESI2,0.6011708032943229,-0.4536324351051282,-0.012435487826896116
DET1,0.06279330417699149,-0.3508791996709556,-0.008101788556834993
DEUP1,,,2.2515048845371033
DEXI,-0.8936289697661738,-0.34590362289456056,-0.6114677567066894
DFFA,-0.8871252266743889,-0.736515776135024,-0.9678227650645005
DFFB,,-0.29358372096677826,
DGAT1,0.6094683336893437,0.8921293411100063,-0.4207568386007035
DGAT2,,,0.8803253144969657
DGCR2,-0.27720058435929296,-0.2798846170076338,-1.04797912201733
DGCR6,-0.8166159975729759,-0.30620548481516824,0.18474692273859938
DGCR6L,-0.2817502141372784,-0.4215238338827101,-0.13664565946453108
DGCR8,0.04111706231275152,0.027738917855729923,-0.21241931831925637
DGKA,-1.4218293659213819,-0.7865804312759228,-1.9222838252001506
DGKD,1.5880962140771846,1.2307344817121526,-0.5294225953772015
DGKE,-0.7335775508064699,-0.277637796035857,-0.6505550816961656
DGKH,-1.7342917541803249,-1.298855890088071,0.4929207984789991
DGKQ,,0.5119183603888862,0.10968670172134223
DGKZ,-0.771789923394318,-0.47449252344759396,-0.05693104978486222
DGLUCY,-1.2016733146642602,-1.4476235046996042,-0.24938013883911314
DGUOK,-0.8538255534002431,-0.30337554710779263,-0.4753381079580127
DGUOK-AS1,-0.2678797056996842,0.8410054573270271,0.5138796450178248
DHCR24,2.4978683590082893,1.7259789495146844,0.5156004532498164
DHCR7,1.5995779782408537,1.6703951286596266,-0.8332738183843852
DHCR7-DT,1.4812526002351714,1.2696873932677546,0.8095130766402238
DHDDS,1.1272818472687771,1.6560327390885465,-0.08375257273075763
DHFR,-0.8327939357499106,-0.8819863952887712,-0.3876349112237363
DHFR2,0.48503328755837444,0.9468258109796411,0.7660845805573061
DHODH,-0.7855104584604591,-1.2311186577781275,-0.6426596339008707
DHPS,-1.0502241545906819,-0.8146205336790845,0.028642483039894917
DHRS1,-1.1704979389562697,-1.0363409469574567,-1.4642895446308035
DHRS11,0.19313471210391836,-0.37164187667023224,0.37325359394093327
DHRS12,-0.31885136179246,-0.2763277981585971,0.14425684456156154
DHRS13,-1.7943289507378908,-2.0513213152451533,-1.65901063135695
DHRS3,-0.3400034531869293,0.2307583823409398,-1.123737332510297
DHRS4,-0.22538315787356192,-1.1739673476423111,0.25404756792824973
DHRS4-AS1,-0.8991352662889746,-0.9420433877491114,0.46376769435701776
DHRS4L2,-1.3676279233156885,-0.8214154162989106,-0.9878807291775545
DHRS7,1.095257670115957,1.6282912626917696,-1.0989314773133119
DHRS7B,0.5797875745652157,1.4993471765508184,0.7587776655471642
DHRS9,0.4389113540159364,1.659591323834459,0.4969670788684972
DHRSX,0.43587057047239913,1.235356643119665,0.3126982544926557
DHTKD1,0.9682185510875806,1.017422599286159,-0.7535116495682095
DHX15,-0.3125580616705278,-0.21819903923821457,-0.5786309091322394
DHX16,-0.6178080394805628,-0.2729614026513989,0.626758120823821
DHX29,0.9890353572852166,0.23260837077684896,-1.26184264978479
DHX30,0.6742729402499492,0.8446019967569592,1.1647082666978144
DHX32,0.917923906775158,1.7529584509768352,0.9107115359241759
DHX33,-0.3640140783470234,-0.9075182979783184,-0.6641183725493678
DHX34,,-0.09976038465919723,0.4485056155483403
DHX35,0.8681707345037809,1.9636035231326117,-0.21299748592642018
DHX36,-0.17042468554502357,-0.4111144050155037,-0.7113795499993211
DHX37,0.023145487761618976,0.12368294358825638,-0.2733605597065185
DHX38,-0.4920389941330971,-0.39996882331028966,0.13683584081406028
DHX40,0.47547130757550243,-0.07860435934157733,1.1591573257451009
DHX57,0.10254011398794621,0.06289625596289937,1.616514305629959
DHX58,0.7631338818824313,0.7829048309156011,0.7658319381449816
DHX8,0.2223135291744647,0.4582284369488195,-0.030150427597581773
DHX9,-0.8820170815983783,-0.8302804707557755,0.2690602179575771
DIABLO,0.11064595280797838,-0.026477756240599476,-0.2357973845410976
DIAPH1,0.3527184919433328,0.5193237548826298,-0.11708215730638383
DIAPH2,-1.0030276998281755,-0.688460997310202,1.1319228596401762
DIAPH3,,-0.7804602967683947,
DICER1,0.8140473556007212,0.7914978296027335,0.15855072888533317
DICER1-AS1,-0.25382271778235044,-0.33102758029714807,1.30212305364224
DIDO1,0.5838788978463361,0.1196913020790062,0.9230461358690638
DIMT1,-0.9349011812269609,-1.4293783034568066,-0.8534396992221724
DIO1,,,1.4373048581455008
DIP2A,0.6442236626119636,0.9225738214854581,0.6024070970601205
DIP2B,0.12966623103368136,0.16883171328355615,-0.5372420611674825
DIP2C,0.7708597310233071,0.8076134879231275,0.7590289526666477
DIPK1A,,0.6225904758362392,1.4154203734969089
DIPK2A,-0.8429345600948276,-0.7855992337071377,-0.912995822913499
DIRAS3,,-0.5841311790884671,-0.6269874397700808
DIS3,-0.030286817828190503,-0.21451174393895903,-0.7118649529490118
DIS3L,-0.18118271475193143,-0.5402546754906794,-0.15016124357285482
DIS3L2,-0.8344237118121659,-1.385733078551505,0.77114774618237
DISC1,,-0.6766392629090056,0.3791181615700389
DISP1,,0.29320767982756185,-0.8817140721486838
DISP2,,0.5373394001504067,
DIXDC1,-0.7014053744490228,-0.23779259789138935,1.4577160670945835
DKC1,-2.2649034734810822,-2.0693710568776016,-2.20206306701623
DKK1,,0.08456747276313248,-0.3471179537787881
DKK3,-2.656280745934583,-2.833900699828382,-2.4388909987296716
DLAT,-0.6757189394315765,-0.296593550022454,0.5446573893898051
DLC1,0.6576008136912226,-0.23038847960869308,-0.10703340646229828
DLD,-1.2131293091560709,-0.7059143323490893,-0.8772760071877838
DLEC1,,0.99059101183788,1.8582120633489485
DLEU1,-1.7489828581190197,-1.5991562495989973,-0.9428440560224554
DLEU2,-0.9388298738250492,-1.475930173582495,-0.20856667185136707
DLG1,-0.3103825052384322,0.21635502388895572,0.1665692892180207
DLG2,,-1.016516420497286,-0.013942912085269848
DLG3,1.4778125074152009,1.4532956411523257,0.7255252083452108
DLG4,,-0.5641680828755162,0.6723624581509106
DLG5,-1.154207153864649,-1.156918529898554,-0.2712097618981555
DLGAP1,,-0.6346599231482523,0.6749628962209753
DLGAP1-AS1,1.3265493927559533,1.0724504756803,1.2319184329600164
DLGAP1-AS2,,-0.2677309142607165,0.4984598636552197
DLGAP1-AS5,,0.8078630559185055,
DLGAP4,1.3310034576626388,1.3947271106761823,0.3669987318813361
DLGAP5,,-0.8489839664023556,-0.756518233066944
DLK2,-2.547795290852013,-2.2196787763393653,-1.8635334424492322
DLL1,-2.2034810158066693,-2.381466547802246,-0.23540995624028446
DLST,-0.7971636492792631,-0.7649241503057161,-1.0130541949192797
DLX3,,-0.38363340205333474,
DMAC1,-0.43663038751118294,0.21985928749034217,-0.06164963122871022
DMAC2,-1.2626736796030547,-1.352177822338961,-3.146276133593725
DMAC2L,0.5129409170062701,-0.4377199458357331,-0.6325010371322114
DMAP1,-0.6739839096149216,-0.5773094648093985,-0.18283071480771373
DMBT1,1.9416300552661097,0.523863307892257,0.12581327238338244
DMC1,,-0.17797313708174486,
DMD,1.6677740558600154,1.02805708194513,1.614430155724964
DMGDH,,1.3153594215204274,1.2147963421518169
DMKN,-1.5001393151282492,-2.796048911862153,1.3404588572211806
DMPK,,-0.1100827764350207,1.1551092261232996
DMRT2,-2.1136760082070163,-1.854563589431423,-1.1551092261232996
DMRT3,-0.6584586574555112,-0.6586340908284153,-1.0108534207576492
DMRTA1,1.735328758465164,1.3503827792212708,0.7405609189708823
DMRTA2,-1.3729273933354487,-0.5306929730703245,-0.6952139573117333
DMTF1,0.4852923319894733,-0.469861739842986,0.39883058449478465
DMTF1-AS1,,0.3082823308464081,0.8079453058236473
DMTN,-0.08265038600133195,-0.29828775861467954,0.7665900121388093
DMWD,0.38898147738853395,0.2139589023331299,0.9570444922493665
DMXL1,1.1075057375697743,0.7481401465678856,0.15778759598528314
DMXL2,1.689442883000449,0.9780201119877329,1.2842974940011338
DNA2,,-0.5309003179280657,
DNAAF1,0.26978975791154314,0.39860351468321653,1.9356024007852954
DNAAF10,-0.8409651144215624,-0.20677784457167875,1.1639660681719695
DNAAF11,,0.28607070422462827,2.9376336349734045
DNAAF2,-0.31304171925807023,-0.5546907657916196,0.9061571571162236
DNAAF3,,0.8635355525242031,1.9711461985939644
DNAAF4,,0.31206183089324496,2.5785418513589606
DNAAF5,-0.5037692784960733,-0.4947468199612266,1.4388945677481337
DNAAF6,,0.9979721611079571,2.0810169877260387
DNAAF8,,,2.3017909650787276
DNAAF9,-0.9263791677095936,-0.7210138531248,0.855067952920959
DNAH1,,0.7052213281031927,1.843585740059984
DNAH10,,0.7760718441803647,1.83540177042407
DNAH11,,0.6816291346642205,2.061699860142841
DNAH12,,0.904260732265203,2.2238647313862887
DNAH14,1.160054439463703,0.6397345885470698,0.03128143082185271
DNAH2,,0.4518366101077318,1.811560589763255
DNAH3,,0.7315642993913315,1.7924511122525477
DNAH5,0.9402620864434483,1.2265204779646273,1.6597571394581425
DNAH6,,0.8881146336476318,1.9898947978067658
DNAH7,,0.8148715245060748,2.364802519796914
DNAH9,,0.5643792633793384,1.8699895603739742
DNAI1,,0.8484675952703808,1.7413081117473774
DNAI2,,0.8456315872427623,1.916340981210086
DNAI3,,,3.0750560199018246
DNAI4,,0.6857244129086699,2.2586914339535156
DNAI7,,0.8531231168097729,2.511367036030312
DNAJA1,-0.1659869722707192,0.20585797459361696,0.4785046853720007
DNAJA2,-1.0214780144539988,-1.1942991464487862,-0.3018346543253888
DNAJA3,-0.7311686280384456,-0.7259273374814,-1.0869485891326034
DNAJA4,-0.12409477028673882,0.3139532504861664,1.3441695499686324
DNAJB1,-0.5150433357584971,-0.07481111894719412,-0.20683399382716477
DNAJB11,0.3753563027296253,1.2419502407197538,-0.1516858013448805
DNAJB12,1.8154591629748673,1.3361764896576276,-0.251518696685172
DNAJB13,,0.9835555293588768,1.8667517753280118
DNAJB14,0.03927331082481264,-0.09813153276873947,-0.5461877859760373
DNAJB2,0.8594757577321757,1.344578729099462,0.9609237680235884
DNAJB4,-0.13384746012956455,0.4852025244958783,0.6631790694051366
DNAJB5,,-0.46765058005840143,
DNAJB6,-1.3824450419922953,-1.163626592019551,0.12163636598719131
DNAJB9,1.282337178222971,1.4293783034568066,-0.5650960743152543
DNAJC1,1.2007257497557997,1.8834825311425922,-0.08242913054662852
DNAJC10,1.5210396595304005,2.5787720998205894,1.5271295374138583
DNAJC11,-0.10647636128587754,0.1493153732337665,-0.09642756780322369
DNAJC12,2.2832411225260936,3.332016047432151,0.5453131172363058
DNAJC13,0.6496174382107314,0.72381941904139,-0.3170539767447917
DNAJC14,0.6797752795199783,0.33616852698051536,0.5016624377469923
DNAJC15,1.3920895948378034,1.8299926238813016,-0.031092927544759258
DNAJC16,1.0072256145292757,1.123454694883399,1.542424238774199
DNAJC17,2.477538473563253,1.5524135667947876,-1.0058413721663282
DNAJC18,-0.9656458870214002,-1.0484336513278216,-0.9835929466779152
DNAJC19,0.0955976307245045,-0.6379676250167982,-0.9924950284867494
DNAJC2,-0.718292520867508,-0.1830987891663324,-0.3297597808128207
DNAJC21,0.1917271950137417,0.03026137545865817,-0.890362639209686
DNAJC22,0.1271121556550548,1.327432757199726,0.3495202949709448
DNAJC24,0.21665199856200976,-0.29885268488928196,-0.6322709207743348
DNAJC25,0.9133712654002464,1.5358023388806852,0.38844748884316616
DNAJC27,-0.3169136279630428,-0.7024526897079275,1.4128598606583438
DNAJC27-AS1,1.2203709108098668,0.9699168433540892,1.2432647353973612
DNAJC28,,0.7268652259168966,
DNAJC3,1.7607964994710161,2.1658788180039847,0.3851987107874097
DNAJC3-DT,1.276594282791729,0.8714067221874585,1.040827742227065
DNAJC30,0.43637708717707635,0.25301236534746463,-0.13987942037267417
DNAJC4,0.42324352612708355,-0.4181800364457342,-1.5663873289996517
DNAJC5,0.12084654061387702,1.0553233130040898,0.7520109099380462
DNAJC6,,,1.2651912841723711
DNAJC7,-1.488883139164307,-1.1080167622360966,-0.5448759393045003
DNAJC8,-1.6631656403590123,-1.7071188118199347,-1.3087490739091714
DNAJC9,-1.947732782712124,-1.917453508194256,-2.481617090307353
DNAL1,0.5934636194080914,0.4446677889102285,2.5387643084652716
DNAL4,-0.46646604374707756,-0.7110067705555528,1.444754844100768
DNALI1,0.7677638936485729,0.7782641969463376,1.8853645448114988
DNASE1,-0.04111706231275138,0.22780003993690803,0.46733730710762955
DNASE1L1,-0.7320714761836472,-0.15441665982004324,-0.349920880981564
DNASE1L3,,-0.6651360159037,
DNASE2,-1.0339738907353249,-0.4642378202579987,-0.5052982544961033
DND1,,0.1917134601647189,0.4476723808695786
DNER,,,2.38698093432456
DNHD1,,0.8703541190311099,1.1387424700148605
DNLZ,,0.4168045386676711,
DNM1L,-0.967482850821097,-0.964454277694283,-0.9038870026989578
DNM2,1.0478287777886257,0.7320350947085562,0.40189258670810724
DNMBP,0.4280337479753999,0.6030332586980559,0.736106866302571
DNMBP-AS1,,,1.4468982050054324
DNMT1,-0.1294340076575909,-0.9157046728431095,0.5201248656855408
DNMT3A,0.23886781318133718,0.0508099824087889,-0.06315986220545931
DNPEP,-1.038306809811793,-0.11370739346531557,-2.246777673295444
DNPH1,-0.26406252374620953,-0.027018248801930794,1.461542918503512
DNTTIP1,-0.2781579212884607,0.38770750033524315,0.7739409285287766
DNTTIP2,-0.6604621804018557,-0.5385882432705951,-0.06448143237275289
DOC2A,,-0.376277325637437,1.3862700393148586
DOC2B,-0.03305159840894215,0.7367520107856396,-0.5276893404028478
DOCK1,-0.49776524132917505,-1.0057066794149927,0.1204975809698326
DOCK4,1.4730255619032402,1.0869672117367437,1.2656108619875477
DOCK5,0.5683830170961003,0.561003385587924,-0.5877878738454562
DOCK6,0.6019986868631565,0.36374135773509103,0.06806912585063919
DOCK7,0.02982604414278749,-0.33826552889301387,0.20048610892980778
DOCK8,,0.7103112634250697,1.2485874765640008
DOCK8-AS1,,1.0562666981987274,1.4149075285440005
DOCK9,0.41997159937817014,0.32589536764804455,-1.1695482777156927
DOCK9-DT,,-0.7212474333392985,
DOHH,-0.7129378046429169,-0.5110972764436476,-0.13892816388593057
DOK1,,-0.11243861000779974,-0.5846555995535507
DOK4,-0.10717116271004533,0.06379856334386971,-0.855067952920959
DOK7,-1.8721553293801918,-2.1438509174643974,-1.5086468455972482
DOLK,-0.07525831530164064,0.8358863302944625,0.7348722204534457
DOLPP1,0.8929425872726479,0.8214154162989106,-0.46775765243418227
DONSON,-0.06279330417699162,-0.3241865425380799,-0.31170914741441347
DOP1A,1.0514241056801303,0.9493664695240891,0.735859847409901
DOP1B,1.7149337580342594,2.147450468950109,1.1419913703896212
DOT1L,0.4723794797771341,0.2141431755942603,-0.12600318337793848
DPAGT1,0.12780863873675913,1.0072009947635379,0.8878449256000265
DPCD,-0.49125939497273363,0.1600692096456157,2.406972345620586
DPF1,,,1.2053927635019015
DPF2,-0.23365819554254144,-0.7001495980502674,-0.3541304400535756
DPH1,,,0.6792280366017498
DPH2,-0.43156967443992006,-0.2954645507014035,-1.1766718232541318
DPH3,1.003789641325816,1.177562376287315,0.8580589884344512
DPH5,-1.070424864823993,-1.6289696574798858,-0.9355227946425616
DPH5-DT,-0.07318005356974376,-0.315656488759863,-0.0062176237245647435
DPH6,-0.8946593336427361,-1.382447580271105,-0.9346476111839834
DPH7,-0.2521583169527729,-0.5931261825314563,0.3774990555972584
DPM1,-1.2078589653384504,-1.0141040146656688,-0.14673225875021778
DPM2,0.5803325224338485,1.4135506059040188,-0.864064214939073
DPM3,1.4662450697352072,1.3625849203499234,0.656152827966974
DPP10,,-0.9519132710074696,
DPP10-AS1,,-0.6526055080364859,
DPP3,-0.35517017915881477,0.19575071407058015,-0.9141397546425779
DPP3-DT,1.4436812313138854,0.43771994583573326,0.7415527036721298
DPP4,,1.0474980033454941,
DPP7,-0.028443760688719167,-0.8958894179750015,0.5220671582507095
DPP8,0.6178080394805628,0.2126691925439874,0.3065706789686255
DPP9,0.3065184663724568,0.04413876583794495,-0.2667166775895866
DPY19L1,-0.190085571467519,0.041615049945538114,0.6799400940694824
DPY19L2,,-1.1180547456657486,1.4383642606053235
DPY19L3,1.6595041764031022,1.67697217249157,1.1467056192786442
DPY19L3-DT,,1.4791491913821053,1.3573050435044158
DPY19L4,0.37338031115649234,0.5139725826564698,0.5313744104938745
DPY30,-0.022224119492586975,-0.038911362302569905,1.3971875293793414
DPYD,1.4378299293039465,0.6110451228171914,-0.3323470982153714
DPYSL2,1.4682721345295116,-0.2613894246745227,0.2143468209653531
DPYSL3,-0.9235534122531637,0.28719661750631187,-1.2155848326220169
DQX1,,1.5110884593303395,
DR1,-0.5479312788595054,-0.4684543730704362,-1.0565004679189067
DRAIC,,0.8672020785636905,1.600033732076341
DRAM1,0.8060547171903764,-1.0180271829140644,-1.1329961385075804
DRAM2,-0.2509698870163931,0.06361809773576425,0.9784105408803551
DRAP1,-1.5284030652186171,-1.5015676843789463,-1.374545485837872
DRC1,,0.8407489779925162,1.9724625710956496
DRC12,,0.5207669931342033,1.7227327716729368
DRC3,,0.3354063476804779,2.2659965659185457
DRC7,,,1.7464798772378844
DRG1,-1.031226656619905,-0.7198465415084141,-0.7370953914295255
DRG2,-0.5912680462100116,-0.41072247432521314,-0.1858969727457584
DROSHA,0.09582897075869934,0.01656993491336927,0.6566202337968411
DSC2,,-0.12023550312889275,-1.0768003861368218
DSC3,-3.3143101428861756,-2.599336269515307,-2.78143562989045
DSCAML1,,,1.917524141248234
DSCC1,,-0.977729604176472,
DSE,-2.195718742021302,-2.3753723624642085,-0.5136646510477091
DSEL,-0.9988473869589263,-0.9479542371159726,-1.0727720113227668
DSG2,-2.011419922016726,-0.5766713092359753,-1.527129537413859
DSG3,-1.584853865097673,-1.0320367691258325,-1.2235116669653663
DSN1,-0.6967010615170395,-0.2909523014114564,-1.2727780479966153
DSP,-1.3963500958518282,-1.2035372094799834,-0.24452400215220865
DSP-AS1,-0.38922986978319646,-0.44844846216117473,0.41541073317471955
DST,-3.037106788760536,-3.2174647308281226,-2.167241083773559
DSTN,1.5736348657007055,1.7283800854261508,1.2355481220048687
DSTYK,-0.17019103876130626,-0.0796883476932828,0.4848523028879154
DTD1,-0.8685064667920724,-1.114026080276413,-0.8370122390349928
DTD2,-0.10670795603282164,-0.061091794074632014,0.3694182524267233
DTHD1,,0.8138678688970845,2.0859697973860354
DTL,,-0.4892584753244568,
DTNA,,,1.1796891456455283
DTNB,-0.12131049456805137,-1.2680760304988565,-2.4208547010699712
DTNBP1,-0.7387107073207347,0.00846478918145513,0.38094084476568446
DTWD1,-0.6391310034035353,-0.7384068063246696,0.10457030721113178
DTWD2,1.3221214904787961,1.0521854569969293,-0.5147398586040574
DTX2,1.6780391421746952,1.341029401893581,0.5276893404028479
DTX3,-0.8905435539147935,-1.70173069853147,1.5619053726646879
DTX3L,1.7374083834111969,1.3344195732284398,0.30795331103807266
DTX4,2.462936503924425,1.8963739095478411,0.3874318068254872
DTYMK,-1.1036868892703176,-1.0487457380232736,-1.203058461725344
DUBR,,-0.07679791668486283,1.9817742746884588
DUOX1,-0.2360254089552781,-0.2612030705588077,0.7191662612324523
DUOX2,,0.9558872816583345,0.05787466131203243
DUOXA1,-0.6306798372104466,-0.9178980874828332,-0.014131342275039817
DUOXA2,,1.376385225214142,
DUS1L,0.7064207761602067,1.0616304021994516,0.2031781495874132
DUS2,-0.595662057158631,-0.5739086756441579,-0.9735568731204443
DUS3L,-1.2902372253133545,-1.452260865104724,-1.6442708654666545
DUS4L,0.02429722582119146,0.18016926474977274,0.6496241073770253
DUSP1,-0.07826082524064153,-0.2585950620073663,-0.10021406037472236
DUSP10,0.6705199196951273,1.2110022951373551,0.35915002203544094
DUSP11,-1.4186726041103315,-1.0072009947635379,-1.1759191646181604
DUSP12,-1.0538285609539253,-1.0268358342506063,-0.9823711835226283
DUSP14,-0.34024744893053993,-0.37337922900631954,0.9612227729310563
DUSP16,2.20087883474294,1.3852628056766194,0.700261066247437
DUSP18,-0.17814032989430875,-0.0753529432597369,2.4695115393447242
DUSP19,,0.46283413854130334,2.20206306701623
DUSP2,-0.10115123261167577,-0.3079046238221147,-0.8695506788504835
DUSP22,-0.012550742076518564,0.6709893226672591,0.6901844959834607
DUSP23,-0.015314404775453977,-1.3200795805781376,-1.5819979868392886
DUSP28,0.0461881185952402,0.8006458723825541,0.9516968415631366
DUSP3,1.087321365743465,1.391874717264729,0.6650582620047555
DUSP4,2.219416104488567,1.657453654913629,1.3154330573376665
DUSP5,0.7530049402507445,0.5385882432705951,-0.3162615821213911
DUSP6,-0.3065184663724568,-0.7469493706953919,-0.9636179132298259
DUSP7,-1.4987218842727525,-1.2341986299730008,-1.5754468509449744
DUSP8,0.9730134371940451,1.194666713435319,-0.14178231401784097
DUSP9,,-0.6593054093430407,
DUT,-0.816937456644204,-1.7471286143450575,-1.9331552338752986
DVL1,0.6394134932542332,0.9908852212658046,0.35935099281764116
DVL2,-1.087321365743465,-0.8772133929579212,-0.7916017874114754
DVL3,0.817580628187816,0.6789052906505091,0.30222906310319675
DXO,0.38104548297177593,-0.20401875626194627,-0.2888450708169492
DYDC1,,,1.9594498094404313
DYDC2,,0.6613211507134505,2.1257539493231192
DYM,0.3909692901506924,0.3816955951865142,0.476182061361095
DYM-AS1,,,1.2235116669653654
DYNC1H1,0.3475768219221073,0.5922674564531523,0.5411641171022464
DYNC1I1,,0.41268276019645234,
DYNC1I2,-0.19477729930731846,1.0885943567871135,-0.2309570540462543
DYNC1LI1,-0.9539655980148182,-0.6631151791828687,-0.29002389734260375
DYNC1LI2,0.7061252613638577,1.3880890529938024,0.33932408006692655
DYNC2H1,-1.141303409113902,-1.4019081910501279,2.167241083773559
DYNC2I1,-0.30073095769521213,0.1655442912656243,1.6680304546989149
DYNC2I2,-0.08588581379230499,-0.7731544957266552,1.6748854711813561
DYNC2LI1,-0.14012371748806207,0.8451166800159211,2.151723703802295
DYNLL1,-0.024527577251900457,0.6651360159036999,1.443151668413099
DYNLL2,0.21476637277586685,0.5344286844345015,-0.2524911482409127
DYNLRB1,0.22987336992217597,0.7332127935825467,1.1774251490598386
DYNLRB2,0.7019945043521152,0.5760333884212725,1.9151604977291528
DYNLT1,0.8429345600948276,1.5405051211149705,1.392701210695722
DYNLT2,,-0.1276765567441186,-0.09018285037726108
DYNLT2B,-1.4909793103403703,-1.28639754699318,1.686488522957552
DYNLT3,0.5105784024017865,0.8038759829795836,-0.11935895219612148
DYNLT4,,1.0619468658531983,1.624216901439039
DYNLT5,,,2.731018613201457
DYRK1A,0.6736949352726743,0.7560260654805068,0.7752125543995575
DYRK1B,-0.15199415211261658,-0.20291555683668983,1.2744739753233802
DYRK2,0.1753334380402476,0.8687770198456076,0.9446086895012075
DYRK3,-0.7381057979304039,-0.7374609615851946,0.5904772768391117
DYRK4,0.5171480335576293,1.0225734756317513,-0.6575554761310658
DZANK1,,0.39762874909597545,2.181260406432372
DZIP1,,-0.42093341047337907,1.7144823909069162
DZIP1L,,0.7521967480931151,2.0648662372970787
DZIP3,-0.028213385468078254,-0.05279373980156331,2.7389507896962635
E2F1,,-0.15861000467003303,
E2F2,,-0.06776934290530202,
E2F3,-0.14058884205217767,0.06668629968556715,-1.2622604553321748
E2F4,-0.504030734422492,-0.8338448045976204,-1.0811842707956025
E2F5,,1.0980891995558675,1.165079606670011
E2F6,-1.1782998726762748,-0.9203709696123371,-1.5966544513575331
E2F7,,-0.6820836002008901,0.5352841316686515
E2F8,,-0.4890554870688536,0.24627154116780986
E4F1,0.49724400125494755,0.2873843050825021,0.723320725856166
EAF1,1.2575795092758886,1.2330422695186232,0.7024295779884715
EAF2,-0.13407981858551896,0.4890554870688536,-1.7849872843024523
EAPP,-0.537259098274247,-0.5858408510341557,-0.07090213217018039
EARS2,-0.818867987056837,-0.627407278728143,-0.3353352327309988
EBAG9,0.3994348675580043,0.2738962006359776,-0.7243000612708707
EBF4,1.0068432527247333,0.2569194145198799,-0.26203397402485823
EBLN2,0.3370770778819231,0.3228581107636045,0.07808168146627607
EBLN3P,1.3914830111766578,1.3127970949263992,0.9678227650645005
EBNA1BP2,-1.2257223688854726,-0.7596261459614453,0.5974447815538451
EBP,0.600067598995199,1.1136911737841988,-0.9940378313534758
EBPL,-1.0651308505027988,-1.4611065429431211,-1.462640245052492
ECD,-0.11296321937038598,-0.17559496668061159,-0.5263904389980221
ECE1,0.14663826747718914,-0.3503046534800472,-1.9380612145012517
ECE2,0.37906524790077945,0.45343282684014297,-1.3692343326268643
ECH1,-0.7949507211512225,-0.4371254031917288,-0.7864574819706004
ECHDC1,1.1894380370659836,0.06091135892285557,-1.1865176906554935
ECHDC2,0.19853376607153533,-0.2007098972434622,0.05957329249662145
ECHDC3,-0.3089329506321917,-0.9135156548965417,-0.6645882438905509
ECHS1,0.37807568798659,1.224993500943596,-1.253119124111814
ECI1,-0.5535591787378985,-0.09867445425728234,0.0376912475539963
ECI2,-0.5846983344357869,-1.2121278913007374,0.5029449076131015
ECM1,,-0.012247088928241764,
ECM2,,-0.2707188586441655,
ECPAS,1.4397748887853026,1.2151370146658333,0.5542984306332855
ECRG4,-0.29062687721839037,-0.06686680142256217,1.7812923575784494
ECSIT,-1.0977782476899172,-1.2692842435652505,-1.3867627109463394
ECT2,0.20393861350830728,0.7182139510085526,-0.1408308034516265
ECT2L,,,1.9295060498448553
EDA,,-1.085342939463566,0.01262391424362175
EDARADD,-1.4495823835342494,-1.4727263772328545,-1.4490482336458081
EDC3,0.6783253057767756,0.0814952036819656,0.635956814587199
EDEM1,1.0554349217453693,1.4753951552667712,0.010362824910714701
EDEM2,0.16505313615474865,1.2083818530469714,-0.6932959047758873
EDEM3,2.1635267443017807,2.8051409396758666,1.1272869773370884
EDF1,0.7594416199982694,0.6370848899741244,-0.7445324457350686
EDIL3,-1.6808696270597474,-1.5927206324350192,-1.5651035600148604
EDIL3-DT,,-1.0702125681301047,
EDN1,-0.19806405557696946,-0.430990788573982,-0.5346319446084682
EDN2,,-0.08529047455012446,-0.4408099753445543
EDNRA,-2.439708262037175,-2.924619948346571,-2.2734246626932495
EDRF1,0.11110935819371141,-0.6685101291107517,-0.4553917626960536
EDRF1-DT,0.053796971562761274,-0.275953600231379,-0.028077020805842606
EEA1,-0.22042556940280547,-0.3495387716945514,-0.8388858419715113
EED,-1.4703052504624154,-0.7907590015428873,0.12505367370947482
EEF1A1,0.033282007903761304,-1.2174010983951544,-1.4226396301630957
EEF1AKMT1,-0.2239661440210903,-0.04684305957686969,0.7247899895457185
EEF1AKMT2,-0.06625474599155161,-0.053515157229165354,0.05391182936124054
EEF1AKMT3,0.8634807114925988,0.5490282525977217,-0.8778298194827833
EEF1B2,-0.5816956469261695,-1.282288837773105,-1.6888365797729836
EEF1D,-0.11945483440730695,-0.6739246069427585,-1.7079651227530726
EEF1E1,-0.43283381182239117,-0.33635910230558913,-0.4250836359801624
EEF1G,0.1340798185855191,-0.10247572826212589,-0.28864863879152874
EEF2,-0.493078925167762,-1.211377323336186,-2.0252250812349386
EEF2K,1.2870675646726282,1.0274462665502935,0.8319414881320584
EEF2KMT,0.026600800163727276,-0.12495342168952513,-0.1920347659074676
EEFSEC,0.301453841677759,-0.9570254887991234,-1.051574988339673
EEIG1,-1.0390967095065742,0.17669245957158913,0.6336521218314718
EEIG2,-0.4780513060758249,-0.6709893226672591,-1.7613925899616754
EEPD1,,1.180810964722516,0.5877878738454564
EFCAB10,,0.854679070404956,2.237471159447751
EFCAB11,-0.530089888264895,-0.5438008390290091,1.5139596274895892
EFCAB12,,,2.263548080595306
EFCAB13,,0.5321448669282558,
EFCAB14,1.5166609048975603,1.5825588111176034,0.20510193653243966
EFCAB15P,0.44754910615273913,0.46785149996716624,0.15969560153134116
EFCAB2,-0.18211916935567382,-0.2556166319286172,2.3180799023382836
EFCAB6,,,2.270934686988479
EFCAB7,-0.38005517914597003,-0.573059515979102,1.5151460661039962
EFEMP1,-1.0753384155533834,-1.5794165147576227,-0.30795331103807266
EFEMP2,-1.2454847822696538,-1.6454809351681257,-1.563822365248755
EFHB,,0.7341556853540244,2.403573146067255
EFHC1,-0.6470601454890624,-0.440298089439707,1.86567684956474
EFHC2,,-0.5692433939712594,1.9210898195429422
EFHD1,1.3003610227428428,-0.6036814223318372,-0.8274225658444218
EFHD2,-0.6745620272238481,0.8732511048410413,0.20240884570556164
EFL1,-0.15013074898671705,0.3811145328412712,0.5173227896251357
EFNA1,0.2592964441951465,-0.3346443631740174,-0.5044421688547152
EFNA3,,-0.959590999370158,-1.4664948258729702
EFNA4,-1.304124640910771,-1.1976130786443009,-2.605643902968592
EFNA5,-0.057487206584119106,-0.6197509653803239,-1.0350159655075668
EFNB1,-2.5915511863903875,-2.6686341051523335,-3.7905224764251955
EFNB2,1.1426294646540813,0.6088759048970501,-0.8504604282777113
EFNB3,,-0.9867740624365998,1.0369493329548716
EFR3A,1.2449847798479867,1.6392367623439006,0.2626189957389091
EFS,-0.9137207960638563,-1.6821382647700545,-2.563146726877144
EFTUD2,-0.6937686829819872,-0.4307931688109335,0.3779037391577131
EGFL6,-1.1461754735757133,-0.9029062421937868,-0.8092516433952335
EGFL7,0.08773503123626887,-0.028459601316411353,-0.5567167276197202
EGFR,-2.5304440987864223,-3.3320160474321177,-2.568211057208079
EGLN1,0.5992406748513085,0.6342194211948106,-0.20087059676767807
EGLN2,0.39594560867948697,0.4835823802011214,-0.3746679966811684
EGLN3,,0.6446040791243353,1.119849006013371
EGOT,-0.21311707661702012,-0.8905217358333464,-1.3441695499686324
EGR1,-0.2779185631896918,-0.8407489779925161,-0.3787132920588
EGR2,-0.2911073435444033,-0.32153024850283785,-0.401484102596201
EGR3,-0.42778138698530915,-0.471270037878175,-0.4604134492809268
EGR4,,-0.12114258409539966,
EHBP1,-1.1007277648958997,-1.2826987348094068,-1.6508593983740312
EHBP1-AS1,-0.4184629965285377,0.049547695932703195,-0.3613615006501317
EHBP1L1,0.09027819648802657,0.3780177002343327,0.43914949568948036
EHD1,-0.21665199856200976,0.18676290877315296,-0.19414629256280444
EHD2,-1.5832389193853293,-2.340544565278269,-1.6787280782833307
EHD3,,-0.07101895468401118,
EHD4,0.6144670316464729,0.10591625105991945,0.17077373295928125
EHF,0.6086366993001127,0.08041105853943134,-0.6526518389969391
EHHADH,,0.9029062421937868,0.7390746061099894
EHMT1,-0.7572925753435436,-0.8929340089212182,-1.0489584677822723
EHMT2,-0.5316806802180629,-0.9496491432677356,-1.1543752393155322
EI24,0.3000082308288761,0.689374338033205,-1.2685541660186934
EID1,1.136019142228306,-0.009725539636704236,-0.8792155296535102
EID2,0.20911404607159725,0.19942371395027064,0.47091288470444137
EID2B,,0.061272231215386413,2.1011433735359333
EID3,-0.21641625334484674,-0.24948074266664413,0.20433233106199233
EIF1,-0.8028720526578036,-1.053125725077896,-1.1602646547934081
EIF1AD,-0.16692095315808292,0.32058212257478697,-0.284918536282556
EIF1AX,-1.3926966911425613,-2.171553575653817,-1.2864495078903304
EIF1AY,0.4651826769024044,0.5020879010973703,0.21878311335984485
EIF1B,-0.531415454880878,-1.382916023688395,-0.3002574879624494
EIF2A,-0.9663802812193705,-1.5093983634118906,-2.5483361341204778
EIF2AK1,1.152863373372438,1.64061883487298,0.6297418454480062
EIF2AK2,-0.3721460568327579,-0.37067716575502324,0.1822559836328831
EIF2AK3,1.0442469437569377,1.7156873331465807,-0.7908288081713353
EIF2AK3-DT,,0.6366437085872474,0.9095711727287311
EIF2AK4,0.7917961303738594,0.516234735365393,-0.7585264263317277
EIF2B1,-0.7563726263616063,-0.7875623867091037,-1.568317836483027
EIF2B2,-0.1252551679159052,-0.2984760567868356,0.09794199589204834
EIF2B3,-0.9140704383939428,-0.8518280648537916,-0.20914437010890977
EIF2B4,-0.5945624790836672,0.3481989714571203,-0.45142439536253454
EIF2B5,-0.18610089407765804,-0.788790899977728,-0.33115267630981493
EIF2D,-0.43840427560619305,-1.2140073050800624,-0.6573216116536853
EIF2S1,-1.2345558044183107,-0.9544662618066789,-1.377458895086855
EIF2S2,-0.3368333438672835,0.9020943427226567,-0.08545435715453084
EIF2S3,-0.8102044300806945,-1.813894812511791,-1.658265046636492
EIF3A,-0.5578588920944514,-0.34456551147060194,-0.5149549715030948
EIF3B,0.024757929984093492,-0.03620795906941343,-0.13873792770093962
EIF3C,0.0008059898861811325,-0.0043224073802707345,0.014319772966557667
EIF3D,-1.654958406884638,-2.017106145839696,-1.3149856287822603
EIF3E,-1.3652848849044363,-2.540645381932827,-2.265996565918544
EIF3F,-0.8837172341558812,-1.8740154599102548,-1.6249219325505653
EIF3G,-0.47650292625448576,-1.1217636964367803,-1.3912119831241654
EIF3H,-0.6214352649758484,-1.0918573233404663,-2.1063104951005522
EIF3I,-1.276594282791729,-1.3717560674765987,-1.5051285106814742
EIF3J,-0.5383235469465513,-0.10012238754081268,-1.01968615457544
EIF3J-DT,-0.5659488219328631,-0.7821709799749498,0.21203391270434133
EIF3K,-1.4237302444446787,-1.9611332052966641,-1.5946356027682014
EIF3L,-0.8823569080549619,-2.0268422725396817,-1.8943543487368575
EIF3M,-1.6477555296273831,-2.084945011005023,-2.573342124974159
EIF4A1,-1.0414703080534038,-0.9148832773871545,-0.8089902654487435
EIF4A2,-0.7441671168887296,-1.4850908537846823,-0.7189222677780646
EIF4A3,-1.9585904260554785,-2.514296805458886,-2.0150770885283737
EIF4B,-0.44984114385513596,-1.5676157716064207,-1.6102827674960623
EIF4E,-0.366475748574273,-0.6768657092044524,-0.88338282936938
EIF4E2,0.21500203410543287,1.2847514603221106,-0.8215995057027834
EIF4E3,0.6852982769378022,1.0363409469574563,1.3587263682236619
EIF4EBP1,-0.5444560292623883,0.22207389574631936,-0.5485952838449362
EIF4EBP2,1.0692005091676517,1.1106826187726733,-0.6486936957554914
EIF4EBP3,0.5940129595875936,0.22724557339799648,0.3439179428802428
EIF4ENIF1,0.45494305539156266,0.20309940622229095,0.2076039959801927
EIF4G1,1.3502345962273374,1.2790173887232403,-0.24200109534393927
EIF4G2,0.32200273820725744,0.4805480233488941,0.1520669957432671
EIF4G3,0.5498053090462528,0.6957839189696963,1.016838409744009
EIF4H,-1.118629772297356,-1.171102211452133,-0.842641912135624
EIF5,-1.3764819070934755,-1.424393761762198,-0.38824432041253293
EIF5A,-0.16878935268741466,0.06704730533816254,-0.6302013773521766
EIF5A2,-1.4269098556886064,-1.718046204240658,0.029396446963176226
EIF5AL1,,0.039091599077877875,-0.33095365196151466
EIF5B,-0.2827087713563156,1.0116974962254892,-0.4012798856635149
EIF6,-0.9748635911831861,-0.08782133444295995,-1.2744739753233802
EIPR1,-0.8098847265088867,0.12567949960899583,0.5125900369967121
ELAC1,0.27863668531394353,-0.12204976474850056,0.5378951618994418
ELAC2,-0.7484263533571268,-0.5467263505398048,-0.3525260625173924
ELAPOR1,2.565949218775832,2.0617685735819853,-0.36256850632672794
ELAPOR2,,-0.007564261496347803,0.06051705045289536
ELAVL1,-0.3436655245810656,-0.8307890148922857,-0.47386200331928413
ELF1,-1.0168329817256212,-0.9278236271048425,-0.17536384703234573
ELF2,-0.40993208960408256,-0.9829714355714921,0.1148059691855865
ELF3,1.5889094153701444,1.1401995135769463,0.24335939119448294
ELF3-AS1,2.001081985541176,2.5316660329403318,1.4804422506945811
ELF4,-0.9875342535962982,-0.7680649015557958,-0.28688125066906883
ELF5,1.8166570824167763,1.1590312322962817,-0.20818157835797996
ELK1,-0.26048740777764307,-0.8567568998060114,-0.8253018522298649
ELK3,-0.33927158732495905,-0.22576733695904522,1.2195386711246425
ELK4,-0.09837405240472467,-0.4732835156626446,-1.0644349905894934
ELL,-0.15385808315341584,-0.05297409156792623,0.06146086231353106
ELL2,1.2860138797150609,0.7091528477174434,-0.6151060812309553
ELMO1,,0.6138694130399597,
ELMO2,1.148399067399029,0.7417224803927657,-0.0605170504528955
ELMO3,-0.6231121277580761,0.3226683813527657,-0.18800603764938778
ELMOD1,,,1.0127394982937734
ELMOD2,0.6553155916570281,1.2604666321974074,1.2946820173540754
ELMOD3,0.47830948074391705,0.27370922191674896,0.23037658007449827
ELN,-2.7249630598236,-2.6815297776360176,-2.2194193555591397
ELN-AS1,,,1.319022005336918
ELOA,0.9467310614950054,0.7819264565906584,-0.6419649034735031
ELOA-AS1,0.19665518581291705,-0.10808985640436646,0.6667044840691567
ELOB,0.5332728187923784,0.9832634405332324,0.37608314935569265
ELOC,-0.5789704754104591,0.07083840133693095,-0.12277530876830291
ELOF1,-0.16505313615474865,-0.15733347740392717,0.44039474165221887
ELOVL1,1.1524159088809622,1.0086975625619023,-0.7301907400827472
ELOVL4,,-1.71962411188691,
ELOVL5,1.7322233228486519,2.0587606600195656,0.6482287004923173
ELOVL6,-1.1382170578766642,0.3135748769208874,-1.2171640849337013
ELOVL7,,-0.14312616040935014,
ELP1,1.0406784570628453,0.8567568998060114,1.2026700483101376
ELP2,-0.47934249851987526,-0.9567408208153282,-0.3467177586475693
ELP3,-0.22254957973412196,-0.023234957772258796,-0.3702252393925224
ELP4,-0.7864513269766971,-1.0391180863273162,-0.6292824464876865
ELP5,-0.798113242747766,-0.7961871507834926,-0.700261066247437
ELP6,-1.0877373586352228,-0.735099230275165,-1.0231780014515335
EMB,-1.6163555855976424,-1.182983631993476,0.21107053630993297
EMC1,-0.7150177574652015,-0.6084424052358062,-1.0842314809673883
EMC1-AS1,,0.44089346087089454,
EMC10,1.057044010603406,1.4409795565839492,-0.7393222114766353
EMC2,0.06556239544611737,-0.19244727201575076,0.3994426849421189
EMC3,-0.4674932905728874,-0.12604256339264247,-0.22612212858772626
EMC4,-0.1697237730518773,-0.268290970989079,-0.11082406359928906
EMC6,-0.12316657255282465,0.22133557250649705,0.2659358235127956
EMC7,-0.39968428601781236,0.6103940559484234,-0.5153852688107289
EMC8,0.04411345941085231,0.16079893977109427,-0.3357338764070402
EMC9,-0.1366362422528746,1.004512842112777,0.5898045263523661
EMD,0.6292756947144859,-0.3453300708686645,0.0642926297931702
EME2,,0.7445709899723133,0.2755126228074479
EMG1,-0.5147804090712,-0.30054803691877263,-0.1692444989272764
EMID1,,-0.49719086617666497,
EMILIN2,,-0.27240063838425954,-0.8545249499773828
EML1,,0.9733818462526324,3.5082929214453005
EML2,-1.165941659573182,-1.4802256107062965,0.4903694090094482
EML3,-1.4737073456006706,-1.2478132927193828,-1.4889508923663086
EML4,0.566759847063524,-0.2414995258774175,-1.7161231394100953
EML5,,,0.9974403544334917
EML6,,-0.2997944407685531,1.4169611463061378
EMP1,-0.8009663523333204,-1.1207506352141314,-1.1100270457184223
EMP2,1.17876104654901,0.04792487189248975,-0.20413994862077886
EMP3,-2.1830683587127346,-2.1792303995994153,-1.483832822311931
EMSLR,,-0.6263112758809011,
EMSY,0.4396721833403326,0.5269646531872656,1.2069526208725496
EMSY-DT,0.09074065242678098,-0.7802160999095304,0.434382334421192
ENAH,0.13268577598388487,0.04702335778829252,1.1131723959369084
ENC1,1.5411144660143963,0.7189133980075898,0.26320410734823685
ENDOD1,1.4509006270110083,0.5591072626735696,-0.5564967480665287
ENDOG,-0.261678740948774,0.2578502404292326,1.221125556696038
ENDOV,-0.18703819708627265,-0.5976416990070916,0.33075464072165406
ENG,,-1.19393174074783,-0.5244437498737968
ENGASE,0.49333899122312985,0.2025478786339962,0.35975297793716066
ENKD1,0.0870415398754736,0.24539537605703862,1.6665177152082098
ENKUR,,0.21064321934399483,1.7868439234241658
ENO1,-1.831239736888118,-2.083364724796052,-1.5127753161603887
ENO1-AS1,,0.736515776135024,0.976284231258177
ENO2,,,1.639917849803472
ENO4,,,3.276153073025932
ENOPH1,-1.1281517034179405,-0.8803931662887506,-1.092407018786068
ENOSF1,1.0773934086968795,0.140579267224603,0.9288312465549327
ENOX1,,,1.0146291853352918
ENOX2,-0.2621553781322933,-0.5743334106749193,0.4558097964966016
ENPP1,,0.5931261825314562,
ENPP2,,,0.7846618877647645
ENPP3,,2.038209805422411,0.9201651360004445
ENPP4,2.336285944143176,2.4895860958923066,1.848764108004103
ENPP5,1.1686725155738913,1.6135525550224292,2.055428420063351
ENSA,-1.708952183716487,-1.9761384342257866,-0.9986805021043403
ENSG00000124593,0.3326929124362214,-0.5448451290687015,-0.05127041550894124
ENSG00000145075,,0.9607332557511118,2.307152826352157
ENSG00000159239,,0.1838314148810299,2.7725301342258333
ENSG00000167807,,-0.23668115869058542,0.028077020805842606
ENSG00000174171,,-0.23390383614320723,
ENSG00000177359,,-0.7186802099436065,
ENSG00000181123,,0.7421968136217504,1.796220782704602
ENSG00000184441,,0.5987186170104397,
ENSG00000187186,0.7996974999969395,-0.15605720646478682,0.23327973041448533
ENSG00000187951,,-0.7617909264490644,
ENSG00000188897,,,1.3056497969704681
ENSG00000189316,,1.0977601428360237,
ENSG00000203325,,0.2502239821631747,
ENSG00000203546,,-0.29621717497940975,0.18321390246634411
ENSG00000205890,,,1.2770247607327623
ENSG00000206567,,,1.8394783548977158
ENSG00000214265,,,0.2583309093968725
ENSG00000214546,,-0.14876903954741447,
ENSG00000214650,,-0.018191077651678256,
ENSG00000222043,,-0.04828548839938269,
ENSG00000223343,,,1.3372270747319863
ENSG00000223911,,0.5404630849516047,
ENSG00000224905,,-1.1210881944510889,
ENSG00000225243,,,1.3682728087613463
ENSG00000225335,,1.1453898330829135,
ENSG00000225885,-0.2657320641541639,-0.18511374759055094,-0.5089407631837057
ENSG00000225889,,-1.0397363175159176,-0.6830296710572371
ENSG00000226266,,0.8782723306246029,
ENSG00000226332,-1.5610510200434196,-1.7156873331465807,-1.4571711138691403
ENSG00000226465,,0.4124866603561821,0.5662015669208049
ENSG00000226471,1.6129636211163723,1.3796432690042209,0.7577729957687238
ENSG00000226899,,0.9289321103871119,
ENSG00000227388,,0.8724602917260258,
ENSG00000227486,0.48477427567086906,0.5952749145947783,0.20183194642192406
ENSG00000227733,,0.5166463194930554,
ENSG00000227782,,-0.25934002707114234,
ENSG00000227857,,,1.4692614960174475
ENSG00000228084,,1.493828013096194,1.2251062851645156
ENSG00000228172,,,1.044396755518611
ENSG00000228463,0.0035693909745232286,0.17504629962097584,0.06504785393000606
ENSG00000228541,,,1.3961881398069962
ENSG00000228748,,0.2613894246745227,
ENSG00000228792,,,1.3539992388059092
ENSG00000229278,,-0.11678949106212135,
ENSG00000230454,,0.47006286816667586,0.058440852910793525
ENSG00000230615,,0.8277409633479219,
ENSG00000231119,,-0.25301236534746474,0.8709263879065942
ENSG00000231156,,0.09632200245380887,
ENSG00000231329,,,0.9875738568858548
ENSG00000231705,,1.5645463233248946,0.707018435913884
ENSG00000231720,,,1.274049649908342
ENSG00000231769,,2.0929255814155483,1.9620258837039792
ENSG00000231856,1.0610787566260413,-0.14112495272600692,0.5764048730121701
ENSG00000231901,,0.40367843104977164,0.6028589512491631
ENSG00000232110,,-0.37666397688100006,
ENSG00000232611,,-0.18456413927878534,0.4530939962619537
ENSG00000232640,,,1.2899051746970753
ENSG00000232855,,-0.6381883864471282,0.8181716685408947
ENSG00000232995,,0.4526345743150189,1.2081244439329324
ENSG00000233030,,,1.3008046915385856
ENSG00000233068,,,1.283009135470297
ENSG00000233178,,0.26045774472824185,0.49739347566955416
ENSG00000233461,0.29567514415942914,0.31906571990575117,-0.42384659944175834
ENSG00000233478,,-0.35624724908188626,
ENSG00000233547,,0.5828500449538813,
ENSG00000234393,,2.266465362379487,
ENSG00000234471,,-0.789036745494131,
ENSG00000234477,,,1.240819924688595
ENSG00000234692,,,1.4987261946443782
ENSG00000234862,,-0.3266551507502847,
ENSG00000235078,,-0.09360829636315138,
ENSG00000235091,,1.996864361892889,
ENSG00000235192,,1.0135018347818563,
ENSG00000235236,,,1.1960945831980538
ENSG00000235978,,1.0902243891179204,
ENSG00000236255,,0.07986902148804066,
ENSG00000236833,,1.1090155348616746,
ENSG00000236936,,,1.3735769375665805
ENSG00000237094,,0.6714405281127502,
ENSG00000237188,1.3287731300695473,0.9774391788570654,1.1405459283405226
ENSG00000237301,,,1.0594680980433038
ENSG00000237429,,-0.07878501761852122,1.0788211412383384
ENSG00000237477,,,1.201505895290515
ENSG00000237529,,,1.2502323783413138
ENSG00000237773,1.2499988865774143,0.5954899388773711,0.7121077173287453
ENSG00000238142,-0.1292017912613686,0.5683964934060881,0.36055712268290613
ENSG00000240207,,0.6996894254245979,0.9038870026989578
ENSG00000240291,,0.23223830959946398,0.4184935658283179
ENSG00000242861,,1.2620625420986888,0.871201727540324
ENSG00000244459,,1.467420065866603,
ENSG00000244701,,0.8964276060430951,0.10248664230862678
ENSG00000244733,,0.4272388795073601,
ENSG00000246090,-1.1838505964901516,-1.250957868650373,0.5569367341162927
ENSG00000246250,,,1.172915169731656
ENSG00000246851,-0.4526457375936194,-0.31092751520632794,-0.3273734459409495
ENSG00000247121,,,0.7678544488135938
ENSG00000247131,,-0.004862712324875063,
ENSG00000247134,,0.7228835983146855,0.6818406021225579
ENSG00000247311,,,1.411838244490341
ENSG00000247934,,,1.0714330822745088
ENSG00000248161,,0.26810427607113374,1.0030331671919075
ENSG00000248559,,0.6642375313820585,
ENSG00000248734,,0.4089595656827681,
ENSG00000249021,,0.24688048649041303,
ENSG00000249621,,,1.5313760155339602
ENSG00000249679,,,1.4378343576591965
ENSG00000250132,,0.31508864115927504,0.5279059104932878
ENSG00000250397,-0.6261909376414777,-0.904260732265203,-1.3367665303226217
ENSG00000250685,,-1.4501959653341756,-1.2251062851645156
ENSG00000250790,,0.4580284100856656,1.5241131152468752
ENSG00000251034,,0.42783088516056555,
ENSG00000251076,-1.9648999775350062,-1.4632045736739627,-1.9455088110954044
ENSG00000251131,,,1.0568297450182058
ENSG00000251152,,1.686602353849888,0.8032538581167018
ENSG00000251259,,0.2515249842259803,0.5637703940328578
ENSG00000251555,,-0.013507891773641218,
ENSG00000251615,,1.1675342549262955,1.0951484774906337
ENSG00000251661,,-0.1852969627796823,
ENSG00000253200,,0.5082261894782237,0.6173841727666558
ENSG00000253339,,2.0881212939751927,
ENSG00000253645,,0.6537201177812835,
ENSG00000254165,,0.8088618315311987,
ENSG00000254288,,,1.2343364184654741
ENSG00000254397,,-0.3285554348630483,
ENSG00000254531,-0.8857607952238931,-0.47489568013009265,-0.8973860974422969
ENSG00000254610,,0.9693404744609155,1.2572612521600535
ENSG00000255031,,0.8335898582450506,-0.28236864623069335
ENSG00000255046,,0.9344917404255474,0.8011744377878882
ENSG00000255202,,,1.227904387488197
ENSG00000255224,,0.4219175311270994,0.8912031320544236
ENSG00000255455,,0.5035184687150118,0.9735568731204443
ENSG00000256013,,0.2010774390842589,-0.3817513322299699
ENSG00000256116,,,1.6552918878428764
ENSG00000256591,,0.953614574288563,
ENSG00000257740,,-0.15368766162023043,
ENSG00000257764,1.5115888366934251,1.7910430200682323,0.25074090670164667
ENSG00000257831,,,1.1968654830527696
ENSG00000258181,,-0.0030617004773687705,
ENSG00000258472,,0.5747582493406257,0.33613257344397224
ENSG00000258560,,,1.373093146259347
ENSG00000258561,,0.23575518270203896,
ENSG00000258593,,-0.3639337814397294,-0.07165769570015235
ENSG00000258634,,0.4068066236156684,
ENSG00000258661,,0.14367204348072116,
ENSG00000258699,,,1.2323209303135387
ENSG00000258702,,,1.2981747284396903
ENSG00000258752,,0.6006588217913001,1.6605045736470987
ENSG00000258757,0.14291492322272573,0.78241555013551,-0.8736827634184439
ENSG00000258768,,0.15277652866628877,0.8976679563033478
ENSG00000259001,-0.2481190973477084,-0.09252300803440278,-0.4516330265750983
ENSG00000259071,,,1.4330832946142056
ENSG00000259087,,,1.237976986684826
ENSG00000259275,-0.737198939882616,-0.5108920593068723,0.3230033249332046
ENSG00000259345,,-0.995308700599559,-0.07638091191636855
ENSG00000259420,,0.7721835079149484,
ENSG00000259460,,0.38867847044854026,0.798320877768286
ENSG00000259523,,0.3697127996936409,
ENSG00000259529,,-0.14713030421387957,-0.0684468279668076
ENSG00000259865,1.2395051709948826,1.0428334532646568,0.524011422315591
ENSG00000259891,,-0.471471299568009,0.30775575618582085
ENSG00000259925,,1.678443631580336,1.7327906104090087
ENSG00000259976,0.6175293591293171,-0.13312568907710357,0.6440500263245148
ENSG00000260000,,-0.21617066291406115,0.08394164782132171
ENSG00000260077,,-1.1924637269842178,-0.5070115381824009
ENSG00000260136,,1.3192191824270414,1.7694488367742753
ENSG00000260156,,,1.1423531038988188
ENSG00000260196,,0.27352225276619024,0.7257703684357393
ENSG00000260257,-0.10578161125927239,-0.5098662960625038,-0.6164725522939505
ENSG00000260261,,0.6678346985655618,0.7724166274273907
ENSG00000260267,,0.2858830873017835,-0.0665584139464301
ENSG00000260273,,,0.9546643881907912
ENSG00000260274,,0.5045409338203969,0.8202799662814622
ENSG00000260349,,-0.19979116113609646,-0.5435650296633424
ENSG00000260418,,0.861967733869872,
ENSG00000260465,,,1.1543752393155313
ENSG00000260500,,,1.2834383516267964
ENSG00000260563,,0.1979541939087721,0.8165928289117709
ENSG00000260604,,,1.2601736260827776
ENSG00000260621,,-0.3097935994402476,
ENSG00000260805,1.3623665863362067,0.7634771156809239,0.08167294283482728
ENSG00000260879,,0.817635820460225,0.25035206861471665
ENSG00000261071,,0.568819892691084,
ENSG00000261098,,0.15496346230757252,0.07033548610770468
ENSG00000261140,,0.390815896733319,
ENSG00000261141,,,0.9645175172069863
ENSG00000261216,,0.2377925978913892,
ENSG00000261266,,1.9513697554330878,
ENSG00000261335,,0.8766842928438257,1.174791424095226
ENSG00000261351,,0.16974520844900234,0.43169221917455886
ENSG00000261474,,-0.33521583331314125,0.004710308072250757
ENSG00000261526,,-0.4556295137857571,0.2963178279927341
ENSG00000261584,,0.41700099001503693,
ENSG00000261613,,0.390621511602802,
ENSG00000261732,-0.6656263228574861,0.2718399597622133,0.560240076529928
ENSG00000261759,,0.13566996105404386,
ENSG00000261766,,-0.6579630690083128,-0.5744038799698616
ENSG00000261840,,0.36547365698057055,0.4108963666303703
ENSG00000261845,,0.027558749256278516,
ENSG00000261884,,0.4845948213549346,0.005840793620904811
ENSG00000261889,,0.44844846216117473,-0.22167866356607138
ENSG00000261997,,-0.3824705455379072,
ENSG00000262003,,-0.7200799253240249,
ENSG00000262049,0.6278727918140403,-0.08077242968936364,-0.14616093006506753
ENSG00000262050,,-0.646822539916131,
ENSG00000262160,0.7347836095297521,0.7184470609525143,-0.061838402340719634
ENSG00000262202,0.19524670628457516,0.14622006667517615,-0.22303055516879783
ENSG00000262312,,0.2615757878681742,1.3217249074878135
ENSG00000262580,1.269861050105721,0.9587351280582613,0.5038003471843036
ENSG00000262714,,0.6646867065698037,
ENSG00000262823,,1.800071154356233,1.1329961385075804
ENSG00000262877,,0.47026401550743063,
ENSG00000262967,-0.9334761390135083,-0.4904768286833631,-0.6985767201852041
ENSG00000263089,,0.289825167675958,
ENSG00000263272,-1.1019947795140688,-0.6606489387183297,-0.7877416031468455
ENSG00000263335,,-0.09505551922079818,
ENSG00000263450,,,1.1621133712964038
ENSG00000263731,,0.5711504152816971,-0.06750259086642518
ENSG00000263823,,,1.1304938462095753
ENSG00000264112,,0.1342159848721022,0.8192253622372742
ENSG00000265254,,-0.3135748769208874,
ENSG00000265287,0.13105971859248688,-0.3281752833331126,-0.36095928247285675
ENSG00000265478,,1.1689596519230179,
ENSG00000265739,,-0.43178143606372366,
ENSG00000266302,,0.8216678064619576,0.17306833419494902
ENSG00000266340,,0.5197359981697522,
ENSG00000266538,0.531415454880878,0.9384007293371098,0.4566461032081185
ENSG00000266680,,0.2697848676213328,0.15321071175839082
ENSG00000266947,,,1.4309820564960571
ENSG00000267002,-0.03858193877163607,0.2402017261749142,1.8754298343202094
ENSG00000267024,,,1.3105257480075718
ENSG00000267042,,-0.6873201283463898,0.7635603514886469
ENSG00000267152,,0.3677850975641228,
ENSG00000267288,,0.13130888037772465,1.5211104972768819
ENSG00000267317,,0.9023649097871859,
ENSG00000267383,,-0.12731341780347744,0.39719904617709084
ENSG00000267385,,0.06849141580492525,0.5842086004021945
ENSG00000267458,,0.5773094648093985,
ENSG00000267563,,-0.2567332760733653,
ENSG00000267571,,-0.12640564379138966,-0.32002723492582835
ENSG00000267598,,0.6521598911319632,
ENSG00000267737,,,0.5819753521346221
ENSG00000267892,-1.0195399107636116,-1.1682466567255463,-1.1643370872617465
ENSG00000268030,,0.6811748098669098,
ENSG00000268129,,1.0240936107811691,1.323532220483657
ENSG00000268205,0.47263695928308797,0.6450475172091171,-0.37002347006725717
ENSG00000268218,,-0.26027143589192603,
ENSG00000268362,0.9463706352401338,0.9544662618066789,0.7515110397019084
ENSG00000268416,1.5313717661482498,0.9031770076401391,0.5512252771496498
ENSG00000268536,,,1.4912381618393156
ENSG00000268566,,,0.8648855242324578
ENSG00000268584,,0.11062637563622484,1.0421240293992637
ENSG00000268628,,1.253719555471411,0.1797661748736246
ENSG00000268713,,0.9670382117553981,0.3024262851200044
ENSG00000268798,,-0.5394212721342486,
ENSG00000268858,,0.6800396124221225,1.1072403693842179
ENSG00000268945,,,1.0727720113227668
ENSG00000269176,,0.5790123640095898,0.45643699660909015
ENSG00000269194,,,1.1532754237356249
ENSG00000269514,,0.2885106434160753,
ENSG00000269559,,0.6324586421497631,0.9101412063797848
ENSG00000269604,,0.02107322996409811,
ENSG00000269621,,,1.526525141232634
ENSG00000269895,,1.253324443362934,
ENSG00000269902,,0.04431904182626556,
ENSG00000269937,,1.06893616689643,
ENSG00000269968,,0.058926701833600215,
ENSG00000269973,,-0.5877662813010464,0.5772949441253197
ENSG00000269983,,0.3560553570802203,
ENSG00000269984,,,1.3047665892281861
ENSG00000270022,,0.25189677721396087,-0.29198950508612004
ENSG00000270127,,0.5553210298798393,
ENSG00000270175,,0.5170579911599946,
ENSG00000270190,,0.6829929542171731,
ENSG00000270210,,0.591838257177133,
ENSG00000270504,,-0.028639774476589813,1.0184194705689968
ENSG00000270571,2.4581837408948166,0.8461467187691268,
ENSG00000270605,,0.6967019051361346,1.72857858000422
ENSG00000270659,,0.5854132726787339,
ENSG00000270681,,0.19721959436020386,
ENSG00000270696,,1.025920902557513,
ENSG00000270996,,,1.2719314554370147
ENSG00000271204,-0.6467762631932161,-0.24298322390214294,-0.17134729850588845
ENSG00000271254,-0.6501863022884302,-0.16919709440095296,-0.16905337257243266
ENSG00000271320,,0.8346099690707877,
ENSG00000271553,,0.6818563498288207,
ENSG00000271730,,,1.5663873289996524
ENSG00000271737,,1.073731694920815,0.7780145545467274
ENSG00000271741,,0.6532741764979071,
ENSG00000271746,,0.5991495786393352,
ENSG00000271780,,0.8851795895831793,
ENSG00000271806,,0.21322188187070829,
ENSG00000271855,,0.374924488727852,
ENSG00000271857,,1.0484336513278216,
ENSG00000271858,0.36598323731217125,-0.2185679311595497,-0.4602039812504814
ENSG00000271918,,0.1928142167810919,0.6742532338017485
ENSG00000271933,,0.2296487686509874,-0.28747028020739634
ENSG00000271937,,,1.2518806698492009
ENSG00000271971,,0.37666397688100006,
ENSG00000271976,,0.9297642224690253,
ENSG00000272079,,,1.3755153252701366
ENSG00000272092,,0.9239528800935904,0.9796275633868011
ENSG00000272106,0.8214467854207137,0.29696996708509116,0.5835383204392867
ENSG00000272141,0.4434801611284003,1.3740669657191102,0.5547378795362339
ENSG00000272144,,,0.9729517764434106
ENSG00000272172,,0.5010666959928286,
ENSG00000272173,,1.4130616716860678,
ENSG00000272195,,0.20328326247302975,
ENSG00000272211,-0.20370349736214735,-0.03999280212055212,-0.5368067879705999
ENSG00000272256,,0.6721175927185624,0.7980617856228507
ENSG00000272277,,0.3251357726289981,0.4597851057475852
ENSG00000272279,,0.2651184231553543,
ENSG00000272335,,0.029540654340452614,0.2552152864871614
ENSG00000272368,-0.3193359820899701,-0.2483661416318055,-0.5633287208036452
ENSG00000272426,,0.6832203809667283,
ENSG00000272442,,,1.462640245052492
ENSG00000272447,0.2657320641541639,-0.7848638316081967,-0.29966624328791613
ENSG00000272449,2.339828349992058,1.674040099477008,1.4200528240134043
ENSG00000272501,,0.6304801064460602,0.7174592046504735
ENSG00000272502,,,1.4092906299375003
ENSG00000272512,1.1801460746746364,0.9234010459182355,-1.13013695338682
ENSG00000272563,,-0.8476934624718764,-0.2864886196128164
ENSG00000272572,,0.29170392921836913,
ENSG00000272667,0.3026589986747706,0.3217199083505768,0.38073826201377603
ENSG00000272669,,0.5024965297346866,0.4608324459652402
ENSG00000272688,-0.6442236626119636,-0.08203731209585326,-0.38540163999443117
ENSG00000272754,,0.6905168233134128,
ENSG00000272760,,0.8269801516491151,
ENSG00000272821,,0.8536415383667703,
ENSG00000272829,,0.935328177634713,0.8287499034462659
ENSG00000272831,0.7640585732456009,1.0490579268980207,0.9687260328107178
ENSG00000272906,,,0.8442552997346743
ENSG00000272918,,0.12967412321401453,
ENSG00000272927,,0.3884842471378119,1.399692127851411
ENSG00000272944,,0.4230990156338164,
ENSG00000272990,,0.6779984618311033,
ENSG00000273014,,-0.6925755718835278,0.5779627976850876
ENSG00000273064,,0.2500381593460892,
ENSG00000273080,,0.1003033938990169,0.7910864153968385
ENSG00000273132,1.7629710387414366,1.6323729287647173,-0.3555350183952922
ENSG00000273141,,0.8379313457808221,
ENSG00000273145,,0.6153922138757608,0.4331403533231347
ENSG00000273149,,0.8141187059113395,
ENSG00000273151,,0.9314303810410884,
ENSG00000273156,,-0.5528012934988065,
ENSG00000273179,,,1.1485255937060739
ENSG00000273199,,0.09994138446288901,0.4314854168205364
ENSG00000273204,,-0.23186828022328637,0.9244895124447426
ENSG00000273221,,0.8302804707557755,0.31447941917656325
ENSG00000273230,,0.15295874508679988,0.7299447900141239
ENSG00000273248,,0.5419226093490893,
ENSG00000273271,,0.33254990576591437,
ENSG00000273272,,1.5500142551312088,0.8242428862959649
ENSG00000273314,,0.15569260440021299,0.6782791619778976
ENSG00000273329,,0.21488034142580117,1.0927492520491442
ENSG00000273338,-0.11504927767612867,-0.11062637563622497,-0.2917928936632903
ENSG00000273355,,0.9064313740601322,
ENSG00000273391,,0.22022831369941395,
ENSG00000273437,,-0.3403640193577015,
ENSG00000273448,0.25049461436720616,-0.07950767649975572,0.1726858376959838
ENSG00000273456,,0.4005541837431337,
ENSG00000273472,,0.783639103722076,0.35232557919737245
ENSG00000273702,0.37758104688889876,-0.13112722344273636,0.7623000600674917
ENSG00000273748,,-0.10772755365879622,-0.19721915266072118
ENSG00000273760,,-0.640839955544972,
ENSG00000273958,,,1.153641873885625
ENSG00000274092,,-0.7758284797158483,
ENSG00000274104,,-0.22983368459455275,-0.04806346347066655
ENSG00000274213,0.12664786787500792,0.11153244703523685,0.18532191710348234
ENSG00000274265,0.3514934438390318,0.6346599231482523,-0.06542547988480203
ENSG00000274292,,0.9451354286818341,
ENSG00000274383,,0.268290970989079,0.8129167598273291
ENSG00000274422,0.09675438230867414,0.08619428952896813,-0.003203003121688771
ENSG00000274447,,-0.7581849347453945,
ENSG00000274492,,,1.376972514892737
ENSG00000274561,,0.7252243400113104,0.6015037574069736
ENSG00000274698,,,1.4042226618426779
ENSG00000274712,,0.028639774476589674,0.608517568695989
ENSG00000274818,,0.12531645239107606,
ENSG00000274825,,1.7742810767199488,
ENSG00000274922,,,0.9210286332183311
ENSG00000275163,,,0.7072603668114168
ENSG00000275180,,0.3348348410683758,
ENSG00000275202,,0.54923766056567,-0.3708306378500866
ENSG00000275234,1.276074285962899,1.481303747874146,0.3649841052371242
ENSG00000275441,,0.29791119398917626,0.3961798716590247
ENSG00000275457,,-0.4586285456937236,
ENSG00000275464,,-0.20935441421373835,-0.15816915092115078
ENSG00000275645,,0.3067717660212143,1.444220039716975
ENSG00000275672,,0.8046225844961921,
ENSG00000275676,,,1.3668328904222502
ENSG00000275719,,0.47630733711015183,
ENSG00000275740,,0.31527791239502995,0.16714244744284432
ENSG00000275764,-0.041347540948378954,-0.5997962298273537,-0.31804475011343547
ENSG00000275807,,0.7709707959382394,
ENSG00000275895,,0.12549797393240517,-0.25969478156921505
ENSG00000275964,-0.168088634162117,-0.568396493406088,-0.10419142554134732
ENSG00000275993,-0.024757929984093492,-0.12368294358825638,-0.11177197462606123
ENSG00000276131,,-0.2836324669135327,
ENSG00000276216,,0.0903527569795142,-0.2371536627663994
ENSG00000276256,,-0.3828581068360096,-0.5866685439231542
ENSG00000276259,,-0.003421901865447451,0.4374902259727852
ENSG00000276289,,,1.1576830942806502
ENSG00000276345,,0.5692433939712592,
ENSG00000276422,,,0.9242006831029994
ENSG00000276529,,1.022269732065429,
ENSG00000276564,0.43941854530743496,0.05495807602007005,-0.452050347993244
ENSG00000276728,,0.07156062864031296,0.5475005732793272
ENSG00000276842,,,1.5187182392919987
ENSG00000276846,,,1.4815705493540097
ENSG00000276850,-2.7647919119057134,-3.1594472939296976,-0.8518137050333496
ENSG00000276855,1.6020659808641526,1.8729738717924118,0.5527612013377456
ENSG00000276900,-0.5174112817387648,-0.3443744031056668,-0.241613092917952
ENSG00000277196,,-0.2802592242682267,-0.3032152909183543
ENSG00000277235,,,1.764065297766361
ENSG00000277245,,,1.3386104125663056
ENSG00000277287,,0.18419776471827917,1.0212718140262793
ENSG00000277350,,,1.939295028329489
ENSG00000277368,,1.0462518973286248,1.1785563922397204
ENSG00000277369,,,1.0489584677822723
ENSG00000277459,,0.20015863529919392,
ENSG00000277476,,0.35547975969961004,
ENSG00000277511,,-0.4050465274550148,
ENSG00000277654,,0.7161177143937308,
ENSG00000277715,,0.9242289027177688,
ENSG00000277749,,,1.5480196789369118
ENSG00000277959,,0.7622724736167383,
ENSG00000277969,,-0.17431482547355526,0.5119455526603474
ENSG00000278002,,-0.8740424644520391,0.1883895935849718
ENSG00000278291,,0.005403018689052077,
ENSG00000278376,1.6336009253660002,1.162210020694458,0.43479647696878715
ENSG00000278384,,0.3745380900033767,0.2371536627663994
ENSG00000278385,,,0.844524411340534
ENSG00000278730,0.5035078570023857,0.6045460352603762,0.6835055690718218
ENSG00000278743,,0.2628805850243077,0.9808460385951848
ENSG00000278817,-1.215536095986832,-0.20990671656469076,0.3168558594443365
ENSG00000278834,,-0.08944861187756728,0.38865067330917175
ENSG00000278899,,1.0329574820516123,
ENSG00000278932,,0.6519371312391772,0.597219571861016
ENSG00000279080,,0.10338100973632393,-0.03580585837557141
ENSG00000279085,,0.45662873449067154,
ENSG00000279110,-0.7396185786007454,0.019992403618971512,-0.143876090434771
ENSG00000279217,,0.7855992337071377,
ENSG00000279483,0.548466519436755,-0.36489610228743835,0.005087135848260867
ENSG00000279529,,-0.43791816109514,0.513234734312889
ENSG00000279652,,0.19777053402218817,
ENSG00000279833,,0.046482467716343234,
ENSG00000280007,,0.09053359483995899,0.45017302023333194
ENSG00000280018,,0.037469513112221846,
ENSG00000280071,,0.6631151791828688,-0.0005652349086226379
ENSG00000280145,,-0.18712945786843052,
ENSG00000280164,,-0.25003815934608903,
ENSG00000280195,,0.10229468206847686,0.19779552043056514
ENSG00000280206,,-0.769274901378262,-0.7592802877243232
ENSG00000280433,,1.258873926172629,
ENSG00000280649,0.8977561408532384,0.6166986083781076,0.9666196349599844
ENSG00000281571,,,0.6973748283732658
ENSG00000282012,,0.17724128575391834,
ENSG00000282034,,0.6559517780814202,0.025626785872538856
ENSG00000282057,,,1.3625300496008734
ENSG00000282386,,-0.44168753266608207,-0.07335786388345403
ENSG00000282393,,0.21524896810948274,0.4551827756393348
ENSG00000282988,,0.4171974574570959,-0.1887731772375237
ENSG00000283103,0.6544595155540466,0.5567925049436601,-0.1110136378112102
ENTPD1-AS1,,-0.7613095558665512,-0.2955304495479632
ENTPD2,,1.4486513387198865,0.5420368145993262
ENTPD3,-0.2161805201545782,1.229199590767509,-2.023762561007089
ENTPD4,1.2934199019244264,1.8740154599102543,-0.372041842876409
ENTPD5,1.621478670969749,1.8985533896944127,-0.4111013828526893
ENTPD6,0.9830442344765269,1.148867259383587,0.1717297068440364
ENTPD7,,0.12386442818973618,0.13550467490390988
ENTPD8,,3.443237059909707,
ENTR1,0.26931215284725185,0.09921740483303708,0.04523421142406592
ENTREP1,-0.0242972258211916,-0.6732467190206985,-0.42590868841910345
ENTREP3,-0.8337715356411289,-0.837164054713933,-1.1072403693842172
ENY2,0.06233183634677952,0.5191176663348097,-0.8469491743699771
EOGT,-1.1983615416480657,-1.2155139293441573,-0.4416406708825479
EOLA1,0.271700794905619,0.6280652422893855,-0.23192468373152952
EOLA1-DT,0.2227856426948635,0.4238870001120371,1.1044622649715925
EOLA2,0.4204746793011903,0.46544170436506405,-0.37952309323561273
EOLA2-DT,,,1.3253438670106101
EP300,0.450350806231857,-0.014768716091881358,-0.0001884116272896606
EP300-AS1,,,1.0866085118551778
EP400,-0.053335744722046975,-0.33197894358723773,1.0483054588902616
EP400P1,0.856813430790812,0.1235014630603883,0.492069979569724
EPAS1,-0.08773503123626887,-1.490538236292378,-1.4231581351647216
EPB41,1.3664554664092856,1.0997362697257078,-0.4560188432662757
EPB41L1,-0.005411672207159359,0.09107612620958738,0.5302898193326367
EPB41L2,-1.6540533453773194,-2.332265341855549,-1.542424238774199
EPB41L3,,1.1046954748080102,0.6531181746554756
EPB41L4A,0.0805709270414079,0.9888275527511357,0.6657635648034892
EPB41L4A-AS1,-1.8513101787347104,-2.4976545324541637,-2.1330280000632147
EPB41L4A-DT,,0.7831495416002907,
EPB41L4B,2.4263787692750967,2.3214692500733727,2.291261632623176
EPB41L5,1.2454847822696538,0.29866436554241377,-0.5355015779474934
EPB42,,-0.13494293730360882,
EPC1,0.4036783771990628,-0.32039253199373663,-0.20029387612811927
EPC2,0.2164162533448466,-0.13766964735907478,-0.028830972477526952
EPCAM,1.926681838305972,1.9129446613369727,0.7087128226616108
EPCAM-DT,1.315527838289218,0.5113025151070689,0.21994111197350308
EPCIP-AS1,,0.061633111487503806,0.7326526756563918
EPDR1,1.073697684835326,0.34456551147060177,0.785431118041511
EPG5,0.6323664514652477,0.275953600231379,0.8881243935030244
EPHA1,-1.1950628601666116,-1.0406644101322962,-2.7156514242452516
EPHA1-AS1,,-0.44566208466429225,
EPHA2,-0.3171557794770977,-0.6673845807564681,-0.40475385852586754
EPHA4,-1.0095228848884845,-0.5145892721111289,-1.6741199103662043
EPHA7,,0.31792889938096,
EPHB2,0.3319628417682671,-0.4126827601964525,-1.5211104972768819
EPHB3,-0.7836308041132305,-0.962162841420669,-2.052322772771474
EPHB4,-1.381248482675844,-1.7299863958280062,-2.0136441920224417
EPHB6,-1.8538720713604668,-2.3518392726807575,-2.5158037999159526
EPHX1,0.8331197139085875,-1.0054080857495902,0.0726022076932366
EPHX2,-0.5997919120472788,-1.0670248238056332,0.4814644921976126
EPHX3,1.3735186077843164,-0.06939405719464285,-1.2817229030518393
EPHX4,,0.2253978550474217,
EPIST,-1.4555344517341648,-0.37144890684395127,-1.1857562313841157
EPM2A,,0.4937293397887709,
EPM2A-DT,,-0.41307500750028925,0.5907015863874299
EPM2AIP1,0.15642186277464057,-0.17815611479366175,-0.058818324373784155
EPN1,0.995062192123127,0.3289356338801666,0.49718026596971954
EPN2,-0.18399255864811903,-0.7412483139867331,0.5222830900258248
EPN3,-0.02521863940188493,0.5454719883432934,-0.5990220990729771
EPOP,,-0.17724128575391834,
EPOR,,-0.6483773581094279,0.43045168158460506
EPPIN,,0.9920629176858841,1.5199132809960152
EPPK1,-0.6433737285230702,-0.7015310065645028,0.5341972795537753
EPRS1,0.7123440988679268,1.1326421418438692,-0.08639989957751802
EPS15,0.9808066406639578,0.9325425913892087,0.6292824464876867
EPS15L1,-0.07017867551419986,0.2270607667507608,0.3595519781148088
EPS8,0.5776095016311481,0.6368642837856967,0.4648169651326162
EPS8L1,1.507989599968135,2.1059786402466987,0.2072189795460756
EPS8L2,0.829865898722935,0.30111334604014794,0.3702252393925224
EPSTI1,0.9819248230293232,1.389033603607237,0.44892234965133754
ERAL1,-0.6155799371596938,-1.1073515274071988,-0.616700409356976
ERAP1,0.1872725484834999,-0.13676063127414934,-0.25365840545471025
ERAP2,0.12247049392699078,-0.0652423635075017,-0.17115610373633652
ERBB2,1.8374325006205323,1.4224098191400532,0.3833730603858746
ERBB3,2.689038075290809,2.2711895133780287,0.519262254413001
ERBB4,1.8474899741521293,1.180449395086257,1.6849283023734234
ERBIN,0.7588272496927482,0.9328208242606895,0.5540787463219201
ERC1,1.0498245067886447,0.9228494927946637,-0.10210784221076492
ERCC1,-0.9984682237193641,-1.1157024903365664,0.6947342046215111
ERCC2,-0.16528658165841367,-0.5667039137207067,-0.33852588059897015
ERCC3,-0.6832610645161699,-0.630919567532798,1.055842257133703
ERCC4,0.013011345299371388,-0.33769347213263196,0.896822593484663
ERCC5,0.520573065123577,0.9578799584592745,0.35272656000769237
ERCC6,,0.8640586305997302,0.096995452233594
ERCC6L2,-0.5330073685799336,0.003421901865447451,-0.01092809182551462
ERCC8,-0.06163965945803458,-0.7168161098945802,0.061838402340719634
EREG,,-0.1847473358466722,-0.5376774361755403
ERF,-1.4142767474426956,-1.6843661135394157,0.12410427677211776
ERG,,-0.9513467818837491,
ERG28,1.169584740108097,1.310668387963653,0.08526525786469834
ERGIC1,1.9193663370561767,2.3547104014087354,0.17861740905726303
ERGIC2,0.511628056299996,1.3405869224080011,-0.8731309576994941
ERGIC3,0.5356635654116557,0.1265871902368597,0.9693286506597519
ERH,-0.026370436579053056,-0.6296015493056425,0.04919527075465718
ERI1,0.22325780587744254,-0.010265865875812814,0.3929212706539761
ERI2,-0.06210110741536609,-0.13330739401853578,0.39007341447966404
ERI3,-0.7002278442550628,-0.31300740071792843,-0.09604899546976187
ERICH1,-0.8137266530222373,-0.8469198373474021,-0.7719089257976547
ERICH2,,1.33573687394396,1.3946916649422185
ERICH2-DT,,,1.5235114922374968
ERICH3,,0.6918889965791902,2.0051324653729647
ERICH5,0.15875346361636808,0.8894512764052565,1.3038843981055792
ERICH6-AS1,,0.4050465274550148,2.6056439029685894
ERLEC1,2.2303612086746223,3.03032838477979,0.906725425697113
ERLIN1,-0.09652302168397787,0.5463081343164348,0.6042152531780378
ERLIN2,0.9137207960638563,0.9431667229058776,1.085589033230778
ERMAP,0.10323462869028473,-0.5174697504732536,-0.30696565678851917
ERMARD,-0.09004697576490091,-0.4124866603561821,0.7333921224188191
ERMP1,-0.24242353720646012,0.34227303924655544,0.18628037731731098
ERN1,0.9689547757807341,-0.1555103111320158,-0.5001672648440922
ERN2,1.9523578968202182,2.3876504836546633,0.049761197938862675
ERO1A,1.3422557323153863,1.554821848666967,-0.14330499833370267
ERO1B,0.14570724282969666,-0.18254938438857513,-0.7505118620932993
ERP27,1.9355987951469154,,0.78210113238542
ERP29,0.8538255534002431,0.6637884901698163,-0.4449665097074249
ERP44,0.15292605122029695,1.0375742431916206,-0.9279615005014367
ERRFI1,-0.9946844564841107,-1.1837090966292496,-0.9172917534765704
ERRFI1-DT,0.31691362796304295,0.01584944126090129,-0.5666439577096996
ERV3-1,0.712047340126358,-0.011706750928119227,-0.008290206511611557
ERVE-1,,0.7919906217561036,
ERVK3-1,0.30917449791016605,0.09360829636315152,-0.46104197464530106
ERVMER34-1,,-0.5664924554666999,
ERVW-1,,0.22299697011255873,
ESCO1,0.35222840928197874,0.3184972581916761,-0.14730363533521293
ESCO2,,-1.1818966009676197,-1.1452523698232577
ESD,-1.2165007849228329,-2.0282489435209343,-0.9366908218026854
ESF1,-0.8715324753655099,-1.073731694920815,-0.7545130860949119
ESPL1,,0.24446745701358288,
ESPN,-0.3546796713700524,-0.15769817322869278,1.094119466808656
ESR2,,0.8523459140890123,
ESRP1,0.4959414915025183,0.9010127341757485,-0.23289253061835352
ESRP2,1.0806908944602123,0.908334195021022,-0.13056242688672273
ESRRA,-0.893972318935042,-0.4414889886253758,-0.651952601491129
ESRRG,,1.6524950028180434,1.9442600382777544
ESS2,-0.39993372934428667,-0.42704157756957256,-0.0607058084855751
ESYT1,-1.2886507766493052,-1.0654350105136243,-0.032035455112790934
ESYT2,1.149735953594487,0.7117026217916733,1.1177352190478225
ETAA1,-0.13268577598388487,0.1030188870212121,0.343718059423439
ETF1,-0.8380170460703464,-0.9493664695240891,-0.7155108391751716
ETFA,-0.7438634025839634,-0.2159863092862918,-1.9069709178598946
ETFB,-1.2745163619944466,-0.8732511048410413,-0.5648750586866115
ETFBKMT,0.16645394456425586,-0.06470092266999056,0.7130791948861865
ETFDH,-1.024976304538588,-0.7885451021266188,-1.4383642606053235
ETFRF1,0.7462950427955358,0.338646961562655,-1.0453724341524513
ETHE1,-1.393912426051929,-0.9613048542611536,-2.6730485830443786
ETNK1,1.3193671629986459,1.6030496361803137,1.445290062026749
ETNK2,-3.0146986150839683,-2.6561675140161194,-2.4279746742436767
ETS1,-0.6858808600363779,-0.8980437305111468,-1.0473267828620418
ETS2,-1.3693901417693237,-1.3904527574820755,-0.9771949658177626
ETS2-AS1,,-0.25580271711607233,0.3036098645833631
ETV1,-1.8869727781554941,-1.8761047565943054,-1.5121839553284682
ETV2,0.444750914728612,0.13494293730360898,-1.571548398313308
ETV3,-0.1992384139849321,-0.7417224803927657,-0.41171653525014906
ETV4,,-0.7615502190997302,
ETV5,-1.6249178496602459,-1.9550092357621383,-1.9492734446744011
ETV6,1.7795521197406103,1.384792838962294,0.757521947828657
ETV7,-0.3682002391623903,-0.4564288539049078,-1.1434392023511724
EVA1A,0.3441541481007709,-1.4690076186130863,-1.6927708251248819
EVA1B,0.03259078467098818,-0.029360476473087472,0.25307473374635253
EVA1C,0.24313504852011908,-0.8464043687484526,-0.09075040300295026
EVC2,,-2.158419337864851,-1.2890398144530537
EVI5,0.7949507211512225,1.1408897809823442,1.6158188089705
EVI5L,0.8337715356411288,0.8495005640059917,-0.2554099400420792
EVL,0.13593894793855707,0.1353064402390697,0.828484319166083
EVPL,-0.6713851615589522,-1.06893616689643,-0.6182963066066963
EVPLL,,-1.438441049693804,
EWSR1,-0.6197601477704324,-0.6882327518666408,0.20375520639602293
EXD2,1.018378884583493,1.049370218049439,0.7265061106029563
EXD3,1.0030276998281755,1.0944760908148687,0.7060511257919746
EXO1,,-0.44984295628544574,
EXO5,,-0.1639012531306035,-0.37729673700227223
EXOC1,-0.40767891859337024,0.6199692116519765,0.31170914741441347
EXOC2,0.7864513269766971,0.7317996767746808,0.5050841983898621
EXOC3,-1.0811039068994397,-0.7724261865880324,0.06957999312170765
EXOC3-AS1,0.3373208319227003,0.7663727883880547,0.9050214968925352
EXOC3L1,,0.2442818984871476,
EXOC4,0.537259098274247,0.5029052422947846,1.0664291168079747
EXOC5,0.32540010923204066,0.6987695243338801,0.5409460071373322
EXOC6,1.403713348203623,1.7760221192230685,-0.045045607744954266
EXOC6B,-0.8898590567627206,-1.1643357540998578,-0.6794653508100955
EXOC7,-0.43815077867554464,-0.29001299769209976,0.40209685390986616
EXOC8,0.8217695193053044,0.35241188986598965,0.3200272349258285
EXOG,0.08010887267671582,-0.37125595084845336,-0.49824654074486224
EXOSC1,-0.17556729263565232,0.05026899269437244,0.2737517494585621
EXOSC10,-0.7417393199595792,-0.6642375313820585,0.6226359942546531
EXOSC10-AS1,,,0.8134412393038196
EXOSC2,-1.1769178523778456,-2.0498469862670428,-1.5480196789369118
EXOSC3,-1.3003610227428424,-1.659591323834459,-0.48336945322907765
EXOSC4,0.024066875679729493,0.23723684165873687,-0.03278949761801417
EXOSC5,-1.4086647821725355,-1.7554752949521424,-2.6170431461731267
EXOSC6,0.08080196066828431,-0.2623213315693376,0.16294054952505047
EXOSC7,-1.9810254068206807,-1.9084743719372192,-1.7962207827046028
EXOSC8,-1.4230960468357414,-1.5965740643753417,-0.9516968415631366
EXOSC9,-1.4250003604096517,-1.0667066454497711,-0.9666196349599844
EXPH5,0.7848835989236723,0.06199399978656182,0.8210715183838175
EXT1,0.6436569882182548,-0.053334800275827585,-0.20606411428718827
EXT2,-0.26525497722694574,-0.3158457939052052,-0.3967913269185444
EXTL2,-0.9897867454730848,-1.104364015906715,0.9793231717752452
EXTL3,0.798746705065758,0.575820800243607,-0.1038125588277896
EYA1,-0.9804341856304706,-0.980638406233938,0.03316652583524039
EYA2,-1.7564722310089138,-1.4861768053548294,-1.538105382063828
EYA3,-0.20723142975738643,-0.5582651865855295,-0.38235936240841045
EYA4,-0.9022445695087248,0.1008464327158114,-0.17900030473125977
EZH1,0.021533105714509494,0.1091768499685126,0.8019538140158292
EZH2,-1.0700165680458313,-0.6730208251287246,-0.58242176928891
EZR,0.9969530040350495,0.5315224895186076,1.0637712217479192
F11R,-0.10091977142344415,-0.09234213727543641,0.670002363024601
F12,-1.4916794919781156,-1.0177248446000895,-0.8512722072584475
F2R,-1.668700001423023,-1.105027055121139,-1.4946837646535205
F2RL1,0.5543645934463336,0.7994057449412952,0.07014660911438915
F3,-1.3160751261286292,-0.6698619061350233,-1.3789199943505346
F5,,,1.156579069677345
F8,,-0.16663989807829932,0.5080830964124896
FA2H,0.42248806512155906,1.0437645466072931,0.2692555795299652
FAAH,-0.43612381483829205,-0.09071443566111165,-0.2998633131967384
FAAH2,1.2881226805406865,1.5584512689832886,0.6882731005264151
FAAP100,0.11806335952803013,-0.0632571727292691,-0.750262184760883
FAAP20,-0.06787035468990776,-0.5950599178314628,-0.44829727770676203
FAAP24,,-0.8640586305997302,
FABP4,,,0.35673950110378594
FABP5,0.8449072807127926,-1.229199590767509,-0.9918785684038305
FABP6,,0.6859522652880944,1.800016152404491
FADD,-0.6100229908489541,-0.2086181103753773,-0.7949568464249197
FADS1,0.8256490266521799,0.5080212723366436,0.401279885663515
FADS2,,1.3115191576432612,0.41869922916496205
FADS3,0.8621441906097486,0.380727229431471,0.29179289366329014
FAF1,-2.4775384735632504,-2.2881357599397187,-1.4479723826468835
FAF2,0.6481961966494534,0.2945240055984758,-0.30775575618582085
FAH,-1.6020659808641526,-1.016214546336747,-1.2630967281078274
FAHD1,-1.1045341303657383,-0.8940077995866729,-1.108981032841667
FAHD2A,0.7612864536316335,0.02918029955887796,0.09283168082116727
FAHD2B,0.1683221978167238,0.8241945936906141,-0.3178465704930311
FAIM,-0.9186260024947567,-1.3405869224080011,1.5747954454295456
FAIM2,,1.3694524716226937,
FAM107A,-0.008405421163036088,-0.9800559824478183,-1.2660306627262674
FAM107B,0.6017226798540768,1.482924189357176,0.412947307871592
FAM110A,0.5182012415619976,0.39412271134674043,-1.6116621514343783
FAM110B,,-0.16061649922727173,
FAM110C,-1.013363554043233,-0.8312977739759045,-1.4346633854679711
FAM111A,0.7930570195439575,0.6095263690296027,0.6421964458405987
FAM111A-DT,0.07017867551419986,-0.19997489484213735,-0.16294054952505047
FAM111B,-1.1285869517667886,-0.7403004807485675,-1.038240400849262
FAM114A1,2.3579956341464974,2.6623490900351032,0.4281790803635039
FAM114A2,0.14850069898779922,-0.17632660502554767,0.2933661016031447
FAM117A,0.35885172210003796,0.4132711549840871,0.390480056898678
FAM117B,-0.8888330920466271,-1.1030393919173391,-1.030840218268742
FAM118A,-1.0745176886195025,-1.0743729659743457,-0.7954738035606721
FAM118B,1.0137484434348933,1.265665141808948,-0.7326526756563918
FAM120A,1.0550330763150075,1.5882546469173513,0.8596937019643438
FAM120AOS,1.1024175110493732,1.1732501605300356,-1.328069520879226
FAM120B,1.2886507766493052,1.1126872029914319,1.2626784813378866
FAM120C,-0.40267925300237944,-1.4445491425952302,-0.44309512214342306
FAM124A,,-0.43811639356153387,
FAM131A,0.0969857481125297,0.01873146897822844,1.2825801555480176
FAM131B-AS2,-2.250183503575992,-1.9736065528439277,-2.5435210922190197
FAM133B,-1.0410743009602823,-1.207261342600196,-0.9811508850007542
FAM135A,-0.7730312197368685,0.0,-0.5784081766316677
FAM136A,0.6239512163533175,0.8878474954731662,-1.0883101571164644
FAM13A,1.464897033105433,0.5601604156800885,1.6320170856607807
FAM13A-AS1,,0.7885451021266188,
FAM13B,0.09305322523870638,-0.6637884901698163,-0.2772743508467483
FAM13C,,-0.3560553570802203,1.1717913962859767
FAM149A,,1.0515591280643644,1.74995384788232
FAM149B1,,1.1746851391022712,0.9924950284867494
FAM151B,,,1.5418054969000456
FAM151B-DT,2.0475273022264067,1.6413110479212212,1.6896213384564231
FAM153A,,0.14130685722399483,0.4414329684477867
FAM157C,,0.18145073994488486,
FAM161A,-1.9050360976366763,-1.9029396037619615,1.2736255537646333
FAM161B,,1.0348015398115282,1.3149856287822603
FAM162A,-1.9777589839805283,-1.5037956207038117,-2.072874026762157
FAM167A,,,1.4022055375231555
FAM168A,1.1430719299230452,1.1405445793503652,0.009232300834003306
FAM168B,0.45417701657813775,0.32039253199373663,0.39658749202606575
FAM169A,,0.8798625863839874,0.8537109176423345
FAM171A1,0.5428542855626933,1.106686782262093,-0.5212036743891816
FAM171B,,-0.14676619461223572,
FAM174A,-0.13896103846633553,0.8902540253433681,1.894354348736857
FAM174B,1.9633152509361176,2.1076357474762193,1.0604593838746965
FAM174C,-0.10948754306806471,0.3447566324207278,-0.11556463188840592
FAM177A1,1.2891792323887197,1.9599025207790484,1.0099117291579844
FAM177B,,3.134003892094605,
FAM178B,,,1.332634328347703
FAM181A,2.235935530573834,1.1450428517164153,1.2715085008063967
FAM181B,,-0.36277944104079884,
FAM182B,,,1.2817229030518393
FAM184A,-0.5079567236199863,-0.5344286844345015,1.2732016865684348
FAM184B,,-0.515411829300368,-0.3465176819074063
FAM185A,-0.45980086262568415,-0.4205398763848316,-1.5780591815289822
FAM193A,-0.0058722451409618905,0.08023037690514122,0.13227283804577492
FAM193B,0.2628704456298798,-0.08384451517953256,0.32677715393013573
FAM199X,1.059059228537794,1.2102527492690693,0.25794131998923364
FAM200A,-0.21735930651819446,-0.3255155466613387,0.09131798486230304
FAM200B,0.8314917059074731,0.08727896051868432,-0.10854948171558697
FAM200C,,0.18657964363808868,0.6721262802549441
FAM201A,,0.13894246118981676,1.1838555847483825
FAM204A,-0.5597432599520713,-0.6090926976380631,-0.6026330087745276
FAM20A,0.9496189116024812,-0.3910102966321632,-0.6210358017333479
FAM20B,0.7845702847910948,0.6423887862697206,0.1172718668714726
FAM20C,,-0.23094334554490412,-1.2069526208725496
FAM210A,-1.2116886037983396,-1.3630407596141996,-1.8105892996433364
FAM210B,-2.002790162156423,-1.6711223480356265,-1.3852857042337683
FAM215B,-0.4847742756708689,-0.6575158856799583,-0.21550370446108388
FAM216A,,-1.5139149156068663,0.5788536703422561
FAM216B,,0.7758284797158485,1.9104650565780033
FAM217B,-0.6453576325786534,-0.5620576589514182,-0.10324428667884707
FAM219A,,0.5415054847041676,-0.8594210902394458
FAM219B,0.21901011536793422,-0.007744366519261786,1.0999659375712938
FAM220A,0.35296356503892046,0.04071378790648882,-0.20048610892980778
FAM221A,0.625070685050527,1.399027098684975,1.8364180579385245
FAM221B,,1.5590581719754877,
FAM222A,,0.89132525052962,
FAM222B,-0.1289695818320735,0.29395980362535507,0.16084068353404982
FAM227A,,0.4732835156626446,2.982795917172969
FAM227B,,-0.3312178289602899,1.2677121011477641
FAM228B,0.3554154650944894,-0.062354896159921715,1.0825373454755982
FAM229A,,0.9110582302274227,0.2218717660774099
FAM229B,0.17042468554502344,0.28119591463505195,2.136707766951786
FAM230J,,1.1350397299622959,
FAM234A,-0.3127998813178481,0.0057632237983847555,-0.8391537399353282
FAM234B,,-0.8161272495453976,0.005275550003810064
FAM241A,-0.3731334148436143,-0.16244114628475073,-1.2535323695840188
FAM241B,-0.9759752870649456,-1.12514891193933,-0.5859972987072903
FAM24B,,-0.2489234034934253,
FAM32A,0.06648553654807862,0.4091553815677586,-1.106892639079958
FAM3A,-0.1104142590312576,0.17815611479366175,-0.8698256889547212
FAM3B,-1.0923257630798158,0.745997512068173,-1.3399963167512587
FAM3C,0.22916408319962328,0.10682185855147633,-0.8255667383396321
FAM3D,0.9119742571334395,2.131466545763148,-0.783124818247174
FAM41C,-0.7727207840425546,-0.5045409338203969,-0.26027944597769576
FAM43A,-1.0371231734947102,-0.551542741251499,-1.246126439552121
FAM47E,,1.4690076186130863,2.169217890430139
FAM50A,0.581422935626792,1.0679800076536077,0.2760997702107483
FAM50B,-1.2237723283605046,-1.287221899006533,0.4462149673028103
FAM53B,-1.337171252732318,-1.3098185659012855,0.5848791429384068
FAM53C,-0.3380522143796666,-0.3896498071397119,-0.3837786498496346
FAM66C,,-0.3308373436146474,0.5642121772671131
FAM72A,,,1.3716436971710784
FAM76A,-0.7203804768205541,-0.6328986529033922,1.194939564430263
FAM76B,0.01876915011902887,-0.2888861708081626,-0.05598748894654137
FAM81A,,,2.0680534530583
FAM81B,,1.026225784338646,2.133028000063215
FAM83A,1.1199222415000345,1.1346968179658972,-1.0470007803579415
FAM83B,-1.9793895555118382,-1.7487882230060292,-1.6779575731279806
FAM83C,,-0.00018009974767798113,
FAM83D,0.47392482737145764,1.428878250177828,-0.6235511060503329
FAM83E,1.754322356553203,2.089717368505256,0.6997796219703133
FAM83F,-0.9700600986322832,0.2639993388288522,-0.603084924503942
FAM83G,-0.8735542553636954,-0.9524800657744584,-1.0876291210845095
FAM83H,-0.46903508671101396,-0.5313150761382573,-0.11746158065723687
FAM86B1,,-0.1427622620647733,1.1926342967862367
FAM86C1P,,-0.289449538309463,0.43396826636287333
FAM88B,,0.11280110100825518,-0.38154868687392934
FAM88C,,0.3706771657550231,
FAM89A,,-0.9303193216914799,-1.221125556696038
FAM89B,-0.30193585183991517,-0.2576640573994389,-0.7869709747119242
FAM8A1,1.071650827203848,0.9809297429057886,1.4103085774837747
FAM91A1,0.6273119766326142,0.5187055553632897,0.13797703309715753
FAM95B1,,0.42250819965775493,0.10021406037472236
FAM98A,1.3276604407514172,1.4283785539394709,0.14387609043477087
FAM98B,-1.0011253888513185,-0.9330991293638724,-0.239479727949475
FAM98C,-0.2654935131368682,-0.0023412988461966548,0.4669170443387821
FAN1,-0.035355774339233634,0.2545003064199035,0.43541783067167494
FANCA,,-0.6322386826884958,-0.0376912475539963
FANCB,,-0.3894555104179731,
FANCC,,-0.05910711549711584,
FANCD2,,-0.922298220269122,-0.7957323618615755
FANCE,-1.696197861896736,-1.791939280510217,-2.2759288138875915
FANCF,0.13617137201598178,0.09415098179665092,1.137662170505106
FANCG,-1.1075057375697743,-1.432888727172751,-1.237166554084371
FANCI,-1.1847792690519323,-1.0908772137580414,-0.36417866963727985
FANCL,-1.2184335666732147,-1.004512842112777,-0.33752843441235486
FANCM,,-0.5792253444155483,-0.2813884088458843
FANK1,,0.8833157982961349,1.7387395990067722
FAR1,-0.33244953586265824,0.6357617173047592,-0.12961236380432228
FAR2,,1.6843661135394152,1.0124249019319254
FARP1,2.472612377324293,1.494377883510604,1.2994885864666523
FARP2,0.8016012622808987,0.9154308057330701,1.0209544767732688
FARS2,-0.19501199742475794,-0.29283168014537614,0.6484611805975714
FARS2-AS1,,1.125827503811033,
FARSA,-0.5833328245512248,-0.18602988580418764,-0.9072939872370818
FARSB,-0.5937382671009488,-0.9442912494904321,-0.6378030034252563
FAS,-1.7750826314329924,-1.9863947422503303,-1.1868986784066609
FASN,1.2198861454764065,1.1214258814801945,0.055421376422491064
FASTK,0.1610859278202268,0.7031443438404026,-0.5688575783858951
FASTKD1,-0.8970672180912364,-1.1957703840237799,-0.9820659717910734
FASTKD2,-1.1083565664350665,-0.9841399588944483,-0.8116065383083727
FASTKD3,0.7087871202131668,0.41503719911836556,-0.7172155101207418
FASTKD5,-0.15618874966285284,-0.4490459955624856,0.12258547395108049
FAT1,-1.132076663857065,-1.574421042369907,-0.6742532338017485
FAT2,-2.513822847992527,-2.192982152000548,-2.1999395441421896
FAU,-0.16248582630381864,-0.9181725748615993,-1.004280280543053
FAUP4,-0.5992406748513086,-0.2196747856160318,-0.35032152315156473
FAXC,-0.8105242164852585,-0.27445719428086623,-2.2421001428075753
FAXDC2,-0.3356149735646117,-0.8121134412758957,0.9738595551701441
FBF1,-0.9999857392527252,-1.648276836129529,1.0893326586421301
FBH1,-0.48684728342453343,0.16755305652287314,-0.5143097042393866
FBL,-1.603730174930568,-2.42681374388701,-2.1832985614859615
FBLIM1,-1.0790406849715324,-0.4213270097622993,-2.0296388270473495
FBLN1,-2.4220298288405866,-2.477779271869726,-2.3153221273154165
FBLN2,,0.7017613714554489,
FBLN5,1.8487603794867593,1.6420040483129748,1.0996209867365263
FBN1,-0.16902294393043413,-0.9815126661685771,-0.7284700156256283
FBP1,2.889502376860571,2.6750263370087315,0.8520845476029381
FBRS,0.11875906822496694,-0.21064321934399483,1.0250879139155002
FBRSL1,-0.09050942203779844,-0.16317115622435324,0.23928583986074692
FBXL12,-0.7378034445005252,-1.0587869998451893,-0.5110865708083882
FBXL13,,0.8956204212286034,1.867828862396632
FBXL14,,0.31433166900439236,
FBXL15,0.27289569666629115,1.0083980683193876,-0.6751995259021268
FBXL16,,-1.106686782262093,
FBXL17,0.5984141602674433,1.1060225257870808,-0.1239144108347236
FBXL18,,-0.06145267035103733,0.027511567549206768
FBXL19,0.5391222838544537,0.533182621012304,-0.09169638910125026
FBXL19-AS1,,1.0506204073741143,0.21762540805155384
FBXL2,,-0.1975868808063509,1.8592721331651374
FBXL20,0.7043534654844253,-0.15314096658611503,0.9585348142752265
FBXL22,,1.3017920032439039,0.4556007696441695
FBXL3,-1.2121685593776115,-1.1183912874121238,-0.4166433908759463
FBXL4,1.1041104107493092,0.5660696149255083,0.6932959047758873
FBXL5,0.977088190433671,0.6552819374120644,0.7077443528451182
FBXL6,0.44449670661253404,0.7179808800859809,-0.24491227943896984
FBXL7,,-0.6932624738134073,-0.1661872141440232
FBXL8,0.5808776426973081,1.1558641126073113,0.2719917245165748
FBXL9P,,0.22336625302386806,-0.03787979373040249
FBXO11,-0.13175655764914862,0.029720833166832283,0.8229204772336133
FBXO15,,0.6586340908284151,1.9995376682125134
FBXO16,,1.9220016767103094,1.808651827879797
FBXO17,-1.9696839978952492,-2.5228862838022663,-2.6113011108377866
FBXO2,-2.4875749110024907,-2.433716963061265,-0.850730958978461
FBXO21,-0.682679524655733,-1.1983512962775873,-0.8464099081427252
FBXO22,-0.43967218334033276,-0.43455083306122155,0.032412474061766644
FBXO25,0.5616296174702641,1.1464316055206538,-0.34932002300039855
FBXO27,-1.2449847798479867,-1.523041833375237,-0.7128362624333257
FBXO28,0.6008949336712268,0.465040334790685,0.46965023092015046
FBXO3,-0.682098215578136,-0.7498090173661218,-0.01676942066090819
FBXO30,0.14756941924912637,0.41072247432521314,-0.4568552297761649
FBXO31,-0.42198455840176935,-0.36836326438694217,1.1736651756943228
FBXO32,-1.4528827325251767,-0.7510023475222295,-1.679499581353995
FBXO33,0.19759438877680705,-0.1436720434807213,0.08734551925270474
FBXO34,1.717947699799256,1.2596698797574837,-0.1951063630667935
FBXO36,,-0.042155823347900676,2.799937843600707
FBXO38,0.6739839096149216,0.5465172304795584,0.42096269741038594
FBXO4,-0.8974116262316573,-0.3520286398386184,-0.5974447815538452
FBXO41,,0.3570149483654475,
FBXO42,0.2011179598278675,0.23297846381159465,-0.33194890497970214
FBXO44,-1.0343669900806298,-1.4465971977392584,-1.2912050291106691
FBXO45,0.16085264216865994,-0.08023037690514122,0.08034972644593115
FBXO46,0.4320752465227634,-0.07896567846684087,0.16542313671327916
FBXO48,0.3292874258104602,-0.6206241277446539,0.09642756780322369
FBXO5,-1.2570718847431892,-1.550613246499472,-2.0826622528117023
FBXO6,-0.01162954352113991,1.0039164600188122,0.9799320457920943
FBXO7,-0.31982067739733033,0.05171166505799773,-0.47280827483004867
FBXO8,0.6419582034029713,0.7646828666948717,0.8306106330280322
FBXO9,-0.27146186115281934,-0.38770750033524304,-1.095835129338839
FBXW10,,,1.3620535111045453
FBXW10B,,,1.124446128225748
FBXW11,0.3519833996794735,0.15186552252418248,0.14292429624193437
FBXW2,0.5447231222918366,0.09469369495973756,-0.4462149673028102
FBXW4,0.7108609315718284,0.35528792008469895,-0.5190466619786154
FBXW5,0.9154701266643864,1.1899008684911538,-0.7383320617023452
FBXW7,-0.5681123848579639,-0.2448385993272399,-0.4460068427854917
FBXW8,0.8127650470009533,0.9482365323000015,0.23173114045046986
FBXW9,-0.23176536772989167,-0.059648368054738304,1.5356502892875628
FCER1G,0.9151200365253167,0.6296015493056426,0.27962466198167324
FCF1,-0.07802983823272709,0.05062965085951393,0.9058731325338057
FCGBP,2.5419261805196482,2.522886283802269,0.6094247536888467
FCGRT,-0.4121873436764744,-1.262462022168555,-1.2572612521600535
FCHO2,1.053026399402626,1.0298918338033662,-0.17670332227094052
FCHSD1,,-0.5794383510987887,-0.2674976943262634
FCHSD2,1.036334889173634,0.9395202194444227,-0.539419956926123
FCMR,0.760056277089533,0.4160188940208668,-0.19664285039960072
FCN3,,,1.1474331529867894
FCSK,0.9554185039781866,0.8108618076686956,0.8176451622170238
FDFT1,1.8275575255552154,2.169654218198507,0.606251793172931
FDPS,1.261141991041729,1.7673701445535945,-0.41520535162717087
FDX1,0.44882216938204456,-0.032243440714524126,-1.1532754237356242
FDX2,-0.7545346457664469,-1.05658136890484,-0.6384958847440103
FDXACB1,,-0.16609206975079394,
FDXR,-1.9355987951469165,-1.9562281709104365,0.9496245359086857
FECH,-0.7061252613638577,-0.40563308649383156,-0.16160418862459858
FEM1A,-0.31957832035885164,-0.695325145717265,-1.1525429876647744
FEM1B,0.8574784426549922,0.3755041918111047,0.11765129867069277
FEM1C,1.3782657042184279,1.4308806119041588,0.04580003214268147
FEN1,-1.3111636495051284,-1.007799351021276,-1.3497705408674165
FER,-0.43106421264358113,-0.8622288897826986,0.5521027886458458
FER1L5,,,1.246126439552121
FER1L6,,2.770079947768567,
FERMT1,-2.7443335228290042,-2.369365139731535,-2.98279591717297
FERMT2,-0.19172719501374183,-1.1826211330420677,-1.5193154889225275
FERRY3,0.6205974886971735,-0.4173939410040697,0.5833149520470398
FES,-0.9147700585102834,-1.2315030156324331,-1.526525141232634
FEZ1,,-0.9143360231743232,-0.7348722204534457
FEZ2,1.0948382499779934,0.3086600818561825,-1.0535421131598537
FGD1,,-0.9558872816583346,
FGD2,,0.45762841132114,
FGD3,,-0.22872430657724707,
FGD4,0.17673670991153856,0.43455083306122155,-0.20895179627705124
FGD5-AS1,0.4437342544981912,0.2426122493742875,0.8659815116981043
FGD6,-0.6253506746104758,-0.5954899388773711,-0.6659987393350356
FGF1,,-0.867726819829705,
FGF11,,-0.224658983472785,
FGF12,,1.542277479792976,0.8985139611172583
FGF13,,1.8185806804242457,0.2906134616724034
FGF14,,,2.3968569084982243
FGF14-AS2,,-0.5713624346856512,2.0977295394175903
FGF18,,-0.5288278942652772,
FGF7,,-0.2651184231553543,-0.3694182524267233
FGF9,,-1.0422132263007136,
FGFBP1,-0.7290642959949363,0.20162880279652426,-0.9891091497742762
FGFBP3,1.198833847293565,1.0468747471412558,0.645673726208678
FGFR1,-0.7257639939463316,-0.7553072252063076,-1.2804387876191534
FGFR1OP2,-0.8350762430850661,-0.9375618829466104,-1.3818510569996794
FGFR2,0.7569858545045821,-1.3653242159278074,-1.6471902771053015
FGFR3,-2.2194161044885674,-3.2511009128697497,-2.3098588277524765
FGFRL1,1.2340625290020615,0.6147394104038656,-0.9041705171428349
FGGY,2.2087305900973258,1.5914413956730786,1.1340707240939594
FH,-1.008756536581306,-1.2400053489352585,-1.252293274535785
FHAD1,,1.0388091196194378,2.1293768911380844
FHDC1,0.2528715457918165,-0.25729171812635104,-0.09245323702557141
FHIP1A,0.6380015535294208,-0.17925410655851934,0.02129212246154697
FHIP1B,1.1382170578766637,0.3614333211528501,1.0476528967115744
FHIP2A,0.94313231374962,0.8453741056126449,0.6968943536726592
FHIP2B,0.39619468114979334,-0.03927183712309708,0.24957450591966512
FHIT,1.4339562447988605,-0.20107743908425876,-0.48612416585001067
FHL1,,-0.7182139510085526,0.2060641142871884
FHL2,-2.497868359008291,-2.393927096794298,-2.2784473187826757
FHL3,-1.884247794841802,-1.9062534536503597,-2.340802694799114
FHOD1,0.5757059333835698,0.3018672412859052,0.4435108517337934
FHOD3,,-1.7348323014829177,0.4912195167173739
FIBIN,,-1.0003456390431669,
FIBP,-0.9890353572852166,-0.5711504152816971,-0.45999453341039365
FICD,,2.1279874601039275,1.0049044233175528
FIG4,0.6644772054742851,0.96962861864354,0.052213735578091704
FIGNL1,-1.4867934897003503,-1.927743385669064,-1.6818201086157798
FILIP1,-1.3699784939234134,-0.9667507892338844,1.7294185339104464
FILIP1L,-0.43485787228964373,-0.7226497420491887,-0.9654179024340241
FIP1L1,-1.0692005091676517,-1.1551618810787794,0.3178465704930311
FIRRM,,-0.7013006788963776,-0.4428872860669318
FIS1,0.9309868657436187,0.9250573934198544,0.4755490645471421
FITM2,,1.3183597597671382,0.483793015974285
FIZ1,0.34000345318692915,0.16645728308705182,0.18589697274575825
FJX1,-2.0947120115093076,-1.9040418983029652,-0.9537732423148938
FKBP10,,-1.2786094191066975,-1.8560981665330574
FKBP11,1.8178576144691208,2.4407381457373463,-0.7980617856228507
FKBP14,0.3738741720891147,0.5976416990070916,-1.1427149869480135
FKBP15,0.45622038052987524,0.6534971308949938,0.5168920618400696
FKBP1A,0.29495350466350106,0.3672070536572305,-0.596093977304118
FKBP1B,-1.1049580483812287,-0.003962204794624026,-1.7490833749267245
FKBP2,2.056985262122678,2.3135461905090082,0.17039138714898183
FKBP3,-1.3117078076672128,-1.3999861718842148,-1.8699895603739747
FKBP4,-0.861476507388307,-0.5807169439264095,-0.7368481926514302
FKBP5,-1.3594598444102746,-1.2934326195402877,-0.5697438071295108
FKBP6,,,1.1427149869480135
FKBP7,-0.16762153434706903,0.10664073006821562,-1.3127524244767645
FKBP8,0.240526772504064,0.012787430504111432,-0.22863562298470852
FKBP9,-1.5313717661482498,-1.622219160476625,-0.3257835919354189
FKBPL,-0.1868038559608411,-0.01693018494186649,0.1060859845642487
FKRP,0.39270989423424985,0.27427018681051546,1.0838924049855234
FKTN,0.358606135080755,-0.2069618395403192,0.3635747479686937
FLACC1,,,2.163312690135729
FLAD1,-0.20982021795285308,0.08420598846986381,-0.022799781948472445
FLCN,-0.8000145923183773,-0.41523350607267107,0.5681931999435083
FLII,0.350758668214765,0.1974032342545817,-0.2390919607669763
FLJ13224,,0.3687487773434023,
FLNA,-1.8300095747190257,-2.662349090035101,-1.25105609922646
FLNB,1.1461754735757133,0.44427019372157767,0.7206311222461881
FLOT1,0.10184564874238443,-0.9137890426564792,-0.040142454806705564
FLOT2,-1.4105305034856257,-1.6524950028180434,-0.902753670686332
FLRT3,-1.0222543311377115,-1.69487491460082,-1.206562381276005
FLT3LG,0.504292224808591,-0.648599602914893,-0.1339836362577042
FLVCR1,0.19383861398320315,0.07932700790148733,0.8184350067698158
FLVCR1-DT,,0.24409634837143712,0.9888019047395856
FLYWCH1,-1.437182816657541,-1.2024232190728252,-0.8959778710843646
FLYWCH2,-0.45724277674386093,-0.02539679416451741,-0.31408351877135954
FMC1,0.371159061484937,0.03242363462941175,0.08488706842491002
FMN1,1.5418699867494194,1.6696687915972261,1.5332044178722157
FMN2,,,1.3358462911239526
FMNL1,,-0.03566731080813735,-0.4312786329182968
FMNL1-AS1,,-0.19171346016471877,
FMNL2,-0.35271849194333293,-1.848564211217563,-0.418082292242298
FMO2,-0.07479645158541898,-1.8626680677714407,-1.5774050892837315
FMO3,0.2923088036911806,-0.39412271134674043,-0.6006009083279967
FMO4,-0.39768963288802645,-0.3972389486762767,0.4356249859233596
FMO5,2.2444295468711655,1.8416479925342384,1.070096071267166
FMOD,,-0.10501073042460701,
FMR1,0.8006490184137579,0.6584103839502017,0.5553972538482628
FN1,,-0.0648814008338191,-0.054666587320548604
FN3K,1.2306179765611365,0.922298220269122,0.22863562298470852
FN3KRP,-0.8292161897844896,-0.6426101735656079,-1.2375716687798093
FNBP1,1.2026219597605932,0.45004224109755564,0.7211197529288225
FNBP1L,2.190616459723102,1.6567427788803033,0.6577893765773926
FNBP4,0.2702674245245925,0.19263074115624232,-0.2921861277967593
FNDC10,,-0.2587812898032255,
FNDC11,,,2.371020944018947
FNDC3A,1.8734854648227661,1.7340218192622565,0.7194102975083401
FNDC3B,1.2907667637795637,1.4067360351619693,0.16790674386432203
FNDC4,,0.5398379269436557,
FNIP1,-0.7209776125546989,-0.17614368660567048,-0.34871929110789734
FNIP2,1.8047933333094452,0.471471299568009,-0.09188559614119553
FNTA,-0.865488390072913,-1.144696008153831,-0.8786610431262434
FNTB,-0.2650164564089124,-0.06596431440498113,-0.48654829487835066
FOCAD,0.21052649448250674,1.0846940317035734,1.830348554415751
FOLH1,0.7341804466777951,1.6941180608987623,-0.04278248665036176
FOLR1,2.4534858648487696,1.4840066507495022,0.46986062117275884
FOS,0.1222384809210914,-0.37415174719083677,-0.2460773331194772
FOSB,0.057948539980118695,0.18071843205352447,-0.2172395711672866
FOSL1,-0.5203093847525265,-0.3468597959681991,-0.6475314702613588
FOSL2,-0.3654908148096578,0.2355700117845318,-0.3917003719827292
FOXA1,0.3224878485235738,1.0066029988970324,0.6435864239610078
FOXA2,,,0.9352309872311264
FOXA3,,2.980905339895017,
FOXC1,0.28534614654663903,-0.02611743217330256,0.4948364475992914
FOXD1,,0.053334800275827585,
FOXE1,-2.2895280362047865,-1.7397192917392752,-2.335008157579621
FOXJ1,,0.5031096300779907,1.7703510960675042
FOXJ2,0.47960083286537536,-0.30714934147356104,-1.127286977337088
FOXJ3,0.9161706437740084,1.0204492476394298,0.035428796027312706
FOXK1,-1.576022271378306,-1.9786830472395571,-1.2639338851671993
FOXK2,-0.36746103798346547,-0.7341556853540244,-0.14045023497171552
FOXM1,,-0.8972353753456415,-0.8856116733838254
FOXN1,,-1.589527409747494,
FOXN2,-0.588527580561528,-0.509456140991419,-0.08658901730491977
FOXN3,0.8981007620627578,0.10555403242556118,-1.3961881398069962
FOXN3-AS1,,0.7658897304583813,0.5518833709386914
FOXO1,-0.7761396858845171,-0.6773187059583817,0.0015072935801444455
FOXO3,0.5786981949299497,0.7303880197881697,0.6643532898855457
FOXO4,,1.3685330649000724,0.6069311985652309
FOXO6,,-0.7937169112596173,
FOXP1,-0.5011566085953603,0.40485103874947864,0.47913857601290877
FOXP2,-1.0514241056801303,-0.8033784974844828,0.32498897387545683
FOXP4,1.536599707444561,1.2132550252887049,-0.4393569893478804
FOXQ1,,0.21930580429342658,
FOXRED1,-0.1522271144834817,-0.4164116842161539,-0.2837414347552639
FOXRED2,,-0.3230478517971596,-1.2994885864666519
FPGS,-0.5377912464422827,-0.2858830873017833,-0.7810782654576497
FPGT,-0.06579317545297035,0.2279848776721703,0.45100719186650523
FRA10AC1,-0.8063734326364992,-0.7329771724901881,-0.052968425047575894
FRAS1,0.02084210221833912,-0.5985031778933594,-0.9478515143370098
FRAT1,,1.0000486462099818,0.5909259256607036
FRAT2,-0.17626891408707193,-0.16006920964561583,-0.5642121772671134
FREM2,1.7000928664480845,1.1902665125848464,-0.29159629351937477
FRG1,-0.8830368668493688,-0.37202785785182607,-0.6789907606400267
FRK,1.3836435839109777,1.4219147073444292,0.6224072977833562
FRMD4A,1.3095334999838415,-1.0762994353412583,-1.306976521391464
FRMD4B,-1.487489317955852,-1.2741357281365762,-1.1665665757286219
FRMD6,-2.5419261805196456,-2.078654829754771,-2.108045435130948
FRMD8,-1.2035716883660168,-1.081133173146528,-1.09206491342183
FRMPD2,,,2.04009414182488
FRRS1,,0.2866336154454781,
FRS2,0.6905499410052113,0.01620968703530668,-0.06636958570933527
FRS3,,0.34800762249272,0.5001672648440924
FRY,2.3506354087823533,1.769951844617201,1.5986798285673731
FRYL,0.40943120545603595,0.6914314608552106,-0.09964599621048192
FSCN1,-1.0667565939125494,-0.7860897378906708,-0.9387379503372079
FSD1L,,,2.393538921925579
FSIP1,,,2.299134657308418
FSIP2,,0.06018963808717399,0.3156674164701587
FST,-2.0131639753314725,-1.8167015445772692,-1.8135083131167464
FSTL1,0.014623478959375592,0.10428637594277843,1.0228600454442713
FSTL3,-0.36253813528225964,-0.7031443438404026,-1.06476705094178
FTCDNL1,,-0.20457044901742277,0.5724051841873976
FTH1,0.8950029993923013,0.9601619709642571,0.4914320991000642
FTL,0.12734430981448788,0.8295180568924123,-0.09491336083813245
FTO,0.6219940248713814,-0.5033140388804446,1.0434220700852601
FTSJ1,0.9246122053301068,0.4205398763848317,-0.8019538140158292
FTSJ3,-1.2325845013576202,-1.039427152261711,-0.5496906522375948
FTX,0.2882255492173208,-0.5796513840754631,-0.47597104123503897
FUBP1,-0.35541546509448957,-0.5991495786393352,0.22225799592891096
FUBP3,-0.42148115864037194,-0.2515249842259803,-0.5855499485554548
FUCA1,-0.1872725484834999,0.9879469753525663,-0.2853109911216588
FUCA2,1.8856085362934603,1.8083238347539532,0.4063903584912859
FUNDC1,-0.13710114201932944,-0.231128316650098,-0.746771597079352
FUNDC2,0.07179472188023048,-0.40270168186207095,0.15530804619179198
FUOM,0.9901626492011786,0.8883818352154901,-1.4315067736411242
FURIN,1.02070231289432,0.534220949616658,-1.4027092836649873
FUS,-0.8482024766824015,-0.7158849935089029,-1.0039683558178134
FUT1,-1.6095901135824169,-1.466891702613411,-1.9804334835224364
FUT10,0.16061936527071863,0.0010805986905272208,-0.8914834362695809
FUT11,0.0872726989947544,-0.6132172198340867,-0.5134496808177886
FUT2,1.1578007981017604,1.888815829166226,-0.15244821223966432
FUT3,1.0977782476899172,1.8898889613857834,0.14025995836308533
FUT4,,0.5830635008309544,
FUT6,1.467595776108535,2.626692203628011,0.006971286634130904
FUT8,1.1404204858615674,1.6482768361295295,0.3805356948860738
FUT8-AS1,,1.6242365450548173,1.3931983068992757
FUZ,-0.5643278870643608,-0.4967833192364764,1.8539925314069072
FXN,-0.7064207761602067,-1.2454629334408303,-0.8720281430319186
FXR1,-0.9789457235786205,-1.2984373584992444,0.21319022427597387
FXR2,0.6116880899232983,0.5626905228917853,0.13531452800000518
FXYD1,,-0.9206460817586126,1.1868986784066609
FXYD3,-0.4672364326567327,1.331791896027801,-0.04730895957422334
FXYD5,-1.6504465804378308,-1.8586005689754996,-1.444754844100768
FXYD6,,-1.1167098431853864,-0.8226561680988289
FYB1,-0.7347836095297521,-0.6492665296566398,-0.7223420836859366
FYB2,1.725041567860966,1.12854707064479,1.2335296218703786
FYCO1,2.273976719329199,2.024040902646031,1.2539458292351913
FYN,,0.2005261364931539,0.8147534180992507
FYTTD1,0.8967229163253471,0.4422832693081436,-0.37325359394093327
FZD1,-0.16015283768231434,-0.2688511118831905,-0.4549738084611016
FZD3,1.4124011476994693,1.2155139293441573,1.1808234147723646
FZD4,,0.7270997979300701,0.5648750586866113
FZD4-DT,,,1.1463420799311117
FZD5,-0.24693186452769283,-0.00036019950119766335,-1.4128598606583442
FZD6,-2.227599833907198,-1.9648431892463782,0.17345085601610685
FZD7,,-0.936723695765669,-1.025406596328757
FZD8,0.5208367816936565,0.5841311790884671,0.3383263644476667
FZR1,-0.041808504821176457,-0.2608303895317685,0.13094248507161785
G0S2,-2.233139695851622,-2.207161572377973,-0.9531795656246549
G2E3,-0.6114104557354674,-1.0625801124307945,0.2381226999383151
G3BP1,-1.2849616206254482,-1.3450235874493988,-0.7101667751737651
G3BP2,0.777385173561189,0.9687644274039408,0.6695307919226786
G6PC3,0.7049438181871949,0.5257235084510513,0.29494003595489904
G6PD,-0.7117506440785267,-0.07174119128392147,-0.7096819576605456
GAA,-0.9894109815534227,-1.0030225557738983,-1.3235322204836564
GAB1,0.8279178207826916,-0.05676188578390121,-0.5285557694058858
GAB2,,,1.191100966026132
GABARAP,0.7487311037859942,0.5815698667404375,0.3927177469142933
GABARAPL1,0.4674932905728874,0.6049785112177042,-1.0187359883327485
GABARAPL2,1.0064610380645875,0.8106116333720165,0.634112790812857
GABBR1,0.32394363544626453,-0.4117024195036146,-1.2096894600378476
GABPA,0.3840186424722085,0.267544247353365,-0.04523421142406592
GABPB1,0.7637502702344099,-0.7287429239259189,-0.17804311462476255
GABPB1-AS1,-1.0003654780882816,-1.4637300888911784,0.48994448805008134
GABPB2,-0.3234582970050012,0.032243440714524264,0.510871884279892
GABRA1,,0.23464427821001205,
GABRB2,,0.33388257291939316,
GABRB3,,0.7036056335201255,1.0311607912914766
GABRE,0.6097456388210318,-0.24650915795929582,-1.4720394585109737
GABRP,0.015775026027383524,0.8430592874809564,-0.9582365796103485
GAD1,,-0.28213285178509245,0.029584940538337916
GADD45A,-1.3068242914318642,-1.194666713435319,-0.7405609189708823
GADD45B,0.5492696750773282,-0.28307003667134445,0.006029208565715626
GADD45G,0.0976798767252368,0.03530688443560726,0.4420561329273101
GADD45GIP1,-0.44322609638798877,-0.11135122545394886,0.4545559336884802
GAK,1.4186726041103315,1.6050054762519421,0.7472696947472812
GAL3ST4,,-1.720414673938941,
GALC,0.44246407371463947,0.15532802303140975,1.6523332896904792
GALE,1.6540533453773187,2.444294357153807,-1.079495706009452
GALK1,0.8169374566442038,1.0057066794149927,-1.1918672811308064
GALK2,0.9270867629922197,0.9635943961868366,1.705539744371548
GALM,0.1294340076575909,0.4622328398746557,0.8518137050333497
GALNS,-1.053026399402626,-1.1994598487872628,1.7015196028860633
GALNT1,0.34122363466346656,1.1422719490632702,0.12125675352719582
GALNT10,-0.14733661934217607,0.5117130570665129,-0.9075783780186136
GALNT11,1.2719266747979874,0.8958894179750015,1.0597984109432093
GALNT12,1.505124212390855,2.043993795646209,0.29257940711706376
GALNT14,-1.2271879637626608,-1.0889201318048412,-1.7776215910711506
GALNT18,-1.7139325640326601,-1.4414883736255768,-0.5246599504117564
GALNT2,-0.020611769947404428,0.8161272495453976,-0.45434702606830474
GALNT3,1.6585922780153906,2.3784084137122665,1.008344230179961
GALNT5,-1.443028644070656,1.4558894123455957,-1.6718290956386994
GALNT6,1.6558648260626199,2.6324067374797844,-0.10097152960031841
GALNT7,1.7931782987251599,2.3814665478022476,-0.2509353399589058
GALT,-0.29735956934059066,-0.3573988768975301,-0.6856490294230893
GAMT,-1.3062835994781279,-1.9748709110660507,-1.5657451219514895
GAN,0.16318589480199153,0.8677268198297048,-0.29612096617744554
GANAB,0.10763439238310202,0.31925523004938544,-0.2024088457055615
GANC,0.1945426119183467,-0.20162880279652426,0.014131342275039817
GAPDH,-1.5594953193412622,-1.4878090263921968,-1.9817742746884592
GAPVD1,0.8250015801087031,0.44586099666564233,1.251056099226461
GAR1,-0.1417517867661925,-0.3154671949258491,0.37345560569827363
GAR1-DT,,,1.2774507001723494
GAREM1,1.7818002601925196,1.6371695059594096,0.0073481195470680594
GAREM2,,-0.37917858606534455,
GARIN1A,,0.5423398283060586,
GARIN4,,1.07309086511267,
GARIN5A,,0.34781628626957045,0.673307545089233
GARNL3,,-0.4296078031367579,
GARRE1,0.06579317545297021,-0.3447566324207278,-0.4597851057475852
GARS1,0.10068831564179068,1.1544602187325943,-0.4374902259727852
GART,-1.0902372791810775,-1.2357430158526583,-1.1463420799311117
GAS1,,-1.581929101499451,-1.5393364128865787
GAS2L1,-1.5946314672660034,-0.653274176497907,-0.20644903876150847
GAS2L2,,,2.2835281198473156
GAS2L3,,-0.1458560056206704,
GAS6,-1.1404204858615674,-2.241347220430693,-0.577072383494499
GAS6-AS1,,0.5033140388804446,0.9366908218026854
GAS7,,,2.261113090684079
GAS8,0.9539655980148182,0.9339344786547857,2.173197125241921
GASAL1,,-0.3549042800697491,
GASK1B,,,0.08583256490837478
GATA6,0.17206047429904583,-0.4630346086123867,-0.25443676888044636
GATAD1,0.18399255864811903,0.3704842649910426,0.20471711864066164
GATAD2A,0.7490359237675056,0.5259303096243453,0.10116090594217754
GATAD2B,0.1338474601295647,-0.6051947916308755,-0.1910752645966274
GATB,-1.2409959156780588,-1.0902243891179204,-0.6085175686959889
GATC,-0.1722941958928775,-0.7165832725610108,-0.6410390778971262
GATD1,0.08449909376737734,0.003241801118832019,0.3509225918805896
GATD1-DT,0.5567829995927935,-0.6676096227532969,0.6269874397700808
GATD3,,0.17632660502554767,-0.20741148391986014
GATM,0.9719049418303075,0.7996536720345331,-0.9198774560257311
GBA1,0.5915423368213967,0.6232464601352901,0.26339916456747675
GBA2,1.1605058752484811,1.3441341366811996,0.3343388564855984
GBE1,-1.4622089172803951,-0.9733818462526321,0.08677813812927306
GBF1,0.8564810669173286,0.9638809441676601,0.6461379531047877
GBGT1,,-1.047186324396157,
GBP1,-0.8813377340648141,-0.4081764588410005,0.5040142646696564
GBP2,-0.2046440296482352,0.6034653396198804,-0.5296393640153109
GBP3,1.470984308180597,1.8545635894314236,0.9291213180819139
GBP4,0.13477693744091146,0.04810517936396081,0.838082509051554
GBP5,,,1.2453077689666767
GBP6,-1.9193663370561773,-1.4115968921163602,0.3716380473088102
GCA,0.7984299338580639,0.9118767598900888,0.4156161322464446
GCAT,0.2959157248606424,0.96159077132848,-0.33693012791129706
GCC1,0.4662093089757424,-0.08673661226800129,-0.635956814587199
GCC2,1.2474879127847045,1.5998034647174735,1.3530574362041727
GCDH,0.2032332988360823,-0.24094327632504928,-1.3074192744730244
GCFC2,-0.20581994973170928,-0.26623783960148517,0.079026650726606
GCH1,0.7302663755011798,0.25059565372656506,-0.9144259245242208
GCHFR,0.9112764200431884,0.0724634653078253,-0.6405763711277301
GCLC,-1.5173886786339286,-0.915157007266057,0.3573419364856512
GCLM,-0.030056430187819994,0.14530995026843532,0.9265134815261314
GCN1,0.8816773569683922,0.6593054093430409,0.4178766819694451
GCNT1,-1.2596132555059585,-0.7567452966295534,-0.5573768280086036
GCNT2,1.5239751105038852,0.5275855299776872,0.45330278511366606
GCNT3,1.2045225038170573,1.9029396037619626,-0.7033944216609539
GCNT4,,,1.1380221227768037
GCSH,-0.10184564874238457,-0.6617694580991477,-1.3353865954440245
GDA,0.41469564330092645,-0.09559827896144715,0.34771835075198354
GDAP1,-0.7662187318500536,-1.3017920032439039,0.19145904396230876
GDAP2,1.5502394238437813,1.3287378486134356,0.9711386200291032
GDE1,0.7739629741737228,0.20457044901742258,-0.12220581756221484
GDF11,-0.9830442344765269,-1.3243963040842988,-1.5806823258291243
GDF15,0.7381057979304039,0.615174583591918,0.5582573398736858
GDI1,-0.44068701858093356,-0.5688198926910841,0.9983703212373696
GDI2,-1.0176056291683109,-0.6034653396198804,-1.328980268134404
GDNF,,-1.3436898097890868,
GDNF-AS1,,-0.7144894813764349,
GDPD1,,0.8318067483202096,0.8429106576811103
GDPD3,,1.515616611534883,
GDPD5,,1.2087556938637287,
GDPGP1,,0.8577972026960325,0.8050762041274215
GEM,0.07040952796148289,-0.706145409105938,-0.7965083561665225
GEMIN2,-0.7218737985240543,-1.0283626335248195,-0.04712033782491835
GEMIN4,-0.863480711492599,-1.0207524267879602,-1.1714171338150985
GEMIN5,-0.46954926644438316,-0.8798625863839874,-0.472386930450233
GEMIN6,-0.5557077512066878,-0.5452630114469561,1.0285991666009475
GEMIN7,1.1066557096841354,1.0964451029512328,-0.9747681371280553
GEMIN7-AS1,,,1.6200035733091436
GEMIN8,-0.3409795577806514,0.034225632649633124,0.37305159741445726
GEN1,-0.9536026860757254,-1.1858892374887922,-1.0509201836597901
GET1,-0.1510623849834566,-0.14403598930448472,2.1239528911880208
GET3,-0.502201265083088,-0.13367081711203826,-0.0979419958920482
GFER,1.0355472482974328,1.282288837773105,0.9227576912684682
GFM1,-0.6829702657143555,-0.15696880250379333,-0.7696267255984443
GFM2,-0.13105971859248675,0.9762783010729595,1.42627723074334
GFOD1,0.6999336134140447,0.3497302229026107,-0.510871884279892
GFOD2,0.44958635648665857,0.11098879325579691,1.4793158335819365
GFOD3P,,-0.5637457973244346,-0.11328884155103448
GFPT1,2.7544186264091675,3.382423050835305,1.7319457437952992
GFUS,1.070833340126714,1.9140682288297033,-0.9061571571162236
GGA1,0.24384668294180753,0.3550960935443587,0.812654603930308
GGA2,-0.6309608148976926,-1.0980891995558675,0.561783728758795
GGA3,0.8124446786436009,0.7944574740151504,0.11954871287262064
GGACT,,0.45542972425544825,-0.9750711766520354
GGCT,-0.18352415104046482,1.126166994237229,-0.6997796219703133
GGCX,0.34024744893053993,0.3762773256374368,-1.2543595033582107
GGH,-0.48451529630140944,-0.8841141899214892,-1.3516469785098093
GGNBP2,-0.46929216106871885,-0.9253336981206552,-0.4593663109015303
GGPS1,0.21570908979742795,1.1163739330269677,-0.3629709588744951
GGT1,,1.0018319287066444,
GGT5,1.8142638430853224,,0.31329186555399263
GGT6,1.1329512486222024,1.2334275397576282,-0.18091517796981746
GGT7,1.3025094023189208,0.3871250937289463,-0.5739595272901661
GHDC,0.20558474299752322,0.2720268431326025,-0.8279533258341931
GHITM,-0.9935521001608368,0.04125454111456949,-0.5808598162073894
GHR,,-2.094537800263993,
GHRL,,0.21045908295257335,
GID4,-0.07179472188023062,-0.3618178599034038,-0.4125369809155938
GID8,-0.6800654457509918,-0.6850410692486097,-0.23153760584943825
GIGYF1,-0.01485378677278848,-0.019271865774850013,0.007536536391488642
GIGYF2,0.009556881663180073,-0.05585995818283058,-0.34952029497094467
GIHCG,-1.371746401943913,-1.1537591243019305,2.352633236576853
GIMAP2,,0.8985829601152521,0.804815705376481
GIN1,-0.3718992740441243,-0.16590947139293216,0.1709649152232667
GINM1,0.19055455430319046,-0.11153244703523699,-1.4077664411856987
GINS1,,-0.7026832037329717,
GINS2,-1.7159366740248094,-1.6603055682555476,-1.7915126632341152
GINS3,,-1.4621547538067914,-1.3658745170537305
GINS4,,-1.1661112261355768,-1.088650864494722
GIPC1,1.0482275895995297,1.4268816011358012,-0.1301823875598811
GIPC2,,0.7376973608927423,1.65901063135695
GIPR,,0.7042978489150213,1.8635334424492327
GIT1,-1.2812898703457667,-1.1197387229060136,-0.04315965797012267
GIT2,0.5729901621487605,-0.1964851012231247,-0.7759761319266556
GJA1,-1.4404244204622785,-1.7734125684972488,-1.1914840361177559
GJA4,,,1.0405039436106605
GJB1,,2.2282209407325517,
GJB2,-1.8154591629748673,-1.5077125680101255,-2.074491643119707
GJB3,-1.9150258634402717,-1.563934199481289,-2.6471281112201845
GJB4,-1.2791994602082475,-0.6588578306726762,-1.0611208204302511
GJB5,-2.2739767193291978,-1.6918533033367984,-1.8954889004812565
GJB6,,-0.6386300026479703,
GJB7,,,1.7605044770656355
GJC2,,-0.565646875570023,
GK,1.2652330970473598,1.276979664747532,0.7790349789023743
GK5,1.6095901135824169,1.7267782223064674,0.6954538936678922
GKAP1,0.8172590001566054,-0.2381631428433159,0.23115056265535353
GKN2,,,0.5372420611674825
GLA,-1.1386573012613619,-0.6633395827626891,0.31982892996326734
GLB1,0.055872635397067855,0.7024526897079275,-0.3329444869115124
GLB1L,,-0.3937334512698753,2.4857343701253947
GLB1L2,,-0.4516371640216404,1.673355329469252
GLB1L3,,-1.007500127802971,
GLCCI1,1.19318372368106,0.9504976201616984,1.0811842707956025
GLCE,0.8432631189369019,1.7094432525550651,0.07411356196453399
GLDN,,0.1538699034981137,
GLE1,-0.023145487761618837,-0.4120945082483952,0.6976151261025438
GLG1,0.22963692818244197,1.0332645810135515,-0.01921916898904438
GLI2,,1.432888727172751,
GLI3,-1.8910867132156004,-1.9394212532542343,-1.4653912944286638
GLI4,-0.3183668163678058,-0.4367291272666298,-0.44746412077748365
GLIDR,,0.5530111373080658,
GLIPR1,-0.1851637545370735,-0.3092267909839878,-0.42240420928965416
GLIPR1L2,,-0.37492448872785217,1.05255804163003
GLIPR2,1.8500337756176968,1.497686634359502,1.1448894351863381
GLIS2,-1.111340805977428,-1.698673823825226,-1.7438881639960504
GLIS3,1.3508078118022604,0.3695199677632236,1.1152754291287106
GLIS3-AS1,,0.8656292853923235,
GLMN,-0.9905386928949345,-1.370833756120767,-1.4113279885177081
GLMP,1.328216579856099,1.579416514757623,-0.2788410539392174
GLO1,0.9837911936270878,1.1146962683871204,0.2998633131967384
GLOD4,-0.4500959604291202,-0.46463904011918006,-0.15549874670038613
GLRB,,0.3562472490818861,1.065099228741153
GLRX,1.1212165842196176,1.7487882230060299,-0.506368882653103
GLRX2,-0.4956810905579279,0.2089862481319944,-1.0447218712285258
GLRX3,-1.8551575939277276,-1.0606816485409845,-0.954961605335913
GLRX5,0.1706583416327346,0.3795656615155595,-0.6813652444438794
GLS,-0.24266069399054152,-0.4091553815677586,-0.36317220719258864
GLS2,-1.9078709266820981,-2.117701967481153,-1.8164428611453247
GLT8D1,-1.1885042191627757,-0.35222025838551435,1.214402379989019
GLTP,-1.5602726976699757,-1.6784436315803357,-3.174044332647974
GLUD1,-0.17112568177413626,-0.3537536731078789,-1.8776215722947995
GLUL,-1.3254399798805976,-1.4845485341319509,-1.2514682781760562
GLYATL2,,2.0116273638306135,
GLYCTK,,0.7502862212103895,-0.19069151337170995
GLYR1,0.887466592646638,0.8392112617353082,1.3096368942131802
GM2A,-1.4778125074152006,-1.0122985762263703,-0.7851746563292178
GMCL1,0.3375646060073914,0.2761406943616943,0.599698548555502
GMDS,1.3428228200127106,2.129723780656536,0.3676034100782041
GMDS-DT,1.5510056851453962,1.4379344592657486,1.1995692507313616
GMEB1,-0.2199537024601106,-0.43296791377738447,-0.174789882659275
GMEB2,0.3746151345441977,0.40113968145680184,0.13930865134681245
GMFB,-0.7554533170575165,-0.9553186422309741,-0.9399095062348577
GMFG,,0.7278037541646183,0.41705441740546223
GMIP,,0.7986622582909197,
GMNN,0.5852448436600339,-0.9056168833679837,-1.0697621172858431
GMPPA,1.859032667921095,2.1990049741358133,-0.08205103082592662
GMPPB,1.8748189232327843,1.8952875388489596,1.1781791436473852
GMPR,,1.707118811819934,1.2359524265574144
GMPR2,-1.3052033597337154,-1.3689926236087095,-0.13246290752750883
GMPS,-1.4482666542896745,-1.5512127947305907,-2.7638392381396564
GNA11,1.3332404258739898,1.1818966009676197,1.3488341016666974
GNA12,0.4026792530023796,0.7971766077066481,0.2622289712885763
GNA13,0.18938217556313705,0.27501827431454867,-0.37608314935569276
GNA14,1.7784314140379336,1.93471841054111,1.797167200046404
GNA15,0.27433009344164616,0.44864762216085063,-0.5873400535785148
GNAI1,-0.7299657567500846,-0.5965654736745438,-0.6756728987284719
GNAI2,-0.7135317618253327,-0.40758929296259194,0.08810207119122099
GNAI3,-0.9793176356803818,-0.4450654544052564,-1.0968660769535257
GNAL,-1.175538076320351,-0.44625887360682853,-0.015827237364829216
GNAQ,1.603730174930568,1.9288993872063884,0.6178401754322111
GNAS,1.3371712527323174,1.4679488390940358,0.5070115381824009
GNAZ,,,0.8186984017670041
GNB1,0.6105778357423588,1.2315030156324331,0.3138855870318112
GNB1L,-1.1824594989560988,-1.4028711457595704,-1.6975267739614688
GNB2,0.11899098388137933,0.9389603272958071,0.4931335589473535
GNB4,,0.14913325706102112,1.1755430849866273
GNB5,-0.5221559085202621,-1.4553698744975792,-0.41643790400835357
GNE,1.2955489863924519,2.0282489435209343,0.2671071655914321
GNG10,0.560820934202214,0.3126291392514644,-0.08337443152494427
GNG11,-0.8054175317966709,-1.0219660827845967,-0.7645694584667126
GNG12,-0.6091910754167152,-0.09831250337641255,0.7844055808373677
GNG12-AS1,,0.3457124262517322,
GNG5,1.2854875722508712,1.2068881757719951,0.255020642601872
GNG7,0.8208015741833049,-0.16883171328355615,-0.4000549350840436
GNL1,-1.0864899439461286,-1.6351092225134598,-1.2223177419190483
GNL2,-0.8376899325218954,-0.02143351082073371,-0.7123505236834798
GNL3,0.09629166622582537,0.9488013494883109,-1.7887067425045362
GNL3L,0.011859842204239721,0.034766253461942745,-0.3669987318813361
GNLY,,0.986188114760423,0.4656567503128655
GNMT,,1.032343576198355,0.9723470357953129
GNPAT,-0.09397839303018148,-0.13930616354182915,0.7552646603207316
GNPDA1,-2.6723010643741394,-2.485611883772598,-2.897769391809881
GNPDA2,-1.1238109207122013,-0.3096046522382766,-0.7336386937921195
GNPNAT1,0.9875342535962982,1.5241916548212655,-0.7752125543995572
GNPTAB,1.752180560057783,0.5232436439719017,-1.224707338627331
GNPTG,1.0574467106537973,0.38382726187534605,-0.019596063216594094
GNRH1,,0.060550494562564505,
GNS,1.8399294588258472,1.5972186126853656,1.558088514469194
GOLGA1,0.13942608744517646,0.6660350376938471,0.3571411102922011
GOLGA2,1.4826335583842707,1.8856094173398978,0.4980332405056332
GOLGA3,1.79203001599362,1.9799601734261705,0.3653869118123598
GOLGA4,0.5589354307307134,1.429878714412213,-0.6861257817009799
GOLGA5,1.4030968342061085,2.3350073305247463,-0.12448402207581144
GOLGA6L10,,0.28926173894363644,0.6198937801443951
GOLGA6L4,,0.5722107693303968,0.35352869187303915
GOLGA6L9,0.07595114100933867,0.5164405164934995,0.8572424910067723
GOLGA7,0.6800654457509918,0.21009083156971553,-1.1699217220864806
GOLGA8A,-0.24289786442345665,-0.7073013590610524,-0.9851222184129782
GOLGA8B,-0.2939915574768666,-0.5811433524873452,0.28158443466379424
GOLGA8N,,1.1764822709058147,0.7162411575670551
GOLGB1,0.5479312788595054,1.2576814890492911,0.38276479439354294
GOLIM4,-1.2998248647178312,-1.1023778051456912,-1.5813398141789659
GOLM1,2.137937464950853,2.3518392726807553,1.0466748890886421
GOLM2,1.576820072969665,2.133215808774226,1.3592007536098154
GOLPH3,2.280131202484949,2.0632795529262986,0.962120303729246
GOLPH3-DT,0.9046689598700925,0.9077901965130367,1.148161294544927
GOLPH3L,1.7169413189501905,1.8866760670962055,1.6020701033397018
GOLT1A,-0.20229303645509963,-0.8073639702191608,-1.3735769375665798
GOLT1B,0.9916676653463053,1.8475707575157376,-0.8447935841216483
GON4L,0.366475748574273,0.0075642614963476636,0.25443676888044636
GON7,-0.3483107807030857,0.19850521365981164,2.195722020224401
GOPC,-0.8558166228345712,-0.704528662377889,-0.4139734296974965
GORAB,0.567300737632297,0.7292127499074074,-1.0099117291579844
GORASP1,0.5997919120472786,1.0397363175159176,0.9624196529415984
GORASP2,1.0827578039768193,1.5482206097449858,-1.3154330573376665
GOSR1,0.34171184943579463,-0.13385253527653623,0.4287986609205206
GOSR2,0.6931829232743566,1.5340475212244935,-0.3022290631031966
GOT1,-2.100949681690017,-1.788362835981201,-1.3423118932683682
GOT2,-1.148399067399029,-0.7336841579335134,-0.9104263341345245
GPAA1,0.3645062354781788,0.360280025240992,-0.43458939637771593
GPALPP1,0.7686918711241749,-0.3018672412859051,-0.35473231649239667
GPAM,,0.2585950620073665,0.41499998759214685
GPANK1,-0.5118905578308405,-0.581783163542172,0.2478255406492576
GPAT2,,1.0165164204972863,
GPAT3,-0.42752905323599316,0.04846579900464458,0.47344044884905284
GPAT4,1.2839107823880087,1.6168715024396216,0.3061757489702616
GPATCH1,-0.6899654840348411,-0.44427019372157767,0.12087715854017629
GPATCH11,-0.416955345451264,0.005583121153168899,-0.09264245726484115
GPATCH2,-0.021993780403740393,0.4652410102092268,0.6101054716847261
GPATCH2L,-0.6653389611598413,-1.1855254893072296,-0.6249247538174298
GPATCH3,-0.1440782530591283,0.16371872072850224,-0.704118484325988
GPATCH4,-1.5079895999681356,-1.1471268122801241,-1.264771928970323
GPATCH8,-1.2515092615563788,-1.3196492593880247,-1.2424489732585398
GPBP1,-0.23436822149129244,-0.1681010186118525,0.1556894528641218
GPBP1L1,0.37165251390272686,0.22890918332940233,-0.23599111196118397
GPC1,-2.1379374649508525,-2.1245339425839824,-3.0544200733669897
GPC3,-1.7079611781470896,-1.3566845977210997,-0.44475850090543684
GPC4,-0.4199715993781703,-0.6375261953987218,0.8082064629881032
GPC5-AS1,,,0.9525862246945107
GPCPD1,1.141303409113902,1.1739673476423111,0.07127990884866525
GPD1L,1.651346259006522,1.3980693106169413,0.20798904319150038
GPD2,0.321517703656665,0.521179546102416,-0.8646116896671768
GPHN,0.07294915527341947,-0.7716982869403767,-1.4676001460835009
GPI,-0.4353641655696393,-0.6392926605929166,-1.0301993898247237
GPKOW,-0.45749845045323057,-0.28607070422462827,0.22805545817652978
GPM6A,,0.8806585492022131,
GPM6B,-0.28990630346619933,-1.1037014618387377,0.4049583616611243
GPN1,-1.1519686750124458,-0.9048029930149333,-0.6176121580462706
GPN2,-0.2286912894483069,-0.39587512194393465,-1.094119466808656
GPN3,-0.6621815981202012,-0.6889175958355701,-0.6178401754322113
GPNMB,-0.9246122053301068,-0.9684765243920522,-0.7952152984281635
GPR107,1.9296371334681888,1.9062534536503601,1.2283049018301613
GPR108,-0.0646393102123716,0.5018836182176692,-0.6617712106138195
GPR135,,,1.8842514722395785
GPR137,-0.8564810669173286,-0.6682849517226949,0.4816760681483367
GPR137B,-0.3232156563604123,0.17925410655851948,-0.26984172594321737
GPR143,,0.15368766162023043,
GPR146,,-0.1387606169087945,
GPR153,,0.8397236131870986,
GPR155,-1.5897236687628329,-1.5173227076929012,-1.4149075285440011
GPR155-DT,,,1.0754556552633046
GPR157,0.17837430060860127,0.5088410690141937,-0.626070361627208
GPR160,3.1462736911208387,2.650085798660412,1.2339329197688593
GPR161,-1.0598665210621285,-1.8271172760531473,-1.59935641385841
GPR162,,0.6214977635372411,1.7896404844402012
GPR180,0.34610946544083443,1.3612190985063628,0.8547964199443454
GPR27,,-1.2729200470833117,
GPR37,,0.28513272015936425,
GPR39,,-0.4821657945968803,0.7862008133508482
GPR82,,-0.8774780351241606,-0.9036035608913033
GPR85,,-0.03638817750063917,
GPR87,-2.6890380752908096,-2.4100446661679817,-2.72325463616081
GPR89A,-0.6725395999112724,-0.050088666066718274,-1.0574886432073256
GPR89B,-0.7600562770895328,-0.46143136816546937,-0.5891320427013047
GPRASP1,,0.07444991494969312,0.23095705404625444
GPRASP2,,-0.5909801854789022,-0.494623508129227
GPRASP3,,0.007744366519261925,
GPRC5A,0.6439402995673559,0.4081764588410005,-0.6690593696635632
GPRC5B,-0.24360945776436685,-0.12531645239107592,-1.6680304546989144
GPRC5C,1.3565645435908538,1.258476248293157,-0.6804149906240514
GPRC5D-AS1,-0.3120744771869775,-0.634439656783041,-0.21704666485574378
GPRIN2,,0.13112722344273636,
GPS1,0.26883460920694235,0.8795973892974938,0.3055834434780608
GPS2,-0.5287652524305047,-0.19263074115624218,-0.8906427335813979
GPSM1,,0.27240063838425954,
GPSM2,-2.158768039264571,-2.089717368505256,-1.4599002210084255
GPSM3,-0.22420228169216,0.023054809780425876,-0.6334218377637245
GPT,,1.9562281709104354,
GPT2,0.4884034128875294,1.4435273832879734,-0.9753743057461506
GPX1,-0.8711958583356383,-0.47429097402742265,-0.5766273479562745
GPX2,-2.165924589648916,-1.4081908002048205,-0.7321599336354007
GPX3,1.3794573430349124,0.40954706041732775,0.4871846525954293
GPX4,-0.47392482737145764,-1.5088359550947152,0.5272562744476903
GPX7,-0.6141889241959363,-0.568184831972719,-0.5915991220220531
GPX8,1.2802439659734368,1.7690899673335783,0.3659912328771716
GRAMD1A,-0.05079919726008821,-1.331791896027801,-0.2725783056168675
GRAMD1B,,0.8716700238588351,
GRAMD1C,0.9320529899352559,0.4783256385889598,1.613044608717438
GRAMD2A,,-0.8830497928529661,1.4588072741414364
GRAMD2B,2.078465410475062,1.4419975641349847,0.29002389734260375
GRAMD4,0.35517017915881494,0.4898675611099012,-0.02845399461987494
GRB10,-0.10068831564179054,0.4315837489044675,-0.7267514453915932
GRB2,-0.40868007174231635,0.2838199635918704,-0.36236730207646906
GRB7,0.10601318891180372,-0.29696996708509116,-0.7133221694295472
GRHL1,2.0725118658006423,1.3653242159278074,-0.18417198944798754
GRHL2,-0.44805824429164187,-0.15168333644354634,0.3829675339782594
GRHL2-DT,0.6762977347704017,0.22576733695904536,1.3353865954440243
GRHL3,,-0.4951539554289855,
GRHPR,-0.3473322106171978,-0.35471247965203423,-1.536263194690399
GRIK2,,-0.5690316305739567,0.27433861266419857
GRIN3B,,,1.9331552338752982
GRINA,-0.22940049927979392,-0.5284136822320132,0.0439140190832512
GRIP1,,-0.9381210405276708,
GRIPAP1,0.3251573157436284,0.5849858013236912,0.5115160145566159
GRK2,0.7212762768410499,0.6739246069427584,0.36256850632672794
GRK3,0.011629543521140049,-0.2875720027828182,1.0366268359541821
GRK4,-0.6650516543932214,-0.7266306938919596,-0.7600345808684248
GRK6,-0.4651826769024043,-0.08257944462006582,-0.7800562150861666
GRM5,,,1.338149015405318
GRM7,,,1.2912050291106691
GRN,0.4982866166769531,1.0422132263007136,-1.3493021733635746
GRPEL1,-1.2474879127847052,-1.3001128519962664,-1.4709269111638037
GRPEL2,-0.20840797845568362,-0.4250694707019199,-0.28550723501759756
GRSF1,-0.572718817642905,-0.18035231447221126,-0.025626785872538718
GRTP1,-1.7415903211865593,-1.454331975677309,-1.3212737532354346
GRWD1,-1.283385894528689,-0.9964915880923071,-0.6466023192896865
GSAP,-0.24005271677456222,-0.5016793562801747,-1.3653958004621525
GSDMB,1.1194912106386257,1.0581562942795668,0.4207568386007034
GSDMC,-0.8121243936505308,-0.7191466251702474,-1.5368766777391625
GSDMD,0.7275631763731609,0.5195298654897835,0.4835812237570459
GSDME,-2.350635408782353,-2.8440315958925066,-2.9993060877722812
GSE1,0.9253186435968316,1.0360328691108798,1.1166801960143586
GSK3A,0.2954345805704027,0.09288475863896396,-0.20952954104948887
GSK3B,0.4649260955158692,-0.17029337349818577,0.09321013791255678
GSK3B-DT,,0.5433832890708093,0.8501899598051739
GSKIP,-0.07872281179599219,0.3434190497567107,0.15054235015843456
GSN,1.3945210668498915,1.7063460440407399,0.41171653525014923
GSPT1,0.5532907869722011,0.919271216889125,-0.44725588009111317
GSPT2,0.13756607141959012,0.05153132518812695,-0.25229663885655457
GSR,0.2249107697777861,0.669185864772365,0.10267604786896274
GSS,-0.09536629580641093,-0.27539237576449743,-1.1251554893039213
GSTA1,2.0437948598956472,1.4234010901328096,0.9802366190735494
GSTA2,1.9664896541224945,1.4632045736739627,1.1812018422622765
GSTA3,,,1.886479958132914
GSTA4,-1.7885992714440615,-2.114322712706086,-2.2491349963928458
GSTCD,-0.016926594014419944,-0.13785146420375904,-0.17785169620501354
GSTK1,-0.0625625685965281,-0.17193817639547176,-0.9422564969649847
GSTM2,-0.04687971539657056,-0.6793589144582796,0.4568552297761649
GSTM3,-1.3945210668498915,-1.427380230049983,-1.7227327716729368
GSTM4,-1.0226427206024364,-1.388561173445427,-1.4941082649127164
GSTM5,,-0.6541661891037311,
GSTO1,-2.0804663993759718,-2.0557712586471015,-1.231114036421196
GSTO2,-1.3259944823145364,-1.5381494777560842,-1.1265759125931887
GSTP1,0.0824193175204582,0.12931089105497026,0.34431775102863277
GSTT2B,,0.1701106461375788,-0.2902204075750445
GSTZ1,0.22940049927979392,0.8682518001361097,-0.836744821320852
GTDC1,1.0099062814595645,0.2763277981585972,-0.8864486248453587
GTF2A1,0.0468797153965707,0.24966653960503987,0.36780499933858146
GTF2A1-AS1,,1.1200758995763964,1.0244508612058525
GTF2A2,-0.45137048219578874,-0.34361009532516373,0.12676287287247592
GTF2B,-0.8488626213778541,-1.0027247657455003,-0.17517251916492074
GTF2E1,0.1510623849834566,0.630260421560361,0.49995376004090664
GTF2E2,-1.3896663251938508,-0.39645952880564905,0.15187639578544465
GTF2F1,-1.1908407118282835,-1.5161848199720873,0.05145907584609638
GTF2F2,-1.7989554793964069,-1.3544277713040744,-1.8405022928005643
GTF2H1,-0.9381144892120499,-1.2576814890492911,-0.8526264203499347
GTF2H2,-0.04388295360716683,-0.28344498020576536,0.01978451137088018
GTF2H2C,0.6363089028136258,-0.07029675512751822,0.4627189339271555
GTF2H3,-0.8950029993923013,-1.3468056883093538,-0.08885867356016224
GTF2H5,-0.09097188766754055,-0.05207234984905642,0.8263617444744485
GTF2I,-0.16925654439653265,-0.49800620795052736,0.5435650296633426
GTF2IRD1,-0.4054278153820249,-0.12186832060606528,0.3053860321455371
GTF2IRD2,-0.150363645738478,-0.36817052844018777,0.6491588313219319
GTF2IRD2B,0.3434212435942424,-0.18401458671252913,0.6535846523902145
GTF3A,-0.2669250463936372,0.3166031277626395,-0.4950494095091975
GTF3C1,0.43612381483829193,0.9541822890639052,1.0519025598208105
GTF3C2,0.40317876479161036,0.23649594728254325,0.40802794754886273
GTF3C2-AS2,,0.4941362704638895,0.44829727770676203
GTF3C3,-0.8227382349708938,-0.6939497030041616,0.8679019971263899
GTF3C4,0.5866118823024131,0.0892677916551735,0.6405763711277301
GTF3C5,-0.7588272496927482,-0.8083623429268414,-0.12258547395108063
GTF3C6,1.079452961771858,1.5077125680101262,-0.0966168591490812
GTPBP1,0.5767934307698952,0.5074066488404626,0.5593585887842535
GTPBP10,0.33244953586265835,-0.2811959146350521,0.1197384778540609
GTPBP2,0.6346180732051753,0.5963503115404842,-0.06372623577792524
GTPBP3,-1.0191527493917862,-1.1478225739028451,-1.231918432960017
GTPBP4,-0.9449301578997342,-1.0850184284734505,-0.6733075450892331
GTPBP6,-0.25144521636245093,-0.06849141580492539,-0.7014653877813591
GTPBP8,-0.5973127762402649,1.0150079746249396,-0.561783728758795
GTSE1,,-0.9541822890639052,
GUCD1,0.920735012096159,0.3160351103700128,-0.1172718668714726
GUCY1A1,2.487574911002488,2.243572913393535,
GUCY1B1,,2.006208307731368,
GUF1,0.20205799883433875,0.11842163718389637,0.5130198115178451
GUK1,1.111340805977428,1.8046407972233576,-0.0015072935801443063
GULP1,1.103686889270318,0.8918612468463805,0.6615366950283518
GUSB,-0.1683221978167238,0.24520977536965174,-0.9921867513135622
GVQW3,,0.07426931659633121,1.2003433683408347
GXYLT1,0.5351320242145456,-0.21764575700855326,0.03599439145539288
GXYLT2,0.8462242563905926,-0.1715726245963078,0.45894759660783685
GYG1,0.08611694978229144,0.8036272153706377,-1.188424355110429
GYG2,,1.354878584680793,1.13013695338682
GYPC,-1.2865405436458208,-1.5317150876648815,-1.435190879206703
GYS1,-0.3336666159838004,-0.1790710929587625,-0.1642772014780936
GZF1,0.7034683963836078,0.1852969627796823,0.5604605164748324
H1-0,0.9050157354945791,0.9132423353965102,-0.3271746690139502
H1-1,,-0.48804084778108653,
H1-10,-0.23105577168879843,-0.5572131477807668,0.09396709220330789
H1-10-AS1,,-0.22502840390384937,0.6348040467303958
H1-2,0.9605196367503116,1.3598558112648726,1.0273208819607274
H1-3,-0.5356635654116555,-0.3902327856084029,-0.5918235803870127
H1-4,0.027752639506606783,-0.07336636104520235,-0.45894759660783685
H1-5,,-0.38499072408229046,
H2AC11,,-0.3058280185662465,
H2AC12,,0.0800496978900025,
H2AC19,,0.8351203502960737,0.7398175582466499
H2AC20,-0.4343516904534929,-0.5410884542561211,-1.0522302442132374
H2AC25,-1.0635079174143516,-1.4538136132422994,-0.17498119770970802
H2AC6,0.641392353481071,1.5236164923036186,0.778524665393152
H2AC8,,0.5016793562801746,0.611013535726542
H2AJ,1.5571688211249812,1.3123708776729734,1.0440717501642007
H2AX,-0.6896733439203537,-0.7443333836072727,-0.4485056155483403
H2AZ1,-1.7119353144255018,-1.5688476966734468,-1.262678481337887
H2AZ2,-0.5546331449236832,-0.6761864743699078,0.19222668735863815
H2BC11,,0.29904101483531137,0.6704740831682827
H2BC12,,0.7329771724901881,
H2BC15,,0.8031298292858653,0.9239119308397119
H2BC18,,0.69463726009265,0.8003955479115803
H2BC21,1.2992890800873496,1.5173227076929012,1.12799861250936
H2BC26,,,1.7473463942638077
H2BC4,,0.6746028046963504,0.8040345365796693
H2BC5,0.7194852545022367,1.53991540889444,1.2916387990696558
H2BC6,,0.45882862759821696,
H2BC8,,0.6386300026479702,0.43769756873526705
H2BC9,,-0.39003844472535926,0.04089672026561732
H3-3A,0.36130878586384907,-0.20365099559683342,-0.04542281671223319
H3-3B,-1.0446442635284947,-1.768229402187224,-0.6107864725069397
H3C10,,0.41385969288449165,
H4C11,,0.6658102318025148,-0.015073500883972678
H4C16,,0.26343992071106936,0.06259350889262935
H4C3,-1.136458286204369,-1.760542607133353,-1.1576830942806502
H4C5,,0.5972111258733241,0.17058255693698435
H4C8,,0.2556166319286172,0.1744072717430272
H6PD,1.0414703080534036,0.7391166236010595,-0.0826181848227
HAAO,,-1.1811726887952079,-1.2042247923913023
HABP4,,0.6875482305345975,0.6980958424559307
HACD1,-2.472612377324291,-2.899618659958513,-2.3617272812342187
HACD2,-0.4470400840018301,-0.6999194932106646,-1.6000337320763403
HACD3,-0.5662191222566876,-0.940360610335092,0.4895196555356152
HACD4,-0.2497818114357145,-1.324829335552886,1.6888365797729836
HACE1,,-0.03584752572903073,0.38560458507363504
HACL1,-0.9532398996875016,-0.6597531201288537,0.48739681567060794
HADH,-0.7429526710352652,-1.380109900814717,0.28236864623069335
HADHA,-0.8695142515768939,-1.1221016394563903,-1.248998385226932
HADHB,-1.327104711976844,-1.176122540629347,-1.2518806698492009
HAGH,1.1922457334873728,1.0443857785416164,1.2689755359688764
HAGHL,,0.05856588025462634,1.5696080958593697
HAP1,,-0.8295180568924124,-0.9127100266184449
HAPLN3,-0.2788760912723452,-0.37569745420824935,-1.3038843981055792
HAPSTR1,0.49255889306529516,0.017830819728257463,0.05183640202191675
HARBI1,,0.8422886848355691,0.6678814639003202
HARS1,-1.7806750649953302,-1.2427295143154597,-0.7547635634636374
HARS2,-0.4019301736165893,-0.06073092575413896,0.041839584859689305
HAS3,-1.31225235451409,-1.4125730750367447,-1.4522858916865686
HAT1,-0.8321426444349782,-1.2208089717669648,-0.12372454936422418
HAUS1,-1.4024808530501411,-0.4254637595976921,-1.045047097403301
HAUS2,-0.04572706635450106,-0.824447561808931,-0.19433829231970054
HAUS3,-0.4287909946099662,-1.1350397299622959,-0.6396513687244079
HAUS4,-1.0466333410773982,-0.9187217572615699,-1.0070920125824545
HAUS5,-0.366968348747477,-0.6479329645398909,0.669766558855862
HAUS6,-0.7889637208968171,-0.8769488122134822,-0.404344903022081
HAUS7,,0.20751386651400053,-0.6313507898848826
HAUS8,-0.949257497438222,-1.5857168118724674,-1.4032133860103082
HAX1,-0.3815407749936995,0.10356207617478144,-0.2876666455431592
HBA1,,0.7700014421492101,
HBA2,,0.5942002056315728,0.3051886327135666
HBB,,0.5794383510987887,0.7395698621782562
HBEGF,-0.9649120132609141,-0.777289356727142,-0.9047377641794807
HBP1,0.02452757725190032,-0.3232376044616863,-0.7623000600674917
HBS1L,-0.6411095055246638,-0.9389603272958071,-0.5675290722062605
HCAR1,2.178104542718548,1.3043176338602214,
HCAR2,-0.2557257518241783,-0.7632360986734008,-1.6406411956736782
HCAR3,-1.6028975229859492,-1.7622418006599472,-2.3496446538336526
HCCS,-0.7496457726288895,-0.1474944333224873,-0.5746260988423301
HCFC1,0.5200457405522407,0.007023947876441007,0.3119069444041827
HCFC1R1,-0.6014467186765413,-1.317501309755634,-0.6547514695460155
HCFC2,0.2133526547595142,-0.2476232457427382,0.3455175060638348
HCG11,,-0.7654068511791362,-0.2344415399244062
HCG14,,,1.7767076317873176
HCG18,0.22538315787356178,-0.037109063102711955,0.5331110580921611
HCG27,,,0.9490331972376292
HCK,,1.1572702882997836,
HCLS1,-0.2324750804902097,0.032784025623440204,0.31289611259338473
HCN3,,-0.17504629962097584,
HCN4,,,1.2990503846105843
HCST,,0.2703452339411426,-0.051081756996622166
HDAC1,-1.3138883343471792,-0.9170750399651219,-1.9633188188902808
HDAC10,-0.06556239544611751,-0.3060167462405198,0.5591382847692722
HDAC11,-0.38699520046167096,-0.18071843205352447,-0.20471711864066164
HDAC2,-1.316622808448278,-1.4258854062236905,-0.752010909938046
HDAC3,-1.1501820392389583,-1.2485982794816013,-2.0477010954549244
HDAC4,0.276243501415455,-0.2718399597622133,0.7089550439792749
HDAC4-AS1,,0.6373055271719784,1.6256277722867642
HDAC5,0.6430905204402504,0.08800213148429231,0.4189049102130236
HDAC6,0.7317704605292943,0.10645960508350631,0.31883759360914626
HDAC7,0.48788457183180817,0.17193817639547176,0.08923699379350183
HDAC8,0.6006191097710896,0.36990564537249626,0.0427824866503619
HDAC9,,2.3663933039322744,0.9437260054245572
HDDC2,-1.092744031912927,-1.1618562420769771,-1.5461491505141298
HDDC3,0.27648274839560644,0.5939853462101964,0.12182617878715372
HDGF,-0.17790636893142053,-0.09216126953732155,0.7970259522642287
HDGFL2,-0.22680062442405494,-0.4965795767088041,0.33712955000014033
HDGFL3,-1.5328611914571704,-1.4700680474764578,0.1239144108347236
HDHD2,0.6516093840871117,0.9812211628598716,0.6519526014911288
HDHD3,1.1663961982919537,1.5676157716064214,0.08942615869645201
HDHD5,-1.1899053352081954,-1.4155097301614719,-1.6341617354528442
HDHD5-AS1,,0.6517144036920991,
HDLBP,1.6549584068846372,2.295604243874646,0.7099243455588661
HDX,,-0.6156098733102926,-1.499305687566357
HEATR1,-0.4682640495010558,-0.9088784624692384,-0.3752743986442958
HEATR3,,1.064482413780767,0.5644331101802113
HEATR5A,1.9326093783781897,1.758848481595129,1.3981883163858355
HEATR5B,0.8373629085844573,0.7991578669760687,1.0869485891326034
HEATR6,-0.7671456091517777,-0.6907454285190562,-0.0013188817655788558
HEATR6-DT,,1.3838538220083905,0.9378601282785777
HEBP1,-0.4437342544981912,-1.4834652027771211,-1.653071583383043
HEBP2,0.6961141071560496,1.3397027499857725,0.09623827991241993
HECA,0.12339861200704205,-0.011166416345938526,-0.24258316732024024
HECTD1,0.9744932935298203,0.30243277531009083,1.1514454914384353
HECTD2,-0.25882016181732564,0.15733347740392717,0.2460773331194772
HECTD3,0.7138288348263923,0.43178143606372366,-0.18838959358497165
HECTD4,0.8803194747126766,0.6944080379240306,0.88338282936938
HECW2,,1.4807644641389,
HEG1,0.9748635911831861,-0.1485869381939386,-0.826626862601233
HELB,0.5412539333916857,-0.179620151776948,0.057497210564382666
HELLS,-1.3770760193354734,-1.6489778283932615,-1.1853757594429444
HELQ,0.0192297988574757,-0.9774391788570654,0.14159200166262698
HELZ,0.2360254089552781,-0.23260837077684896,-0.20779651573482238
HELZ2,0.23176536772989167,0.1276765567441186,-0.18110670166812964
HEMK1,0.4029289963300411,0.4524350562613919,0.5990220990729771
HENMT1,0.01807818444840683,0.646600550710284,-0.28825580814294494
HEPACAM2,,2.3693651397315354,
HERC1,0.6287143850801638,0.36624391962610653,-0.08413072591279586
HERC2,0.7332762028462575,0.15952196800463547,0.16026811626449294
HERC3,0.7597489126644412,0.643717582946341,0.266326230252701
HERC4,0.061870381789910216,0.15861000467003303,-0.1463513676499205
HERC5,,0.14731236632666508,0.7640648077220734
HERC6,1.3377344884362445,1.4399630401899979,0.6825539276842182
HERPUD1,1.277114625036774,1.2466372522476832,-0.9305728500312541
HERPUD2,-0.20158795706386415,-0.07499172460324574,-0.393328366974936
HERPUD2-AS1,0.8266208459554115,0.21469603903619447,0.3237974312537239
HES1,-0.4493315983004581,-0.03170286522801121,-0.6415019219521498
HES2,,-0.8609236975268663,0.6302013773521765
HES4,1.0371231734947102,0.908062162176178,-0.5644331101802114
HES6,0.932408600156117,1.4579715038197978,0.9384452626365234
HEXA,0.5367271022046681,0.8788021689314701,-0.5904772768391117
HEXA-AS1,,1.381044067043615,
HEXB,-0.04342194898232076,0.6923466771883524,-0.9612227729310565
HEXD,0.22609183436551444,-0.28475759681005214,0.06485904443438388
HEXIM1,-0.6464924330109572,-0.4452643135450884,-0.7867142024116738
HEXIM2,-0.3927098942342497,-0.413663497666058,-0.4656567503128657
HEXIM2-AS1,0.7646753972559166,0.28082120892764956,1.0737774715848583
HEY1,0.26406252374620964,0.27819936945211865,-1.2215227588743236
HEY2,-1.2703769481960956,-1.5167535183481344,-0.07071324762879469
HEY2-AS1,,,1.0621138466171172
HFE,0.24455844087464795,0.4042646654161851,-0.41130641635573506
HGD,,2.1792303995994153,1.3721265265998952
HGH1,-0.04734079236782728,-0.54923766056567,-0.7079864080380038
HGS,-0.08519243330178827,-0.5433832890708092,0.8786610431262434
HGSNAT,0.661608241585272,0.7350992302751651,-0.4829459771852131
HHAT,-0.20887867863349344,0.013688008171962291,1.0717676344117468
HHATL,,,1.4855345239931148
HHEX,,-0.3220992627740335,-1.1219678084512386
HHIP-AS1,,-1.3584950467114045,
HHLA2,,,2.1348642700733316
HIBADH,0.2995264999846829,-0.4849999368830176,0.6044414115327088
HIBCH,-1.4410745604111375,-1.3895063439914175,-0.6103324405064541
HIC1,,-0.22188930360266484,
HIC2,,0.16225865734037498,-0.12885239760387934
HID1,3.037106788760536,3.1594472939296785,0.6580233130165322
HIF1A,-1.8202665691419668,-2.30320301136798,-2.3648025197969123
HIF1A-AS3,,1.1815345674836872,
HIF1AN,0.49281889245719307,-0.08059174279884693,0.4033228098725492
HIF3A,0.6365908845637748,-0.33616852698051536,
HIGD1A,0.18165092214151762,0.9462620497930609,-0.4368683104747368
HIGD2A,-0.46313088137746233,-0.8743063726488908,-0.7415527036721298
HIKESHI,-1.864243254097167,-1.9489577190358012,-1.0346941135932188
HILPDA,-0.3672146822231364,0.2947120937501289,0.9615218638003314
HINFP,-0.03996470165095994,-0.46785149996716613,0.29769618276395093
HINT1,-0.32977368923410194,-0.8614455983251224,-0.6343431757705764
HINT2,0.08865975208232739,0.1895126422323748,0.38013060746041094
HINT3,1.7761966800927278,1.385733078551505,0.5405098643835373
HIP1,-0.29928566063312767,-1.2525348055833492,-0.8539821988755314
HIP1R,1.10114990669567,1.0122985762263703,0.6368796376625631
HIPK1,0.9316974975414893,0.9891212489889883,1.7302597097359034
HIPK1-AS1,,0.6882327518666405,1.5561885672936377
HIPK2,1.9386056103730733,2.0129914024291873,1.092407018786068
HIPK3,0.19688997025922078,-0.020893090564455676,0.907578378018614
HIRA,0.743256179716165,0.1684663547043709,0.7260155721553488
HIRIP3,-1.3144344431269714,-1.305161362211707,-0.006782870552235104
HIVEP1,0.5705495766362169,0.1336708171120384,0.37871329205880017
HIVEP2,0.630679837210447,0.29001299769209976,0.19549044157868645
HIVEP3,-0.8012837669313573,-1.886676067096206,-2.5026390355160197
HJURP,,-0.7047595133805236,
HK1,-1.3030474374808487,-0.6563985020742898,-0.21897609271442323
HK2,1.4275475116916208,1.8138948125117904,-0.4969670788684974
HLA-A,0.45775415407233644,0.5203545287814731,-0.5402918315617874
HLA-B,0.6111328686676107,0.9630215374539929,-0.23424788307145375
HLA-C,0.9302767037810751,1.523041833375237,-0.042216741065258474
HLA-DMA,2.4397082620371746,1.4721938786447422,0.48824568752775377
HLA-DMB,2.142486662115479,1.3648669551686738,0.7555152798764191
HLA-DOA,1.4049479793566446,0.5383800444620239,0.5538590887478039
HLA-DPA1,1.9843131040429305,0.661545287786668,0.6380339298279378
HLA-DPB1,1.877495885232598,0.4189663903851155,0.38479289994656773
HLA-DQA1,1.8449580717767051,0.8363972561990094,0.7128362624333257
HLA-DQA2,,1.0622634358958785,0.6082908507054237
HLA-DQB1,1.4987218842727517,0.4248723510361785,0.1962586851840637
HLA-DRA,2.023759072797626,0.7589053433140887,0.661302215820145
HLA-DRB1,2.0926507810103416,1.0301979629595293,0.6928167901811638
HLA-DRB5,1.3723366583829684,0.5427571416903917,0.5402918315617872
HLA-E,-0.10323462869028473,0.6160452797039363,-0.5981205925474317
HLA-F,0.3021768832227592,0.44248188306511205,-0.4383197099846973
HLA-G,,-0.5866963292734766,
HLCS,1.1889709985141808,1.0366491231966006,0.4583196759747126
HLCS-AS1,,0.7433833780170395,
HLF,-1.912152134319781,-2.121105579545054,-1.6841497277278723
HLTF,-0.4954207232204667,-0.4217206743341972,0.4084375156686965
HM13,1.797795236151607,2.1547341837603495,-0.46397750763164114
HMBOX1,0.0026482552919195983,0.13330739401853578,0.0030145905847697757
HMBS,-0.9733832014299038,0.01494883572142756,-1.0052166415502846
HMCES,-1.698142143848086,-1.6725794438663606,-1.227904387488197
HMCN1,,-1.2814696893997048,-1.2391941623662448
HMG20A,0.37980766145410183,-0.2628805850243077,-0.7630560894882735
HMG20B,0.2872654839633822,1.2839297208635938,-0.24724272090897462
HMGA1,-1.3155278382892184,-1.252140279402687,-2.0712618163400207
HMGA1P4,,1.2892866154008251,1.3390720948766452
HMGA2,-0.8442493421447701,-0.8163785489925066,-0.009985982151543981
HMGB1,-1.8938472214637785,-2.745854633990459,-1.4659428370010388
HMGB2,-2.0531800170318264,-2.30065530541171,-0.12296514801011382
HMGB3,-0.4227398586449557,-0.42941030090980786,-1.1510799674150196
HMGCL,-0.06856281240654527,0.29565269106446807,0.07732575629684584
HMGCR,1.4352450807875676,1.512217592367328,0.8545249499773828
HMGCS1,1.4669200883893483,1.7348323014829181,0.47175507105925196
HMGCS2,,1.9300579721707498,
HMGN1,-0.12989846140258363,-0.536715292836235,-1.2968631075375185
HMGN2,-0.587432631837319,-1.4268816011358012,0.021480577180401885
HMGN3,-0.3884847645713493,-1.982524157185285,0.7442838816180276
HMGN3-AS1,,0.03656839711371303,0.885890588252167
HMGN4,,-0.3968492086054565,-0.529205851613087
HMGN5,-1.1677612625193359,-1.2005698772627629,0.8290155461952018
HMGXB3,0.4824446289356885,0.7121667141202667,1.0181030548011922
HMGXB4,-0.4335926262656596,0.15915716679262282,-1.1103759866901366
HMMR,,-1.1060225257870808,-0.8586036379928509
HMOX1,1.0359409884011386,1.1793656110071842,0.24238913420561747
HMOX2,-0.6033794106519094,0.07788175182818366,-0.7517609513396394
HMSD,,-0.017470564119008436,
HNF1B,,,1.3902208763161186
HNF4G,,1.6351092225134598,1.3907162589588404
HNMT,1.7651539465360115,0.4642378202579986,-0.9152848838491947
HNRNPA0,-1.1092081984080466,-1.772545395914566,-1.3587263682236619
HNRNPA1,-1.464224011886571,-2.7785295474182106,-1.8529427889413888
HNRNPA1L2,-0.6332104333496488,-0.4858104068764905,-0.6549849399347869
HNRNPA2B1,-0.5981387462518435,-1.017422599286159,-0.43231273706874657
HNRNPA3,-1.5087078847010174,-1.7315971824427454,-1.1729151697316553
HNRNPAB,-0.4644130245315111,-0.1838314148810299,-0.6947342046215111
HNRNPC,-1.4826335583842707,-2.091318784317391,-0.810559363431395
HNRNPD,-0.4536664720891527,-0.44964368933699406,-0.3449175664864119
HNRNPD-DT,,-0.043958491284097616,-0.14787506001465467
HNRNPDL,-0.2971188856224108,-1.5608823349770697,-0.7708941189219389
HNRNPF,-1.0683851617052198,-1.224993500943596,0.563107925396896
HNRNPH1,-0.5274415437504472,-0.7103112634250697,-0.4893072724097604
HNRNPH2,-0.22491076977778623,0.17742423967092247,-0.27101429717126185
HNRNPH3,-0.707011990916209,-1.7078926003862698,-0.1444472294643374
HNRNPK,-1.0741075964478366,-1.4379344592657486,-0.8542535429708383
HNRNPK-AS1,,0.687092061914261,
HNRNPL,0.2714618611528192,-0.240757876381773,-0.07940465814345712
HNRNPLL,-0.5111031589609102,-1.0311169302400374,0.47217628970958914
HNRNPM,-1.6301129380156933,-1.591441395673078,-0.7480171890828121
HNRNPR,-1.6275099032485576,-1.9197226285779951,-1.7185929585338633
HNRNPU,-0.8884913116645823,-1.1360692676478923,-0.19184285152941508
HNRNPUL1,-0.504292224808591,-1.7521219653180586,-0.1926105515106988
HNRNPUL2,-0.24052677250406415,0.36605133361028896,-0.06334865113616746
HOATZ,0.00011514140009953274,0.13221723017467538,1.9505344841239602
HOGA1,,-0.3760840211121543,
HOMER1,-0.22136945065767372,-0.7133276166758433,-0.43251961335135625
HOMER2,1.5712563957315342,1.317501309755634,-0.792375239920909
HOMER3,-2.064686347546894,-1.6926072581699048,-2.469511539344724
HOMEZ,-0.7677638936485728,-0.39295510999101135,-0.7777595750303121
HOOK1,-1.032010785887923,-1.1590312322962817,-0.42673403088096346
HOOK2,-0.15921988696182043,-0.42625253593864415,-1.3956889675286994
HOOK3,1.3800538977057677,1.1278663968120166,-0.4318990399925033
HOPX,0.0600246943157529,-1.0679800076536077,-0.22109940559480468
HORMAD1,,0.4353427009518457,
HOTAIRM1,-0.4204746793011903,0.937282414054399,0.6775679066121428
HOXB-AS1,,1.3110936541807767,0.7580240914765735
HOXB2,0.6348997520455588,1.3885611734454264,-0.1818728629709083
HOXB3,,1.3607643883935134,
HOXB4,,0.8133663484243246,
HP,0.6630420413459797,0.006843843799941441,-0.16370431484069395
HP1BP3,-1.8059683151219659,-2.0254396007210174,-2.885445691095916
HPCAL1,0.9778307988170472,0.4854051320242533,-0.13626531158494096
HPDL,,-0.5423398283060584,
HPF1,-1.7109392451398526,-1.9288993872063884,-0.6101054716847261
HPGD,-1.0187657407245236,-0.6395136089578418,-1.4362470663693732
HPRT1,-0.5158323295917334,-1.4883539818770788,-0.5229310315434303
HPS1,-0.5838788978463358,-0.07390812715060653,-1.4174754854889873
HPS3,-0.0487240840624541,0.3952908502547367,0.39577231710837213
HPS4,-0.040886585861258144,-0.29414786054389386,0.3020318528413482
HPS5,0.30073095769521213,0.306582994697528,0.3868225894722613
HPS6,-0.3741211367473791,-0.056220723729320084,-0.4512157837972627
HPSE,0.6676393965740041,-0.36354894749771827,-1.9912610533254347
HR,,-0.6669345981229234,
HRAS,-1.990953588611202,-1.2897002187734161,-0.6132859041789303
HRH1,-1.1645794865972054,-1.3009519691078815,-1.4062455158891465
HRK,,,1.2527060925262963
HROB,,-0.06704730533816254,
HS1BP3,1.0106735202930581,0.6269687872201724,0.8914834362695809
HS2ST1,0.2310557716887983,-0.6836753405195479,0.30084883761671855
HS3ST1,1.1852439887361488,1.0440751122070813,-0.25891536705438895
HS3ST3B1,,-0.08565199213969495,0.11196156885648165
HS3ST6,,-0.5920528431822364,1.1661945917068017
HS6ST1,-1.2045225038170577,-2.1640026353656268,-3.0350081787821166
HS6ST2,,0.2994177065563499,0.6394202036455201
HSBP1,0.10740277466573943,0.5570028140426758,1.2685541660186928
HSBP1L1,0.9608849599977125,-0.22281234006320025,-0.7046013979083201
HSCB,-0.5258543120917673,-0.6696365250112108,-1.1706691007112757
HSD11B1L,1.061887780687972,-0.14094305289761747,2.146035904486596
HSD11B2,,0.5595284493988957,
HSD17B1,0.356396822877211,0.5542707121268592,-0.46271893392715563
HSD17B1-AS1,0.2355518608762818,0.20346712559563382,0.05164773801483795
HSD17B10,-0.7251647884550018,-0.38130820598290377,-2.239779652040342
HSD17B11,1.729134503025033,0.5509137927076547,0.3435181896983957
HSD17B12,0.2839073333891427,0.5654355437981865,-0.5490333521449224
HSD17B13,0.8922566252054449,0.40074933438117544,1.0058413721663277
HSD17B14,,0.4383146432456936,
HSD17B2,1.3764819070934755,-1.1576221899529853,-1.1061975796963928
HSD17B2-AS1,,-0.6278458909039277,0.40311844182799517
HSD17B3,,-0.20953850789349118,
HSD17B4,1.2078589653384504,0.7144894813764349,-0.4121267234059563
HSD17B6,,,0.24025537041648146
HSD17B7,0.7634420398011642,0.6090926976380631,-0.055421376422491064
HSD17B8,-1.071650827203848,-1.2818791560681406,-0.3182429422258863
HSD3B7,-0.3899751911510947,0.10537292830457066,-1.241226878058226
HSDL1,0.5937382671009488,0.35049615601941314,1.279156780104573
HSDL2,0.2863056834163641,-0.8335898582450506,0.2400614462666576
HSF1,-0.5500731851856752,-0.7029137551023434,0.14501841561645154
HSF2,-1.2007257497557997,-0.6723433493913206,1.093091613346841
HSF2BP,,-0.03404542794289991,
HSF4,,0.8695652990859384,-0.22747537011966418
HSH2D,1.7897405134760902,2.073990599289491,0.36176377729677645
HSP90AA1,-0.50533853148948,0.17230375117185576,1.000854464411968
HSP90AB1,-1.700092866448084,-2.1547341837603486,-0.2418070895805629
HSP90B1,0.07872281179599219,1.2001997034477245,0.06221595118234203
HSPA12A,,,1.23676164232843
HSPA13,1.0375175574289879,1.1700302603005996,-0.7316673693148645
HSPA14,-0.7084911103376005,0.16280614040933242,-0.9349392594343489
HSPA1A,-0.6861722388928397,0.0932465213991586,0.10627546129890751
HSPA1B,-0.3524734400304772,0.04774456597908013,0.07335786388345417
HSPA1L,,,1.1945549122302492
HSPA2,-1.669627379902633,-1.5908027527149609,-1.331719145706564
HSPA4,-0.23744637126926693,0.2073298505047156,0.5283391249789744
HSPA4L,-2.076472709211401,-2.268821108569225,0.4362465639022483
HSPA5,0.4202231260454272,0.9519132710074696,-0.1495896245673612
HSPA6,,0.5957049906962302,-0.3704270237911019
HSPA8,0.08519243330178827,0.561635874701959,0.4963276530117767
HSPA9,-1.7597123448294707,-1.6858560034279417,-1.2812946298026295
HSPB1,-1.1569009861218,-1.183346286462126,-1.2761735761974604
HSPB8,,-0.13712422410536487,
HSPBAP1,-0.8179023408155679,-1.5614915450492697,0.2239964415037706
HSPBP1,-0.9207350120961588,-0.7807045401766222,1.6179076494917852
HSPD1,-1.7199656974408617,-1.7821585516143077,-0.3929212706539761
HSPE1,-1.2262106078794976,-1.4323861567098832,-0.08091680182235904
HSPG2,-1.574429670754569,-1.4993471765508184,-1.1055030543147373
HSPH1,-0.8498535326424622,-0.2383484275795634,1.1499843170047432
HTATIP2,0.005181386176850302,1.0876177242138547,0.02638068724390047
HTATSF1,-0.2079373244479391,-0.3947067134761763,-0.3726476500119541
HTRA1,-0.9612504115308914,-1.664608926585362,-0.05919580421767277
HTRA2,-1.216983554206727,-1.2125034314825993,-0.9449030811183582
HTT,0.7551470224855427,0.18273251318395878,0.5556170989429309
HUNK,2.0744882193693357,1.2835191760583133,-0.7648218568678038
HUS1,0.8327939357499106,0.06397903102977996,-0.8192253622372742
HUWE1,0.2870255090506048,-0.1363970565217564,-0.2423891342056176
HVCN1,,0.6628908089905493,
HYAL1,,2.3845471173525254,
HYAL2,0.17556729263565232,0.31887622122038084,-1.8550443208817664
HYAL3,,0.704528662377889,
HYCC1,-0.38972672664449304,-0.5176756630307386,-1.1562113745916314
HYCC2,0.2595346074366487,-0.000900498855223816,0.13816724924197066
HYDIN,,0.16353619378103082,3.2044992245221513
HYI,0.8389989252237671,-0.08981026110232704,-0.23695988208167804
HYKK,-1.604563940243263,-1.5725578298767808,-1.7840612674461447
HYLS1,-0.6058676176660414,-1.0332645810135515,0.3297597808128207
HYOU1,1.5336071810288396,1.5322974148151405,0.4133577043665758
HYPK,0.1308274530652772,0.37395859672846915,0.2782534602763577
IAH1,-1.0331881709905915,-1.2106274371840238,-0.14997069846186992
IARS1,0.24788162285727344,0.5911946625886985,0.18608867161217696
IARS2,-0.8793021273044787,-0.5622685885740673,0.6575554761310658
IBA57,-0.32588575377648143,-0.697390780214882,-1.2175593726346117
IBTK,1.4333127190672599,2.5498343762196107,0.9669202862682446
ICA1,2.572193131927818,2.7618236085361993,0.47470536504633487
ICA1-AS1,,1.786583158219179,
ICA1L,-0.6777457155301854,-0.4636361305333744,2.007953566857714
ICAM1,0.7643669488982439,-0.6054111003570813,-0.05070444541949309
ICAM2,,-0.002161198642864661,-0.07864865460150505
ICAM3,1.46894916529513,1.6385468986531984,-0.320225552474214
ICAM4,-1.260632085155169,-1.5762897366508315,-1.2601736260827776
ICAM5,,-0.18584664569471432,-0.14520882150572195
ICE1,0.2683571268659425,-0.3257054512812459,-0.37305159741445726
ICE2,-0.6450740623353245,-1.2967655021686868,0.3305556425806255
ICMT,0.4610810337221828,0.6313591505003374,0.9425502358196552
ICOSLG,,-0.9947177787939404,
ID1,-1.1889709985141808,-1.7109980260475333,-0.8200162297751461
ID2,0.6003433315577802,-0.3647036111112246,-0.6348040467303961
ID3,-0.6298372026838343,-0.8551981815727943,-0.6797027032907657
ID4,0.4295484872028222,-0.19685233451692247,-0.8260966844179445
IDE,0.8994803149210279,1.0705319409793919,0.6424280226421655
IDH1,2.1223543494495356,1.6755043354353607,-0.605346354351333
IDH1-AS1,,0.7878079942319689,1.1398241001280751
IDH2,0.9782023052966734,1.2741357281365762,0.8276879166937081
IDH3A,-1.784057442346655,-1.357589265990651,0.2645697186439662
IDH3B,-1.801283257907238,-1.5882546469173517,-1.7859148343331466
IDH3G,-0.6318040470522787,0.27277447170039815,-0.9201651360004445
IDI1,1.5137578126967306,1.7133379701509437,0.49675391435141003
IDNK,1.0663498938252545,0.8564969689391794,1.3644393048698222
IDO1,1.3554096012253483,1.8465791239345173,-0.09510262473693656
IDS,0.3549249145901604,0.6021694343751939,1.4362470663693732
IDUA,0.22302171807114898,0.3031869712021691,-0.5466252770509065
IER2,0.44780366071214023,-0.13276229237381623,-0.29671158608530657
IER3,-0.28654560879318364,0.017470564119008436,-0.8205437598562939
IER3IP1,-0.452390627683476,0.5869102659146812,-1.0337292003132794
IER5,0.29134760190339537,0.098855434542564,-0.0639150315025416
IER5L,0.1571212531664289,0.26325346633298896,0.20567922034231867
IFFO2,-0.709675522757708,-0.5137670629459137,0.1414016944355662
IFI16,-1.9959921926341735,-2.354710401408735,-1.4849668122316748
IFI27,0.4767609101370696,1.1611491207505855,0.6725986735572113
IFI27L1,0.9025905861467961,1.6468772764317028,-0.02958494053833806
IFI27L2,-2.090598403333371,-2.0755403298789994,-0.5580371713541179
IFI30,,0.39977373362707275,0.03712561703730112
IFI35,0.10091977142344428,0.6503787165260415,-0.40987154432638473
IFI44,1.0815171038349778,0.8402361851646004,0.24413576172620485
IFI44L,1.3818465150260073,0.8338448045976203,0.5795221264136288
IFI6,1.5015597663539961,1.3252626155911265,1.0697621172858431
IFIH1,0.6760083087927988,1.2564908375542279,0.29297273169543203
IFIT1,,-0.36297179749914216,0.8703759066189473
IFIT2,0.8843980107809749,0.4406949863723879,0.15473597852416485
IFIT3,0.8028720526578036,0.33902844350870776,0.30578086672026716
IFIT5,0.11041425903125746,-0.20383487248335977,-0.09093959369870527
IFITM1,-0.707603452900934,-1.6063127884334365,-1.1717913962859767
IFITM10,-2.206098203516254,-1.6836225685504231,-0.9799320457920943
IFITM2,-0.17276166733032228,-1.732404263449727,-0.6775679066121428
IFITM3,-0.1741643086153841,-1.9586747975590166,-0.9490331972376292
IFNAR1,2.0184332017280746,1.8575884834321819,0.4086423254198512
IFNAR2,1.7532504529717745,1.2076346776195224,1.3544705908077248
IFNGR1,-1.0582526256353797,-1.3740669657191102,-1.3711611872940792
IFNGR2,0.4798591992217875,-0.0690329938951601,-0.880602930147866
IFNLR1,,-1.0597338486780725,0.20818157835797996
IFRD1,-0.37659204163443744,-0.19777053402218817,-0.8050762041274215
IFRD2,0.9789457235786205,0.5396295878289068,-1.918709991672325
IFT122,-0.30049003130442886,0.07625603302129556,2.5945735104948686
IFT140,,0.07318577713643604,2.1185906669042582
IFT172,0.03143878038891718,0.8727238354530498,1.4703713195784505
IFT20,1.4502411902501882,1.3322292036515888,1.4544528168227933
IFT22,-0.21123287604399307,0.15459892217791732,2.666398862173874
IFT25,-1.5108674225891232,-1.2330422695186232,1.1547421549566774
IFT27,-0.2597727854003129,1.0769424801230465,2.477541453886521
IFT43,-0.3395155224020119,-0.2755794409403239,1.6348782917896774
IFT46,-0.7752063597076971,-0.24112868455067227,2.309858827752478
IFT52,-0.2774398947409315,-0.7151870633434066,1.363006897713766
IFT56,,0.3243763651619915,3.790522476425176
IFT57,-0.036047063167054604,-0.3774374483998666,2.4002014939008767
IFT70A,,1.5049123935860989,2.2106579722927346
IFT70B,,0.2694113371441528,2.5340642848537347
IFT74,-0.7911661576613911,-0.71054306094305,1.4278419955728103
IFT80,0.48632883566140767,0.4984140029868113,1.7748841528161337
IFT81,-0.666488737984262,-0.9823876769477049,2.0370841341838117
IFT88,-0.5019400496209718,-0.5160289760953748,2.249134996392846
IFTAP,0.23697266403364012,-0.32931588045130483,2.3805240249382003
IGBP1,-0.9943068627175643,-1.567000700195756,-1.7543262275651912
IGF1R,0.21405946029031606,-0.065422848029213,0.9660185943111934
IGF2BP2,0.42097786566442114,1.3309180440235024,1.1827172466058258
IGF2BP3,,1.1844351847854258,0.6608333664388477
IGF2R,0.49048009427321865,0.5201483298020961,0.1591231391373339
IGFBP2,-2.1493947210031186,-1.8083238347539532,0.4137681704932635
IGFBP3,-1.295016164831945,-1.1040326782919838,-2.0538731202077574
IGFBP4,-1.785189450457241,-2.505888918222317,-1.224308586917354
IGFBP5,-0.09490364126810558,-0.8554578235944511,1.1251554893039217
IGFBP6,-2.553753498464922,-2.203064952162172,-2.185345826691634
IGFBP7,-2.1447779907234565,-2.1677626557932252,1.0859287340361956
IGFLR1,,0.5213858558511767,
IGHA1,,0.6939497030041616,0.3045965057297345
IGHG1,,1.0415933999979654,
IGHG3,,1.0354170082274343,
IGHMBP2,0.40168053061836806,0.6764128513049007,0.04806346347066655
IGIP,,0.8596199702322894,0.8061187459737355
IGKC,,0.3417002026117844,0.22747537011966404
IGLC2,,0.7678230365322625,
IGLC3,,0.9864810462618666,
IGSF10,0.37931269585103167,0.02575711149688988,1.3185724575619695
IGSF22,,1.0654350105136243,0.6182963066066963
IGSF3,-1.8214750183863362,-1.8856094173398978,-1.0889916982921195
IGSF8,-0.5527541229593832,-0.21709254139686107,-0.8853328273933071
IGSF9,-1.881536731656912,-1.4481372304754867,-1.5932933059406322
IK,-0.8651535348383795,-0.6798126781039342,1.784061267446144
IKBIP,-2.5982254904705337,-2.308343732747811,-3.0970908863599282
IKBKB,-0.1566549843869719,-0.5049500675385052,-0.07581403807037916
IKBKB-DT,,-1.149913200208173,-1.7087758193310576
IKBKE,0.3120744771869775,0.16408379099374287,-1.4798788074266185
IKBKG,-0.9693230851458614,-0.7100795040658947,-1.0124249019319254
IKZF2,0.8953467708797496,1.3530769800438045,0.5949691374701753
IKZF3,,0.18291564810769384,
IKZF4,0.9634458225287506,-0.1433081166862684,1.1665665757286219
IKZF5,1.2035716883660168,0.44964368933699406,-0.18954042793537562
IL10RB,0.765292512341027,1.1826211330420677,-0.5431282673915098
IL10RB-DT,,1.3745300268216234,
IL11RA,,-0.3645111334473716,-0.6827917800535446
IL12A,,,1.088650864494722
IL13RA1,2.2679071824221264,1.7571593890703248,1.1606340807883213
IL15,,1.2648631449538907,0.890082614672053
IL15RA,0.36032569942014636,0.29772292752010726,-0.7314211537148927
IL16,,,1.5839766278323986
IL17RA,0.33001685018274457,0.17413197152416984,0.08356350063424982
IL17RC,1.2828613600135217,1.54405469644424,-0.7351190599631166
IL17RD,,0.612782569244238,
IL17RE,0.04895464167136134,-0.13239891320189565,-0.4074137236535883
IL18,-2.253088650365161,-1.9636035231326117,-1.268133021183329
IL18R1,,0.6597531201288538,
IL19,,1.7009649888881757,
IL1B,,0.29734642623005064,-0.006029208565715626
IL1R1,1.4417253100475311,-0.45802841008566547,-0.9781065116216385
IL1R2,-1.9401156144770857,-1.7504526623829344,-1.6041131398376476
IL1RAP,-1.84622254355713,-1.7032651180181495,-2.1936278192262075
IL1RL1,,0.4309907885739821,
IL1RL2,,-0.13821511157072844,
IL1RN,-0.9228481250284875,-0.3568230038352905,-0.925067402624749
IL20,,-0.13348910336144282,
IL20RA,1.0910721016744234,0.32247866355639015,1.377458895086855
IL20RB,-1.4784991269994903,-0.6994593946679623,-1.5313760155339595
IL22RA1,,,1.2664506866995997
IL23A,,0.5993651011855167,0.03825689012980743
IL27RA,-2.1931604640014957,-2.18703784376958,-1.3779456013589848
IL2RB,-2.5598037683688317,-2.280792764480827,-2.181260406432371
IL2RG,,0.4894614837415823,-0.2906134616724034
IL32,0.796847277836998,0.08330232576976851,-0.16446817566315178
IL33,-1.7618827276970888,-2.6210621804769043,-1.8203800886974124
IL34,,-0.95162998827217,
IL36G,,-0.08619428952896813,
IL4R,-0.6561721482883957,-0.945980281951115,-0.9977502474911191
IL5RA,,,1.9967635776500159
IL6,1.08482934954143,0.09831250337641241,-0.19798765761367804
IL6R,-1.5464217027625684,-1.6323729287647173,0.17995765886828766
IL6ST,0.17159305929354313,-1.3459141035711035,-0.6768569938522236
IL6ST-DT,,0.5471446624101174,0.6412704827526474
IL7,,-0.5115077753103001,1.1394634086317603
IL7R,,0.5174697504732536,0.5046561555839689
ILDR1,1.3171708859817697,0.9964915880923071,-0.723320725856166
ILF2,-0.8960346314913944,-0.8907895101612637,-1.4821354066798533
ILF3,-1.5736348657007049,-2.24580977617786,-0.6823161139232595
ILF3-DT,0.4897010913331994,-0.08655583519502473,0.5871161876130114
ILK,0.13198885153626408,0.1981378604727824,-0.7510113571755233
ILKAP,-0.32491454142129716,-1.1928304894498014,-0.778524665393152
ILRUN,1.1623139880799322,0.8870464608191105,0.5844320853810788
ILRUN-AS1,1.171412114965071,0.7426713138979094,0.9980602363960402
ILVBL,-0.2822294603316149,0.4117024195036146,-1.1142232965415886
IMMP1L,0.05126036291936852,-0.748616754011603,-0.4184935658283179
IMMP2L,-0.5139918423912501,-1.454850729185623,-1.6880528597768287
IMMT,-1.5210396595304005,-1.2616632633327447,-1.5702542066261196
IMP3,-1.2198861454764065,-1.3952036141522088,-1.2275040700197
IMP4,-0.6287143850801638,-0.15569260440021312,-1.4087822033311799
IMPA1,0.5277062114877459,0.7089212787776205,0.7492639427173765
IMPA2,-0.7022891606826017,-0.5507041916245403,-0.43811231072888546
IMPACT,0.816615997572976,0.7142570313128785,-0.16084068353404996
IMPDH1,0.5455246346946513,0.9168008288140324,-0.6412704827526474
IMPDH2,-1.4568641581054,-2.2571660520014274,-2.4898942243796123
INAFM1,-0.010247763947735293,-0.08583275512947033,-0.41561613224644445
INAFM2,,1.1076840835476958,
INAVA,-0.7049438181871949,-0.08095311921695715,-0.6046676008073353
INCENP,,-0.07770110631859174,-0.5023035694108848
INF2,-0.6476280665896632,0.32798522535496605,-0.627216791692583
ING1,1.454870562535971,0.3898441185723188,0.29139970464548154
ING2,-1.841182252016377,-1.1917306828650833,0.13303314471432298
ING3,0.14733661934217607,0.11044517227816486,-0.5719613402096767
ING4,-0.2798338751136954,-0.4785275758088177,-0.6818406021225579
ING5,-0.07156384673221894,-1.1305922362953684,-0.43396826636287333
INHBB,2.0646863475468926,1.454331975677309,1.6919818791224168
INIP,0.5063853916864326,-0.29170392921836924,-0.7257703684357393
INKA1,-2.3731111979765482,-1.9673316188947796,-2.034092470442662
INKA2,-1.8883405410356722,-1.6208778964935417,-1.5939640953616976
INO80,-0.281271032645729,-0.7325060523360133,-0.36639418784255534
INO80B,-0.1884444600287464,0.11787755363910841,0.5057264361892465
INO80C,-1.2218269303509075,-0.02287466253679435,0.24840844458280315
INO80D,0.5694659627333346,0.3043185886285488,-0.07468036327865205
INO80E,0.4922989269659597,-0.03963231704676164,0.19318640097701306
INPP1,-1.7479209209620086,-1.6660502531504706,-2.0664572212077728
INPP4A,1.3215698226653352,0.5069970063198331,0.9002079030653003
INPP4B,1.4581964453875793,1.3937750526069697,0.5020898359271392
INPP5A,0.4975046043961072,0.7147219700524382,-0.37365763269702057
INPP5B,0.7335775508064699,-0.1787050837455471,1.0200030812994128
INPP5D,,-0.6280652422893854,0.013566053184201567
INPP5E,,-0.4829751534209758,1.2964263960038847
INPP5F,-0.5061236246503001,0.04287687375561628,-1.776707631787317
INPP5J,,1.4823836096346064,0.4753381079580127
INPP5K,0.5388560000252056,0.7802160999095304,-1.5033763081708797
INPPL1,1.0446442635284947,0.6514917084702906,0.32936192827240707
INSIG1,1.20547440946564,1.464782333726824,0.13702602711292652
INSIG1-DT,,1.0283626335248195,0.736353930119425
INSIG2,-0.15828707480529364,-0.31944475165947583,-0.7859441965145982
INSR,1.7049981822697169,1.10535875697156,0.2443298773357073
INTS1,0.35051378510310954,0.7001495980502674,0.5488143048299828
INTS10,-0.7011109007749599,-0.8048715513494953,0.6949740609719885
INTS11,-0.9886598725117438,-1.098747669943992,0.1640862332842243
INTS12,0.7102681024066964,0.2793227797332382,-0.7380846373581856
INTS13,-1.351381471564334,-1.337056496625796,-0.4491307459381357
INTS14,-0.20393861350830741,-0.43910781437576063,0.06164963122871022
INTS15,0.19196175474453284,0.3164137772905852,0.11878969592599384
INTS2,-0.40817944402766915,-0.11316360683135103,0.7557659468951315
INTS3,0.43081152304746967,0.3537536731078789,1.3843027095503262
INTS4,-0.16271917360486357,-0.21193237445172874,0.1763205828129065
INTS5,0.5846983344357871,0.5410884542561211,0.3539298430892713
INTS6,-0.564868033745703,-0.3950961230180673,-0.4240527271109634
INTS6-AS1,,-0.5513330675063245,1.328069520879226
INTS6L,-1.0679777541982807,-1.3975908971575912,0.20413994862077886
INTS7,-0.7215750054793661,-0.9015534066108682,-0.43583215987083657
INTS8,-0.22207749100143812,0.05351515722916521,0.9690272977476608
INTS9,0.5319459429613241,-0.21359037759915434,0.17192092042743579
INTU,-0.48814397593386516,-0.5286207769116056,1.9046543625707364
INVS,,-0.2806338708618953,-0.25813610979556867
IP6K1,0.3864988700083507,0.15824525631090205,1.2239100297810461
IP6K2,-1.4575299783589712,-1.2888732324660594,-1.1180871699869557
IP6K3,,1.0006427201378065,
IPCEF1,,0.568184831972719,
IPMK,0.9456501512948721,0.9573102343574392,1.248998385226932
IPO11,-0.016465964211539463,-0.08276016084723146,1.3818510569996794
IPO13,0.2619170521026456,-0.08239873108976874,0.698817219634427
IPO4,-0.703173495799671,-0.2235509058996635,0.7495134332013941
IPO5,-0.5635179755816877,-1.2545103674033693,-0.22650872666493008
IPO7,0.7905364987791896,0.21709254139686093,-0.5512252771496496
IPO8,0.5716338609039787,0.33331135738078954,0.15816915092115064
IPO9,-0.20629039737509539,-0.8750984628696209,-0.8142283783532631
IPP,-0.18891329703176182,0.6468225399161311,0.6503222852821355
IPPK,-1.0269252301088532,-0.7780204175819466,-0.7442838816180276
IQANK1,-0.8705229202414348,-0.46885638307017274,1.6102827674960623
IQCA1,-0.9189772202157213,-1.6269367167889874,1.4714829571692591
IQCB1,-0.4156996932662359,-0.30224425323001375,1.1503493803760079
IQCC,,0.03440583846780765,1.589950064644918
IQCD,,1.0089971473087063,1.8646040752132702
IQCE,0.22042556940280547,0.3564391542023778,1.65381077922913
IQCG,0.4305588609565555,0.4775180846254407,1.8253416486331475
IQCH,,,2.653442747840207
IQCH-AS1,0.8638150827630477,0.36739972131735216,0.2921861277967591
IQCK,0.8198343974745995,0.47893150880731494,2.1203713074512978
IQCN,0.4014309126510214,0.20861811037537717,0.723076000396926
IQGAP1,0.10971921321278376,0.43217686101949987,-0.186663809273862
IQGAP2,2.4307740905733755,1.6880978795491972,1.3012438942967328
IQGAP3,,-0.27427018681051546,
IQSEC1,0.6360269716496816,1.0925113128528612,1.21519049294881
IQSEC2,1.8883405410356726,1.8792541405605903,1.1240916597762791
IQUB,,,2.217213012672552
IRAG1-AS1,,,1.1294235992509376
IRAG2,-1.5938108321178868,-0.9864810462618666,-1.0999659375712938
IRAK1,0.2726566851957029,0.7887908999777279,-0.3399228715474374
IRAK1BP1,-0.6094683336893435,-0.6151745835919181,1.5800255200846327
IRAK2,,-0.38033998312383416,
IRAK3,1.664084498953396,1.7405378417566706,-0.004898721873303866
IRAK4,0.09652302168397787,0.25319832728303154,-0.8298128256997898
IREB2,0.07456552571661633,-0.5813565963942485,0.04334824592910524
IRF1,0.6917195632771882,0.44268051427838573,0.14787506001465467
IRF2,-0.36106298155153216,-0.5764586429014599,-0.14806554562910781
IRF2-DT,0.8752418036135713,0.3581668920974658,0.9681237665476644
IRF2BP1,0.3573785240127356,0.056220723729319945,-0.46817808042518244
IRF2BP2,-0.45673151895952413,-1.3304814988847822,-0.4545559336884803
IRF2BPL,-0.52850043663797,-1.3942509236704097,0.11859995239898818
IRF3,-0.7699302051669771,0.10501073042460715,0.014885068118530655
IRF5,,0.5158232386700929,1.1584198953051685
IRF6,-3.219047086605289,-3.0130247130204455,-0.8881243935030244
IRF7,0.1377985472649866,0.05405623855753123,0.37062882327346525
IRF9,0.09490364126810572,-0.13566996105404386,0.41952205974327944
IRGQ,0.8022364955270568,1.1548109788371685,-0.15931395413204733
IRS1,-1.1212165842196176,-1.3187893493386593,-1.2585081054069223
IRS2,0.9649120132609141,0.7753418885773183,-0.3974029305654435
IRX1,,-0.367592402616621,-0.4347964769687869
IRX2,0.5656785629522179,-0.05135098699416637,-0.26886486665364046
IRX2-DT,1.2424894233648258,0.7275690620273471,-0.5357190495493437
IRX3,0.9685865978091699,-0.38518468508409104,1.081860560550305
IRX5,0.8012837669313573,0.405242031640968,0.6419649034735032
IRX6,,-0.5849858013236909,
ISCA1,-0.3038645954152992,-1.0228773135701745,1.0872887921649
ISCA2,0.3331797247241047,0.4988218809245984,0.9714405909787095
ISCU,-0.5155692959909176,-1.0753357017982224,-0.041839584859689305
ISG15,1.0631026216168604,1.6128908942587912,0.5770723834944987
ISG20,1.9926275071116537,2.226070133078294,0.6636486477858958
ISG20L2,0.1868038559608411,-0.1992400004570943,-1.175167171545613
ISL1,-1.2535275468361586,-0.48662119610592036,-1.1409070653951496
ISL1-DT,,0.4339571109388513,
ISLR,,-1.4106220525028568,-1.208906581867243
ISOC1,0.04803242672640772,0.04359794645629782,-1.156579069677345
ISOC2,-1.0277058933974847,0.10319994668715483,-1.1159775372919545
IST1,0.6281532734640795,0.10754640759159712,0.1715384995393214
ISY1,-0.7962147740918193,-0.9102403105106736,-0.9178658236657495
ISYNA1,-2.2444295468711672,-2.1621340393639796,-1.0200030812994128
ITCH,1.0786285914965394,1.3339809871768504,0.3637760404473184
ITFG1,0.2616787409487739,0.6204057928157382,0.08885867356016224
ITFG2,0.2569156181300929,-0.384215024806588,-0.4331403533231347
ITFG2-AS1,,0.5356755782035577,0.8213354834227761
ITGA1,,-0.6099601550856159,-0.4895196555356154
ITGA10,,-0.23760733766155046,
ITGA2,-2.126754164828312,-2.390777016962637,-0.8909228978440138
ITGA3,-0.9424140291083241,-1.4283785539394716,0.02656916491282583
ITGA5,,0.2641858298872465,
ITGA6,-1.7405419807088065,-1.0740522752374588,-1.375030243886798
ITGAE,-1.0844146681195723,-0.7912515055937563,-0.5536394578938335
ITGAL,,,1.3706789964340127
ITGAV,-1.360040273835104,-0.7914978296027335,-0.5057264361892465
ITGB1,-1.1466197388509112,-0.7999016482905057,-1.2677121011477634
ITGB1BP1,-0.9756045878031507,-1.372679547206644,-0.6096516282963
ITGB2,1.949269857713545,0.8590988882715787,0.3099295221486299
ITGB2-AS1,2.021977404119757,1.2299666740315254,
ITGB3BP,-1.2494960614321315,-1.605658789320783,0.3986265842255242
ITGB4,-2.754418626409173,-2.824052569072782,-1.4714829571692591
ITGB5,-1.4030968342061083,-0.4610307434670041,-0.6664691989432986
ITGB6,-0.08889094410933078,-0.7372246034831985,-0.6371104281706377
ITGB7,,0.4626336870689885,
ITGB8,-0.7649839183822698,0.02900012359196428,0.6151060812309553
ITGB8-AS1,0.5396549662420504,0.6190964035857124,1.0260442737741582
ITLN1,,1.4737926289962517,
ITM2A,-2.256012938346499,-2.1734607995802424,-0.9591315395209948
ITM2B,-1.26216278770942,-1.5464319314517736,-1.4252359911895471
ITM2C,0.27743989474093134,0.6217162465968988,-0.9726493616557597
ITPA,0.2678797056996841,-0.109358028070026,-0.7560166614106059
ITPK1,0.8000145923183777,0.6032492850810963,-0.07619195124949954
ITPKB,-0.03443408212666051,-0.817635820460225,-0.8319414881320583
ITPKC,0.1417517867661925,0.07192175626652862,-0.23231179636585203
ITPR1,1.18199630794416,0.9593056308549829,1.194170436692208
ITPR2,-0.10832928023233929,-0.11733350498701228,-0.6398825679895893
ITPR3,0.4371370722551581,0.6320187538120519,-1.1194963607867017
ITPRID2,1.128586951766788,1.3119448986930853,-0.6498567981458291
ITPRID2-DT,,1.206142345875765,
ITPRIP,-1.151521671439921,-0.7490935315678079,-1.0111675172233736
ITPRIPL1,-0.31521908669414783,-1.6433924196426453,-1.80287979001749
ITPRIPL2,0.20629039737509552,0.9894150305707419,-0.7304367343295919
ITSN1,0.12525516791590505,1.0247023278796987,-0.15759682713474138
ITSN2,0.21618052015457806,0.23834842757956354,-0.27962466198167324
IVD,0.7481216724208805,-0.44089346087089454,-0.020538311081044428
IVNS1ABP,-0.03259078467098804,0.25412826845319275,-0.06467023725089513
IWS1,0.07826082524064153,0.7175148552021564,0.34972058096133346
IYD,,1.7504526623829344,1.226304296282128
IZUMO4,1.6028975229859492,1.2042807002873297,1.0617827215505102
JADE1,0.8240310581786567,0.16956249810812785,1.4681534792128974
JADE2,0.1152810926737823,-0.522830646298687,-0.20587166350243863
JADE3,,0.5131506339515203,0.4217863111777514
JAG1,-2.2801312024849465,-2.5737973689628397,-0.9256456019028186
JAG2,-2.5084334766654868,-3.0884872436873962,-1.0717676344117468
JAGN1,0.05887124387126943,-0.010806195112082738,-0.20510193653243966
JAK1,0.6340548665145379,0.7702437127384599,0.18915678866749727
JAK2,0.09328450968879243,0.19501643247602912,0.8001360258444429
JAK3,,-0.2947120937501289,
JAM3,,-2.2981224456089344,-1.3285247567619545
JARID2,0.3917151179832697,0.823183248151859,-1.2990503846105843
JAZF1,,0.249480742666644,1.6377529448036459
JCAD,,,0.806901227682929
JCHAIN,,1.0663885750479511,0.47660416524570265
JDP2,0.44602238692558166,0.1713898572970167,-0.3261809780869417
JHY,,-0.3245661994747558,2.435219901276475
JKAMP,-0.6961141071560496,-0.026297593780162654,0.8364774634308177
JMJD1C,1.1537589955355838,0.7168161098945801,-0.05410051595509961
JMJD4,0.7209776125546987,1.1583264236569222,0.27160072244805417
JMJD6,-0.6952341249730289,-0.7668560252131982,-0.7739409285287766
JMJD8,0.3922124575930669,0.6311393437719341,0.6718901398442306
JMY,0.35002408191465806,0.6568453570980005,0.35473231649239667
JOSD1,0.35467967137005263,0.23501454746541578,-0.5059405618058048
JOSD2,0.3024179321621891,0.835375622500964,1.2639338851671993
JPH1,0.17439811540529207,-0.2582226333118768,-0.5954189829928879
JPT1,-2.29270574156014,-1.4564093434641747,-1.102730269774337
JPT2,-1.0018858781688509,-0.18438094890484297,1.4964132408531818
JPX,-0.5503411008028615,-1.089898150969546,0.007913370889682369
JRK,0.7680731459785943,0.6773187059583817,0.6690593696635628
JRKL,-0.2516829023345992,0.10790870326102497,0.644281879419313
JTB,1.4224624210894121,1.9312191536970558,-0.11366809887827015
JUN,-0.15059655064638366,-0.11479506777565823,-0.34751820451080595
JUNB,-0.798746705065758,-1.7094432525550651,-0.6461379531047876
JUND,0.28870568143164327,0.6604249343911984,0.31428146281651437
JUP,-0.926732907350043,-1.3512797565218486,-1.9790962431981316
KALRN,,0.6941788522357488,2.0311189019153395
KANK1,-1.4211968800517187,-1.8535590520135825,-1.136223833164496
KANK2,1.5065553599934798,0.4955611729896651,0.19241861589051726
KANSL1,0.32564292190387517,-0.49535755394142117,-0.14844653298325708
KANSL1-AS1,1.0931624920077438,0.6492665296566398,0.39740293056544373
KANSL1L,0.7248652833326529,0.3587430421462964,1.7202453471064052
KANSL2,-1.1759977529249048,-1.7438237594884582,-1.8057582887915835
KANSL3,0.6108553286823547,-0.4044601077399775,0.18417198944798754
KARS1,-0.7490359237675056,-0.3620101493402471,-0.6224072977833565
KAT14,-0.28606577451936616,-0.3526035342888287,-0.06127209558840463
KAT2A,-0.5187280611245483,-1.1743261677420782,-0.6258411743707101
KAT2B,1.3008975548375346,1.1664667619018876,0.22109940559480454
KAT5,-1.1190603876645058,-1.3068516119904328,-0.2717962182881998
KAT6A,-0.03051720707614991,-0.1213240122265034,-0.10040342227370262
KAT6B,0.5087428599149512,0.62412152331326,-0.012247061851685274
KAT7,-0.634899752045559,-1.0144052425507173,-0.14597049778080876
KAT8,0.1701910387613064,-0.7033749699715299,-1.0545272059956519
KATNA1,-1.735328758465164,-1.800982077761262,0.3381268617631086
KATNAL1,,-0.5843447946289826,2.0696549716785944
KATNAL2,-0.9630795983549711,-0.8666775759761217,1.264771928970323
KATNB1,-0.7462950427955358,0.21432745612725906,1.69514400673114
KATNBL1,-0.6295564238874597,-0.11932852108089448,-0.5542984306332855
KATNIP,0.7971636492792631,1.0391180863273162,1.56574512195149
KAZALD1,,2.527251807420331,
KAZN,-0.8217695193053044,-0.4311884251701936,0.6816029040309249
KBTBD2,-0.4079291685359265,-0.8193981751316715,-0.3105226212359356
KBTBD3,-0.3969420461291313,-0.13058227857494803,-0.616016934153227
KBTBD4,-0.4757291647674185,-0.07571417174846663,1.060790044140741
KBTBD6,-0.11134106982821367,-0.7646828666948716,-0.07033548610770454
KBTBD6-DT,,0.35183703421652107,
KBTBD7,-0.09074065242678098,-0.41916301933714956,-0.7238103067879008
KC6,,-0.7505248872127054,
KCMF1,0.27528667144598423,0.42211440427175967,0.13892816388593057
KCNA1,,,0.9814558226132641
KCNAB2,,0.37299305348688233,1.2391941623662441
KCNB1,,,1.5980039743096914
KCNC3,,0.4829751534209759,
KCNC4,-2.626147555942903,-2.527251807420331,-1.7605044770656344
KCND3,,-0.21248497721205153,
KCNE1,,,2.9993060877722817
KCNE3,0.9175730285440852,2.060262286763974,0.518615549462353
KCNE4,,0.1836482492172198,
KCNG1,,-1.2959309315560223,
KCNH3,,,1.994004768758096
KCNJ1,,-0.2681042760711336,
KCNJ14,,-0.32077172467973053,0.05428920447509877
KCNJ15,-1.350234596227337,-1.734021819262257,-1.9210898195429418
KCNJ16,,-0.841261991996201,0.5578170298816199
KCNJ2,-1.3866486672465343,-1.2749472294453759,-0.08999367263295033
KCNJ2-AS1,,-0.059828789449350994,1.2672914055976403
KCNJ5,,-0.16864903117990915,
KCNJ5-AS1,,-0.7315642993913316,
KCNK1,0.8745664854497858,1.6076228516874345,0.45790116260559044
KCNK15,0.6618948926540092,0.8287561249024061,-0.9869603911340408
KCNK5,2.0149141737180756,1.267271582400864,-0.5804138042289974
KCNK6,-0.06510084589530135,1.4642560086524627,-1.3091928550688774
KCNK7,,-1.0317300591687824,
KCNMA1,,0.4329679137773847,
KCNMB2,,,1.6560338058700752
KCNMB2-AS1,,0.18511374759055094,
KCNMB3,,1.2474210875207468,
KCNN3,,,1.2514682781760569
KCNN4,-0.08426798963215608,0.5008625176960954,-1.2498208358289373
KCNQ1,1.3612025092781967,1.0889201318048412,-0.6433546746467386
KCNQ1OT1,0.3041057677151067,0.5629015276175159,0.12543346399969424
KCNQ3,,1.662453399074649,
KCNQ5,,-1.2307344817121533,
KCNRG,,0.7073013590610525,2.2886685621719787
KCNS3,-0.47263695928308813,-0.8764198348019845,-1.5973288491992936
KCP,,0.7738832152039906,
KCTD1,-3.0871096921140215,-2.887767307902705,-0.33812686176310847
KCTD10,-0.017617545483382464,0.02143351082073371,-0.11309921900128622
KCTD11,-1.095257670115957,-0.37763085154869175,0.6870797544747655
KCTD12,-0.4280337479753999,-0.4510389335023485,1.3740610505788418
KCTD13,0.09837405240472454,-0.07697854957626077,0.5307235808725594
KCTD14,2.029142974045665,2.2735707270130736,-0.8723037472348064
KCTD15,-1.9008123471389324,-1.7563167193590934,-1.4609949145620877
KCTD17,,-1.4737926289962517,-0.07109101924120159
KCTD18,0.18141681347549196,-0.3579748685082913,0.8006551238979225
KCTD2,0.653603918813914,0.8803931662887506,0.0062176237245647435
KCTD20,-0.3461094654408346,0.6734726472723662,-0.11803074740874954
KCTD21,,0.9437288370229282,
KCTD21-AS1,,-0.1296741232140144,
KCTD3,1.2345558044183107,1.0213590667335295,0.13075245361836568
KCTD5,-0.672250906343163,-0.23686637821792042,-1.1312080641727866
KCTD6,-0.05725654448026827,-0.779727845710737,-1.6034313838708965
KCTD7,,0.30960465223827677,0.7908288081713353
KCTD9,-0.06948614056242783,-0.4845948213549346,-0.46943986145411376
KDELR1,0.8796411419459539,1.6926072581699054,-1.040827742227065
KDELR2,1.9959921926341724,2.6815297776360176,-0.725280091853511
KDELR3,2.6119320208048378,3.626402185100124,0.6468345546728598
KDF1,-0.7643669488982442,-0.3417002026117844,-0.7420488696278987
KDM1A,-0.300971901543347,0.06632530272366054,0.6507879133718298
KDM1B,-0.07756787669404527,-0.018911600628184595,1.7887067425045362
KDM2A,0.3280721075316511,0.1037431460085913,0.6080641639773341
KDM2B,0.5401878018010714,0.261016725513674,0.8616037761955795
KDM3A,-0.5888014279757405,-0.5156175230762029,0.9033201916599023
KDM3B,0.949257497438222,0.4179834883767782,0.8676274461700164
KDM4A,-0.08288145889521273,-0.5830635008309544,0.864064214939073
KDM4A-AS1,,-0.3327402505767196,
KDM4B,0.39295864899191746,0.8173842628120358,0.535936546490388
KDM4C,1.0402827761646651,0.9113310056045644,0.21453961491855703
KDM4D,,0.4978023414887321,
KDM5A,0.26525497722694563,-0.1362152759095387,-0.0873455192527046
KDM5B,0.9715357086708037,0.41523350607267123,0.2522966388565544
KDM5C,1.2739977408590115,0.6239027127366161,0.7934072479335955
KDM5D,0.5263832419290108,0.4548304646826965,0.16867113838096295
KDM6A,0.41118475038461294,0.6579630690083128,0.040142454806705426
KDM6B,-0.3753563027296253,-0.5379637168338515,-0.3481186850344524
KDM7A,1.723005890563192,1.358948355329166,0.5459690796399002
KDM7A-DT,0.6521789863427861,-0.038010197269155915,0.303018021790938
KDM8,,0.04341767617058312,1.100311019341881
KDR,2.513822847992527,1.9723453417822534,
KDSR,-1.6146572811938542,-1.8436150678713976,-1.489521979407661
KDSR-DT,-0.09814265526087741,-0.3200133853704591,1.0453724341524513
KEAP1,-0.7883351560042129,-0.9414821657252812,-0.7279787761982972
KEL,,-1.3476983449423519,
KGD4,-0.5016788684035014,-0.8541601894508403,-0.19491433460686236
KHDC1,,-1.381511602442719,-0.8761691889782202
KHDC1-AS1,-1.6558648260626199,-1.8111022975245041,-1.3539992388059092
KHDC4,0.2485940883234824,-0.18181693035955043,0.06297107552582157
KHDRBS1,-1.3479461583303864,-1.6050054762519421,-0.350722221561022
KHDRBS2,,-0.771940874709501,
KHDRBS3,0.23058277231005672,-0.45622899155284014,-0.6561528279669743
KHK,,-1.638546898653198,-1.3716436971710784
KHNYN,0.309416063228301,0.4957648125863044,0.05636490725332151
KHSRP,0.0641777882981864,-0.21783017700728843,-0.2671071655914322
KIAA0040,-0.8732170441890009,-1.2435095433119323,0.3275722358040578
KIAA0232,0.6780354821823588,0.790020604880241,1.1740404263685758
KIAA0319,,,2.1613609458755514
KIAA0319L,2.060820527376091,1.9151942178590702,0.627216791692583
KIAA0513,1.708952183716487,1.8157643772482763,1.0350159655075666
KIAA0586,-0.15875346361636822,-0.39237151024351,0.7633081962266932
KIAA0753,0.6396960341396771,0.07138006832975635,1.2765990528506983
KIAA0825,,0.8674644193392881,1.7849872843024515
KIAA0930,-1.1578007981017604,-0.752674808849976,0.045045607744954266
KIAA1143,-0.27385189861148657,-0.5751831917685788,-0.7885126996806888
KIAA1191,0.347821454025937,-0.8661533117058108,0.20029387612811927
KIAA1217,0.22585559626906293,-0.5265508481677929,-0.49334634174073577
KIAA1328,0.48684728342453343,-1.3694524716226941,0.10210784221076476
KIAA1549,,1.4590149239702281,2.0538731202077587
KIAA1586,-0.8806587930368044,-1.3344195732284403,-1.067760893643618
KIAA1671,-0.21193936302112734,-0.6559517780814201,0.4602039812504814
KIAA1671-AS1,,0.4351447084048955,0.7767401621554476
KIAA1958,1.8386795467489212,1.0673431102210746,1.3803840432932781
KIAA2012,,,1.8820323047175718
KIAA2012-AS1,,,1.0456978815856492
KIAA2013,1.0122097855390377,1.2376776526787405,0.7189222677780646
KICS2,-0.25501200589455064,-0.18145073994488473,-0.40966663154653293
KIDINS220,0.6169721422410126,0.08655583519502487,-0.4285921157896929
KIF11,,-0.8361417659628778,-0.4401871532817151
KIF13A,-0.22963692818244197,-0.4440714224647382,0.8695506788504835
KIF13B,2.530444098786424,2.46255541072584,1.051574988339673
KIF14,,-0.6734726472723661,
KIF15,,-0.8420319284196188,
KIF16B,-0.31328357550810826,0.5555311669267985,-0.5085118830409182
KIF17,,,1.4067521294618315
KIF18A,,-0.37029137801205747,-0.12809250581468593
KIF18B,,-0.046482467716343234,
KIF19,,,2.4940976162568935
KIF1B,0.4759870535946054,0.5133560886066924,0.09718475398606977
KIF1C,1.5752254716458327,1.8974625229715074,-0.5016624377469923
KIF20A,,-0.7339199012464733,
KIF20B,-1.4049479793566446,-1.909588370463012,-1.3649173965733845
KIF21A,-1.5626105080101955,-1.100395933806293,0.7849182462495145
KIF22,0.1384960195387348,-1.2549060677394166,-0.1153749599938461
KIF23,,-1.1935644961414198,-0.4980332405056332
KIF23-AS1,,,1.6575203826018248
KIF24,,,1.7613925899616745
KIF26B,,,0.916144519013035
KIF26B-AS1,,,1.5721964824503076
KIF27,0.04226947757793821,-0.09849347720391291,1.80287979001749
KIF2A,-0.048262976602290154,-0.8136170830802999,0.7038770891045243
KIF2C,,-0.7464733568404202,
KIF3A,-0.4521355472120001,-0.19960743417437316,1.8550443208817664
KIF3B,1.375295137984929,1.6069674753125611,1.5932933059406316
KIF3C,,-0.7500475979378216,
KIF4A,,-0.7462354133331993,
KIF5B,0.8073300708657558,2.215467712119951,0.4988865775474473
KIF6,,,2.520290646885709
KIF9,0.19102357905411246,-0.043778218158842246,1.6515958955506036
KIFAP3,0.4536664720891527,0.1383969421054937,1.578713949623553
KIFBP,0.2044088796372675,0.3510707408006382,0.20452472106604783
KIFC1,,-1.019237467870142,-1.1184392594774741
KIFC2,0.6964075543461513,0.0773398229001496,0.31745024869093724
KIFC3,1.0398872580696616,0.2261368496942944,0.7408087968249243
KILH,,,0.8797702866321341
KIN,0.27552585527722695,0.07354694734651762,-0.2923827618041066
KIRREL1,,-1.3961575726334288,
KISS1,-1.2992890800873496,-0.8942764083467536,-1.3862700393148586
KIT,,-0.4211302019626317,
KITLG,-0.4295484872028223,-1.0521854569969293,-0.7462736846175404
KIZ,-0.47109255144790807,-0.20806595673141628,0.7952152984281635
KLC1,-0.9123233422693019,-1.081456321013212,0.023176704784090077
KLC1-AS1,,-0.3795656615155596,
KLC2,0.05495008895024883,0.6430530426781261,0.2602794459776956
KLC3,-2.0588991091455617,-2.057263661238294,-2.6598649962670606
KLC4,0.29832247664620687,0.6676096227532969,0.7031531493828992
KLF10,-1.3548328074206437,-1.74053784175667,-0.782356976982718
KLF11,-1.5929912689073047,-1.4786116238133262,-1.4047278365996347
KLF12,,-0.753392222707811,1.2275040700197
KLF13,0.37017242757304597,0.027018248801930794,-0.42528987194211126
KLF15,,0.6412823216020782,0.10551757718382761
KLF16,0.18001236979270496,0.3113055759136718,0.23599111196118397
KLF2,0.9299217986821456,1.0905507433416148,0.5699654342242397
KLF2-DT,,1.2196714398742103,1.4108180997356758
KLF3,0.14082141573410972,0.6441607677565674,-1.2808665914370136
KLF4,0.06071680281884065,0.7455218361509062,-0.3315507643701845
KLF5,-1.0696084495682423,-1.1422719490632707,-1.6020701033397016
KLF6,0.7414361528092668,0.7006099189866009,0.3511229762900813
KLF7,-0.012781043348999094,0.13785146420375904,-0.38094084476568446
KLF8,-0.863815082763048,-1.0885943567871135,-1.4118382444903408
KLF9,0.2997673567111052,-0.47066636728708583,-0.6219500024652305
KLHDC1,,-0.3820830416798066,0.3154693860255152
KLHDC10,0.1494321075362898,-0.22613684969429426,1.3367665303226217
KLHDC2,0.8292161897844899,0.6164808029180012,-0.5274727950595842
KLHDC3,0.5594739429820883,0.10827101309490403,0.16217687924691943
KLHDC4,0.365737014975429,0.5961351770107677,0.1315126078320096
KLHDC7A,,2.1438509174643965,1.5852991749357246
KLHDC7B,,0.5894796058663382,-0.23657234739712668
KLHDC7B-DT,,0.6195327486243073,
KLHDC8B,-1.0110573628988726,-1.1299099892629285,-1.1485255937060739
KLHDC9,0.2978409884739808,0.7868258490017547,2.063280462931068
KLHL11,,0.36489610228743835,
KLHL12,0.12154248133144427,0.11135122545394886,0.20991474307767943
KLHL13,,-1.8000711543562335,1.409799421103339
KLHL15,0.1461727393154999,-0.06740831972891521,-0.5014487730212406
KLHL17,,1.1080167622360966,
KLHL18,0.9756045878031507,0.9333775067578384,0.11841021314179383
KLHL2,1.1320766638570656,1.53932623170988,0.1780431146247627
KLHL20,0.5436549830635287,0.09252300803440278,-0.7031531493828993
KLHL21,-1.5970998380346313,-1.0012371474263932,-0.26593582351279543
KLHL22,0.3879881475840476,0.2789482705393555,-0.23967362504128467
KLHL23,1.5426263886283706,0.3937334512698752,-0.6304311932125902
KLHL24,1.6913650101909394,0.4207366352842184,-0.009420720655015119
KLHL25,,0.6550587225247805,
KLHL26,,-0.5211795461024158,-0.036937076180173244
KLHL28,0.1643528535572373,0.11624551169902118,1.1452523698232577
KLHL29,,-1.940603692666873,-1.423677023061352
KLHL3,,-0.5178815975400023,0.4512157837972625
KLHL32,,,2.050777342612582
KLHL35,0.7622098425800599,0.7680649015557957,-0.6589594191792086
KLHL36,-0.2896661456805141,0.23445915564837297,-0.14501841561645154
KLHL42,-1.1654873616167305,-1.5756662270761237,-1.9295060498448549
KLHL5,1.8001181493978973,1.6546151589505806,0.8375472541192841
KLHL6,,0.6497113079580371,1.5498956394272418
KLHL7,-0.6281532734640797,-1.1544602187325943,0.6842197065026413
KLHL8,0.6058676176660416,0.48479736917344324,0.4675474694445242
KLHL9,0.82467798649399,0.9007424967072691,0.336730719220985
KLK10,1.4854039887512889,0.2623213315693376,-0.9768912976016361
KLK11,2.238748952953009,1.458493015407681,-1.1617433103163988
KLK12,2.31562453321616,2.0945378002639927,
KLK13,1.8761557236377728,1.1576221899529844,-0.7522609155304029
KLLN,,,1.1170317322137135
KLRF1,,0.7763152546173993,
KLRG2,,-0.07047730156462878,
KLRK1-AS1,-0.9098820754256254,0.4684543730704362,0.613740757756613
KMT2A,-0.08681038540712392,-0.46604389937222235,0.08545435715453084
KMT2B,0.3193359820899701,0.19924000045709417,-0.03882254494623456
KMT2C,1.2505020279626207,1.2181571812991547,0.007159702963512028
KMT2D,1.4622089172803956,0.7956927145366541,0.1663782486450065
KMT2E,-0.17580115683287045,-0.3789850696460306,-1.065431524107401
KMT2E-AS1,0.46800709897067394,0.07914634189250613,0.3399228715474374
KMT5A,-0.8016012622808987,-0.4424818830651122,0.06467023725089513
KMT5B,1.1160504242131646,1.0024270646110909,0.7537619378247576
KMT5C,-0.6662012112248833,-0.3780177002343327,1.0203201105082278
KNDC1,,,2.2397796520403417
KNL1,,-0.7369882865591932,-0.5602400765299282
KNOP1,-0.6596032035268851,-0.0027014994865301144,-1.4923847280803675
KNSTRN,-0.5605514546205049,-0.7052213281031927,0.050138491571336444
KNTC1,,-0.8297721412534159,-0.43045168158460484
KPNA1,0.6987572953666422,0.9417627396588011,0.9346476111839833
KPNA2,-1.2380171758103,-1.1718175938129463,-1.0080310275949125
KPNA3,0.3200630532225518,1.2955139845270098,1.1815804389846485
KPNA4,-0.3082084168714198,0.012427202381766603,0.05315710211207744
KPNA5,-0.10439226402734669,-0.3272251118265509,1.0798331726694688
KPNA6,0.29735956934059066,0.26474535822329986,0.3837786498496346
KPNA7,,,1.5631827293198834
KPNB1,-0.3475768219221073,-0.255244488099406,-0.5253086992490976
KPTN,-0.9543286356395406,-1.1405445793503652,-1.5181215309082254
KRAS,1.5403598239425165,1.9710872602562812,-0.3204238826178226
KRBA1,,0.7620316779446819,-0.06788027843735998
KRBA2,,-0.20144500809001284,-0.11765129867069277
KRBOX1,,-0.46283413854130345,-0.3549329705209872
KRBOX4,0.14989786037789798,-0.6028172604533438,-0.2862923206490463
KRBOX5,0.10138269921913885,0.49433976648583705,0.08621078494020269
KRCC1,0.3348841905609571,0.30771578678448563,0.26105913698349464
KREMEN1,-1.486098380572178,-1.8348187615945637,-0.1663782486450065
KREMEN2,,-0.1447639382407706,
KRI1,-1.6155058509579359,-1.6135525550224288,-1.1216143250009054
KRIT1,-0.39445168892677757,-0.4734849688769769,0.34231925916269124
KRR1,-1.5336071810288394,-1.5554253302441696,-1.1344292104363891
KRT10,0.10346614464058124,0.9745394470688081,-0.8523554526922132
KRT10-AS1,0.6573149733063159,0.3820830416798067,-0.2297961837177655
KRT13,-0.9420550690619537,-0.39353884360528063,-0.7184344092156321
KRT14,-1.7436927629547503,-1.2572844071621196,-1.263515195948538
KRT15,-3.5624012304165564,-3.6264021851001593,-1.5767516712147516
KRT16,-0.9043222930009502,-0.4982100951123267,-0.794181808800059
KRT17,-2.3848144955890374,-2.6266922036280134,-1.3194718198354263
KRT18,0.2894260046003828,1.418951329907468,-1.0143139859621493
KRT19,-1.0450417482792147,-0.9236769278460399,-2.2538874858488116
KRT222,,-0.23723684165873704,
KRT23,-0.29134760190339537,0.8632741020709122,0.42611499681500253
KRT24,,0.2806338708618953,
KRT31,,-1.2660664456888715,
KRT4,-0.5495374723537448,-0.5658582326073016,-1.2938113034639604
KRT40,,0.06506188111101352,
KRT5,-3.740384327270873,-3.288873660235069,-1.7285785800042188
KRT6A,-1.2059507721657217,-0.5736963469521457,-0.8429106576811103
KRT6B,-0.2805523814473288,0.21912132483136273,-0.7260155721553488
KRT7,2.308951795469241,1.8677961727654229,-0.5328938893010969
KRT8,-0.81951217562982,0.3415092819903486,-0.39048005689867815
KRT80,,0.9956042918720011,1.0948053451218756
KRTAP3-1,,0.07119951034630459,
KRTCAP2,1.0390967095065742,1.2185354840245854,-0.1805321504736461
KRTCAP3,-0.5594739429820882,-0.5922674564531522,-0.8061187459737355
KSR1,1.5641738055375998,1.1391651299297403,0.5589180078880877
KTI12,-0.5538276103846811,-0.7455218361509062,-0.38661954893207817
KTN1,-0.4485674986034494,-0.39626471148306197,0.7625520214433132
KTN1-AS1,,-0.11914713647396498,
KXD1,0.11852715895581999,-0.013327775813540844,-0.30637320799632634
KYAT1,-0.8508452790862008,0.11805891093556424,-0.825037024014459
KYAT3,-1.030051650147688,-0.8758911025141254,-1.5229104201585935
KYNU,1.5540798743270199,1.2897002187734161,-0.9863472965904184
L2HGDH,-0.5105784024017865,-0.9894150305707419,-0.5589180078880875
L3HYPDH,-0.792426417479849,-0.8356309491537988,0.8605119207698959
L3MBTL1,,-0.8817207017095589,0.9900314456207078
L3MBTL2,0.6298372026838343,-0.14003362358065466,1.232723627407213
L3MBTL2-AS1,,-0.5000460131635376,
L3MBTL3,-0.22018962980307377,-0.16755305652287314,-1.4022055375231548
L3MBTL4,1.0935811436126053,-0.5350520273354006,-0.45622790996612506
LACC1,0.45826565113465945,0.5639569275290168,-0.227088687281634
LACTB,-0.14105399703339477,0.15788052900372168,-1.0913810858478061
LACTB2,-1.0359409884011384,-1.2652640416543561,-0.13208277334246324
LAD1,-2.0608205273760896,-1.7928369827022836,-2.3180799023382854
LAG3,2.053180017031827,0.39548559248147364,
LAGE3,-0.5893492553272377,-0.5292421970502766,-0.5405098643835374
LAMA2,,,1.157314929338709
LAMA3,-2.605017582921449,-2.2092238528751476,-1.6428163997065282
LAMA5,-2.161141274347037,-2.32414296366029,-1.558088514469194
LAMB1,-2.648519438411802,-2.489586095892309,-2.3236489336488306
LAMB2,1.0667565939125498,0.02809925776178018,-0.9931118659715952
LAMB3,-2.322401996613413,-1.6963915412965553,-2.0326034396183337
LAMC1,-1.206427408679187,-1.3331045840443976,-0.733885309776847
LAMC2,-1.2860138797150609,-1.1302510470181732,0.3864165243292133
LAMP1,-0.9144201925046493,-0.606926055680171,-1.2929415693639295
LAMP2,1.0458372135181697,1.3428019509658764,-1.1044622649715925
LAMP3,0.12641573422856772,-0.8148715245060747,1.074784018556285
LAMTOR1,-0.09606031592160306,0.016930184941866627,-1.2580922703235395
LAMTOR2,0.8718691911786033,1.2556980584368438,0.4808298935916209
LAMTOR3,0.7185906084249285,0.4385129101584033,-1.2038358335371142
LAMTOR4,-0.5583970805193073,-0.6166986083781079,0.002826178154866528
LAMTOR5,0.05172153948064166,1.0314234462369085,-0.05145907584609638
LANCL1,-1.3177193594647711,-1.4679488390940354,-0.18685553554035214
LANCL2,0.8047806732390002,0.6293819859581935,0.40905199636193035
LANCL3,,0.6994593946679625,
LAP3,0.00402995990270255,-0.0663253027236604,0.7975437619778887
LAPTM4A,-0.7087871202131668,-0.5822098365773707,-0.6846959920337177
LAPTM4B,-0.45290087696583253,-0.596350311540484,-2.1894680508006825
LAPTM5,,0.386736895608511,0.5967692433154445
LARGE1,,1.1928304894498014,0.5010215122250709
LARGE2,-1.4111535029633817,-1.776022119223069,-2.2261040030954327
LARP1,0.16575349970297754,0.25729171812635115,0.34992088098156376
LARP1B,0.9260255439506059,1.2855740682335022,0.15588016469027063
LARP4,1.0919076852605443,0.7785080225704851,0.47238693045023317
LARP4B,1.4737073456006706,1.1506111935617047,0.9158578987603627
LARP6,-0.6633289648446811,-0.4128788759077837,0.06750259086642504
LARP7,-0.4746979255624566,-0.410330606715713,-0.29769618276395093
LARS1,-0.5428542855626932,-1.0553233130040902,-0.06504785393000606
LARS2,,0.18584664569471418,0.5983459235823333
LAS1L,-1.328216579856099,-1.126166994237228,-0.22960273547592855
LASP1,1.140861836317384,2.1870378437695805,0.7321599336354007
LASP1NB,,1.1786438571957345,
LAT,,0.7712132475859884,
LATS1,0.6388485645466153,-0.38596067410662904,0.45079861955749295
LATS2,0.04711025263029135,-0.12350146306038816,-0.2647648461958526
LATS2-AS1,,-0.30243277531009083,
LAYN,-1.5618302892299143,-1.5021239696686597,-1.6061628939292198
LBH,-1.1618616037358822,-0.630260421560361,0.0
LBHD1,,,0.7545130860949119
LBR,-1.0919076852605443,-1.5196043954726846,-0.5130198115178454
LCA5,-0.2709840401212928,-0.6829929542171731,2.0093701316068016
LCA5L,,1.1333265022975043,3.3194392229799585
LCAT,,-1.1309335572357377,-0.2690602179575771
LCDR,,,0.8439862492567884
LCK,,1.2580787693392605,
LCLAT1,0.3268572736219207,-0.11533895578212401,1.222715523286179
LCMT1,-0.17135936585483474,0.1659094713929323,-0.48082989359162076
LCMT2,0.35026892300916934,0.08999109011670778,0.2778617845466018
LCN12,,1.7438237594884576,
LCN2,1.9648999775350067,1.61487799983506,0.2874702802073965
LCOR,0.1750995930330799,0.5392129798453774,0.632731186988132
LCORL,0.2060551678528607,0.44208467299657883,0.4271468111099824
LCP1,,0.8940077995866729,0.605572667506239
LDAF1,0.8305159581548098,0.37029137801205764,-1.0637712217479192
LDAH,1.04942502659255,0.7581849347453947,-0.4418483923715686
LDB1,-0.9927979031734624,-0.633999216364282,-0.9909545843871305
LDHA,-1.1778389492698533,-0.9217472278888889,-1.292072812194977
LDHB,-2.051288488831072,-2.493600022866043,-1.1191438547241614
LDHD,1.444988253443084,1.1040326782919838,0.6265288348322667
LDLR,0.5224198428792841,0.6649113444578071,-0.21222661157134784
LDLRAD1,,0.8664154140738537,1.7456146695784036
LDLRAD3,,-0.6503787165260415,
LDLRAD4,,1.3899793951114425,1.7063470888892258
LDLRAP1,-1.1927145974116113,-0.8076134879231275,-2.358674216844788
LDOC1,1.351381471564334,0.4064153824016061,-0.48273427164146715
LEAP2,-0.602550838521017,-0.7951984727341037,-1.048631907441484
LEF1,,-1.9916022642077031,-0.6964140398004112
LEKR1,,0.4079807212550616,2.155554602983071
LEMD1,-1.752180560057783,-1.2016813870110243,-1.729418533910447
LEMD2,-0.41068360875412097,-0.35989569981160424,-0.5886838682547132
LEMD3,0.10115123261167591,0.2589675265742572,0.39597608616220953
LENG1,-0.5050769029947645,-0.07354694734651762,0.7447810558609074
LENG8,1.527662990942355,1.0921842597054512,1.2295076286798816
LENG8-AS1,,0.3037527312937316,0.10741240207626651
LENG9,1.1569009861218,1.7372706102855278,-0.31863936396437514
LEO1,-1.149290096621471,-0.06289625596289923,-1.5016287092261058
LEPR,-0.7058298082198547,-1.1600895260827513,-0.929121318081914
LEPROT,-0.8779470780371913,-0.8191462544386888,-0.9690272977476608
LEPROTL1,0.753922551871152,1.1884398804011302,1.1351466208289505
LERFS,,0.33369215564418386,-0.05938454729937915
LETM1,-0.3448872375160271,0.2684776752587726,-1.3217249074878135
LETM2,,-0.2873843050825021,0.41130641635573506
LETMD1,-1.3485176058845831,-1.6337395466016722,-1.2383825080700386
LFNG,-1.5365997074445614,0.00666373994543836,-0.9949646498206718
LGALS1,-1.6733513282663317,-1.911823503575461,-0.4290052243459016
LGALS3,1.584853865097673,1.9550092357621374,0.611240630452972
LGALS3BP,0.10717116271004547,-0.08348305284424032,-1.4304577330449724
LGALS4,,1.4888993797269412,
LGALS7,,-0.34227303924655555,-0.5420368145993262
LGALS7B,-2.4677455615697803,-1.651085681475032,-2.4103995863405556
LGALS8,-0.07502738144294262,-1.2700907494378462,-1.0965222982523382
LGALS9,1.5464217027625684,1.4775377686881077,-1.0095980309103405
LGALS9B,0.0415780217804256,1.2976009769678316,0.2680835639517784
LGALS9C,,1.262462022168555,0.43231273706874657
LGALSL,-0.3227304321369581,-0.2694113371441529,-1.4843995786669855
LGMN,0.8776085675505229,1.4096485515804538,-0.05013849157133658
LGR4,-1.3149809441984983,-0.911603848807433,-0.45476486114844916
LGR6,,-2.1367340453166213,-1.8603342964621272
LGSN,,,1.0017876119017672
LHFPL2,,1.1265066145080407,0.5940698073684575
LHFPL6,-0.8038259969229191,-1.4194443609298144,-1.067427771940062
LHFPL7,,1.7315971824427454,
LHPP,0.3098992480522339,0.6761864743699079,0.3629709588744951
LHX6,,-0.15842762785578904,
LIAS,-1.2213413027923992,-1.3352975162259602,-0.7507615862204718
LIAT1,-0.04065611158161502,0.2431687237035811,2.0664572212077728
LIF,0.28055238144732864,-0.16116383692195999,-0.49675391435141025
LIF-AS2,,0.016029563888070496,-0.0735467844594173
LIFR,1.98102540682068,0.9496491432677356,0.8856116733838254
LIFR-AS1,,1.2884600696637054,1.3078622839968315
LIG1,-1.3957399006424525,-1.6674950491401574,0.35012119504163847
LIG3,0.4207262591670026,0.6252160248568681,1.0961786490934906
LIG4,1.6104317732097435,1.5657723327407291,1.3100811917298594
LIMA1,-1.079452961771858,-0.9794738909241851,-2.104581872027903
LIMCH1,1.9976830449328375,1.69487491460082,1.1262205937339966
LIMD1,1.9431489623826295,1.547623833390825,1.0130541949192797
LIMD2,-0.20934942509473586,-0.23316352229303425,-1.1888062067712877
LIMK1,-0.7551470224855427,-0.11624551169902118,-1.1262205937339966
LIMK2,0.8984454899671434,1.1070190936876005,0.38946357174541707
LIMS1,-1.5563951915377134,-1.6371695059594096,1.0968660769535257
LIN37,,0.27445719428086635,
LIN52,0.6530337867258006,-0.16645728308705182,0.5031587329798554
LIN54,0.1352417197141312,0.3896498071397121,-0.24588313435194245
LIN7B,0.7081951625283186,0.8229305433103249,0.6778049536326802
LIN7C,0.2724176893000174,0.023595256023940327,-0.42838558894136886
LIN9,,-1.0186321388818678,-0.8706511142836328
LINC-PINT,-0.26764101801818385,-0.6182240668887201,0.40168833627397615
LINC00115,,-0.05640110924362746,0.12239564355140005
LINC00174,,0.7531530416866387,1.3649173965733852
LINC00205,,-0.024496015156378226,0.8926053543190388
LINC00240,,-0.8018872323743458,1.1702953296866911
LINC00261,,,0.5985712850017929
LINC00265,,,0.7530112146043845
LINC00294,,-0.4060242033875318,-0.9627190884211848
LINC00324,,-0.5102765369249037,-1.0340507311006015
LINC00326,,0.877742738759267,1.2112574446280067
LINC00339,0.17860828108791998,-0.4994338534938733,0.4829459771852131
LINC00342,1.0558369376794219,1.5375618986503583,0.6366488810724251
LINC00467,0.9927979031734624,1.1990901675490866,1.2065623812760056
LINC00472,,0.03963231704676178,0.19914063447609243
LINC00475,,,1.286880626204212
LINC00479,,,1.0876291210845095
LINC00511,-1.4099080509941646,-1.125827503811033,-0.5534198537429174
LINC00513,-1.1272818472687773,-0.40016392821750185,-0.6001496673575266
LINC00526,,-0.42526660688561413,-0.16676033587042455
LINC00562,,0.2864459682887874,
LINC00592,,0.26717094149719667,
LINC00623,,0.8300262791948623,0.2788410539392174
LINC00630,,0.8374197636213617,
LINC00640,,-0.9786013753715322,
LINC00649,-0.4531560458235339,0.37647064422396176,0.3914969456726738
LINC00662,-0.4759870535946055,-1.2261384656560796,-0.4154107331747194
LINC00663,,-0.18108457386031634,1.147069310238983
LINC00665,-0.5447231222918366,-1.0628968955613964,-1.0064664955974216
LINC00667,0.18891329703176168,-0.37550419181110456,-1.196094583198054
LINC00680,,-0.12894767595609408,-0.45351159372797945
LINC00683,,0.3346443631740174,0.4008715019883719
LINC00685,-0.2726566851957029,-0.6158275619136386,-0.3158654592948078
LINC00847,0.5029851172055061,0.3840211361232854,0.5005943428717037
LINC00853,,0.7924836063148359,
LINC00857,,0.44705483955144226,
LINC00863,,0.4821657945968803,0.20106285181921413
LINC00865,0.4777931632679094,-0.14967962044268754,0.10798092444418195
LINC00869,0.8991352662889746,1.5639341994812885,0.44122528505483116
LINC00882,,,1.6235126767519021
LINC00885,-1.1066557096841354,-1.1931974124388622,-0.8937283970176603
LINC00900,,-1.3928242562020663,
LINC00910,,1.034493952549844,0.9343560424118676
LINC00920,,0.815373660230306,
LINC00930,,,1.0143139859621493
LINC00937,,0.947672017454749,0.5266068608423065
LINC00938,0.3934562314821221,-0.049547695932703195,0.31111582957483636
LINC00939,,,1.2477662910854055
LINC00954,,-0.4189663903851157,-0.10760190566568055
LINC00958,-1.5181172569509076,-1.1909982785680011,-1.6672736080340127
LINC00960,-0.6607486143221739,-0.5282066102126566,-1.1276427235399695
LINC00964,,-0.4799416834574373,0.9016214970232831
LINC00987,,-0.5488188687028264,
LINC00992,,-0.22853943764242393,-0.8892429594963425
LINC00997,,0.29527642079625616,
LINC01001,0.5516812721367155,0.3245661994747558,0.13360342516287008
LINC01003,0.9452900933436281,0.7443333836072727,0.21897609271442323
LINC01011,,0.19409872827462685,0.9256456019028186
LINC01023,1.5840458758327707,0.5306929730703246,0.8996429689306207
LINC01031,,,1.2727780479966153
LINC01089,0.4698064028624926,0.6036814223318373,0.5151701082335719
LINC01091,,-0.7177478481590811,1.1226751962458568
LINC01106,-0.45341124419015727,-0.5375474824293528,-0.9729517764434106
LINC01116,,0.008644895518853113,-0.368813170069574
LINC01122,,0.1580628900290026,
LINC01123,,-0.08402525045232496,
LINC01127,,-0.7675812164170315,
LINC01133,-0.5468612682399993,0.8865127537841072,-1.8875977234631889
LINC01138,,1.5139149156068656,-0.058252120305211604
LINC01170,,,1.0660964680205745
LINC01186,,,1.5217099238969287
LINC01252,,1.2680760304988559,0.9273820595751088
LINC01267,,,1.2564311013441274
LINC01273,,0.21746134441181342,0.6868412026882216
LINC01290,,0.8156248052012607,
LINC01315,-1.4930820533323397,-1.4894452208230402,-0.2953336335803917
LINC01355,,-0.04792487189248961,0.23831653417907317
LINC01392,,,1.0821988910519467
LINC01409,,0.5141781240786745,0.7220975312380649
LINC01415,,0.6653607209288539,0.9962017388978132
LINC01418,,-0.30752696071918795,
LINC01426,,0.5037229195945668,
LINC01431,,1.0934931741752085,1.352586984630192
LINC01436,0.2180667232326152,-0.5805037792399118,0.3429186628151519
LINC01451,-2.1805797346971767,-2.3784084137122674,-1.4998856844111481
LINC01473,-0.4680070989706738,-0.3840211361232853,0.04900663187013951
LINC01503,-1.7908840912983885,-1.4450605882758496,-1.175543084986628
LINC01504,,0.6841304416291308,0.8510015519558729
LINC01508,,0.3855726505733556,
LINC01515,,-0.3141424541221068,
LINC01521,,0.6955545140440589,
LINC01535,,0.42526660688561424,0.5933956250069421
LINC01547,,,0.9460814674404708
LINC01550,-0.31497708335570235,-1.1346968179658972,0.28570348990951194
LINC01560,,-0.11660816077572213,-0.5104425818388251
LINC01564,-1.6087495926319042,-0.9944224481070326,0.6219500024652302
LINC01569,,0.6298211430091597,0.6846959920337177
LINC01571,,,1.6802720853886193
LINC01579,,0.9673257141878017,
LINC01588,,-0.225952089470242,1.1430770197083275
LINC01589,,-0.2977229275201071,
LINC01607,,0.7336841579335134,0.9897239201289297
LINC01637,-0.34562051232751384,-0.20126122018816148,0.5549576441620804
LINC01644,-0.04595759125372474,0.014048242306649267,-1.3181231761037098
LINC01708,,,1.2890398144530537
LINC01725,,-0.8008940456373529,-0.6657635648034892
LINC01732,,,1.4533685012065818
LINC01750,,0.0012606985608811566,
LINC01752,,-1.236516315246839,
LINC01765,,,1.8135083131167458
LINC01767,,1.0594181268666725,
LINC01806,,0.35202863983861815,0.8948525680417382
LINC01836,-0.13059519459563762,-1.051559128064364,0.04693171775205345
LINC01843,,,1.536876677739162
LINC01873,,-0.18273251318395892,
LINC01876,,0.46483967809786014,
LINC01927,,,1.2155848326220176
LINC01963,,0.3411274780812028,
LINC01970,,-0.6752813128770475,0.36961997659481527
LINC02018,,0.4590287278725775,0.7673485269298944
LINC02019,,-0.28513272015936425,
LINC02021,,0.8889164287281585,
LINC02031,,,1.058807818790315
LINC02035,,-0.15915716679262296,0.06089456868120273
LINC02057,,-0.23334858875988623,0.796249638125275
LINC02076,,-0.9061598103703906,
LINC02166,,,1.7560846089777897
LINC02185,0.6125212755808775,0.9004723250024675,-1.0903563003456955
LINC02188,,1.0456294531366586,
LINC02256,0.46929216106871874,0.006483636307089686,0.20644903876150833
LINC02265,,,1.8721590240539454
LINC02298,-0.9996061445619653,-1.1146962683871204,-0.7580240914765735
LINC02300,2.380877071085423,2.136734045316622,1.0989314773133119
LINC02323,,1.098418375217953,
LINC02334,,0.2800719157250977,
LINC02345,,-0.345138912111114,2.049236794969391
LINC02363,,1.1443493022440534,1.2585081054069223
LINC02447,,-0.30073646261190495,0.6071577292846356
LINC02453,,0.8257131947121583,0.6648232345888063
LINC02481,,1.8813641311768434,1.2710857735144772
LINC02482,1.0418664785389797,0.06470092266999056,0.8218635852670828
LINC02489,,2.4700957839660393,
LINC02526,,,1.139102865316866
LINC02541,,-0.3043185886285488,1.0155753888563597
LINC02562,-1.9208212305107102,-1.5299712154307887,-0.3833730603858747
LINC02604,,0.3230478517971596,1.5051285106814742
LINC02605,,0.5745458170454522,0.9055891810093453
LINC02615,,1.5933612294153001,1.0975540235365837
LINC02635,,0.4032876852106712,
LINC02688,,2.3723580498352366,
LINC02693,,0.8479514502740245,0.4810414049331064
LINC02709,,-0.27464421134997025,
LINC02754,,,1.4346633854679711
LINC02762,-0.4194686257230689,-0.5406715178899204,-1.5793693952468417
LINC02784,,-1.1639810998873628,
LINC02802,-0.16225248784994806,-0.1071841260379626,-0.30518863271356644
LINC02832,,,1.6911939848663993
LINC02846,,,1.1980231682737292
LINC02875,,0.9853098275558533,1.4512049816374477
LINC02878,,1.4445491425952302,
LINC02888,,1.7180462042406575,
LINC02894,1.4136509948862739,1.1073515274071988,1.1230291009015698
LINC02901,,,1.2942465377560763
LINC02916,,0.3743449116127304,
LINC02925,,0.43257235356239016,0.6906627388256699
LINC02939,,,1.395688967528699
LINC02940,,-1.405767843324877,
LINC02950,,0.7811931667705014,0.9921867513135622
LINC02955,,0.08294087977724812,
LINC02958,,,1.543043571716567
LINC02967,1.3963500958518285,1.2242310824213574,0.7638125553088557
LINC02983,-1.0482275895995297,-0.8479514502740245,-0.6877956445762204
LINC02987,-0.2956751441594293,-0.1918969034340977,0.21646799434921923
LINC03011,0.23839394572472192,-0.5629015276175159,0.6770939267474378
LINC03014,0.8837172341558812,0.4478510888337891,-0.32598227857646306
LINC03052,,-0.24743754313793567,0.8268920388423904
LINC03072,0.625910800866788,0.5792253444155484,0.25618865112481626
LINC03073,,0.21119567139979878,
LINC03086,,0.7615502190997302,1.9343773692983088
LINC03125,,-0.24576660279998946,
LINP1,,0.23020354006641214,
LINS1,0.08473020241570915,-0.2307583823409398,-0.4094617359668308
LIPA,-0.9623475372358791,-0.7927301708306335,-0.9860408883093782
LIPE,-0.11806335952803013,-0.23427404112138564,-0.5352841316686513
LIPE-AS1,1.572048231158726,1.08404558036674,0.7585264263317277
LIPH,2.1731938208610115,1.8708967706904227,0.8388858419715113
LIPT1,0.17767241770631825,-0.5770967201739158,-0.23037658007449813
LIPT2,,0.8026326418104014,0.7954738035606721
LIPT2-AS1,0.028443760688719167,0.09179954309957765,0.8394216981381811
LITAF,0.9693230851458614,0.5300710753192981,-0.5779627976850876
LITATS1,0.0526439257036021,-0.024315861763250256,-0.8126546039303078
LIX1L,-1.2688302666062068,-0.9630215374539929,-2.0761147060495477
LIX1L-AS1,,0.6432745245344195,1.2748985303342606
LKAAEAR1,,,1.083553453575723
LLGL1,0.5079567236199864,0.11334486531665529,-0.05372314468676519
LLGL2,0.8321426444349782,1.100395933806293,0.783124818247174
LLPH,-0.6208766990329188,-0.2828825798293987,-1.0321231467988004
LMAN1,0.9306317260941573,1.834818761594563,0.14273395296719243
LMAN2,0.9274407347565665,1.556633995693936,-0.4935591468734673
LMAN2L,-0.23200192566164834,-0.11171367227946546,0.4867603922133738
LMBR1,0.6416752527600809,0.12495342168952513,0.7324062824178507
LMBR1L,0.4881439759338654,0.4164116842161539,-0.5309404990888479
LMBRD1,0.7946349063633487,0.166274673646692,0.7243000612708707
LMBRD2,1.2365319167182318,1.052812198961401,0.7497629703479779
LMCD1,1.1294580904751066,0.6051947916308754,-1.0379174716800155
LMCD1-AS1,,0.4085679809422711,
LMF1,0.04987689825316704,1.1120185117296244,0.06070580848557496
LMF2,-0.5399213648601746,0.38247054553790705,-1.5430435717165667
LMLN,,0.8016388615625212,2.3153221273154143
LMNA,-1.3583003575608195,-1.2541148633995456,-1.3951901427762765
LMNB1,-0.8922566252054449,-1.1292282677545091,-0.37689214612957983
LMNB2,-0.6780354821823588,-0.9325425913892087,-0.44122528505483116
LMNTD1,,,1.5399528040754291
LMNTD2,,0.2971581913933581,-0.04202816221517748
LMNTD2-AS1,,0.8219202489767539,1.3833210506717097
LMO1,,-0.5277925340993166,
LMO2,-2.025547188840708,-1.6911003090091965,0.18455527153239176
LMO3,1.0172192295390055,-0.14130685722399483,0.33633194199704497
LMO4,-1.0351536686705078,-1.0798417091298775,-1.1598953870784334
LMO7,1.4973074581343346,1.435911778443748,-0.07146880099937956
LMO7-AS1,-0.03282119066877048,-0.5952749145947785,0.3690148491745459
LMOD3,,0.26922458600398236,
LMTK2,1.3747024791184042,1.404318021613542,0.6894674275365549
LMTK3,0.41720655473190466,0.3591272083356534,-1.0171544185004067
LNC-LBCS,,,1.8067211217328345
LNCATV,,1.3999861718842141,0.8160670012500031
LNCTAM34A,-1.0284871835092568,-0.67121490830873,0.9041705171428349
LNP1,,,0.6877956445762204
LNPEP,-0.39843744197620773,-0.1280397125222345,-0.4907944185273045
LNPK,0.425763477890985,0.5078163765251825,-0.29474325427907794
LNX1,0.9373995843808205,0.9170750399651219,-0.12163636598719131
LNX2,-0.227273214416158,-0.7154196680092361,-0.7790349789023743
LOH12CR2,,0.6483773581094281,0.9484421902397552
LONP1,0.5844251453073703,0.9148832773871545,0.7670956396301497
LONP2,0.1023086200944501,-0.5217985419457764,0.12904238216022293
LONRF1,-0.42399922876401364,-0.646600550710284,-0.989416488208774
LONRF2,,0.9838477021215449,1.2787299111338
LOX,0.990914876711838,1.003618402830873,-0.0773257562968457
LOXL1,-1.7468609513029019,-1.4229052798648603,-1.6384737267680143
LOXL1-AS1,,-0.953614574288563,-1.161373408363121
LOXL4,-2.1470806354662355,-1.3657817623373918,-2.6937391267983197
LPAR1,0.5377912464422827,0.8128650324483309,-1.5010471941631602
LPAR2,-0.26477795066729043,0.6696365250112112,-0.9567466828586619
LPAR3,0.45162547449151963,-0.3457124262517322,1.1558438357588998
LPAR5,,0.40974292340196294,
LPAR6,-1.5889094153701449,-1.7742810767199488,-1.379895698308168
LPCAT1,1.038306809811793,0.403483050429631,-0.1513046289865581
LPCAT2,-1.4326697863599285,-2.0296596393334236,-1.6802720853886184
LPCAT3,-1.4696268700543786,-1.6440877948604176,-1.3755153252701362
LPCAT4,0.8946593336427361,1.3423584182283932,0.0998353473500374
LPGAT1,0.416201875381965,0.3436100953251636,0.8343407484848628
LPIN1,-0.049415764708397085,-0.25989884531347074,0.5166767339086195
LPIN2,1.0454393982090155,1.4764656147091821,1.1595262774575166
LPIN3,-0.6708082778457536,-1.0066029988970324,-1.3544705908077248
LPP,1.0582526256353797,0.7716982869403769,-0.819752550294322
LPP-AS2,1.2678008294970247,0.9647410633747961,-0.3633734702205533
LPXN,,0.2768891676243394,0.6304311932125901
LRAT,,0.0648814008338191,
LRATD1,-1.0114413545268124,-0.6463785933638272,-0.5529807254819368
LRATD2,1.6344760347960072,1.6711223480356272,0.38317028930544283
LRBA,1.878839427381464,0.6452692838202886,1.3976877478965177
LRCH1,-0.7674547147277619,-0.49088310822434633,-1.7210733058057757
LRCH3,0.6937686829819874,-0.2838199635918704,0.12429414718346166
LRCH4,0.6513246622309093,0.4264497714492885,0.08110583272137191
LRFN3,,-0.11044517227816486,0.10722290234412632
LRFN4,-1.2530224969283825,-0.9162526132122443,-0.11006580650935209
LRG1,1.065943370041072,0.6278458909039277,0.29533363358039155
LRGUK,,,2.056988707866018
LRIF1,-0.6794851705123387,-0.17522918277774321,-0.0018841173764860264
LRIG1,0.38674702332591354,-0.692117818761398,0.5902529969965897
LRIG2,-0.23484163775111286,-0.12822129674080102,-0.243165321497221
LRIG3,-1.657681756762143,-1.8495594927179637,-1.353528187433935
LRMDA,0.7899071531653399,1.093820695638771,1.116328797757629
LRP1,-1.931121123426552,-2.25947261321192,-0.7121077173287454
LRP10,1.2434866368723274,1.809248437709536,0.3247903514390216
LRP11,1.4456426912161788,1.8111022975245041,1.6779575731279806
LRP12,0.267641018018184,-0.5800775289737744,-1.4017021469541224
LRP2,,,0.8324742428997797
LRP2BP,,0.5180875540144607,2.708202032469352
LRP3,0.8508452790862004,0.7584250271981235,-0.8472188998642983
LRP4,,-1.7219990315889881,-1.6172105851028902
LRP5,0.9391877463655374,0.9765683971372396,-0.33254621459209405
LRP5L,,-0.5294493825093345,-0.6242377826989457
LRP6,1.0210900868737725,0.255244488099406,-0.4029140906188192
LRP8,,0.2150646511146176,0.890362639209686
LRPAP1,-1.264208336228003,-0.3888727084223746,-0.5620043597383602
LRPPRC,-0.9288577854507,-1.0967736851155687,-0.874510971171512
LRR1,-0.6687909398083913,-0.39840853129383497,-0.6608333664388477
LRRC1,-0.4610810337221828,-0.4207366352842184,-1.05387036380819
LRRC10B,,0.8637970620189543,1.953065908718444
LRRC14,1.0343669900806298,0.4724778947432354,0.7805671383506221
LRRC17,,0.7177478481590811,
LRRC18,,,2.0446441051054283
LRRC2,-1.6112745752011073,-1.5071515872757066,-1.231516135083458
LRRC20,,0.6877763685019698,0.5160308937748289
LRRC23,0.032129977853560844,0.34915590770265786,2.0150770885283737
LRRC24,,0.6804935861616841,
LRRC26,2.6642054390291388,2.4936000228660444,0.7775046460695639
LRRC27,0.9696915260483646,0.6768657092044524,2.506979164055579
LRRC28,-0.4429720602541102,-0.2580364323976073,-0.6749628962209753
LRRC34,,0.7942105713683303,2.8854456910959083
LRRC36,,0.9707820013435076,1.7136637444968512
LRRC37A2,,0.09614106686567837,0.4631383769632274
LRRC37A3,,0.06939405719464299,1.0077179238623273
LRRC37B,0.13431218428072886,1.0156110756630707,1.055513323217457
LRRC4,0.7690013440688718,0.5528012934988065,0.829281247457394
LRRC40,-0.6147451866303203,-0.46805243876431485,-1.587288210080866
LRRC41,-0.4889223854528502,0.3508791996709556,-0.7691201143278239
LRRC42,-1.4436812313138854,-1.1329842557416483,-1.342775873108013
LRRC43,,,2.0208504400377447
LRRC45,-0.6734060171771625,-0.23001860839736332,1.4143950554560498
LRRC46,,0.5523816788837984,1.6999192182040304
LRRC47,-0.3144931319980951,-0.002521399125471245,-0.35754277709215077
LRRC49,-0.1331504280672951,-0.8682518001361097,2.374164864018832
LRRC4C,,0.17614368660567062,
LRRC51,0.6786151863601739,0.643496037950535,2.4388909987296694
LRRC56,,0.025937271414163444,1.943014290063543
LRRC57,-0.2607256447833517,-0.2113798364015814,0.654984939934787
LRRC58,-0.4285385517657497,-0.7514799790979405,0.2606692716723995
LRRC59,1.4061847558142455,1.777768561962591,-0.06712491292434815
LRRC61,-0.9018986608604433,-0.9129690841019,1.459353529669221
LRRC63,,,0.9965112494550208
LRRC69,,-0.10682185855147619,0.8215995057027834
LRRC71,,,1.9128075056655733
LRRC73,,-0.5135615649337403,2.1978258954646455
LRRC74B,,,1.7210733058057757
LRRC75A,-0.7194852545022367,-0.627626569723135,-0.9393235671282527
LRRC75B,,-0.5993651011855169,
LRRC78P,,,1.3418482022181564
LRRC8A,-2.190616459723102,-1.2031657134368356,-2.320855420630657
LRRC8B,0.3971912170461298,0.6528283650891755,0.7294530222886182
LRRC8C,,-0.21082736287780687,
LRRC8D,-1.3193671629986459,-0.47630733711015183,-1.266450686699599
LRRC8D-DT,,0.9370030183474586,
LRRC8E,0.9841648791163089,0.4771144244254227,0.46901918482810195
LRRCC1,-0.25715363499195704,-1.358948355329166,0.5355015779474936
LRRFIP1,0.07664400317607398,-0.7956927145366541,0.26769297398981934
LRRFIP2,1.4966013669761797,1.5082740236224774,-0.13569482670722677
LRRIQ1,0.2793549511597395,0.711934648788759,2.2562829511346925
LRRIQ3,,0.5067922169635138,1.9953822748421277
LRRK1,-0.10555003927948056,0.057122669712437485,0.3401224957844588
LRRK2,1.5306283257069317,1.2147602725365347,0.33015768555665437
LRRN1,0.9005161039925513,0.8897187956788514,-0.8783839011462427
LRSAM1,,-0.07264403970591195,0.011681786508223194
LRWD1,-0.6150233891852581,0.00036019950119766335,1.8233516361264661
LSAMP,,-0.5371313411347073,
LSG1,-0.7272631491921381,-0.23168327744311096,0.18819781215633602
LSM1,0.44094079828163246,1.0394271522617102,0.12372454936422418
LSM10,-0.16622045388666856,0.6907454285190562,-1.9151604977291528
LSM11,,0.14239838262408003,
LSM12,0.739315887137538,0.5916236984210363,-0.3949574051006238
LSM14A,-0.8073300708657558,-1.4999016103938914,-0.8263617444744485
LSM14B,0.006332819320431972,0.3405548654231539,0.6858873860748819
LSM2,-1.2611419910417294,-1.64061883487298,-1.845651150877014
LSM3,-0.6127990986230147,-0.4809523481031023,-0.6262995817738974
LSM4,-0.5702786103959101,-0.42290206057503305,0.020726762815330004
LSM5,-0.6964075543461513,-1.334858416116278,-0.15988643395052585
LSM6,-1.4833250990368083,-1.7630933089505223,-0.48697251144771037
LSM7,-0.766527617777123,-0.7066076757797695,-0.9642175625120041
LSM8,-0.18492949509068912,-0.43593678103970146,-1.3701971240573485
LSMEM1,,0.8942764083467538,
LSP1,-0.38873310899123636,-0.17705833776936614,-0.7111369113718137
LSR,0.8393263980587992,1.0718105257566095,-0.6636486477858957
LSS,1.6353523977281492,1.602399050191368,0.47428364201549406
LST1,,0.7951984727341037,0.29375951691153507
LTA4H,0.8554845424444527,-0.7880536492870167,-1.1058502503275625
LTB4R,-2.4134669296086915,-2.236928858328861,-1.9831186380271153
LTB4R2,-2.1093958525742273,-1.6539076139893631,-0.42116857406110864
LTBP1,,0.20420264693932777,0.0165809828375434
LTBP2,,-1.6994365545617558,-1.307862283996832
LTBP3,-0.5700076860205324,-1.346359762158629,-1.0721023065497517
LTBP4,-2.7065640663207473,-2.0994073990096145,-2.1275619295169608
LTBR,0.2626320748805052,-0.18969600852424073,-1.1131723959369078
LTC4S,-0.7984299338580639,-0.9982685383063689,-0.8895227748720457
LTF,1.8462225435571296,-0.006843843799941301,-0.43376126023663897
LTK,,,1.4394252798540852
LTN1,0.19994316083981914,0.315656488759863,-0.39129353556235824
LTO1,0.5082187341489255,-0.5317299257677418,0.368208222713906
LTV1,-0.9671151969901477,-1.1103489551054708,-0.7292072045703418
LUC7L,-0.2187742490928507,-0.5777350324936127,0.03995389202707587
LUC7L2,-0.8445782657283173,-1.4209255280930755,-0.8800477666765579
LUC7L3,-0.8108440857982315,-1.3392610562556153,-0.7903137510915326
LUCAT1,,,1.017786740931962
LURAP1,-1.2897080483968566,-1.9429767442708727,-0.8618769005702998
LURAP1L,1.139979357436776,0.4490459955624856,-1.4964132408531818
LUZP1,-1.8287821756833413,-1.840667121169268,-1.4309820564960578
LXN,1.2939516232541153,0.32190957977156287,1.1507145971202066
LY6D,-0.8491928324819505,0.3167924895867364,-1.017470528864068
LY6E,1.5441418457947977,0.6285040357498188,-1.6355956885443867
LY6E-DT,,0.19024614569673023,
LY6G5C,,0.1918969034340977,1.4052333700999053
LY6H,,,1.5670301827234143
LY6K,1.0091396366527268,1.1643357540998578,-0.2243828545077263
LY75,1.0199272250186333,0.9292094095918482,1.5374907397550381
LY96,,1.3485920767635555,-0.19990943272086473
LYAR,-1.7684441638680006,-1.918586833558481,-0.9787146606041791
LYG2,,0.5076115020307995,
LYL1,,0.5435920522031379,1.514552580304352
LYN,1.830009574719025,1.5959301786683393,0.037314159214167
LYNX1,1.4384776446093472,1.7219990315889877,-0.2569675175890552
LYPD1,,-1.1746851391022712,
LYPD2,1.3248858846843452,2.2051086364323877,0.1560708821861056
LYPD3,-1.588096214077185,-1.0171204468874815,-1.7302597097359038
LYPD5,,-0.4726792712060534,
LYPD6,,0.6058438028187583,
LYPD6B,0.7067163526604547,1.2959309315560223,0.2427772095682702
LYPLA1,-0.6428073639282841,0.1790710929587625,-0.8168558274266641
LYPLA2,-0.9616159914888189,0.3239967315947429,0.6964140398004112
LYPLAL1,-0.7126409203558792,-0.49352590511053374,-0.78210113238542
LYRM1,0.14454363950717414,-0.2843825135268466,0.5059405618058048
LYRM2,1.130766407968248,0.843573300819449,1.2847274209001571
LYRM4,-0.8861017484250104,-1.2835191760583133,-0.64706682494718
LYRM7,-1.301971743945797,-1.6168715024396212,0.624466740324425
LYRM9,0.0879662043835869,0.00828468311864032,0.6039891257233057
LYSET,0.6855895394006907,1.2513518111894815,-0.6196654728590406
LYSMD1,,0.4284230407939587,
LYSMD2,0.057025885422711774,-0.26959809768078297,0.825037024014459
LYSMD3,1.274516361994446,1.5317150876648815,-0.04862935932595968
LYSMD4,,-1.3102433586506543,-0.9181529722216423
LYST,0.5597432599520714,0.19960743417437302,1.09206491342183
LYZ,1.8642432540971665,2.0572636612382937,0.5775175333551013
LZIC,-0.2592964441951467,-0.2424267746336021,0.44933916173206456
LZTFL1,-0.31594520755192734,0.0007203990491289434,3.6147294323492405
LZTR1,,0.5588967065039823,0.6930563275920715
LZTS2,-0.08958454874833847,-0.0057632237983847555,-1.0934341028151513
LZTS3,1.8655538421851632,1.386203658090246,0.29789313670536083
M6PR,-1.332680558488414,-1.026225784338646,-1.0801707623497674
MAB21L4,1.0156751474142076,0.31225092251123315,0.5560568697213376
MACC1,1.3315620751783928,1.752121965318059,0.7764854350516686
MACF1,0.5118905578308406,0.6228091074888616,0.6832676007213158
MACIR,-0.4834797034937154,-0.6136519863045213,0.634573594402395
MACO1,1.357142693953122,1.3689926236087095,-0.45038153375365864
MACROD1,-0.1254872676321753,-0.4404965292322756,-0.6624749758757917
MACROD2,1.400022233826995,0.3432280167216843,0.673780314122985
MACROH2A1,0.5322112431398845,0.6682849517226949,-0.05787466131203243
MACROH2A2,-1.168216767788322,-1.743000514587076,-1.7194185659852552
MAD1L1,-1.5411144660143963,-1.4120848153737617,-1.6435431979782131
MAD2L1,-1.4847103124246477,-1.139509789014226,-0.10684391442382164
MAD2L1BP,-0.26358564756407155,-0.5166463194930553,-1.0385634383259075
MAD2L2,-0.9046689598700925,-0.8937392553143658,-1.2576766526742449
MADD,0.5473961952089548,0.6328986529033923,-0.10191844765936599
MAEA,-0.26334723195623905,0.13385253527653623,-0.49228265088101364
MAF,,0.3470510686155283,-0.5949691374701753
MAF1,-0.3857545527663908,-0.397823671961007,-1.7631729952248005
MAFB,-0.7384082188512041,-1.0375742431916206,-1.3922044583970417
MAFF,0.6656263228574861,0.3892612283975409,-0.35433105126879716
MAFG,-0.23034629197136156,0.12204976474850042,0.024684429590298335
MAFK,0.7230696158567045,0.5633236122794496,0.04447980629459265
MAFTRR,,0.8178874298600771,
MAGED1,2.264903473481083,2.7785295474182057,0.209529541049489
MAGED2,0.5274415437504472,1.672579443866361,0.0414624346055735
MAGEE1,,-0.4030923353830098,
MAGEF1,0.26358564756407155,0.3211509634941708,-0.7094396114502134
MAGEH1,-0.13640380344974654,0.6985396414543045,-0.5398558429464879
MAGI1,1.0675705238781414,0.8474355310779251,1.3087490739091714
MAGI2,,0.05279373980156345,1.1065450425656427
MAGI3,1.6884841554555403,1.3239635208192162,0.3218125470795892
MAGIX,1.0034085977602796,1.5614915450492706,1.4653912944286638
MAGOH,-1.3462344512377118,-1.9140682288297022,-0.4522590382244149
MAGOH-DT,,0.2478089568873344,1.2163740795674816
MAGOHB,-0.10254011398794621,0.571362434685651,-1.008344230179961
MAGT1,1.6012355450371485,2.0755403298789985,-1.6612529366430067
MAILR,,1.115031550267768,1.897765351452248
MAIP1,-0.2925491463072783,0.06307671331903038,-0.262618995738909
MAK,,1.087292410462086,2.3679002865009022
MAK16,-0.0854235555645818,-0.8026326418104015,-0.40761844786267004
MAL2,1.6172064889307798,1.933549359488837,-0.0524024051406918
MALAT1,-0.02291514388284668,0.39879851322809234,-0.38885387382147074
MALINC1,,0.8307890148922858,
MALL,1.4326697863599285,-0.311116540001518,-0.8477585358532517
MALSU1,0.35124849756441545,-0.37589073063884615,0.18359711702867124
MALT1,-0.37338031115649234,-0.577522235577279,-0.9741623264676836
MAMDC4,,0.8340998051596622,
MAML1,-0.1844610066282686,-0.7117026217916735,-0.5549576441620802
MAML2,0.44195620132751723,-0.5486095088662725,0.7084706429178189
MAML3,0.3045881653993374,0.24725184906573788,0.42590868841910345
MAMSTR,,-1.2272850400282356,
MAN1A1,1.1298939814211943,1.5800437266615854,-0.6438182078460095
MAN1A2,0.8691782252335281,0.9176236692441393,0.21145586331075014
MAN1B1,-0.6516093840871117,0.27838658008032025,0.5505674220028083
MAN1B1-DT,,-1.1126872029914323,-0.20279348264411748
MAN1C1,-0.027983011744789364,-0.4244781612168551,-1.4725964161079204
MAN2A1,0.5833328245512248,1.371294765985786,-0.6570877831214037
MAN2A2,1.0095228848884845,1.091530503639617,-0.4963276530117766
MAN2B1,1.3304452551826742,0.7875623867091037,-0.018653832749819393
MAN2B2,0.7585201719286061,1.3089696887351534,0.43811231072888557
MAN2C1,1.0671634705232727,-0.13803328560556374,0.3750722493341945
MANBA,1.2520133548200088,0.6572923433187221,-0.6496241073770253
MANBAL,-1.465570718515443,-0.9228494927946637,-0.5792992789644725
MANEA,-1.1024175110493732,-1.092838482901165,-1.0784840428717672
MANEA-DT,,-0.3175500505666443,0.7009835371709207
MANEAL,,0.8279946737352444,
MANF,1.1395384507339714,1.7078926003862698,-0.342918662815152
MANSC1,1.9570251562280316,1.7017306985314704,0.40434490302208115
MAOA,-0.5559765030275495,-1.2257566321983286,-1.0388865842163588
MAOB,,,1.6464591079642212
MAP10,,0.8819863952887712,
MAP1A,,0.05189200660967549,2.104581872027903
MAP1B,,0.6362026510825601,2.747059136766934
MAP1LC3A,1.5657409351227243,1.3526272644940986,1.2096894600378476
MAP1LC3B,0.6155799371596938,0.6249970646645336,0.19088338547036338
MAP1LC3B2,,0.41484090815680524,
MAP1S,-0.16318589480199153,0.31319654824371906,-0.723076000396926
MAP2,,0.7697592167467951,0.6176121580462705
MAP2K1,0.7132347517817974,0.6136519863045212,-1.2946820173540758
MAP2K2,0.5134663088118975,0.6700873212907154,-0.10135028591207985
MAP2K3,0.5024625148166595,0.1427622620647733,-0.21010735576906056
MAP2K4,0.24289786442345682,0.32931588045130467,0.11613367254558175
MAP2K5,-0.37758104688889893,-0.6550587225247805,-0.5261740418062232
MAP2K6,,0.5327674505344686,0.5494715258318676
MAP2K7,-0.36155461200829503,-0.6403977148568474,-1.0363044467311295
MAP3K1,-0.49229892696595984,-0.9850172340080587,-0.45811040926019964
MAP3K10,,0.7038363345106092,0.2802124806866706
MAP3K11,0.10647636128587754,0.0843867292381371,-1.0774734823192482
MAP3K12,,-0.0666862996855673,0.15874152652127446
MAP3K13,0.6541742634355908,0.31736064325282254,0.27531692812128816
MAP3K14,-1.006078970379837,-1.2276675902314071,-0.6315807724697343
MAP3K19,,1.0481216667144226,2.111534473106764
MAP3K2,0.45188049615580506,0.7247558740903329,0.45497380846110147
MAP3K20,-1.6799246361486195,-2.70874395361068,-0.5050841983898623
MAP3K21,,-0.5024965297346866,-1.2003433683408347
MAP3K3,1.487489317955852,0.4027016818620707,0.8110828396932114
MAP3K4,-0.23815703207584532,0.23001860839736332,0.08829121703842402
MAP3K4-AS1,,0.4668470890740746,0.2712097618981555
MAP3K5,0.35320865933562423,-0.8745703417530821,-1.5696080958593701
MAP3K6,-1.400022233826995,-0.919820954190349,-1.4325573919606989
MAP3K7,-0.006332819320432111,-0.2918918619057817,-0.4370755968548379
MAP3K7CL,,0.020532813793267445,
MAP3K8,0.6561721482883958,0.3598956998116041,0.248019832594652
MAP3K9,0.8253252601347355,0.3921770066975543,-0.29415297769198934
MAP3K9-DT,-0.7767622791047979,-0.403483050429631,0.07694781030811995
MAP4,-0.8789632136918994,-0.6552819374120645,0.3984226005442027
MAP4K1,,-0.11860300614803715,
MAP4K2,0.7649839183822698,-0.19208035316130986,-0.13797703309715753
MAP4K3,0.382283888603885,0.6071425915430269,0.4308651204206409
MAP4K3-DT,1.3199172276779305,1.1360692676478927,0.5766273479562742
MAP4K4,0.24835658583142964,0.4111144050155037,0.8850540502249307
MAP4K5,-0.31159096567226974,-0.3875133501970453,-0.5383306898684461
MAP6,,0.0023412988461965155,2.910549556360256
MAP7,0.9811792318073697,1.5554253302441703,0.6813652444438791
MAP7-AS1,0.5559765030275496,0.7629951259934975,-0.7272422462503312
MAP7D1,-0.44398837652022327,-0.8131156648925321,-0.9989907790863063
MAP7D2,,-0.04576130207975833,0.7900563011603753
MAP7D3,-1.218917473859578,-1.8055592622479155,0.2990751033492435
MAP9,0.869850376129032,0.39353884360528063,2.9238235580461107
MAPDA,-0.34122363466346656,-0.4464578385686771,0.006782870552235104
MAPK1,0.5956620571586307,0.4021158167685838,0.6638834918576122
MAPK10,0.7408300228411616,0.905074223182856,1.5405697809070182
MAPK11,,-0.09776960118871103,
MAPK12,,-0.4827727840732464,
MAPK13,-0.7221726560295796,1.055952132046916,-2.578541851358958
MAPK14,-0.7946349063633487,-0.23631074398672883,0.1604589661738888
MAPK15,,0.5605818508404429,1.6620022311772842
MAPK1IP1L,0.6893812626547663,-0.013147660285815932,-0.8493789272731177
MAPK3,1.078216681113994,1.3490393469031352,1.064103047564684
MAPK6,0.20182297237527397,0.9146096160415073,-0.18532191710348248
MAPK7,0.23957871498569247,-0.38634875575972105,-0.75626742345661
MAPK8,0.14105399703339477,0.24224130823223575,-0.16179507960037295
MAPK8IP1,1.3693901417693237,1.3326667661967038,1.3966876602202936
MAPK8IP3,0.6186443686206673,0.20640987562770202,0.46523681670983746
MAPK9,0.975234022558469,0.8841141899214892,0.36397734766674117
MAPKAP1,0.5229478208182333,0.7483784290400388,-0.5510059656075141
MAPKAPK2,0.5898972596083119,0.44327651276513413,-0.37345560569827363
MAPKAPK3,-0.850514603993507,-1.0240936107811691,-1.7831367779126799
MAPKAPK5,0.3559061011408438,0.14858693819393845,-0.06995773462348687
MAPKAPK5-AS1,-0.08750386277750571,-0.5639569275290168,-0.6954538936678922
MAPKBP1,-1.081930485502342,-1.0782299074659905,0.44309512214342295
MAPRE1,-0.7260636944257137,-0.5246898395256073,-0.9968208555042583
MAPRE2,0.7338789653980266,0.919546050802609,-0.32498897387545683
MAPRE3,-0.4338456198824991,-0.48986756110990104,1.9270874603975074
MARCHF10,,,2.78143562989045
MARCHF2,1.1718695702976811,1.6553235332161067,0.5237952952640408
MARCHF3,1.3399916864221793,1.9955436504451367,-0.10286545711281876
MARCHF5,0.02291514388284668,-0.078062399879311,-1.3740610505788413
MARCHF6,-0.12850518382251455,-0.13167220725349424,0.8586036379928509
MARCHF6-DT,,0.6494889027464735,1.114223296541589
MARCHF7,-0.07964683541417375,-0.38150189342819146,-0.41684889533775143
MARCHF8,1.4522213966468533,1.4861768053548294,0.5426916087029554
MARCHF9,-0.13617137201598178,-0.35432891795196314,0.06976886262819428
MARCKS,-0.4320752465227633,0.8500173884180166,0.6728349264989474
MARCKSL1,1.7851894504572399,1.5161848199720873,-0.5965441244235966
MARCO,,,0.4451745377638556
MARF1,0.04572706635450106,-0.4724778947432354,-0.24821413390308747
MARK1,-0.7823792380016213,-0.034586045403288745,-0.027700050981772594
MARK2,0.4386578007121362,0.7814375500208935,0.09945664864355205
MARK3,0.40842974508949575,0.11751485067096196,0.3569402985016334
MARK4,0.11690397183834123,0.35586347818852154,-0.4618802919241711
MARS1,0.7855104584604591,0.8348651324992827,0.32280483019471623
MARS2,,-0.8216678064619576,-1.2120425548355935
MARVELD1,-2.4307740905733772,-2.4700957839660407,-1.8086518278797963
MARVELD2,1.49097931034037,1.2549060677394166,1.3460318568660379
MARVELD3,1.0724690310774077,1.0419032631139347,0.0484407256528088
MAST2,0.5111031589609102,0.8801278453652163,0.4844285229011213
MAST3,,0.7015310065645028,0.9098561525983615
MAST4,-0.779879774437701,-2.1059786402466996,-1.1972511998460558
MAST4-AS1,,0.675507551357553,0.8654333880216943
MASTL,-0.3840186424722086,-0.6406188195396351,-0.9107115359241759
MAT1A,,,1.6833721726410587
MAT2A,-0.33878377771236984,-1.2847514603221106,-1.0392098386271762
MAT2B,-0.0014968387569390996,-0.4572284857633106,0.5600196638058392
MATCAP1,-0.6578867078153259,-0.5203545287814731,-0.6580233130165322
MATCAP2,,1.0772641695705036,2.212832434661329
MATN1-AS1,,-0.16262364063893686,
MATN2,,-0.8440875371349036,-1.0660964680205745
MATN3,,-0.5654355437981865,
MATR3,0.6955273925191808,0.057663859561629484,0.19952501885730153
MATR3-1,,0.4217206743341972,
MAU2,0.42626779233350215,0.13857877721610162,0.8247722536495474
MAVS,0.8674995633175216,0.9423241100575398,0.5076544031788466
MAX,-0.41871436411640905,-0.6680598082148327,-0.804815705376481
MAZ,-0.09929969378166688,-0.5593178436334812,0.6952139573117333
MB,2.0967821803673,2.0021823401843166,0.939030718478006
MB21D2,,0.290764420156607,
MBD1,-0.5006344854445858,-0.4668470890740744,0.11423701554339649
MBD2,0.09513496599181269,0.3375028111101856,0.06901339946706032
MBD3,0.9488962072236465,0.36354894749771827,-0.3359332182505413
MBD4,0.20840797845568362,-0.6604249343911984,0.12790254444102062
MBD5,0.9217910540592532,0.6392926605929167,0.39109014164078776
MBD6,0.9388298738250495,0.5888369066255315,-0.236378593381115
MBIP,-0.04411345941085217,-1.3833847707684657,-0.9170048317163426
MBLAC1,,0.5189115998328513,
MBLAC2,,-1.2529295268185887,-0.936983028313994
MBNL1,0.5338038319919036,-0.465040334790685,0.017334737730567675
MBNL1-AS1,-0.08634809037306787,-0.8601412857071424,-0.36518550111818043
MBNL2,0.6958207198969654,0.39451203115158756,0.6221786338606208
MBNL3,-0.1636526515483962,-0.4193596644965961,-0.6928167901811638
MBOAT1,,0.9791829695807799,0.6331915872819152
MBOAT2,1.5548507208281501,1.4209255280930755,0.581082865529218
MBOAT7,-0.08842856479406869,-0.0937891884366268,0.5695222080162494
MBP,1.1333888661500104,0.9121497389066524,0.698576720185204
MBTD1,0.5912680462100118,-0.10319994668715497,-0.2400614462666576
MBTPS1,0.4941193897195903,0.13694242542678783,0.8714771332373729
MBTPS1-DT,,1.1891700571627553,1.5760989256553133
MBTPS2,0.31376734300532844,0.824447561808931,0.29868106812307765
MC1R,,1.085342939463566,0.5717394604722329
MCAM,-1.7553962796099056,-1.6866023538498882,-1.554294221095267
MCAT,-0.21806672323261506,-0.032784025623440204,1.4463617416819958
MCC,-1.9107211713100747,-1.8647134279861026,-1.8571540775908844
MCCC1,-0.2951940340772086,-1.138476217418344,-1.1248007380158325
MCCC2,1.1519686750124458,0.9870671633587587,-0.5938450499264506
MCEE,1.7564722310089138,1.5363883303692507,0.19299444404634886
MCF2L,1.4024808530501418,1.8064792529332885,-0.19817980210611943
MCF2L-AS1,,-0.7358073186460092,0.06542547988480203
MCF2L2,,,0.8037742559977205
MCFD2,1.4105305034856257,1.042523289652759,0.23076355408508986
MCIDAS,,1.869861239764856,0.827953325834193
MCL1,0.13500932493188877,-0.48702671067936365,-0.5994730349183071
MCM10,,-0.6232464601352898,
MCM2,-1.1913087910905804,-1.1401995135769463,-0.3690148491745459
MCM3,-1.8083257868103875,-1.5781639516350283,-2.1203713074512986
MCM3AP,0.8847385528406188,0.8945450816449771,0.8583312813863897
MCM3AP-AS1,,-1.089572028779255,-0.5411641171022464
MCM4,-1.2955489863924519,-1.0821029557695983,-0.5963190357596603
MCM5,-1.384243600940457,-1.6560327390885465,-1.6983231756007304
MCM6,-1.3399916864221793,-1.2238501398807784,-1.4969907287410065
MCM7,-1.5351017258416242,-1.8120315664154105,-1.7219024460117827
MCM8,-0.7908512890266581,-0.2841949868908708,0.18954042793537548
MCM9,0.4564759348371943,0.059287531084534835,1.125510382247663
MCMBP,-0.8419494290477751,-0.9395202194444225,-0.9558537633685452
MCMDC2,,,1.4827007372977528
MCOLN1,0.519782132494477,0.26885111188319033,-0.4501730202333318
MCOLN3,,-1.0912038004847877,-0.7167282487894941
MCPH1,-0.23152882276693437,-0.04918705724189111,0.2794287438922847
MCPH1-DT,0.18867887334611,0.21856793115954984,0.5100133734520191
MCRIP1,0.69230472936096,0.5886227275973029,-0.5839851445981126
MCRIP2,-0.44094079828163246,-0.313764058088462,-0.7174592046504735
MCRS1,-0.00402995990270255,0.08131450620728085,-0.34271884791849455
MCTP1,1.186174196822399,-0.14021550015490036,-0.9606248490018113
MCTP2,0.6713851615589523,1.661736603487963,-0.7683605673113724
MCTS1,0.6725395999112722,1.078874291799533,-0.10835995873534365
MCU,0.6584586574555112,1.0833975845391615,0.5440018956509655
MCUB,-0.9395457392308348,0.16025163417091678,-0.38499579744173285
MCUR1,1.5388531659182139,1.3971128033643527,-0.17440727174302706
MDC1,-0.3329363087174989,-0.9431667229058776,0.47808219841941246
MDFI,-2.821684405481538,-1.7874722894282413,-3.319439222979981
MDFIC,1.6292440327983995,0.841518582040809,0.7383320617023453
MDH1,-1.7426405792050694,-1.6941180608987625,-0.5173227896251357
MDH1B,,0.5572131477807668,2.2216365556665343
MDH2,-1.3433903398755014,-1.1782832104289578,-1.2347401182260334
MDK,1.826335610220638,1.1994598487872628,-0.9624196529415984
MDM1,-0.728763940722565,-0.7868258490017547,2.2084939125752974
MDM2,-0.3598342868168265,-0.2487376409589806,0.8670785403594002
MDM4,0.22373001883793625,-0.030801926592578802,-0.0052755500038102025
MDN1,-0.023836526815277613,-0.3181183408977923,0.6398825679895893
MDP1,0.16902294393043413,-0.19409872827462685,0.13379352829263008
MDS2,,,0.9842043791632826
ME1,0.8789632136918994,1.4653090648855014,0.4876090006873316
ME2,-0.6636159429623982,-0.5559515146370566,-0.40802794754886257
ME3,0.8475427014191617,1.1924637269842178,0.4053674187551453
MEA1,-0.4394185453074351,-0.5662810225401392,-0.11916919581753505
MEAF6,0.13245346069065753,-0.6071425915430269,1.0388865842163588
MEAK7,-1.403713348203623,-1.2061423458757656,-0.056176197099682024
MECOM,1.377670618041172,0.7154196680092361,0.21338297054545832
MECP2,0.21311707661701998,-0.15751582269754946,0.49058190269146057
MECR,-0.854157163121396,-0.2808212089276494,-1.9442600382777544
MED1,0.18774128214843488,-0.3397915555031619,0.16848003052957938
MED10,-1.6468611588304354,-1.17720218855897,-0.7640648077220734
MED11,0.04249996731852436,-0.2733352931767864,-0.24568894485699513
MED12,-0.01738722740881007,-0.1231385142008492,0.6274461766128814
MED12L,,-0.16098138566719455,
MED13,0.8143681419259586,0.4596291390287597,-0.03957677072285154
MED13L,1.0518244259554475,-0.07444991494969312,-0.1954904415786863
MED14,0.9954400697952022,0.39314967297549613,-0.13854769653671492
MED14OS,,0.8068650855423247,
MED15,0.1245589091995308,-0.2509673599104023,0.3797255824029915
MED16,0.7272631491921381,1.2345844504129535,-0.3557357296499784
MED17,-0.771169721002877,-1.4048009674575477,-0.7164846819293219
MED18,-0.29952649998468306,0.09433188309524776,0.495688430021913
MED19,-0.4731520123325359,-0.6474886988909876,-0.27023254171755684
MED20,0.008866003940270364,-0.23205329093973254,-0.37143617225031617
MED21,-1.3405570538307736,-1.4916330353889147,-2.0793773365277204
MED22,0.12131049456805137,-0.29904101483531126,-0.3627697252559731
MED23,1.2316006436005842,1.071490715340236,0.5564967480665286
MED24,1.6761595949718242,1.950162318999292,0.5324596270916718
MED25,-0.3795601670289659,0.5302783517798652,1.7622820943237123
MED26,-0.11713583675555697,-0.69463726009265,-0.8003955479115803
MED27,-0.6405439634147425,-0.7748554809479927,-0.8912031320544236
MED28,-0.9338322217759004,-1.3043176338602207,-1.1082843644889206
MED29,0.6667763198539183,0.5779478555744662,0.6299715947712371
MED30,-1.64329678388581,-1.8319179608967302,0.1770860876159063
MED31,-0.3016948379970985,-0.24279773246142347,1.4062455158891465
MED4,-0.8664935385940987,-1.0518722409510481,-1.6082194186047292
MED6,-0.49516038946381513,-0.7843737992760292,-0.02506136942585785
MED7,-0.13082745306527707,0.4410919527386526,0.36558833733001367
MED8,1.3479461583303864,1.3005322960861267,-0.9756775244912353
MED9,0.30772548425752383,-0.6557284651696914,-0.7021884692439383
MEF2A,0.11273146562142457,0.24335423187287572,0.5866685439231542
MEF2C,1.1654873616167305,-0.2305734270312029,-0.12011802075988234
MEF2D,0.9961962518821937,1.096116639123322,0.026003734710760472
MEG3,-1.3914830111766578,-1.263661672873348,-1.0798331726694688
MEG8,,0.29809947101808043,
MEGF6,-1.581628092312895,-1.9107047438276417,-1.8831407292401106
MEGF8,0.46852103095162556,-0.3340730023015335,0.7065346982158441
MEGF9,1.041074300960283,0.18108457386031648,-0.3435181896983957
MEIG1,,0.5123290317848707,2.36172728123422
MEIS1,-0.4447509147286118,0.052252694782037916,-0.2052943568650466
MEIS2,-1.0675705238781417,-0.12676874085462672,0.6251538097277235
MEIS3,,-0.19116316903731564,
MELK,,-0.6996894254245979,-0.6105594407737204
MELTF,0.3186090797295828,0.43692725665259163,-0.41767108936105557
MELTF-AS1,-0.42677221521332864,-1.0543808660876368,0.3271746690139503
MEMO1,0.5084807795714824,-0.5321448669282559,-0.37830848461647243
MEN1,-0.24076382063368498,-0.31206183089324496,-0.10798092444418181
MEPCE,-0.9126725386167034,-0.622153301779403,0.011116514897490458
MERTK,,-0.15496346230757252,0.2915962935193746
MESD,-0.013011345299371388,1.019843170561265,-1.2179548506736737
MESP1,2.8607802152524644,2.0913187843173895,-0.1770860876159063
MEST,-0.7873928922017608,-1.041283636858479,-1.710400589993712
MET,1.600406211994021,-0.2459522288698856,-0.8898026599117382
METAP1,-2.084493550412837,-1.7364566932307546,-1.4878101728580482
METAP1D,-0.47701892575470567,-0.9423241100575398,-0.7319136292780575
METAP2,-1.2918269279351358,-1.4471101606882137,-1.0014764658440387
METRN,0.5586662353858627,1.2700907494378462,1.5010471941631607
METRNL,0.3212752147504676,0.2537562656576231,-0.670002363024601
METTL1,-0.7933724388621118,-0.20052613649315404,-1.9646150444757708
METTL13,0.20699615448954745,0.17522918277774335,-0.22631542339824476
METTL14,0.2947129923129408,-0.030081193720075197,0.13645548305720268
METTL15,0.017617545483382603,0.22392023452615908,0.828218793310196
METTL16,0.3622922216218271,-0.3656662022965734,0.3917003719827292
METTL17,-0.6958207198969654,-1.527075058961143,-0.6728349264989476
METTL18,-0.07941582316499156,0.08691739217560504,-0.10438086450323804
METTL21A,-0.9845387020857125,-0.6348802203097369,-0.22515578109907458
METTL22,0.054488833313159506,-0.15113680838333537,-0.15321071175839068
METTL23,-0.3361022618025619,-0.6948665187652712,-0.6638834918576125
METTL25,-0.062331836346779385,0.15259431731824835,-1.0127394982937734
METTL25B,0.18961663043647514,0.42408403734429945,0.0778926960078455
METTL26,0.42525927171095573,0.32020295292836465,0.3575427770921506
METTL27,-0.07895381136838264,-0.2926436958312039,1.3257974588924362
METTL2A,0.23792013179351099,-0.6002274699833011,-0.3291630215545258
METTL2B,0.349534462650826,0.13457945219787587,-0.09567043690125518
METTL3,-1.3248858846843454,-1.02805708194513,-0.5179690613381855
METTL4,0.49672289624255095,-0.2731483431410258,-0.12638301900780755
METTL5,-1.2719266747979874,-0.8351203502960733,-0.828218793310196
METTL6,-0.6789051239793381,-0.967613296599319,-0.31447941917656325
METTL8,-2.277043179835521,-2.455152504784233,-2.7470591367669366
METTL9,-0.41645300579764255,0.7013006788963776,-0.8844967021321917
MEX3A,,-1.0116974962254892,0.49228265088101375
MEX3C,0.837035974173994,-0.3533702415796341,-0.7089550439792749
MEX3D,0.26001097810147256,0.47267927120605363,-0.394753718095091
MFAP1,-1.0546314011789346,-0.8399798715898569,-0.6121493248363912
MFAP2,-1.328773130069547,-0.905074223182856,-1.65381077922913
MFAP3,,0.648599602914893,
MFAP3L,,1.45745038846152,
MFAP4,,-0.23501454746541592,
MFF,-0.712047340126358,-0.7040670729674214,-1.3521168322267532
MFGE8,-1.4716640448765121,-1.2253749773683646,-1.1441640179715655
MFHAS1,0.048262976602290016,0.038911362302569905,0.08186198536760017
MFN1,0.7165053336755564,0.8003977484297111,0.7946984475118498
MFN2,-0.6867551714602311,-0.3566310724505573,-0.5125900369967124
MFSD1,1.7840574423466546,1.8750590851358924,0.3641786696372801
MFSD10,0.7858240040021843,0.004682610526732983,0.15835993702105652
MFSD11,0.2079373244479391,0.4227051219198022,-0.25502064260187185
MFSD12,0.49568109055792775,1.007500127802971,0.38661954893207806
MFSD13A,,-0.16152875553304202,
MFSD14A,-0.7606712214668411,-0.5643792633793384,-0.36015502119830684
MFSD14B,-0.07271826086624268,0.3287455284315333,0.7050844758635342
MFSD14CP,,0.48885251896240617,0.14939909576938215
MFSD2A,-0.41519761596264104,-0.01656993491336927,0.16504113423888106
MFSD3,0.963079598354971,1.0110967815259484,-1.3507081652051327
MFSD4A,1.695228120612762,1.7596949130603186,-1.119849006013371
MFSD4B,0.4902203935767478,0.5677615854462019,0.8469491743699772
MFSD5,0.5871590047159555,0.6775452564614117,0.3469178492680505
MFSD6,1.0179921807906647,1.5536165813937546,1.3109705634358633
MFSD6L,,2.310937143309329,
MFSD8,0.5904454410979608,0.5288278942652772,0.480195488564181
MFSD9,,1.1485188916125737,-0.4201393690997846
MGA,0.2971188856224108,-0.3213406002201126,-0.26515513155223636
MGAT1,0.7943191708116677,1.1597366171612737,-1.4703713195784511
MGAT2,0.3598342868168265,1.0027247657455003,0.5235791926766721
MGAT3,-0.12154248133144413,-0.2584088431793569,-0.5231470608319794
MGAT4A,2.5915511863903875,2.8652147406918846,-0.6226359942546531
MGAT4B,0.11365851707268508,0.22410491029071464,-0.42261021115896946
MGAT4D,,,1.2351440193168748
MGAT5,0.4194686257230688,0.606060196589341,1.0279598143185453
MGLL,-1.01297881471257,-1.266467953565877,0.525957669251163
MGME1,-1.6742859505479029,-1.880308089463464,-2.7553522156979144
MGMT,-0.2724176893000174,-0.36643651922663967,0.7736867535299207
MGP,1.8910867132156008,1.064165096114823,0.41274213570701085
MGRN1,1.2083367013489292,0.8018872323743458,0.42322832442904323
MGST1,1.6742859505479029,-0.48601307422484313,-0.9460814674404708
MGST2,-0.7833177975656483,-0.17468055086431497,-1.0584778522038087
MGST3,0.04134754094837909,-0.26661105249780903,0.6003752725618291
MHENCR,0.9557820456971636,0.1937316924030014,0.9606248490018116
MIA,,0.6271880179001009,0.8491087072299681
MIA2,1.801283257907238,2.293100515741286,0.9597286064909205
MIA2-AS1,,,1.4174754854889873
MIA3,1.3824450419922947,2.033916136260828,-0.1843636271046937
MIATNB,,-0.023415106518146045,-0.26222897128857614
MIB1,0.2817502141372784,0.12894767595609408,0.27747015143895126
MIB2,-2.1540577237104364,-2.217568328707527,-1.138022122776803
MICA,-0.32661436477255734,-0.1893292823123081,-0.3551336388409209
MICA-AS1,,0.9303193216914799,0.7196543766352994
MICAL1,,1.28639754699318,1.6764195444394672
MICAL2,,1.6043528475108433,0.8531685435660232
MICAL3,-1.3705673206894895,-1.1604425795464217,0.9127100266184451
MICALL1,-1.390271377437292,-1.2568875234171317,-1.4042226618426783
MICALL2,-0.624510852871498,0.13203555151167246,-0.9543672553549223
MICB,,-0.13694242542678783,-0.5558369708948908
MICOS10,-1.0815171038349778,-0.40074933438117544,0.15359199489672778
MICOS13,-0.15572254888776463,-0.18859590621791855,0.8144908701602519
MICU1,-0.03835148553505476,0.11987269848246569,0.45413813827503946
MICU2,-0.667927199334443,-0.4410919527386525,0.2091443701089099
MICU3,-0.25358490328866734,-1.042523289652759,-0.17172970684403654
MID1,-1.9252104786684052,-2.0008475336476894,0.1809151779698176
MID1IP1,-0.21005563181621068,-0.49393279490237996,1.030840218268742
MID2,,1.0686173385947082,0.42776611797100944
MIDEAS,-0.5506090559286857,-0.6311393437719344,-0.6251538097277234
MIDEAS-AS1,,0.17285215653193245,0.7043599205845755
MIDN,0.5508770505940463,0.6599770251174848,0.05693104978486208
MIEF1,-0.7575993674433823,-0.9400804062681397,-1.1702953296866911
MIEF2,-0.21358824474304913,-0.14622006667517615,0.8367448213208522
MIEN1,0.9345447427584868,1.415019439815471,0.17727748001460886
MIER1,0.2745692143761273,-0.18621313216018776,-0.38966683655220463
MIER2,0.3241863332775093,-0.22078190926751642,0.17823453956841387
MIER3,0.38997519115109486,0.5847721057301758,-0.04749758300670916
MIF,0.197359571727215,-0.27277447170039815,-0.0726022076932366
MIF-AS1,,0.216170662914061,
MIF4GD,-0.7880209903347358,-0.4058286371806078,0.19069151337170995
MIGA1,0.8488626213778541,0.9075182979783184,0.11139279821123765
MIGA2,1.1134784799573323,0.8417752275016634,0.27805761707938165
MIIP,0.5250611930310328,0.5329750242900045,0.15626160535890127
MILIP,,-0.6543892735810571,1.7933911425191622
MILR1,,0.9173493200900406,
MINCR,0.5770654116848143,-0.07426931659633107,0.4842166655323651
MINDY1,0.9214389258947068,1.0051095816976392,-0.025815259833137
MINDY2,0.07733690213833319,-0.45463074779359586,0.36982171580484147
MINDY3,0.9438510853137773,1.0866421279221472,0.6584912939688098
MINDY4,,0.4793355199642953,1.8529427889413888
MINK1,-1.1264128432417695,-1.1583264236569222,-0.3134897604324058
MINPP1,0.24100088229303435,0.2997944407685531,0.3234003526012345
MIOS,1.577618879451535,1.3157873163691014,0.7420488696278987
MIOS-DT,1.5381011450572042,0.6421674304543314,1.1187914876721896
MIPEP,-0.8521689109708975,1.239228704060669,1.9417715499126755
MIPOL1,-0.6987572953666422,-0.6662598772500921,-0.145589649085272
MIR181A1HG,,0.77558516119208,
MIR181A2HG,,-0.5860546803781866,
MIR1915HG,,,1.6927708251248825
MIR200CHG,0.9774594272457552,1.156918529898554,0.74776797788283
MIR210HG,0.12015065842142067,1.0808101381372577,0.16255870253561172
MIR222HG,-0.6521789863427861,-0.5595284493988958,-0.8330072340515614
MIR223HG,,-0.40192055908142293,
MIR22HG,0.4656959315851784,0.016389810708457134,-0.3931248106705111
MIR23AHG,-0.7721001359368233,-0.588194450519075,-0.7413046891435632
MIR29B2CHG,0.6197601477704326,0.060009212791524415,0.36317220719258864
MIR34AHG,,1.2288163202239066,0.7007426728918382
MIR3659HG,,-0.5027008755179669,
MIR3677HG,,0.5168521443774282,
MIR4435-2HG,0.3884847645713493,0.3503046534800474,0.01865383274981953
MIR4453HG,,0.290576549164997,
MIR4458HG,0.27050628095092255,0.4025063781490502,-0.04391401908325134
MIR762HG,0.11226797627461846,-0.3489644949013687,-0.39658749202606575
MIR99AHG,0.21971778735951172,-0.23983100065174195,0.8168558274266641
MIRLET7A1HG,,0.42921281543150064,
MIRLET7BHG,-0.6169721422410127,-0.7569851273448053,-1.2444899321634801
MIRLET7IHG,,0.22004379684917302,0.39210727324606515
MIS12,0.48892238545285,-0.6859522652880944,0.2700371286748056
MIS18A,-0.5271769129547509,-0.7457596530168854,-0.7540122733090386
MIS18BP1,-0.5295599224407914,-0.8685143800427737,-0.6345735944023951
MISFA,,0.7398268134699184,0.6212643032312042
MISP,0.7990635564431766,1.2652640416543557,0.4418483923715687
MISP3,1.3030474374808487,1.7299863958280057,1.603431383870897
MITD1,-1.2223128462290016,-1.5590581719754883,-0.8948525680417382
MITF,1.9208212305107102,1.8223583343620855,0.925067402624749
MIX23,-0.9638121759656385,0.041795306386327155,-0.5446573893898053
MKI67,-1.7049981822697169,-1.4077055474659739,-1.4512049816374484
MKKS,-0.5562452950112291,-0.37531094343815674,-0.11632336111249808
MKLN1,-0.020151108673835256,-0.27127936658290136,0.015261934184629903
MKNK1,-0.5670302716114284,-0.561003385587924,-0.5145247695212284
MKNK2,0.8224152440012483,0.7860897378906708,-0.38317028930544295
MKRN1,0.5221559085202623,0.5313150761382573,-0.015638802418364028
MKRN2,-0.5825140405709411,-0.19575071407057995,-0.7447810558609074
MKRN2OS,,1.2341986299730008,0.7480171890828119
MKS1,-0.6928901325993619,-0.4608304588666871,1.712029888497002
MKX,,,1.4952597598597808
MLEC,1.7189558236041884,1.7768946631380564,0.7864574819706004
MLF1,-0.4969834318792407,-0.37840460549931887,2.1097867437176117
MLF1-DT,,0.25208268676294077,-0.23327973041448533
MLF2,-0.40893042400705376,-0.31168368112112915,-1.4367757613021823
MLH1,-0.8025542335701756,-0.6750551089547603,0.2445240021522088
MLH3,-0.3862507404891328,-0.9958999701601823,-0.10570704251366328
MLKL,,0.02791908735561148,-1.1819592051452232
MLLT1,0.06117822462552294,-0.6030332586980561,0.012435487826895977
MLLT10,-0.8057360836018904,-0.8562370959278763,-0.4221982253442497
MLLT11,,-0.8143695941597623,-1.2999270379938357
MLLT3,1.898015240473871,1.6806576577793637,-0.702911918030073
MLLT6,0.6841338078564222,-0.2150646511146176,0.2437475580954515
MLPH,2.3968538481428583,2.403522556263935,1.068760970430123
MLST8,-0.39893610515651673,-0.12876607478874486,-0.9519932189362388
MLX,-0.18422677758477238,-0.231313295663526,-0.6472991301356669
MLXIP,1.1641259088392177,1.4062517744666776,1.151811169368747
MLXIPL,,-0.5709384215491182,-0.4608324459652402
MLYCD,0.49776524132917505,0.8315522342208488,0.20279348264411765
MMAA,0.7761396858845169,0.8830497928529661,0.3299587266545167
MMAB,0.5989651245312821,0.6082256982801189,0.3489195210788627
MMACHC,,-0.040894037645234596,0.3313517137761663
MMADHC,-0.24503301497979554,0.048826424948247474,-0.37224376340652476
MMD,,-1.7479578168754255,-0.8811583651594798
MMEL1,2.058899109145562,2.4478817520377336,0.6669398061089598
MMGT1,1.1156212542926176,0.8827838498787537,-0.24840844458280298
MMP1,-0.6527488002744533,-0.6335588988992853,-0.7638125553088557
MMP10,-1.9664896541224939,-1.8708967706904227,-1.40069643002017
MMP11,,-0.9547503115389768,
MMP13,-1.7281085530944473,-1.2765727557419497,-1.4330832946142056
MMP14,-1.4180429456854688,-0.5080212723366436,-1.1796891456455283
MMP15,1.7500467712936119,1.1954023320309364,-0.5305066876258052
MMP2,,-0.9716478865726221,
MMP24OS,1.6459681034193465,1.5813000185461523,1.0704301446339015
MMP25-AS1,,0.04449931925494165,-0.15969560153134116
MMP28,0.38550649452322516,-0.3045072293868654,-0.5893561743017572
MMP3,-0.8233844745500033,-0.950497620161698,
MMP7,1.6504465804378312,0.022334225236584907,-0.43024498975941455
MMRN2,,-0.6306998217638585,
MMS19,-0.3951985385527926,-0.466445456609353,-0.23676611029461783
MMS22L,-0.9416962303605309,-1.050307706139526,-0.003391415772312153
MMUT,0.4554538962616513,0.49759849571426634,-0.2616440093781512
MNAT1,-1.1964749867037554,-0.9406408882532782,0.6956938700676354
MND1,-1.291296664438557,-1.1565669145892252,-1.1051559915137315
MNS1,,-0.3365496898476572,2.090974311525375
MNT,-0.291587877081337,0.04612188189966779,-0.43272650814650876
MOAP1,0.9996061445619653,0.6123480343911478,-1.0734421975848334
MOB1A,-0.5048153090677275,-0.5356755782035578,0.5134496808177886
MOB1B,0.010247763947735293,0.36181785990340365,1.0832146266075753
MOB2,-0.948173998115279,0.41033060671571275,-1.0731070442055965
MOB3A,0.4470400840018301,-0.10138950127295814,0.3004545928374062
MOB3B,-1.3439582927460154,-1.6971513201773702,-1.2026700483101376
MOB3C,-0.6972882560005071,-0.8226778910099931,-1.2339329197688593
MOB4,-1.118199364257416,-0.5929114600290041,-1.2400066338442453
MOBP,,,1.511593122846426
MOCOS,0.5003734750488984,0.2571055618684409,0.46817808042518244
MOCS2,1.174160534608538,1.050307706139526,-0.11253037572360784
MOCS2-DT,,0.023415106518146184,1.1100270457184223
MOCS3,-0.12247049392699091,-0.18291564810769384,1.0496119242784605
MOGS,1.0655370223400897,1.2311186577781281,0.5048701654240858
MOK,-0.4061779543023114,-0.03386522434174204,2.600068876829887
MON1A,-0.25905829566047933,-0.5106868636835874,-0.6274461766128814
MON1B,1.395130224678202,1.4711301320269872,0.18877317723752357
MON2,1.0906545954142024,1.4343986142163496,0.5677504202923137
MON2-AS1,,,1.2635151959485373
MORC2,0.4949000892616733,0.13239891320189565,-0.10343370701489965
MORC2-AS1,-1.0079907802489645,-0.03314442087556305,-1.0961786490934906
MORC3,-0.7093793263711522,-0.3879016650888947,-0.31943235775804346
MORC4,-1.3416890759437512,-0.36047220790980516,-2.006541019956434
MORF4L1,-0.17743847620538758,-0.5057685887020116,0.41520535162717087
MORF4L2,0.45980086262568415,1.2080081810337369,1.1401849399746287
MORN1,,0.056040340044356575,1.8518950843805517
MORN2,0.29351068593600765,0.39626471148306214,1.6413654009955123
MORN3,,0.4734849688769769,3.174044332647993
MORN4,,0.8384431473346446,1.4582614535680452
MORN5,,0.6379676250167982,1.7071555471474158
MOSMO,-0.14850069898779908,-0.18090149992546756,0.11290960051812676
MOSPD1,-0.3942027879571124,-0.7245217007684538,0.7916017874114754
MOSPD2,0.6069746917120128,0.1416706802538039,0.9167179854278538
MOSPD3,-0.22184146520059256,-0.04864611118563602,0.31151136261909185
MOV10,-0.07618209099729889,0.29283168014537614,-0.24530059365203583
MPC1,-0.3397594776833791,1.17720218855897,-0.22457607357072207
MPC1-DT,,0.5736963469521457,0.612603861601738
MPC2,1.4199336111095564,1.5167535183481344,1.1849954590181158
MPDU1,0.8102044300806945,1.1604425795464222,-0.2340542350030958
MPDU1-AS1,0.47701892575470567,0.07878501761852122,0.29730230951377723
MPDZ,-0.26096389658795144,-0.0473839588028924,2.082662252811703
MPG,0.054258209848000734,0.7949514246639442,-0.8566984767470436
MPHOSPH10,-0.3842665586976544,-0.3869309873800234,-1.1899528031241569
MPHOSPH6,-0.5713627268752643,-1.4807644641388995,-2.0926541822084506
MPHOSPH8,0.21358824474304913,0.34666853600997205,-0.5184000293496605
MPHOSPH9,-0.8929425872726479,-1.3170724486080803,0.7895415583236828
MPI,0.4455137116316508,0.7512411418873242,-0.9216046797512237
MPLKIP,-0.7275631763731609,-1.0213590667335295,-0.08942615869645201
MPND,0.4079291685359265,0.7777766844452807,0.42405272711096326
MPP1,,-0.5184995329126681,
MPP3,,-0.3202029529283645,
MPP7,1.769545169305228,0.9739604835175069,1.0014764658440387
MPPE1,0.4091808019046442,0.6861801532854693,0.3038071691391412
MPPED1,,-0.392760561880609,
MPPED2,,0.024496015156378226,
MPRIP,0.33927158732495927,-0.6230277689156889,0.12828247181072328
MPRIP-AS1,-0.27433009344164627,-0.7161177143937308,-0.8327407089050929
MPST,0.5027237988485159,0.04233608388044104,-1.568962639676124
MPV17,-0.20770201472243435,-1.0971023857371287,-0.39251423944043085
MPV17L,-0.2279821946250025,-0.08131450620728072,0.3261809780869417
MPV17L2,0.81951217562982,1.089572028779255,-0.9570444922493665
MPZL1,1.7511126690620689,2.019868400372005,-0.37810610414447754
MPZL2,-2.247297224824576,-2.0542834208055734,-2.1168167184993116
MPZL3,1.2355432574656597,1.1965069743614969,1.1434392023511724
MR1,0.08334361797202512,-0.05405623855753109,-0.43666104286413804
MRAP2,0.12618360739396972,1.231887555504027,0.5675290722062606
MRAS,,0.6546123906299229,-0.02600373471076061
MRC1,,,0.44060234900235834
MRC2,,-0.9627352265677491,-0.9561513184928929
MRE11,-1.0602704264657912,-1.3005322960861267,0.4818876656631906
MREG,0.40093175172668605,-0.12041691138414307,-0.5593585887842534
MRFAP1,-0.9081416283046552,-0.8186425689421171,-0.3517242141584135
MRFAP1L1,0.3309896892980577,-0.2855078836361412,0.2790369398797475
MRFAP1L2,-0.03466450240682793,0.10772755365879622,0.03410911712257973
MRFAP1P1,1.2865405436458217,0.3148993812104565,0.9915704796706728
MRGBP,-0.5471287121545813,-0.4604299451066434,-0.5806367957801741
MRI1,0.3581150259036806,-0.22115101056301958,0.3341396210923856
MRLN,,,1.6041131398376482
MRM1,,0.03584752572903073,
MRM2,-1.4346003649167143,-1.3162154522662717,-1.8721590240539456
MRM3,-1.0578495822605627,-1.180449395086257,-0.8510015519558729
MRNIP,-0.9409789164799701,-1.2517459480225743,1.6214048193708028
MRNIP-DT,,-0.37724405936797517,1.2018937653202477
MROH1,0.6914270690456698,0.9882404160076725,1.0187359883327485
MROH6,0.20511436363359872,0.8259664800232357,-1.3404588572211806
MROH7,,0.0027014994865301144,0.7338853097768472
MROH8,,-0.2853202968779831,0.299666243287916
MROH9,,,1.5461491505141294
MRPL1,-1.2011993973935273,-1.2859856986072031,-0.7201426635608482
MRPL10,-1.160054439463703,-1.2162682771951687,-1.9480154974012902
MRPL11,-1.5044097931536855,-1.8942034003762105,-1.1624835914906528
MRPL12,-1.3084486639979824,-0.9902968881297286,-0.7731785534186126
MRPL13,-0.5035078570023857,0.2915160068329943,0.05938454729937915
MRPL14,0.9091855660967211,0.8838479967821334,-0.21511804465745174
MRPL15,-1.6513462590065213,-1.4440380744960677,-1.4506651618547628
MRPL16,-0.5409873428599891,-0.7964344419091324,-0.5287724386433017
MRPL17,0.044343967558438675,0.14403598930448472,-0.3976068314747156
MRPL18,-1.064319033543252,-0.7400636263540943,0.08224007921665351
MRPL19,-0.9980892039700328,-0.6561751237093755,-1.309636894213181
MRPL2,-0.3959456086794868,-0.643717582946341,-0.9187274965739493
MRPL20,0.7287639407225647,0.9456985891934805,0.23695988208167804
MRPL21,-1.3647002950542433,-0.7658897304583813,-0.3963836736099355
MRPL22,-0.9249653667623917,-0.43336354174955943,-0.4300383163133058
MRPL23,-0.36376803284907017,0.4003590483585134,0.23405423500309594
MRPL24,-0.6667763198539183,-0.8448593104111565,-0.6913803994395498
MRPL27,-0.15735440036014456,0.10120847510600478,-0.7255252083452111
MRPL28,-1.0910721016744234,-1.0459406245781588,-0.6035369634336644
MRPL3,-0.14035627597452013,0.44049652923227545,-2.2063401464113612
MRPL30,-0.3706656994260866,-0.2785738004658731,-1.3936957476072105
MRPL32,-1.17141211496507,-1.391400418040706,-1.3483663253009532
MRPL33,1.016060940839602,1.163626592019551,0.3945500474659401
MRPL34,-0.6061443165174072,-0.6397345885470699,-1.2073430443588404
MRPL35,-0.7905364987791896,-0.5570028140426759,-1.2710857735144772
MRPL36,-0.3309896892980577,-0.109539209761343,-0.30736068250315973
MRPL37,-0.883376999388259,-0.5614250200445466,-0.6976151261025438
MRPL38,0.2218414652005927,-0.04485987845688782,0.03354355876715671
MRPL39,-1.0230312643904127,-0.7545887750112912,-0.10267604786896274
MRPL4,-0.9837911936270878,-1.4743263837901455,-1.3823407230289444
MRPL40,-0.7341804466777951,-0.6743767043160255,0.45915694369216375
MRPL41,0.2988040339887286,0.8325706141379337,0.6371104281706377
MRPL42,-0.2783972953245977,-0.4315837489044675,0.4518416774477378
MRPL43,-0.06371628005362494,-0.21045908295257318,0.21859014215263137
MRPL44,-0.6363089028136258,-0.4902737192728827,-0.9934204264575952
MRPL45,-0.7845702847910949,-1.4899915060493112,-1.05715913674248
MRPL46,-0.7132347517817971,-0.7634771156809236,-0.3146773878607965
MRPL47,-0.48918192111613984,-0.5059732719282432,0.0005652349086226379
MRPL48,-0.42349540012918796,-0.5189115998328513,-0.049761197938862536
MRPL49,-0.5145175179660854,-0.6694111778975591,-0.36377604044731826
MRPL50,-0.17720454441501793,0.13548819840850554,-0.7091973068993035
MRPL51,-0.8478725429155561,-0.35951142753363374,-0.5532002762779749
MRPL52,0.2963969376650807,0.7673394411792935,-0.31527136795156435
MRPL53,0.13547412180064816,0.5000460131635376,0.42055099762024667
MRPL54,1.039491902582096,1.2117525219880205,0.2872739259556738
MRPL55,0.25762971243845684,0.6889175958355701,-0.08488706842491016
MRPL57,0.37436812422597765,0.5926967648597019,0.70532607655119
MRPL58,-0.14989786037789812,0.02665791956046898,0.3892603230286593
MRPL9,-1.137777034984167,-1.3072747582664421,-1.1785563922397204
MRPS10,-0.9077938689139436,0.026117432173302698,-0.35894906575799584
MRPS11,-0.665913739530903,-0.2396456502532646,-1.093091613346841
MRPS12,-1.133388866150011,-0.4632350972937479,-1.878720832262307
MRPS14,-0.2959157248606425,-0.16463143741348993,-0.3451175325412832
MRPS15,0.6303989093055826,0.6291624529478395,-0.9784105408803551
MRPS16,-0.3212752147504677,-0.09306563849659706,-0.4468394568849747
MRPS17,-0.2745692143761274,-0.25617491407311327,-0.12068736758143804
MRPS18A,0.9416962303605309,1.032036769125833,-1.277876871498861
MRPS18B,-0.7536166108291877,-1.2431194342674345,-0.8306106330280322
MRPS18C,-0.8347499330193567,-0.5851995236343949,0.11328884155103448
MRPS2,-0.9281490271344248,-1.4399630401899972,-1.1658227689838263
MRPS21,-0.21453072337301896,-0.6905168233134126,0.48400482989474025
MRPS22,-1.4136509948862739,-1.1530585965241504,-1.0005436088568627
MRPS23,-0.6975819434128807,-0.22262771760881345,0.13170265824268468
MRPS24,0.6208766990329185,-0.14949749435888526,0.11537495999384624
MRPS25,0.13826352131151412,-1.0357248895648408,-1.1930180678621425
MRPS26,-0.9521522924835297,-1.162563944833182,-0.7341319704041515
MRPS27,-1.0606745049156368,-1.4455724122302391,-0.9124243048536704
MRPS28,-0.6144670316464729,-0.5624795432157477,-0.2790369398797475
MRPS30,-1.4881858671657777,-1.4775377686881082,-0.9594300302526798
MRPS30-DT,,1.162563944833182,1.4047278365996345
MRPS31,-1.2525177664337268,-1.3060060207027717,1.7785370376576666
MRPS33,-0.2877454834375635,-0.6008745396079774,0.22167866356607138
MRPS34,-0.6547448209350135,-0.16134629354177907,-1.0033447992336044
MRPS35,-0.014162865647282722,0.101389501272958,-0.35052186532135376
MRPS5,-1.24298787560978,-1.3871457391787758,-0.1707737329592811
MRPS6,-1.04186647853898,-1.2020522203535329,-0.057497210564382804
MRPS7,-0.6136328517438482,-0.3641262186206451,-0.3661927029274009
MRPS9,-1.695228120612762,-1.7356439248876405,-0.19318640097701306
MRRF,-0.7783200812309794,-1.0437645466072931,-0.16045896617388866
MRS2,0.3463539730235031,0.32096133831678464,-0.21087788456462464
MRTFA,0.5830598531303218,-0.019091732891775473,-0.08602167338610946
MRTFB,-0.48581051858473623,-1.218157181299154,-1.4373048581455008
MRTO4,-1.3298874669485667,-1.4111093046853005,-1.7464798772378844
MS4A7,,,0.3531275975393924
MS4A8,1.922280201195298,2.2458097761778597,1.9116349699636148
MSANTD2,-0.14431094237621117,-0.09179954309957751,-0.3119069444041827
MSANTD3,-1.0426593104763169,-1.0446965457062711,-1.0222244434508574
MSANTD4,-0.7263634601346066,-0.4264497714492885,-0.09396709220330775
MSH2,-1.280766743028206,-1.1278663968120166,0.43210587928651506
MSH3,-0.4824446289356887,-0.34666853600997205,1.297737273390858
MSH5,,0.5387964654278317,0.6839816219363896
MSH6,-0.764058573245601,-1.1968755130921802,-0.17020022358788103
MSI2,1.57442967075457,1.644783965981513,1.3208228677551328
MSL1,0.23413153306429277,0.7343915102834,0.3728496161083083
MSL2,-0.309416063228301,-0.8471776560503577,-0.5307235808725594
MSL3,-0.0641777882981864,-0.5333902407153986,0.9013386341523372
MSLN,1.4743898150091335,1.9323829450227343,-0.19088338547036338
MSMB,1.414903054272792,1.8845449086151633,0.26945095137934116
MSMO1,1.934101926224396,2.0483770995112236,0.8643379199197776
MSN,-1.3836435839109782,-1.8290324937228255,-0.9943466759383959
MSRA,-0.21688775582039785,-0.002881599935215383,-0.6217214035759844
MSRB1,0.09097188766754055,0.30998255770282124,0.7719089257976547
MSRB2,0.016696278670153032,-0.21266919254398725,-0.052213735578091704
MSRB3,,-0.78241555013551,0.3947537180950909
MST1,,0.2772634624062499,0.4491307459381357
MST1R,-0.5592046665855498,-0.3989935269382349,-0.9552589068644164
MSTO1,0.003799675337862722,0.32228895736622803,-0.4424716712888311
MT-ATP6,-0.5738044489663677,0.23038847960869308,0.12714274502850878
MT-ATP8,0.16692095315808306,0.347242353960642,0.3002574879624494
MT-CO1,-0.38129311729066134,-0.35835892889425736,-0.36116038425795255
MT-CO2,-0.5962121163053101,-0.6499337453116169,-0.01450820416651655
MT-CO3,-0.7390132633968676,-0.6727949655744714,-0.6389579759568117
MT-CYB,-0.6439402995673559,-0.45503019971519343,0.07638091191636855
MT-ND1,-0.4827033490783066,-0.32096133831678475,-0.07184659295779304
MT-ND2,-0.4557093612657209,0.10700299053936566,0.4318990399925032
MT-ND3,-0.4775350522951096,-0.1644488831287749,0.4310718674557072
MT-ND4,-0.627311976632614,0.08348305284424046,0.16886225239278804
MT-ND4L,0.02890451567104271,0.5236567309125507,0.4560188432662757
MT-ND5,-0.4358705704723993,0.15095464240275336,0.4426794691195661
MT-ND6,-0.18258745650385888,-0.2535702774308524,0.2458831343519423
MT1A,,0.11533895578212401,
MT1E,0.5150433357584973,-0.8323159382393998,-0.36921654329011544
MT1F,1.3536805700839882,1.021055699790648,0.5113012808956056
MT1G,0.9616159914888189,0.8572769352796547,-0.5289891327070795
MT1H,,0.4542313684005477,
MT1M,1.1259786600478239,0.3623947683819288,-0.8237137498190795
MT1X,-1.6837136429038082,-2.295604243874645,-1.934377369298309
MT2A,0.43688371586305685,-0.44069498637238774,-0.12714274502850878
MT3,1.5929912689073047,-0.2348294088133448,0.7075023391123791
MTA1,1.2918269279351358,0.977729604176472,0.6180682249453804
MTA1-DT,,0.015489197543377442,0.3651855011181803
MTA2,-0.3924611637746769,-0.25059565372656506,-0.6051200721965945
MTA3,0.5463264977079293,0.16718777642165347,-0.13816724924197066
MTAP,-0.19336933541395465,0.09939839485031822,-1.2886074960882714
MTARC1,1.6846646814702635,1.0141040146656688,-0.4189049102130236
MTARC2,0.9871593252395923,-0.3371215258607452,0.666233950706785
MTBP,,0.178522088119046,0.5212036743891816
MTCH1,-0.5608209342022142,-0.5323523718676042,-0.5924971344846027
MTCH2,-0.5003734750488984,-0.4400996669838366,-0.2912031270327214
MTCL1,,-1.6806576577793637,
MTCL2,-0.7867651045474882,-1.2501705654444422,-0.669766558855862
MTDH,0.05310513556254863,0.027198414735235852,-0.8480284464436043
MTERF1,-0.8140473556007212,-0.7147219700524382,-0.6354956061125687
MTERF2,-0.16131922223877285,-0.5232436439719016,-0.18819781215633588
MTERF3,-0.7435597568794307,-0.9292094095918482,-0.8055973656007566
MTERF4,-0.07248737033577331,0.03152267546568138,-1.0155753888563597
MTF1,0.4636436471642805,0.05369551592329471,1.3611013609233253
MTF2,-0.13547412180064816,-0.5205607498876685,-1.1023842675047504
MTFMT,-0.517674565781183,-0.9344917404255474,-1.1294235992509376
MTFP1,-0.19125810718238018,0.2014450080900127,-0.5710739900487959
MTFR1,0.2674023455837029,1.5043537726196576,0.03787979373040249
MTFR1L,-0.91722226324415,-1.0619468658531983,-0.8850540502249307
MTFR2,,0.3453300708686645,
MTG1,0.41394288013997094,-0.45044086435723196,-0.2346352055700135
MTG2,0.0634855310264834,-0.246137863414954,0.2741429811071662
MTHFD1,-1.188037698622631,-1.1523586341407892,-1.2100811772999864
MTHFD1L,0.779567684107405,0.7809488301665392,-0.5272562744476901
MTHFD2,0.33026003064594145,1.1837090966292496,-0.8053367575219715
MTHFD2L,1.9554646666120463,1.3666977139210887,0.9184401965031557
MTHFR,0.7883351560042126,0.8854460965170219,-0.10457030721113164
MTHFS,-0.3694326885948295,-0.05459733571235202,-0.532459627091672
MTHFSD,0.2602491855554674,0.2597125635566508,0.8909228978440138
MTIF2,-1.0806908944602123,-0.9356071354900878,-0.39556856448639943
MTIF3,0.8066922300147203,1.1957703840237799,0.4111013828526893
MTLN,-0.34244432438017247,-0.34074572389317687,-0.3678049993385813
MTM1,0.08634809037306773,0.09722672781636686,1.316776925574409
MTMR1,-0.19688997025922064,-1.0440751122070813,0.13474411661350086
MTMR10,0.8105242164852585,1.057211024382932,-0.4801954885641808
MTMR11,-1.7728611202314406,-1.8974625229715087,-0.4158215488540037
MTMR12,1.0769820461987094,1.3805768333312662,0.9522896799555972
MTMR14,-0.05633392640429583,0.16061649922727186,-0.7311749824472402
MTMR2,-0.5266477620728368,-0.25952629081165274,1.241634037092636
MTMR3,1.51014679394217,1.2136310793313805,1.0385634383259075
MTMR4,0.29062687721839037,-0.21949029121935518,-0.3774990555972584
MTMR6,0.39470061433579257,1.370833756120767,1.2999270379938357
MTMR9,0.42551136127907696,0.31168368112112915,0.20779651573482238
MTNAP1,0.25382271778235044,-0.19042953754189643,0.5422550534653402
MTO1,-0.7714797851047874,-1.0366491231966006,-0.8520845476029383
MTOR,0.6527488002744534,0.3627794410407987,0.3684098568496828
MTPAP,-1.0367289508072648,-1.1076840835476958,-0.7026707275745606
MTPN,-0.27863668531394353,-0.06831089424682142,-0.021857488913479942
MTR,0.14687104346936825,-0.2699716469732655,-0.12904238216022276
MTRES1,-0.6139108642409654,-0.5635346922463741,-0.31269825449265554
MTREX,-0.16411944395119774,-0.027558749256278516,0.31705397674479147
MTRF1,-0.026831165160044683,-0.11425121372508172,-0.37628537545428203
MTRF1L,0.10948754306806471,0.2237355663981181,-1.1547421549566774
MTRFR,-1.0430559723233548,-1.3166438295622407,-0.9396164963573683
MTRR,0.568924406512439,0.07589478969481826,0.58622101776194
MTSS1,-2.3122752950533436,-2.0802196717659176,-0.11385773366974651
MTSS2,-0.7755173933680294,-0.5873382198104459,1.3330923385210043
MTTP,,,1.551149316457265
MTURN,2.2530886503651595,2.3753723624642094,1.5169297331162208
MTUS1,0.7353870398185282,0.8630127106145647,-0.8173819940367661
MTUS1-DT,,1.6188714513666889,1.5027932651415319
MTX1,-0.594837306163884,-0.07011621098184304,0.5255249979883221
MTX2,-0.7173986408466744,-0.6082256982801189,0.28119239384004296
MTX3,0.4621057148359377,0.21875238827130317,0.8725794177117945
MUC1,2.4677455615697816,1.9417888516022155,0.743786891280857
MUC12,,,1.4637393356361459
MUC12-AS1,,,1.7007188660533645
MUC13,,2.6046534190291437,0.8864486248453587
MUC15,2.1982914717925532,1.2942644927607974,1.7194185659852552
MUC16,0.9140704383939428,1.8055592622479164,0.6449776466296226
MUC20,1.7240228361723426,1.297183126386091,0.8458708879460238
MUC20-OT1,0.27959440512046085,0.2686643888876604,0.39516110849362457
MUC21,,1.911823503575461,
MUC4,1.117769163265482,0.9976758715449471,0.5922725865990397
MUC5AC,1.1555530218008152,2.3006553054117114,0.3047938695147858
MUC5B,2.17075798107919,2.5017505216899703,0.4812529377971545
MUCL1,1.4902798588995434,1.3331045840443976,0.8756161822035767
MUL1,0.21712352513434605,0.49454328298076555,0.09472410033914219
MUS81,-0.266686419606988,-0.6267495866695336,0.016015672873285203
MUTYH,-0.7742737083233447,-1.1657558377112691,-0.7152674845121363
MVB12A,-0.06671633064596431,-0.07463051573132878,-0.10400199031851291
MVB12B,,-1.5065910804403562,0.9285412531601487
MVD,1.4833250990368083,1.9051465112236832,0.1471131711393326
MVK,-0.9299217986821453,0.07571417174846663,-0.684457829859701
MVP,1.2414934439034666,1.4253878389728856,0.5893561743017572
MVP-DT,1.3445266794689958,2.2548714372671443,0.9457867477394462
MX1,-0.38327503531988205,0.3875133501970453,-0.3067681618963065
MX2,0.31183271231696,0.7282732587495123,0.3158654592948078
MXD1,-0.2107619433138526,0.33426344379905076,-0.7009835371709207
MXD3,,-0.0715606286403131,0.069957734623487
MXD4,0.7016999089578408,1.2640619608332364,0.61328590417893
MXI1,-0.43333966039820665,-1.3571367930165965,0.2862923206490463
MXRA5,-1.9728985673689843,-2.088121293975192,-1.9417715499126755
MXRA7,-1.0049336474921438,-0.7743692565745156,-0.6620057626007387
MYADM,0.46775017933607893,0.5901225486912671,-0.1299923749504935
MYB,,0.18969600852424073,1.9751056168680257
MYBBP1A,0.2138238465818923,0.13712422410536473,0.13721621836826692
MYBL2,,-0.4420846729965786,
MYC,-1.8708284980429213,-2.3663933039322727,-1.627041886480319
MYCBP,0.6984633669324072,0.5043363986320053,1.6298799162026272
MYCBP2,-0.8393263980587992,-0.9809297429057886,-1.1953243935116369
MYCBPAP,,,2.113288676203317
MYCL,-0.17486575760057674,-0.3434190497567107,-0.2563833531529857
MYCT1,,,1.5455268416081245
MYD88,0.12200647449510747,0.08944861187756728,-0.504656155583969
MYDGF,1.5704655442634181,2.423405043877267,-0.9796275633868011
MYEF2,,,2.723254636160806
MYEOV,,-0.1256794996089957,
MYG1,-1.2647205506218087,-1.1768421534904636,0.4029140906188192
MYH10,-0.5001124987374169,-1.0153094789815809,1.0972099853354143
MYH11,,-0.4819635042532356,0.14844653298325708
MYH14,2.0166705660325595,2.11940070447296,1.1953243935116369
MYH7B,,0.2049382787715577,
MYH9,-0.5208367816936565,-0.6852688149118581,-1.1710430353555297
MYL11,1.2088147132994564,0.7675812164170316,-1.0724370988121532
MYL12A,-0.8230613117940143,-0.4894614837415823,-0.7452784142686348
MYL12B,-0.2872654839633822,-0.43395711093885114,-0.5759600086823227
MYL5,-0.5765214925157814,-0.8201542494389182,0.3409211283780124
MYL6,0.47882592576095945,0.9756983552819715,0.05296842504757603
MYL6B,-1.5065553599934798,-1.8771524834732145,-1.5325943810413616
MYL9,-1.1663961982919537,-1.5150488920099376,-0.7572709476223859
MYLIP,-0.09212813708794579,-0.22244310274248108,0.03335504170850517
MYLK,,-0.2975346716030165,0.9478515143370098
MYLK-AS1,,-0.8811895011896628,0.8959778710843646
MYLK3,,,1.346964763449569
MYNN,-0.5806050609992858,-1.230350487205984,-1.126931373741234
MYO10,0.05956330464068703,-0.24465302395789554,-0.07751473342996115
MYO15A,,0.022694516035511862,0.6849341930508617
MYO15B,-0.016696278670153032,-0.23927497414702933,0.9811508850007542
MYO18A,,0.351645441510446,-0.1412113923294903
MYO19,-1.0034085977602796,-1.1136911737841988,-0.9866537975036939
MYO1B,2.1447779907234548,1.7188346231211622,0.7385795312545711
MYO1C,0.9988473869589263,1.3432457480185322,-1.7370336088982774
MYO1D,1.0790406849715324,1.3956804346277547,1.067760893643618
MYO1E,-0.3070012198416169,-0.11950990961386214,1.0631079212616896
MYO1F,,-0.2810085568494971,
MYO3A,,-0.25896752657425737,
MYO5A,-0.718888759847256,-1.7048035582587389,-0.6885118873457069
MYO5B,1.4250003604096517,1.6581653695206793,1.093776720590283
MYO5C,1.9745135275566263,1.962366867304865,0.9331905607455526
MYO6,2.1072701842717776,2.2217991569571085,0.8789382526105973
MYO9A,0.6433737285230702,-0.6315789877370908,0.21839717908490958
MYO9B,0.20229303645509963,0.8158760016273092,-0.04938391138978643
MYOF,-1.0458372135181697,-1.3494868870817756,-1.3558864554865593
MYOM1,,,1.019369330238259
MYOM2,,0.30356413380233255,0.5205563164590954
MYORG,0.1903200576528639,1.0409739736012786,0.8029937407369035
MYPOP,0.12316657255282465,-0.3298863396181358,-0.9946556153981905
MYRF,,1.211377323336186,
MYSM1,0.3072426234019085,-0.10464854632019449,-0.20837412124201637
MYZAP,,0.38596067410662904,
MZB1,,2.588917345398594,
MZF1,0.26430098435140104,-0.011346527503301533,1.3986892354629488
MZF1-AS1,,0.7613095558665512,1.734484063918607
MZT1,-0.39868676117393326,-0.783639103722076,-0.9669202862682448
MZT2A,-1.130766407968248,-0.9440100059319658,-1.2303104356914816
MZT2B,-0.3699258254258982,0.15514574009204465,-0.7670956396301497
N4BP1,-0.2815106153116245,-0.10627848359127105,-0.5392020523480808
N4BP2,0.04388295360716697,0.2424267746336021,0.37648761694238175
N4BP2L1,0.18071454707751966,-0.7256929651443544,0.7450297120279505
N4BP2L2,-0.03189957700940245,-0.5580547294256506,-0.01205863631129738
N4BP3,-0.7308678110891372,-0.9471078044493372,-2.208493912575297
N6AMT1,0.345620512327514,-0.24632350644236617,0.9396164963573681
NAA10,-0.09420969751632328,0.011706750928119227,-0.43914949568948053
NAA15,-1.014133483061716,-1.386203658090246,-0.36055712268290596
NAA16,-0.40717849527229233,-1.0265307615402999,-0.24432987733570716
NAA20,-1.5072720924151488,-1.3773146034857295,0.3285663794952861
NAA25,-0.48606966080008734,-0.7252243400113104,-0.11689245195495544
NAA30,-0.21170385562552477,-0.3439922240968277,-0.2714052369875633
NAA35,-0.20323329883608215,-0.10591625105991931,0.9708367376082256
NAA38,0.4728944701266522,0.4017253167165079,0.5093697369605719
NAA40,-0.7814413671252864,-0.52345017627698,1.0149444855447496
NAA50,-0.5877063029478937,-0.15022602850931588,-1.5217099238969283
NAA60,1.013363554043233,0.7212474333392985,0.5851027155544581
NAA80,0.19595089745745928,0.1970359611165421,-0.5472817099205324
NAAA,0.9242591591805879,1.3226666565957172,1.0624450881789083
NAALADL1,,-1.7613915681976446,-0.7194102975083401
NAALADL2,1.9078709266820981,1.8667666191113486,1.1488900453563167
NAB1,-0.22373001883793625,-0.72803848639646,-0.39923863484188465
NAB2,-1.45953132599311,-2.10432729594186,-1.8273389161347922
NABP1,-0.2459823288885742,-0.635100548286802,-1.0781470670145294
NABP2,-0.6116880899232983,-0.5557413285075328,-1.3437047009965255
NACA,-0.4595449188733488,-1.6624533990746484,-1.7534490671023977
NACA2,,0.08764054027224806,-0.3075582133439059
NACC1,1.1632194710951107,1.5488179379955649,-0.14901805443584623
NACC2,0.6462086549002982,1.007799351021276,1.1972511998460558
NADK,1.587284061632235,1.5688476966734468,0.48803343660179815
NADK2,0.6467762631932161,0.6823108858030815,0.2197480917639257
NADSYN1,0.311107526991384,0.2862583312177341,-0.7099243455588661
NAE1,-1.7575502196770023,-1.5769138596335277,-0.7198984986429278
NAF1,-0.6876300081693099,-0.8153736602303062,0.9633182184885535
NAGA,1.4193028254989182,2.124533942583983,0.8526264203499347
NAGK,0.5621689437373926,1.3928242562020658,-0.42755966413232377
NAGLU,0.8919138015700274,1.4867204390056807,0.1939542999626325
NAGPA,-1.0434527983534052,-0.13094557083474392,-1.6391953609698209
NAGS,,-1.4872645123937078,-1.4577160670945832
NAIF1,-0.20817264568763577,0.23686637821792028,-0.269450951379341
NAIP,0.6832610645161697,0.1730349698633136,0.4620899219491749
NAMPT,0.8765936389053202,0.1686490311799093,-0.5947442598559074
NAMPT-AS1,,0.7683068115184686,0.42983166123418415
NANOG,,-0.5022922049320999,
NANP,-0.40392822118627175,-0.8999321786771087,-0.7532614085059047
NANS,1.9585904260554785,2.1811698240271697,0.7470206227462192
NAP1L1,-1.8001181493978977,-2.7305565990217775,0.06561429635755288
NAP1L2,,-0.9507805978922427,
NAP1L4,-1.6531496367404461,-1.8028084208946609,-0.132843060854674
NAP1L5,,0.7047595133805236,-0.4812529377971546
NAPA,0.30675983417070435,0.08312160141609938,-0.4065949974440522
NAPA-AS1,,0.177973137081745,0.9132816938010812
NAPB,0.02130277008966079,-0.00630353287905242,0.7731785534186126
NAPEPLD,0.4101825702426992,0.23279341330854075,-0.28707758277917045
NAPG,0.9193285513327031,1.3459141035711035,-0.4669170443387821
NAPRT,-0.18938217556313705,-0.11769620021961762,-1.1279986125093602
NAPSA,,,0.3785108805843583
NARF,-0.7895925976588132,-0.1547811896716454,0.7757215558325947
NARS1,-1.1587015484864747,-0.5259303096243453,0.24743698481465104
NARS2,-0.8571458893397931,-0.6955545140440588,-0.07392463349314084
NASP,-2.17564262355691,-2.559243853545711,-0.9705349436366886
NAT1,0.4373904567099609,1.1743261677420782,1.7260660085502941
NAT10,-0.8919138015700274,-0.8991224511257225,-0.9790188708751081
NAT14,0.24954423867611963,0.5446362235577016,1.5767516712147516
NAT9,0.29206847795899016,0.24131410106575615,-1.0298791341979137
NATD1,,1.2482056899567913,0.8045552612285654
NAV1,-0.23223849657686546,0.8058679181129766,-0.7038770891045243
NAV2,2.2501835035759905,1.698673823825226,1.5574545739457855
NAXD,0.9001707336650595,0.3399823644062626,0.21685376662078698
NAXE,-0.30531189488675675,-0.4015300896639929,-1.0591379006979385
NBAS,0.5659488219328631,0.9658890004536844,1.0473267828620418
NBDY,0.2985632466629599,0.27857380046587327,-0.2630090601426936
NBEA,1.8938472214637796,1.8338501127400217,1.43413629062199
NBEAL1,-0.3166714950305395,-0.28700894004654404,-0.29868106812307754
NBEAL2,0.42904346478287236,0.5974263985953573,0.37426380524719466
NBL1,-2.578538965903134,-1.8505566097446158,-1.0528859521844312
NBN,0.8308411195098928,0.10863333714190548,-0.1277125876826479
NBPF1,-0.21052649448250674,-0.17358344458217578,0.2604743538772046
NBPF10,,1.172175509984962,
NBPF11,0.2346049230486589,0.055679578138836144,0.10400199031851291
NBPF12,-0.06117822462552294,-0.16280614040933228,-0.5177536134086451
NBPF14,1.417413848970265,1.3508311320170772,-0.42302226871679144
NBPF15,0.7171008082111543,0.42901534669129526,-0.5138796450178248
NBPF19,0.5778816107296735,0.26959809768078297,-0.11841021314179369
NBPF20,,0.24391080665930182,-0.12733268798346845
NBPF26,,0.6606489387183297,
NBPF3,,0.5323523718676042,-0.15035179413596603
NBPF9,0.8534940375434501,0.7100795040658948,0.16122242433144823
NBR1,0.889174976288224,0.9442912494904324,0.8847753418230776
NCALD,,1.9197226285779962,2.589155398185362
NCAPD2,-1.0041708306915595,-0.966176183651044,-0.9084319911401831
NCAPD3,-0.765909919011013,-1.2042807002873297,-0.07373570766037418
NCAPG,,-0.8833157982961349,
NCAPG2,-0.8816773569683922,-0.8996622039533008,-0.7780145545467274
NCAPH,,-0.7054522918723262,
NCAPH2,-0.9074462192740866,-0.0847482190508392,-1.2287056133036414
NCBP1,0.0826503860013321,0.1146137793274095,0.13265298179477258
NCBP2,-0.9001707336650595,-1.240782742474045,-0.8386180042004341
NCBP2AS2,-0.36967924577285705,-0.2845700501640194,-1.0670947686469396
NCBP3,0.17884227134589092,-0.2667976728695271,0.9558537633685449
NCCRP1,,1.3060060207027717,
NCDN,1.3210185567619948,0.5205607498876684,-0.3305556425806253
NCEH1,0.6598894750481585,1.2016813870110243,0.8450628181253486
NCF1,,0.04540072820953501,-0.30499124517302356
NCF2,,1.3313548429449495,1.2808665914370136
NCF4,,-0.08800213148429231,
NCK1,-0.8594757577321759,-0.9269930122345158,-2.140416695865655
NCK1-DT,-0.3463539730235033,0.5675500003218698,0.21916908022424178
NCK2,-0.18633520447029592,0.6999194932106645,0.5646540706474892
NCKAP1,1.0864899439461286,1.5560293788240669,-0.29513682905235405
NCKAP5,-0.8561487976287422,-1.3119448986930853,-1.0061538847338602
NCKAP5L,-0.9445703448332549,-1.4359117784437485,-0.5907015863874299
NCKIPSD,-0.276243501415455,-0.0012606985608811566,-1.055842257133703
NCL,-1.5101467939421707,-1.9051465112236838,-1.5027932651415319
NCLN,0.5399213648601744,0.4323745988372457,-0.018088502472391407
NCMAP,,1.966085882251702,
NCOA1,0.8598089769611307,0.2828825798293987,0.1277125876826479
NCOA2,1.2160182989977426,0.9521966301535668,0.9651176870906636
NCOA3,1.0214780144539988,1.0400455821833607,0.6594276888393423
NCOA4,0.36155461200829514,-0.1580628900290026,-1.9543363288177367
NCOA5,0.916871610759553,0.5240699072297513,0.5799679076805243
NCOA6,0.3217602114698574,0.8290100487558348,0.45727354287116717
NCOA7,0.6949409172088942,-0.03548709704561869,-0.18973225802743773
NCOR1,-0.3441541481007709,-0.9673257141878017,-1.1778020626548986
NCOR2,-0.8256490266521802,-1.2462456216784061,-0.588907940691978
NCR3LG1,,-0.020352676410020833,0.7123505236834798
NCS1,-2.8095581618369474,-2.7618236085361936,-0.027323085094011944
NCSTN,0.0397342359358946,0.5481908613093884,-0.30262351890084555
NDC1,-0.7858240040021843,-0.7098477828405194,-0.5830916127545906
NDC80,,-0.9844322997508893,-0.611240630452972
NDE1,-1.7586302546012251,-1.536974849907588,-0.3935319395782934
NDEL1,0.3825316400397442,1.0782299074659905,-1.0260442737741582
NDFIP1,1.235049380410536,1.5844517149882422,-1.2481767786118902
NDFIP2,-2.1311955401112264,-1.8309544439884526,-0.47512717252058345
NDN,-1.730162276231823,-1.6703951286596272,-0.16274962306407428
NDNF,,,0.9702332380352061
NDRG1,-1.0526255726100906,-0.918447131435977,-1.373093146259347
NDRG2,1.307365365702978,1.3544277713040744,-0.5080830964124894
NDRG3,-0.4460223869255818,0.1280397125222345,-0.8338071647901303
NDRG4,,-0.535259854498492,
NDST1,0.6318040470522784,-1.0718105257566095,-0.387025645960637
NDST1-AS1,,,1.120554714574597
NDST2,,0.9434477427014855,
NDUFA1,-0.1608526421686598,0.35893511861935484,0.1970270446384557
NDUFA10,-1.2054744094656407,-1.3499346977154913,-1.1732900902147174
NDUFA11,-0.7081951625283186,-0.8091116515217323,-0.47322970316476004
NDUFA12,-1.1109138802310592,-0.9445725677602339,-0.6782791619778976
NDUFA13,0.15269306402408875,0.4070022675725949,-0.09415633917204604
NDUFA2,0.91722226324415,1.0879431531079036,0.4422638925622396
NDUFA3,1.2165007849228329,1.2035372094799834,0.7562674234566102
NDUFA4,-0.21853839498818506,-0.01855133793605778,-0.28276081711358453
NDUFA4L2,,-0.5069970063198331,
NDUFA5,-0.11110935819371141,-0.178522088119046,-0.5268233073548331
NDUFA6,-0.39619468114979317,-0.06253534738926746,-0.6205788959810181
NDUFA7,0.058179211296977076,0.4520360741689346,0.36740183575547175
NDUFA8,-1.444988253443084,-1.275353295132382,-0.21145586331075014
NDUFA9,-1.1229453020389757,-0.37879156741813796,-0.7398175582466499
NDUFAB1,-0.8295410004828041,-0.6517144036920989,0.6123765774041584
NDUFAF1,0.3278291020699338,0.6530512545694775,0.33912450995098686
NDUFAF2,-0.609745638821032,0.0777011063185916,-0.9378601282785777
NDUFAF3,1.368802263259398,1.1170458793957585,1.1540084790187723
NDUFAF4,-1.395130224678202,-1.7803984368676797,-1.9672174429297087
NDUFAF5,-0.8984454899671432,-0.6900597211216475,-1.1315653896372808
NDUFAF6,0.34684305033146856,0.5277925340993166,0.6711819432731028
NDUFAF7,-0.6371549999850672,-0.6410611228925506,-1.0359821651802157
NDUFAF8,-0.46415653488534164,-0.7586651633777604,-0.08772378894564534
NDUFB1,0.03443408212666051,0.20714584151574356,0.5472817099205325
NDUFB10,0.012090141516357025,0.4755005599375149,0.027888535398415706
NDUFB11,0.08126404087355928,-0.2761406943616944,-1.0684274927671427
NDUFB2,0.8344237118121659,0.7536314468364836,0.19337836502637012
NDUFB3,-0.007023683139001531,0.35490428006974933,0.28786302197178637
NDUFB4,0.037890585159955796,-0.14494593744662385,-0.4228162309640588
NDUFB5,-1.5824329925941762,-1.7588484815951286,-0.2908100055550629
NDUFB6,-0.3373208319227003,-0.7543493781599957,-0.25054648292300785
NDUFB7,0.20017809851042065,0.7821709799749498,-0.1254334639996941
NDUFB8,-0.7034683963836078,-0.15952196800463547,-0.18321390246634411
NDUFB9,-0.625070685050527,-0.7445709899723133,-0.644281879419313
NDUFC1,-0.03512534850085037,0.0849289681072466,0.26671667758958645
NDUFC2,-0.3429327430765657,0.3232376044616863,-0.039953892027076006
NDUFS1,-0.21429508588259763,0.32532565378002215,0.2890415139882453
NDUFS2,-1.357721298307255,-1.0168183873193792,-0.927671741104842
NDUFS3,-1.1312029441594178,-1.0616304021994516,-0.2735561493497729
NDUFS4,-1.2939516232541157,-1.494377883510604,-1.2167689873261112
NDUFS5,-0.7619019740864894,-0.6432745245344195,-0.3403221335762263
NDUFS6,-0.1578207204220501,0.5860546803781866,-0.0484407256528088
NDUFS7,-0.48373855304610314,-0.6918889965791902,-0.736601038891892
NDUFS8,-0.019460124750790318,0.06325717272926924,-0.7150241722009372
NDUFV1,-0.8211241370730137,-1.2001997034477245,-1.082537345475598
NDUFV2,0.5860649354306684,0.373572337645427,0.11556463188840606
NDUFV2-AS1,,-0.05117065047022017,0.4886702553877039
NDUFV3,0.7099717814188209,1.5282319836027396,0.6944943882331766
NEAT1,-0.003569390974523368,1.2568875234171317,0.21550370446108388
NEBL,1.990953588611202,1.5991562495989968,1.028919000468161
NEBL-AS1,,1.2660664456888715,1.4336095939197069
NECAB3,1.2540329166905744,0.9751187374690083,-0.014319772966557667
NECAP1,0.8895169644924991,0.9725145009153733,-0.5061547106221401
NECAP2,-0.4247551736188163,-0.2364959472825431,0.3704270237911019
NECTIN1,-2.5659492187758346,-2.518568317751391,-2.7999378436007047
NECTIN2,0.59621211630531,0.9550344383254863,-0.8202799662814622
NECTIN3,,0.5039273915319901,-0.19222668735863802
NECTIN4,1.4937844368111248,1.2365163152468384,-0.09377784859988622
NEDD1,-0.9800618665558699,-0.6510464149208086,0.9299920021217748
NEDD4,0.03051720707614991,-0.4195563258737326,-0.6944943882331767
NEDD4L,1.5449009060976326,0.6836753405195479,0.8999254000964964
NEDD8,-0.7523935512725735,-0.25226860502490184,-0.219555079741112
NEDD9,-0.6011708032943229,-0.8814550703591486,-0.36357474796869355
NEGR1,,,1.8009690579597077
NEIL1,0.5490019171862027,0.5664924554666999,1.1138728596529845
NEIL2,-0.4021798416662667,0.13676063127414947,-0.1623677879323354
NEK1,-0.3573785240127356,-0.83665280104286,1.905811361790896
NEK10,,0.9440100059319658,2.343729693758817
NEK11,,0.0455810144038781,3.1207405854160966
NEK2,,-0.6628908089905494,0.7425452183290413
NEK2-DT,,,2.0065410199564337
NEK3,0.6180867678207361,-0.2065938566030597,1.132638233912223
NEK4,0.7344819947027061,0.2902008379404907,2.032603439618333
NEK5,,0.3915935850345994,2.5294195813612568
NEK6,1.012594225269032,1.3512797565218486,-0.6669398061089598
NEK7,0.0505686184878858,0.23408893462200978,1.0295589841644597
NEK8,0.2436094577643667,0.1516833364435462,0.4428872860669317
NEK9,0.8416212335729143,0.2483661416318055,0.97446518709348
NELFA,-0.8406371905745009,-1.1254881430911088,-0.4914320991000642
NELFB,0.2798338751136955,0.38906696106885874,0.19126715075808198
NELFCD,-1.5195768360098725,-1.292601640430239,-1.3065340243687376
NELFE,-1.107080623637175,-0.8006458723825541,1.3060917830223002
NELL2,,-0.2100908315697154,1.4404879220323132
NEMF,-0.5964872135303974,-0.7322705532199841,-0.3984226005442029
NEMP1,,-0.7838839552245097,0.3933283669749361
NEMP2,-0.22561937077658728,-0.9023649097871859,-0.8144908701602519
NEMP2-DT,,0.11878437901367234,0.7676014633126275
NENF,0.8262968194821744,0.46604389937222235,-0.9227576912684682
NEO1,1.3138883343471792,0.809611443059505,0.054666587320548604
NEPRO,-0.5629782399105687,-1.2234693748591756,-0.8113446611858441
NET1,-0.07040952796148289,0.1278581325254012,-0.42921180607789255
NETO2,,-0.6062766187431811,-0.5611219998088883
NEU1,1.3975720484607652,1.2529295268185896,-0.4886702553877038
NEU3,,-0.030441558179696092,0.4650268806746299
NEURL1B,,-0.40406923853315363,1.1075882336235305
NEURL2,,-0.6434960379505351,
NEURL3,-0.09767987672523666,-0.55490082932724,-0.8934475307063848
NEURL4,,0.3853786605779578,0.8255667383396321
NEUROD2,,-0.7308584102745244,
NEXMIF,,1.0625801124307945,0.43790493031652244
NF1,-0.4821859410820089,-0.9020943427226563,-0.7465226177140067
NF2,0.2206615212737147,-0.14840484176760646,-0.04674309934888876
NFASC,,-0.8627513781106888,0.7714014230579632
NFAT5,0.18821005706587393,-0.5358834747737947,-0.9007731246480645
NFATC1,-0.38377074984724485,-0.4003590483585136,0.1826391310485231
NFATC2,,0.9742499244722325,1.7534490671023977
NFATC2IP,-0.11481746886085054,0.4177869564536763,0.06712491292434829
NFATC3,0.03374283220637943,-0.06199399978656168,-0.12486378533175901
NFATC4,0.9224956535080537,0.1456739823456095,-0.5775175333551013
NFE2L1,-0.8515069085483801,0.5176756630307388,0.4329334214663757
NFE2L2,-1.8399294588258466,-1.330918044023503,-0.923911930839712
NFE2L3,-1.2400017797245622,-0.9728035347130984,-0.9297016957986812
NFIA,0.4250072091648035,-0.7531530416866387,-0.28334915500893054
NFIB,-0.5852448436600342,-1.389033603607237,-0.6350345327766782
NFIC,-0.2602491855554674,-0.7929767835491398,-0.4871846525954293
NFIL3,-0.41972009927788956,-0.27894827053935567,-0.08810207119122113
NFIX,-0.6256307132028477,-1.049370218049439,-0.30992952214863007
NFKB1,-0.5575898584729003,-1.3235309853923047,-1.0206372423000718
NFKB2,0.26477795066729026,-0.014588596941476397,-0.9207407245325172
NFKBIA,-0.46852103095162545,-1.5452422223801894,-1.2081244439329317
NFKBIB,0.14314757366718878,0.49149267952221987,-0.6080641639773339
NFKBID,-0.8412931287259567,-0.745046328861271,-1.5418054969000456
NFKBIE,0.23934173428188252,0.00720405218078002,-0.7418007638228892
NFKBIL1,-0.29639693766508085,-0.8867795757274672,-0.6403450691687496
NFKBIZ,1.0761598674673785,0.6201874874576492,0.02393056038722253
NFRKB,-1.277114625036774,-1.3947271106761818,-1.031481470318622
NFS1,-0.34977926180129926,-0.7299177908572397,-0.23076355408508972
NFU1,-0.4351110049879839,-0.542965833828896,0.2992721383731924
NFX1,1.0981990224325435,0.945980281951115,0.710651759667783
NFXL1,-0.07733690213833305,0.271092521142125,0.2835452894279831
NFYA,0.4700635703475498,-0.13294398853093414,0.21280475548898783
NFYB,-0.8124446786436008,-0.8838479967821333,-0.34191972505793283
NFYC,-0.37362723023190747,-0.8267266541084322,-1.6377529448036459
NGDN,-1.0757490507732004,-1.2733250650234993,-0.5929463199111702
NGEF,,0.1122573700507992,1.1020383971596155
NGFR,-2.834240327754183,-2.723140946769072,-2.5202906468857105
NGLY1,0.5168848212097704,0.8721968085820606,-0.3756787432846065
NGRN,0.7475125187864898,0.3046958809817965,0.555836970894891
NHERF1,0.3089329506321917,0.9786013753715322,-0.5422550534653402
NHERF2,2.8342403277541837,3.0485899222745667,0.5633287208036454
NHLRC2,1.0149040137189755,0.37589073063884604,0.5385484921461631
NHLRC3,-0.004720814928350368,0.06776934290530202,-0.10930761269689866
NHLRC4,,,2.2784473187826744
NHP2,-1.136897649452941,-1.1851618979181848,-1.4067521294618315
NHS,0.7714797851047874,-0.15204771364564318,-0.6482287004923173
NHSL1,-0.4698064028624926,-0.39451203115158756,0.9314447110577379
NHSL1-AS1,-1.1806082541262723,-0.8706171793826002,-0.3206222253660564
NHSL2,,0.05640110924362746,0.09112878764952818
NHSL3,0.8204790966727853,0.8448593104111565,0.6233222791723112
NIBAN1,2.214041747833262,1.876104756594305,-0.7527610678302208
NIBAN2,1.197417731461287,0.9961957355412145,-0.1313225621713406
NICN1,0.416955345451264,-0.01873146897822844,0.41767108936105557
NICOL1,0.7870789595994407,0.3501131637866202,0.9820659717910734
NIF3L1,-0.481151512049635,-0.4552299529023533,-0.17364212644104826
NIFK,-1.5704655442634181,-1.8387106743371322,-1.83540177042407
NIFK-AS1,-0.46184949910865375,-0.8394674099157581,0.16179507960037295
NIN,0.3949495642043845,-0.4230990156338164,0.74353846499606
NINJ1,0.7469036424039708,-1.1086824877655947,-1.7071555471474158
NINJ2,,0.09903641806580074,1.0578182645285086
NINJ2-AS1,,0.8729874398093125,0.836210165319027
NINL,-0.47057799861660354,-1.159736617161273,0.2491857811793274
NIP7,-1.6640844989533954,-2.0310743858988474,-0.8147534180992507
NIPA1,1.151521671439921,1.1880750295171336,0.6288231802974195
NIPA2,0.6826795246557333,0.8622288897826986,-0.469860621172759
NIPAL1,-0.7493408133617517,-0.6304801064460602,-1.085589033230778
NIPAL2,-0.5224198428792842,0.6381883864471283,-1.5721964824503076
NIPAL3,0.49099959494524503,1.4184586435621327,-0.4631383769632274
NIPBL,0.053335744722047114,-0.11552025935857496,0.20856667185136707
NIPSNAP1,-0.6882135251099117,-0.12005409883038105,-2.850898299332467
NIPSNAP2,-1.0199272250186333,-1.5536165813937546,0.22457607357072193
NIPSNAP3A,-0.2707451528112804,-0.22207389574631922,-0.24918578117932755
NIPSNAP3B,,,1.1034226706556203
NISCH,0.06440854754038144,-0.7292127499074074,-0.3055834434780607
NIT1,0.49437958941581295,0.2587812898032255,0.34671775864756915
NIT2,-0.3278291020699338,-0.7789958127263242,0.21588939631999826
NKAP,-0.39793887785365734,-0.12459040745500048,0.4768152490315901
NKAPD1,0.17112568177413626,-0.36990564537249615,0.6364181583779722
NKAPL,,0.8690397195900688,0.5263904389980221
NKG7,,0.9950131962658437,0.4959014818351762
NKIRAS1,0.4472945805903327,0.24465302395789568,0.5350667106966417
NKIRAS2,0.5137290578660062,-0.02107322996409811,-1.3105257480075725
NKRF,-1.032403088573029,-0.9077901965130367,-0.7620481470766425
NKTR,0.0586405632301941,0.1922638093529841,-0.42364048977963564
NKX1-2,,-0.47046518187698616,
NKX2-1,0.05471945967646226,-1.469537626481174,-0.5578170298816199
NKX2-8,,-0.9080621621761779,-0.5477194628671829
NKX3-1,0.4871065563776741,1.674771768620137,-0.9118530846663324
NLE1,-0.8403093570996514,-1.408676384757435,-2.2860907900406553
NLGN2,,-0.5605818508404431,
NLGN4Y,,0.20696183954031933,
NLK,1.7199656974408617,1.5621013352005335,1.2420414020673727
NLN,-1.0498245067886447,-0.8497589478398831,-2.1097867437176108
NLRC5,0.09467232162268821,0.4311884251701936,0.027700050981772594
NLRP1,-1.2734794621618302,-1.4616304476298836,1.2543595033582107
NLRP2,0.7817539143431997,0.39606990919906143,0.18110670166812978
NLRX1,-0.25786777305364234,0.33083734361464756,0.29553044954796304
NMB,0.4197200992778894,0.6891459489637494,0.4037315965130421
NMD3,-0.48089298526052726,0.20990671656469062,-1.5241131152468756
NME1,-1.4743898150091335,-1.034493952549844,-1.7260660085502937
NME2,0.34244432438017264,0.00018009974767784197,-0.39516110849362457
NME3,0.15595564503832196,-0.6512690455533297,-0.47049191678428
NME4,0.2889457724921069,-0.6093095190096609,-1.9270874603975066
NME5,0.355660772415668,0.9454169714578109,1.8613985627279863
NME6,-0.19712476555933706,-0.21322188187070815,0.4978199629230121
NME7,-1.2203709108098668,-0.8093615220191567,1.7095876405242587
NME9,,,1.7543262275651912
NMI,-0.06879363893493312,0.2669843025335142,0.21955507974111213
NMNAT1,0.027983011744789364,0.16481399718488823,0.022799781948472306
NMNAT3,-1.5649568899089568,-1.4219147073444292,-2.187402292514456
NMRAL1,-0.23886781318133718,0.18896258156114676,-0.2896309104658697
NMRK1,-0.9601544416499329,-0.22632161763815367,-0.5196935117113927
NMT1,-0.7557596825197794,-0.2660512470620385,-0.4671271654101593
NMT2,-0.7179944971211643,-0.968188701633011,-0.8037742559977208
NMU,-1.6724181654067705,-0.9979721611079571,-1.1595262774575164
NNMT,0.7173986408466743,0.03602774181416657,-0.08621078494020269
NNT,-0.4129395605866568,0.1849305386150709,-1.0641030475646838
NNT-AS1,-0.40842974508949575,-0.9392402365660776,-0.6801775231719895
NOA1,-1.0550330763150075,-1.1572702882997836,-0.12410427677211776
NOB1,-2.1356793572235864,-2.2664653623794866,-2.679818646556545
NOC2L,-1.2786777302798265,-1.4364168978440377,-1.333550628512382
NOC3L,-1.0072256145292757,-1.4705988823929501,-0.7849182462495147
NOC4L,-0.5516812721367155,-0.23242333620949676,-0.6610677729650278
NOCT,,0.28400747024843154,
NOD1,,0.6353209070987681,0.5061547106221401
NOD2,,,1.1861368750515366
NOL10,-0.8396539609266489,-1.062263435895878,-2.3968569084982243
NOL11,-1.329330092172656,-1.209129703688883,-0.8558829304018322
NOL12,-0.6835519211087178,-0.5555311669267984,-0.6208073326569931
NOL3,-1.834946946157213,0.3476249627789718,-1.74995384788232
NOL4L,1.7030311367279138,1.4569296685899158,0.7650743040012435
NOL6,-0.4373904567099609,-0.3727999865881445,-0.10229724042487323
NOL7,0.23626220283768315,0.4568286333214451,0.08658901730491977
NOL8,-1.0083735845035235,-1.6142149229463783,-1.0948053451218753
NOL9,0.13733360300871691,-1.0957882935112182,-0.3000603947519054
NOLC1,-0.943851085313777,-0.9702051486615426,-0.9952737792937685
NOM1,-0.5290301053091675,-0.5760333884212727,-0.13835747038610774
NOMO1,-0.4290434647828722,0.4886495709927545,0.28197651877072877
NOMO3,,0.6671595725535224,0.5433466355712385
NONO,-0.9302767037810753,-1.433391659811306,-1.7473463942638077
NOP10,0.2357886283063952,0.9679009590582586,0.02110366849888261
NOP14,-0.6905499410052114,-0.8023841224632168,-0.9451975546496689
NOP14-AS1,0.07248737033577331,-0.5768840016547861,0.008855462168584122
NOP16,-1.2510054861133164,-1.481303747874146,-1.9594498094404313
NOP2,-0.5929144582625029,-0.9319863421053742,-0.8223919164217517
NOP53,-0.49255889306529527,-1.5844517149882422,-1.5986798285673731
NOP56,-1.9926275071116526,-2.0739905992894907,-0.3341396210923855
NOP58,-1.2002523713383013,-1.6095931351793464,-1.5734946353977481
NOP9,0.8439205098758157,1.1537591243019305,0.7620481470766425
NOPCHAP1,-0.23697266403363998,-1.6344240012827003,-2.0311189019153404
NORAD,1.3204676920163068,1.4850908537846823,0.24704846633341096
NOS1AP,1.3490894941399816,1.4916330353889147,-0.29277606374453613
NOS2,-0.13036294317061148,1.0268358342506065,-0.757521947828657
NOS3,,,1.4555388451999074
NOSIP,-0.34439849066971706,-0.4482493199474864,-0.27160072244805417
NOTCH1,-2.325831136918746,-2.770079947768566,-1.9530659087184452
NOTCH2,2.3928020932097893,2.250317509266561,-0.2218717660774099
NOTCH2NLA,0.8185460201721052,0.7895285796562684,-0.048817994729488536
NOTCH3,0.947813078957854,-1.5144816603739462,-2.217213012672551
NOTCH4,-1.827557525555215,-1.821411482105887,-1.0588078187903147
NOVA1,,,0.6164725522939506
NOXA1,0.9977103275479611,0.8711434809149105,-0.03712561703730112
NOXO1,,1.7973473090036927,1.2968631075375185
NPAS1,,0.38731921466478425,0.7155108391751716
NPAS2,0.6687909398083911,0.3865428184049086,0.15893232993617573
NPAS3,,0.5147948787479492,1.167683497504072
NPAT,-0.0861169497822913,-0.6857244129086699,-0.6596618778980214
NPB,,0.2798846170076339,
NPC1,0.9583303835118927,0.8588384347494782,-0.3299587266545167
NPC2,0.8898590567627203,-0.24985234516244992,-0.0896153267994248
NPDC1,1.6622481838351406,1.9007419257191633,-0.8042948716431295
NPEPL1,0.7548407987423368,0.5273785484610023,0.9181529722216424
NPEPPS,0.7384082188512041,0.8121134412758957,0.5457503994156901
NPHP1,-0.5627084335737945,-0.07408872066528713,3.14627613359374
NPHP3,-0.09328450968879243,-0.4522355562164269,0.387228718408084
NPHP4,,0.4387111943104535,1.679499581353995
NPIPA1,-0.40242953478799437,-0.32532565378002215,1.0346941135932184
NPIPA5,,0.4666462634324545,1.05715913674248
NPIPA6,,0.44188609411952146,0.4692295127612334
NPIPB15,1.1546555441314656,0.861184618604763,0.46125152356810634
NPIPB4,,0.40465556551443815,0.12144655756955212
NPIPB5,0.3608171990526186,-0.04413876583794495,0.13322323338083047
NPIPB6,,,1.0581480008219668
NPL,-1.3658699417070665,-0.7994057449412952,-1.413371222183733
NPLOC4,0.8089261120348561,0.7384068063246696,0.5394199569261232
NPM1,-2.3617241847802104,-3.4432370599097437,-2.9520277797036876
NPM2,-0.9270867629922197,-0.6145218674634697,-0.19779552043056514
NPM3,-1.7010706586820072,-1.8657390403993266,-1.9871733773548734
NPNT,1.9680843157611558,1.3304814988847826,-0.652418724387526
NPPC,-1.882890533376868,-1.4288782501778274,-1.285587987830421
NPR3,,,0.24976888242924067
NPRL2,-0.3178823456791474,-0.33559687422240847,-0.6479962554166008
NPRL3,-0.7646753972559166,-0.9026355429268584,0.015073500883972817
NPTN,0.47212203158409866,0.8745703417530821,0.4014841025962008
NPTXR,-0.14268228051345133,0.4906799583297123,-1.1569469211987091
NPW,,1.2757595712205294,
NQO1,-0.07664400317607384,0.9002022190096324,1.0842314809673883
NQO2,-0.3439098260772327,0.14767650520764397,-0.33513593087905463
NR1D1,-0.906056716000737,-0.7620316779446819,-1.153641873885625
NR1D2,-0.06694712829761121,-0.3921770066975543,-0.21608225428978273
NR1H2,0.0056419585244589935,-0.13221723017467552,-0.5898045263523661
NR1H3,0.42425118344019075,0.5090460716068046,-0.6627096372124032
NR2C1,0.11249971792708939,-0.1693797934275944,0.5534198537429174
NR2C2,0.0865792355771672,-0.4955611729896651,0.47449449298228996
NR2C2AP,-1.368802263259398,-1.9501623189992932,-1.639917849803472
NR2F1,,,1.0690945669895602
NR2F1-AS1,,0.3158457939052052,
NR2F2,-1.308990889427045,-1.0135018347818565,-0.3059783018812886
NR2F2-AS1,0.022224119492586975,-0.09469369495973756,-0.07845966075627299
NR2F6,1.4476097288007028,1.617537433372931,0.49974027802533144
NR3C1,-0.5335383065865816,-0.8961584795629136,-0.09756336794601762
NR3C2,1.3987960914509867,1.0107965609577825,0.7792902117474182
NR4A1,0.8108440857982315,0.3980186099424908,-0.09548116276159466
NR4A1AS,,0.35126229481127225,
NR4A2,0.38525845999912106,0.3917880441027152,0.31804475011343547
NR4A3,0.3113492372360326,-0.18364824921721995,0.18896497947655325
NR6A1,-0.321517703656665,-0.7077640037173369,0.02581525983313714
NRAD1,,,1.5277344919629356
NRARP,-0.10902422039438538,-0.11805891093556424,-0.5790764602801766
NRAS,0.6558865759471448,-0.057663859561629345,0.2898273983091664
NRAV,,0.631798855501292,2.4279746742436785
NRBF2,0.15968634494825107,0.3306471189043953,-1.2011182059349366
NRBP1,-1.235049380410536,-0.5471446624101174,-1.1110742745357325
NRBP2,0.7493408133617517,0.018010948397772182,0.45476486114844905
NRDC,-0.3929586489919173,-0.059287531084534974,0.34072144986319824
NRDE2,-0.233421546418376,-0.34303699621147016,-0.14539923265959703
NREP,,0.0351266729722353,
NRF1,0.49880812751031306,-0.35317854529942483,1.3344680497043537
NRG1,-2.453485864848769,-2.5017505216899676,-1.2973000665451233
NRG2,-1.502271129531387,-1.5288112137942422,-0.8110828396932114
NRG4,,,1.143801535048253
NRIP1,0.9920442704801197,0.34303699621147016,-0.08299630224052963
NRIP3,,-0.33960075897040287,
NRL,,1.0499951075724752,
NRM,-1.7874603541995666,-1.8416479925342388,-2.296494473769535
NRP1,0.8551525563681425,0.1893292823123081,-0.7356128734100127
NRP2,1.2404986944522278,0.757225001608819,0.6051200721965944
NRSN2,-0.027752639506606783,-0.24520977536965174,0.15378264483602774
NRSN2-AS1,,-0.5191176663348099,1.0499388206572235
NRTN,,-0.47731624480360013,
NRXN3,,1.1618562420769771,1.2007306970270546
NSA2,0.4595449188733488,-0.257105561868441,-1.384794039629953
NSD1,0.12595148735830727,-0.6324586421497631,-1.0162066966657985
NSD2,0.27696128985172924,0.43039797974199673,-0.40516288173376275
NSD3,-0.03120838458808061,0.014408478264366713,0.40618573655555473
NSDHL,-0.5751624399863294,0.5781607048359161,0.2546313838068447
NSF,1.5008491622116633,1.533463630464941,0.028453994619875078
NSFL1C,-1.0786285914965394,-0.6687353404006221,0.2994691850164092
NSG1,-2.7864773832312233,-2.7017508501399625,-2.937633634973409
NSL1,-0.632647728684662,-0.9941272041284022,-0.2971053901870333
NSMAF,-1.9570251562280323,-2.0483770995112236,-2.2586914339535142
NSMCE1,-0.5860649354306684,-0.5018836182176692,0.5042282052215371
NSMCE1-DT,,0.2159863092862918,0.9178658236657499
NSMCE2,-1.2150541754465218,-0.865367361356959,-0.6017295462793324
NSMCE3,-1.2414934439034675,-0.9002022190096324,-0.42797259004406135
NSMCE4A,-0.25073224361224644,-1.0876177242138547,-0.9540702067542706
NSMF,0.6211559577796181,0.3092267909839878,-0.15511735133106924
NSRP1,-0.9327643283272059,-0.7467113426183163,-0.42055099762024684
NSUN2,-0.24740671579610996,-0.4274361980781281,-0.5972195718610163
NSUN3,0.7889637208968171,0.9256100734834664,0.859966377594208
NSUN4,0.5784259573454335,-0.329696174643353,-0.49419769645110434
NSUN5,-0.06833198953118706,-0.2559888111618081,0.3303566575288254
NSUN6,-0.14454363950717414,-0.19666871455467344,0.012247061851685136
NSUN7,0.7429526710352652,0.7999016482905057,1.6841497277278725
NT5C,-2.208730590097328,-1.7964423168677626,-1.1470693102389835
NT5C2,1.8721553293801925,0.992947093765699,0.1125303757236077
NT5C3A,-1.0179921807906647,-0.7405373766811846,0.5815290509310808
NT5C3B,-1.2355432574656597,-1.8064792529332885,-1.6967314475347601
NT5DC1,-1.505839400662773,-1.8223583343620855,0.2589153670543891
NT5DC2,0.7465993080328129,-0.8857126663553565,-1.992631035983796
NT5DC3,-1.276074285962899,-0.7601069003903494,0.16465915584674007
NT5E,1.4404244204622785,-0.3150886411592749,-0.8651594236668639
NTAN1,-0.6581726557222125,-1.2230887871360263,-0.9224693234211505
NTAQ1,-0.4298010394939366,-1.0247023278796987,-1.7169452491054669
NTF3,-2.043794859895648,-1.882422275211013,-1.6370330126925503
NTF4,-1.9601605093292807,-1.8046407972233582,-1.9581666332274843
NTHL1,2.1931604640014957,1.8367612402956377,0.046177254090196976
NTMT1,-0.20605516785286057,0.29433592786566604,-1.0496119242784605
NTN1,0.8455655852304277,-0.5415054847041676,-0.5985712850017929
NTN4,-0.3571330664746531,0.4765090798332562,0.39781074891606283
NTNG1,,-0.4313860786101574,
NTPCR,-0.5250611930310326,0.0594679486017711,-0.7282243739454225
NTRK2,,-0.1799862210641027,-0.16255870253561172
NTS,-0.05840988570954963,-0.5504946147325084,-0.964817558707445
NUAK1,-1.9416300552661097,-1.6799187338231267,-1.8038376295892469
NUAK2,0.44500515158852977,-0.16572687856668306,0.6256120199829313
NUB1,0.5721762550826271,0.6750551089547604,0.15988643395052585
NUBP1,-0.24574497966163253,0.08095311921695715,0.03429763898992767
NUBP2,-0.8725429195393568,-0.6448257823171231,-1.1922507012814458
NUBPL,-0.0397342359358946,-0.9034478393181433,1.1964799442439134
NUCB1,0.15782072042205023,1.1499132002081724,-0.9019044320526354
NUCB2,1.796637407998824,2.1621340393639787,1.1265759125931893
NUCKS1,-1.5137578126967306,-2.305765755276254,-1.1789338086346914
NUDC,-1.0769820461987094,-0.8453741056126449,1.6703067462424597
NUDCD1,-0.496201926080577,-0.6985396414543045,-0.9092862667094421
NUDCD2,-0.2128815103013037,-0.5591072626735695,0.0744914268504711
NUDCD3,-0.4551984609781243,-0.30394133958993447,-0.0026377658252904152
NUDT1,-1.55254094567384,-1.295097262594826,-0.6180682249453805
NUDT10,,-0.889718795678851,
NUDT11,,-1.2564908375542279,
NUDT12,0.5855181638245989,1.0144052425507173,0.6747263043273956
NUDT13,,0.469861739842986,0.6873183453673365
NUDT14,-0.6838428355395894,-1.1668224451774056,0.4604134492809268
NUDT15,0.04019516948874784,-0.5914091668971526,-1.5199132809960152
NUDT16,2.109395852574228,1.7630933089505223,0.754262656054573
NUDT16L1,0.2612021632068071,0.697390780214882,-0.47301897849627406
NUDT17,,-0.12277558156185303,
NUDT18,-0.6189232411569133,0.3373121623557258,0.24685422107973437
NUDT19,0.21241041309317718,-0.05730306446207411,-0.35613719516500614
NUDT19-DT,,0.4558293215045641,
NUDT2,-0.9119742571334398,-0.5517524392469957,-0.06863568268329281
NUDT21,-0.82467798649399,-1.355329673581458,-0.9268029298517693
NUDT22,-0.11690397183834136,0.4831775425500907,-2.04923679496939
NUDT3,-0.6847159263387623,-0.6941788522357488,0.3093365320641293
NUDT4,-0.5866118823024131,-0.36701439962717425,0.9717426505365345
NUDT5,-0.05010746899674557,-0.2999828238285485,0.8990783217716901
NUDT6,-1.2030966884164953,-1.0381914835106814,-0.28256472623990264
NUDT7,-0.7625177833351319,-0.8637970620189543,0.9416692630186663
NUDT8,0.3419559873611837,1.3009519691078815,-1.3630068977137655
NUDT9,0.39744041262564145,0.3009248989830629,-0.25074090670164667
NUF2,,-1.0250068288576997,-0.8968225934846625
NUFIP1,-0.536461161132598,-0.6848133591115889,-0.6431229598804472
NUFIP2,0.19900352037228639,-0.04972801769177643,0.0973740592212402
NUMA1,0.49802591208062563,-0.014408478264366713,0.25424216359035584
NUMB,1.2662591882574121,1.2628617038092425,0.9952737792937685
NUMBL,-0.5654083452823728,-0.7082267999131138,0.5485952838449359
NUP107,-1.1668509781223815,-1.6392367623439006,-0.2786451786975972
NUP107-DT,,,1.583316391944516
NUP133,-0.23058277231005658,-0.41582252299380723,0.5106572212950553
NUP153,-0.14477634446514293,-0.20015863529919378,0.6470668249471798
NUP153-AS1,,-0.9165266865814818,-0.7918595522776916
NUP155,-0.5369930812419969,-0.5862685365217473,-0.058440852910793525
NUP160,-0.3419559873611836,-0.8795973892974938,-0.0814839032207619
NUP188,-0.2364990099683684,-0.5195298654897837,-0.6842197065026413
NUP205,-0.009787175234894491,-0.21801460441488593,0.32737344594094964
NUP210,,-0.31717124732367125,0.7289614309074997
NUP214,0.3835228808030401,0.12023550312889275,0.8338071647901303
NUP35,-0.8153310041504407,-1.2708980822904699,-1.8115605897632556
NUP37,-1.4805631791883678,-1.3383784517802555,-0.1939542999626325
NUP42,-0.41143535992211616,-0.9900028500659854,-0.5076544031788464
NUP43,0.0012665557369246684,-0.38072722943147086,-0.3595519781148088
NUP50,0.057487206584119106,0.7135599125431987,0.6354956061125687
NUP50-DT,-0.16552003617001676,0.7627541976109232,1.0774734823192478
NUP54,-0.9579659543917437,-1.2376776526787405,-1.0951484774906335
NUP58,0.26382407815558184,0.07697854957626077,0.23289253061835352
NUP62,-0.5292949953029313,-0.8894512764052565,-0.29789313670536066
NUP62CL,,0.1629886456023372,2.003727877824811
NUP85,-0.7465993080328129,-0.5400462894928063,-0.27218724114175685
NUP88,0.3534537748518385,0.2479946765789151,-0.3567395011037858
NUP93,-0.9860353718383307,-1.1353827754784427,-0.8439862492567884
NUP98,0.5050769029947646,-0.34973022290261085,0.05561007861470753
NUPR1,-1.5913553449315034,-1.3852628056766199,0.10286545711281876
NUPR2,1.1618616037358822,0.9181725748615993,0.45852896276214206
NUS1,1.0728784023772218,1.4364168978440381,0.22921586475984304
NUSAP1,-2.023759072797626,-1.7332124744901383,-1.8624649415167882
NUTF2,0.1282729952163818,-0.536299337420397,0.026757643525594475
NUTM2A-AS1,0.33658962986101376,-0.004682610526732843,-0.38946357174541696
NUTM2B-AS1,0.3827794149579175,-0.7313289625315055,-0.3107203451975421
NVL,0.14896638710809368,0.17486342231866336,0.3969951782985062
NWD1,-0.6762977347704017,-0.18767932867302542,1.4998856844111486
NXF1,-0.2870255090506049,-0.8474355310779251,-0.3232018323988921
NXN,-1.6318544500382823,-2.0961554817944563,-1.051247529656915
NXNL2,,-0.3898441185723188,
NXPE3,,-0.45602914742315964,0.7465226177140067
NXPH4,,0.06921352441700906,
NXT1,-1.1242440459881715,-1.4169826465859643,-1.5045439298417067
NXT2,0.9460103318835978,-0.2435397484171659,-0.33952366369845965
NYNRIN,-0.887808062067358,-0.5014751152720729,-0.5945194123138003
OAF,-2.6409144661997574,-2.6155140314710152,-2.431581332693533
OARD1,-1.0647248543100896,-1.1231162382519941,-0.04768620812911726
OAS1,0.6639029757435742,1.9242907517859433,-0.6930563275920715
OAS2,0.665913739530903,1.3829160236883946,0.9294114678076255
OAS3,0.09143437275466554,0.5484001730733578,-0.7931491667427945
OASL,,0.6523826833909097,
OAT,-0.42122949881501626,-0.8021356526628936,-1.7569658396614667
OAZ1,-0.20182297237527397,0.25580271711607216,0.2841337581695563
OAZ2,-0.5573208652031431,-0.7391166236010592,-0.20567922034231853
OAZ3,,1.6208778964935417,0.9375676814830691
OBI1,-0.4798591992217875,-0.5982877665516324,0.018088502472391545
OBSCN,-1.4757568177624645,-1.8792541405605907,-2.0810169877260374
OBSCN-AS1,,-1.0101963929728084,
OBSL1,-0.3966928998542976,-1.871934311719543,-1.6013905749046027
OCA2,,-0.5261371332924034,-0.7658319381449813
OCEL1,1.4111535029633817,1.796442316867763,1.1853757594429444
OCIAD1,0.9239062281946204,0.6212793101406571,-0.13588498341708438
OCIAD2,-1.1787610465490095,-0.03440583846780751,-0.6189807446889373
OCLN,1.937100013611759,1.507151587275706,0.9630186102446044
OCRL,0.9601544416499329,0.7937169112596176,0.384387152464468
ODAD1,,0.779727845710737,1.7277398438814806
ODAD2,,,2.1999395441421887
ODAD3,,0.7010703884268304,2.2194193555591406
ODAD4,,0.8083623429268414,2.171203210407139
ODC1,-0.00817513044918528,-0.08745974896615612,-0.2759040438435421
ODF2,-0.3909692901506925,-0.5980723829681048,1.759617750590695
ODF2L,2.1470806354662346,1.747957816875425,1.8273389161347924
ODR4,0.9652788851572911,1.4605830389885082,-0.17823453956841373
OFD1,0.5071709011222421,0.22465898347278487,0.8142283783532631
OGA,0.7563726263616061,0.531729925767742,0.4823109254407842
OGDH,0.16552003617001676,0.5458900136231635,0.22960273547592855
OGFOD1,-0.8475427014191617,-0.2686643888876604,-0.9597286064909205
OGFOD2,0.5058618922901674,0.39899352693823475,0.7777595750303121
OGFOD3,0.7693108906810554,0.6814019546844557,0.16580516332872214
OGFR,-0.07410368589536881,0.11769620021961748,0.5274727950595844
OGFRL1,-0.19759438877680718,-0.5741210302131202,-1.9163409812100864
OGG1,-1.1351415108808964,-1.1271862451379882,-0.6192089551523311
OGT,0.8031899528634139,0.5129452009549819,0.34571751355132674
OIP5,,-0.6626664721645059,
OLA1,-0.9811792318073693,-1.6762378025221658,-2.1712032104071386
OLFM1,-1.198833847293565,-0.871670023858835,-1.3582522884103883
OLFM2,,-2.223929574127671,-2.228354493201525
OLFML2A,-1.8734854648227657,-1.6718504522569266,0.06315986220545945
OLFML2B,,-0.06307671331903038,
OLMALINC,,0.8502758857825902,1.035659991196091
OMA1,0.10925587879950874,0.1555103111320158,0.9268029298517693
OMG,,0.5843447946289824,1.4221215073526081
OPA1,0.004490529685733662,-0.03332462011306945,-0.34451767573997977
OPA3,-0.11389029516782015,-0.5442184838193175,-0.4510071918665054
OPHN1,2.286373283240729,1.5578449394750575,0.15549874670038613
OPLAH,0.3679538164340898,-0.07752046334456891,-1.000232849955404
OPN3,-0.4871065563776741,-0.7947044251023292,-2.028163185039398
OPRL1,,,0.9323172806897663
OPTN,1.032795550210799,1.4522608651047233,0.15492666211094924
OR2A1-AS1,0.05979399788709843,-0.5417140352448242,0.07562508554447868
ORAI1,0.4282861362282229,0.8643202583111405,0.35152378741895757
ORAI2,-0.4718646146793072,0.752674808849976,1.918709991672325
ORAI3,-1.889711845728121,-1.055952132046916,-0.43790493031652244
ORC1,,-0.4286204593830523,
ORC2,-0.410433076619041,-1.0638478855640285,-0.5810828655292181
ORC3,-0.11249971792708925,-0.16974520844900234,0.44725588009111306
ORC4,-0.7236679123801285,-0.8433162662986592,0.6192089551523311
ORC5,-0.4270244673719254,-0.12912928137610624,-0.49164470369351554
ORC6,-1.1203534805296143,-0.8910573483767832,-0.6198937801443951
ORMDL1,-0.7329749214605826,-0.6390717434326881,-0.31963063757713583
ORMDL2,1.657681756762143,1.7109980260475333,1.034050731100602
ORMDL3,1.2966157343508988,1.7002002752428587,-1.1212609816413628
OS9,0.4121873436764746,1.2322722776223012,-0.9081473799091772
OSBP,1.2409959156780581,1.104364015906715,0.5855499485554548
OSBP2,,1.154109600606835,0.9198774560257311
OSBPL10,0.9485350408266379,1.071171014477006,-0.5884598253704593
OSBPL10-AS1,,1.1565669145892252,
OSBPL11,-0.09235940170336451,-0.10990158393774892,0.4045493723166369
OSBPL1A,0.8111640380953599,0.9283777261546752,-0.5815290509310808
OSBPL2,1.1109138802310585,1.6799187338231274,0.1631314819258693
OSBPL3,1.0546314011789346,0.7082267999131138,1.3271598738749093
OSBPL5,0.6882135251099117,0.18767932867302556,0.28334915500893054
OSBPL6,,-0.4300028578787783,1.6109720763156723
OSBPL7,1.2291462002347147,1.4949282061329796,0.1745985740061912
OSBPL8,-0.5340693950377287,-0.3867368956085109,-0.4108963666303703
OSBPL9,1.696197861896736,1.1207506352141314,0.01695785907973709
OSCP1,0.21193936302112734,0.7289778168026659,1.88759772346319
OSER1,-1.0948382499779934,-1.0600496761593794,-1.5074719932182328
OSER1-DT,0.5819684014939616,0.1911631690373155,-0.03165844071738559
OSGEP,-0.6264711235661338,-0.7179808800859808,-0.1956824916458929
OSGEPL1,-0.5232118644550598,-0.8788021689314701,-0.6510207803324369
OSGIN1,-0.9590596238465829,-0.4351447084048955,-0.5799679076805242
OSGIN2,0.76282579641485,-0.17413197152416984,0.43355427269607244
OSMR,-0.1152810926737823,-1.0804872158729142,-0.9147121693107327
OSMR-DT,,-0.7979192128570788,0.04466840518695325
OSR1,,0.601090285389482,
OSR2,,-0.20898624813199454,-0.8402259346446492
OST4,0.756066118933923,1.2930170183774847,-0.950808210589755
OSTC,1.2818133485391414,1.696391541296556,-1.3176741605562063
OSTF1,-0.6768767567604448,-0.05874629008807445,-1.5959807789131537
OSTM1,-0.17884227134589079,-0.4046555655144383,0.02430749326195977
OTUB1,-0.4391649355401721,-0.7629951259934975,0.16198597647203955
OTUB2,,0.5920528431822362,
OTUD1,-0.347821454025937,-0.008644895518853113,0.7708941189219388
OTUD3,,0.22853943764242393,0.544438865487065
OTUD4,0.2462196919736551,-0.2740831889313934,1.1416297862495897
OTUD5,0.8211241370730136,0.6477108157354443,0.7532614085059047
OTUD6B,-0.48632883566140767,-0.71147063310386,0.23502256327144638
OTUD6B-AS1,-0.1559556450383221,0.10012238754081253,0.44392665799076814
OTUD7B,0.4457680348607752,1.280242576674579,0.6716540368937094
OTULIN,-0.036968808458350946,-0.10048440354355115,-0.4410176206912339
OTULINL,0.7911661576613911,0.33635910230558935,-0.8886835375106971
OTX1,-0.7892781202592606,-0.3128182643898738,-0.5311574422906299
OVGP1,,0.2834449802057652,
OVOL1,-0.5058618922901675,-0.3974338413376467,-0.8234492680502074
OVOL2,0.7742737083233447,0.9428857775744154,0.7936653819808255
OXA1L,-0.8301908845863977,-1.0594181268666725,-1.583976627832399
OXCT1,0.3036234407882009,-0.04467959812985478,-1.624216901439039
OXER1,,-0.6160452797039363,
OXGR1,,0.426647023551012,
OXLD1,0.69787569100563,0.48966451233260344,0.4950494095091975
OXNAD1,-0.17650280717122685,-0.060370065342215146,-0.2178183386399961
OXR1,-0.5218920105303118,-0.6171343070954146,0.14406646488743502
OXSM,0.08426798963215608,0.007384156718801495,-0.15282945089204145
OXSR1,-0.26740234558370274,-0.17980318340867096,-0.9765877194422277
OXTR,,,1.4299338025536086
P2RX4,1.2683153800409284,1.9040418983029652,-0.4437187452726953
P2RX6,,,1.0067792048494368
P2RY1,-2.198291471792553,-1.6148779998350604,-1.6771880628534825
P2RY11,,-0.5329750242900045,-0.038445440366250964
P2RY2,1.2693454897686964,0.620624127744654,-0.7617962824362061
P2RY6,0.7705498151008738,0.15131897937944683,
P3H1,-0.32030544785166915,0.26493188608025936,-1.3158807493877618
P3H2,,-0.29076442015660714,
P3H3,,1.1020471926303428,-0.032978011140648175
P3H4,-0.2997673567111052,-0.41150639886712037,-2.147924124978599
P4HA1,-0.08195719374771093,0.4142521311269449,1.0301993898247237
P4HA2,0.20817264568763577,1.588890706596929,1.543663497095508
P4HA3,,-0.18914592875743413,-0.2680835639517784
P4HB,1.0753384155533834,1.6517899320511917,-1.055513323217457
P4HTM,-0.0012665557369246684,-0.034766253461942884,1.7721599505184547
PA2G4,-1.6894428830004498,-2.239132575373493,-1.5800255200846327
PAAF1,-0.2619170521026457,-0.18566341182518975,-0.28452612532192934
PABIR1,0.5237400612058302,0.5809301350034781,0.41212672340595646
PABIR2,-0.01001746932567419,0.1765095293453531,-0.05806338977454721
PABIR3,,0.7003797399675313,0.4595756982489853
PABPC1,-1.1028404396807026,-1.9623668673048642,-1.5833163919445163
PABPC1L,0.3060357843271403,-0.1089956754507135,0.8327407089050927
PABPC4,-0.8578110908272488,-1.1632722303311795,-1.6825956339773327
PABPN1,0.4066781738975121,-0.2513391007725034,-0.2234168846838871
PACC1,,0.6798126781039342,-0.7993577827597795
PACRG,,-0.2913280947418916,2.465555547441854
PACRGL,-0.5907195983833201,-0.8737786171160546,1.6756520148795728
PACS1,1.5696756738186086,1.9370644767173844,0.0503271410607149
PACS2,1.1691285062291812,0.5309003179280657,0.7101667751737651
PACSIN2,1.116479799794012,1.3843231779064833,0.39556856448639943
PACSIN3,-0.8525000522644481,-0.5586861751095509,-2.280980359037125
PADI1,,1.0779078831312014,
PADI3,,-0.12295704585686179,
PAF1,-0.3879881475840476,-0.4512383257301117,0.729207204570342
PAFAH1B1,0.48451529630140955,-0.35145386171161935,-0.24064324583107446
PAFAH1B2,-1.1555530218008152,-0.8443447390119776,-0.5018761253774016
PAFAH1B3,-1.2040469600267023,-1.087292410462086,-1.1333541882937528
PAFAH2,1.4881858671657784,1.518462563424638,0.5730711616824461
PAG1,,0.8323159382393998,-0.15302007854484403
PAGR1,0.2585820426503706,0.3443744031056668,-0.11423701554339649
PAICS,-1.5657409351227245,-1.5700820072977268,-1.82136881827457
PAIP1,-0.09675438230867414,0.3731861342898735,-0.6820783387446914
PAIP2,-0.9088374767844051,-0.7502862212103895,0.6311208406885827
PAIP2B,1.313342617133698,0.6260921656053282,1.9368303439414924
PAK1,-1.02809646000778,-0.6019535485098725,-0.6603646622767868
PAK1IP1,-1.2026219597605925,-1.7040338340004508,-2.1385585541226804
PAK2,0.1818850407636848,0.6162630266993359,0.6389579759568116
PAK3,,-0.3321692522795912,
PAK4,0.7308678110891372,0.8761554380410403,0.6185244204370924
PAK5,,-1.4349026372877183,
PAK6,-1.9164686789366119,-2.4035225562639377,-1.935602400785296
PALB2,-0.7447747515351542,-1.0348015398115282,-1.1654511073685117
PALLD,-1.2657459760702212,-1.367614813557039,-0.4037315965130421
PALM,-0.535397775904454,-0.761068936719425,-1.8374362457271607
PALMD,-2.08247575321772,-2.6324067374797817,1.0039683558178134
PALS1,0.29519403407720873,0.47771994390291606,-0.6685880960486225
PALS2,-1.9431489623826286,-1.9335493594888364,-2.2709346869884803
PAM,1.925210478668406,1.717258851860826,-0.69185903772809
PAM16,0.31788234567914725,-0.04125454111456963,0.12961236380432214
PAMR1,,,1.2038358335371142
PAN2,0.9733832014299038,-0.24168495899277456,0.6554519878589595
PAN3,-0.006563106907826352,0.09017192207376729,0.15435462822154136
PANK1,,-0.5798644433617339,-0.24704846633341096
PANK2,-0.045266023833722135,-0.3317886469175386,0.894290341258594
PANK2-AS1,,-0.020532813793267445,0.4688088776413195
PANK3,1.0450417482792147,1.3300452071509654,0.29671158608530657
PANK4,-0.3534537748518385,-0.15186552252418248,-0.1732595919365462
PANX1,-0.13198885153626408,-0.14913325706102099,-0.501021512225071
PANX2,,0.16572687856668306,0.6598961031411271
PAOX,-0.2901464779736161,-0.20788191962058114,0.21222661157134784
PAPLN,,-0.8761554380410402,-0.057119768008129505
PAPLN-AS1,,-0.9838477021215449,
PAPOLA,-0.0019574050473133817,0.3489644949013687,1.0379174716800155
PAPOLA-DT,,0.5669153973176858,1.626334422857109
PAPOLG,-0.1645862721175715,-1.1295690628886326,-0.7983208777682856
PAPPA,,-0.8873134091079538,-0.39434639320209114
PAPSS1,1.4542073139516982,0.33502533111192956,0.4935591468734672
PAPSS2,1.6495482357959361,1.3871457391787752,-0.8378148515814006
PAQR3,0.42677221521332864,0.7346273760618581,0.7645694584667126
PAQR4,1.9446723657734408,1.6539076139893631,0.42528987194211126
PAQR6,,0.5837040279455894,
PAQR7,-1.9993796279370428,-1.6076228516874345,-0.17727748001460886
PAQR8,,0.4750972874161849,0.9851222184129782
PARAIL,1.2944837106715217,-0.04449931925494151,-0.32141572259342016
PARD3,-0.8275934465743267,-1.021055699790648,-0.03373207701790964
PARD3-DT,,-0.24910917461804633,
PARD3B,1.7597123448294707,2.234735951381612,0.9172917534765704
PARD6A,1.213610104228997,0.8053696347902237,0.046743099348888616
PARD6B,0.7257639939463316,0.20291555683669,0.4460068427854919
PARD6G,-2.3398283499920582,-2.1753759624046674,-2.47754145388652
PARD6G-AS1,,0.9627352265677491,1.4294102642897852
PARG,0.49463982258775974,0.26008513608944944,0.6961739431066677
PARK7,-0.5134663088118975,-0.2996060683471154,-0.1860886716121771
PARL,-1.1062309954459506,-0.40798072125506174,-0.9469661200252899
PARM1,1.8551575939277276,2.510070681736497,0.30499124517302356
PARN,0.209349425094736,-0.3169818627710286,-0.5175381895094135
PARP1,-1.3445266794689958,-1.1707447449205963,-1.2847274209001576
PARP10,-0.2289276799273269,-0.5959200700683581,0.41458931201309485
PARP11,1.2530224969283825,0.8790671806186794,-0.2755126228074479
PARP12,0.8813377340648139,1.303896117659626,0.9514005477630842
PARP14,1.2982186283185557,0.9311525084442986,0.8330072340515614
PARP16,-0.31764013831808413,-0.9007424967072694,-1.2448987464826677
PARP2,-0.3981881475429188,-0.7038363345106095,0.01846538867051701
PARP3,-0.5234759445747572,-1.1725335763803648,-0.552541703828355
PARP4,0.8495231362074763,1.05658136890484,0.47723748035893104
PARP6,0.702878656355493,-0.3268451259761674,-0.1726858376959838
PARP8,1.5688867814746934,1.7102201225325788,1.0492851400240641
PARP9,1.5358502858469363,1.3213720131003666,0.748765101605182
PARPBP,,-1.167178276129618,-0.8822700515537412
PARS2,,-0.5498660290550916,0.19030779022692487
PART1,1.3705673206894895,1.794636733854249,0.5346319446084682
PARVA,0.8960346314913944,0.5785864819649654,0.6916196987780264
PASK,,0.266237839601485,1.3294360554248343
PATJ,0.49151922816252636,-0.17248654719267684,-0.29041692901535465
PATJ-DT,,0.5599497354069964,
PATL1,-0.052182727042512415,-0.2793227797332384,-0.7324062824178507
PATL2,,0.6084424052358063,1.4872405383759246
PATZ1,1.6155058509579368,0.9358861661710656,0.40925685757579044
PAWR,0.3847624620289416,0.49474681996122644,-0.11613367254558189
PAX1,,-0.06993566912166017,
PAX8,,-0.18548018418903742,0.28825580814294477
PAX9,-1.3366084409060015,-0.6419461060996452,-1.1398241001280751
PAXBP1,0.2533471031357997,-0.08438672923813696,0.53115744229063
PAXIP1,-0.06648553654807862,-0.49149267952221987,-0.4257023981496289
PAXIP1-AS2,,0.31187275043256896,-0.11594398815726673
PAXIP1-DT,0.5187280611245484,-0.44864762216085063,0.6475314702613587
PAXX,-0.06971698182709461,-1.439455339485339,-0.787998583263095
PBDC1,-0.8591426339078384,-0.1637187207285021,-0.6667044840691567
PBK,-1.6522472761997093,-1.1822587894269834,-1.3100811917298594
PBLD,,1.2369032423769315,1.3663535468670254
PBRM1,0.15129531443904534,0.24762324574273806,0.8205437598562939
PBX1,-0.9313421228518667,-0.9730926498022111,-0.10949715524216168
PBX2,0.14919924327711095,-0.19299769889693505,-0.6039891257233054
PBX3,-0.30024912235448503,-1.6378578138861828,0.23018310600904365
PBX4,,0.47731624480360013,1.6363139280607488
PBXIP1,-0.14291492322272556,0.005943326630542561,0.10040342227370262
PC,-0.5092671254739035,0.2543142830365215,-0.39007341447966387
PCAT1,,0.05207234984905642,0.5014487730212406
PCAT19,,,0.9971305571341632
PCAT6,1.416157335673762,1.034186463130423,0.8410307149737837
PCBD1,-0.0528745292271776,-0.6528283650891755,0.03260098526062491
PCBD2,0.7444708998527607,0.9317083255752001,-0.21666087645456233
PCBP1,0.6751403703728519,0.08167590381763651,0.03806834125343212
PCBP2,0.40642805138787624,-1.543461749128933,-0.20375520639602293
PCBP4,-0.17346294531391745,-0.8583177024030868,-1.866751775328011
PCCA,-0.5393886059167767,-0.3037527312937316,-0.47344044884905295
PCCA-DT,-0.2700285835166705,0.69899944414666,-0.35372926036578956
PCCB,0.17907627139614385,0.5442184838193174,-0.563549543676431
PCDH1,1.409286144288601,1.5352168742910686,0.3075582133439059
PCDH17,0.4741824952740596,-0.3348348410683759,-0.06939112609722439
PCDH19,,-0.5440096495629052,
PCDH20,,0.7490935315678079,
PCDH7,-1.1801460746746364,-1.777768561962591,-0.10873900859489502
PCDH9,,0.22078190926751656,-0.5595789199504116
PCDHB1,,,1.3221763309248282
PCDHB13,,1.238452805942118,
PCDHB14,,1.1509604005442031,
PCDHB16,,0.5561617253303933,
PCDHB2,,0.6134345885752337,
PCDHB4,,0.8661533117058108,
PCDHB5,,1.081456321013212,
PCDHGA10,,0.7567452966295534,
PCDHGA5,,0.30280985172591557,
PCDHGA6,,0.29114019293729876,
PCDHGB6,,0.821163078449834,
PCDHGC3,,0.3608566132003789,
PCED1A,0.8664935385940987,0.30073646261190495,0.4449665097074249
PCED1B,,-1.3503827792212708,-0.23502256327144652
PCF11,-0.40018319755790993,-1.2068881757719951,-0.5659804130789877
PCGF1,0.15735440036014456,-0.1774242396709226,0.24491227943896998
PCGF2,-0.24123795749698093,-1.0301979629595293,-1.4426180999173335
PCGF3,0.7411330537892769,-0.003782103697501349,-0.17249459892378946
PCGF3-AS1,,0.5061779763545338,0.5673077519227883
PCGF5,1.2102504090793107,0.8186425689421171,-0.20260116042809634
PCGF6,-0.5543645934463336,-0.9037187372800839,-0.348318873095667
PCID2,-0.9992266938519578,-1.3699126094038694,-0.6622403510133198
PCIF1,-0.35394406961642394,-0.841518582040809,-0.32479035143902174
PCK2,-0.5063853916864326,0.48257043449475023,-1.4981472045760544
PCLAF,-1.5051242123908544,-1.2318875555040276,-1.2271039491671298
PCLO,-0.21523770737601328,-0.2994177065563501,-0.19971722209995613
PCM1,0.3033823038171996,-0.3853786605779576,1.497568716295685
PCMT1,-0.35296356503892046,0.03620795906941343,-0.8095130766402238
PCMTD1,1.3658699417070665,1.037882813923848,-0.1763205828129065
PCMTD1-DT,,-0.35298686199675283,-0.21878311335984485
PCMTD2,-0.014393171921613847,-0.10428637594277843,0.29454648401594663
PCNA,-1.9633152509361176,-1.9902953171861548,-1.5741447074610615
PCNP,-1.4502411902501882,-1.583189148900567,-1.3451001202850208
PCNT,-0.07595114100933867,-0.28682127269549884,0.38154868687392934
PCNX1,0.5500731851856749,0.018371207495823938,0.6105594407737204
PCNX2,-0.5879800180823289,-0.43990126185382467,0.14673225875021792
PCNX3,1.1079310517471577,0.9748290513775872,0.5837617179500627
PCNX4,-0.11759958549544959,0.08221802025035842,1.8313554613889957
PCOLCE,,-0.15897477413207717,1.210865169358315
PCOTH,,1.5428693439778707,0.7181905440485725
PCP2,,0.5311076856127279,
PCP4L1,-2.1880865545076986,-2.604653419029141,-2.7310186132014604
PCSK1N,1.9036244049471325,1.658877925043577,1.2698189524771117
PCSK4,,0.9426049066454839,1.7552047399057975
PCSK5,-1.0965170880885666,-0.3409365947763367,1.1173834065075132
PCSK6,,-0.30639423429817564,0.37932061962819186
PCSK7,0.14221701824805347,0.37782426882374703,-0.6042152531780376
PCSK9,,,0.7527610678302205
PCTP,-0.1166721132058695,0.5985031778933595,-0.3277710386128152
PCYOX1,0.5825140405709411,0.4066109952286598,-1.712846244944756
PCYOX1L,,0.7221821480344738,0.7905712534157159
PCYT1A,-0.1085609211235256,0.759385834576082,0.7567690902754384
PCYT1B,,,2.340802694799114
PCYT2,0.6710966917851648,1.2501705654444422,1.7578484368640557
PDAP1,-0.7269631874623804,-0.3747312823720056,-0.7887698360582223
PDCD10,-0.5551703679278189,-0.15241211103634758,-1.035659991196091
PDCD11,-0.6284338045396183,-0.6635640197512523,-0.043348245929105376
PDCD2,-0.6343364447082752,-0.4168045386676711,-0.8001360258444429
PDCD2L,0.3407355012095002,-0.14458194382990977,0.28688125066906883
PDCD4,-0.18985109573332998,-0.8889164287281585,-1.1521770013845565
PDCD4-AS1,,0.2348294088133448,
PDCD5,-0.3726396904285046,-0.7733973565839798,-0.8684512954005813
PDCD6,-0.21476637277586685,-0.06975512954102724,0.5918235803870129
PDCD6IP,1.0602704264657912,1.5719379705549221,1.1058502503275625
PDCD6IP-DT,,0.42802825369322733,-0.2513242349423892
PDCD7,-0.7826920145780374,-1.1027085381999795,-0.8466795104786972
PDCL,-0.33001685018274474,0.41935966449659595,-0.34631761903762776
PDCL3,-1.3199172276779305,-0.908606295100909,-0.8643379199197776
PDE10A,,1.0195402724601281,
PDE12,0.492038994133097,0.1347611925251372,-0.7235654946431528
PDE1A,0.6818076474643164,-0.3481989714571203,
PDE4A,0.6044848183577126,-0.07210232359408268,0.06599193632770743
PDE4B,,0.06433997265871867,
PDE4C,0.6147451866303203,1.1056905804849264,-0.6391890727304682
PDE4D,1.37886127887827,1.1678903817354913,0.5659804130789877
PDE4DIP,1.4313856945938292,1.6337395466016722,1.3502392046552156
PDE5A,,0.023775406295494492,
PDE6B,,0.32988633961813596,1.2702409996685384
PDE6D,0.6053143590630479,-0.13966988432211172,-0.017711618843597548
PDE7A,0.48399743501452863,-0.9370030183474586,0.6937751785701285
PDE7B,,-0.5660696149255083,0.3621661124949108
PDE8A,1.5556224923372257,0.7488551215112829,-0.13683584081406042
PDE8B,2.706564066320749,2.7458546339904624,1.141268351308183
PDE9A,,0.2913280947418917,-0.6899454337523123
PDGFA,-1.681816121389292,-1.7673701445535945,-1.2860186285472948
PDGFA-DT,,,0.8158041720183381
PDGFC,-0.00011514140009967189,-1.0879431531079036,-1.533204417872215
PDGFD,,-0.09885543454256386,
PDGFRL,,1.4033531113194737,
PDHA1,-1.8424379416088004,-1.4910854124415664,-1.774884152816133
PDHB,-1.0308348296599104,-0.9578799584592745,-1.0771368732272868
PDHX,0.09906827549193169,-0.2971581913933582,-0.9663190710002597
PDIA3,1.2325845013576202,1.7141200402271255,-0.944020151725235
PDIA4,1.1773782759600149,1.8596145619042153,0.6827917800535446
PDIA5,2.3189999498927176,1.7937361320161522,0.003203003121688771
PDIA6,0.2067608906793094,0.8163785489925066,-1.2757483304450536
PDIK1L,1.020314692335789,0.7514799790979405,0.00659445471113511
PDK1,0.5575898584729002,0.7746123458700901,-0.896540948271344
PDK2,-0.5664894639560968,-0.6960133605179356,-0.17345085601610685
PDK3,-1.2083367013489292,-0.8379313457808221,-1.7981152298646284
PDK4,0.362046329868532,0.28175804725013515,1.2860186285472948
PDK4-AS1,,,1.5098237840271462
PDLIM1,-1.5995779782408537,-2.283226771354493,-0.796249638125275
PDLIM2,1.6468611588304354,1.014706562509248,-1.1895704305645614
PDLIM3,,0.5377555879857602,0.36337347022055344
PDLIM4,-1.02887806408771,0.7959399083374226,0.8698256889547212
PDLIM5,0.9586949399510134,0.9970835550140091,-0.2737517494585623
PDLIM7,-2.021977404119758,-1.8092484377095368,-1.295117742617309
PDP1,0.6231121277580763,0.7008401351316393,-0.5203405789646582
PDP2,1.1875714365054835,0.8171327568783117,0.4055719727366397
PDPK1,0.31618728484201447,0.5839175901994667,0.944903081118358
PDPN,-2.847259631124393,-2.87630818267381,-2.6409172958252114
PDPR,-0.3407355012095002,-0.6190964035857124,-0.15473597852416485
PDRG1,-0.4544323332151065,-0.360856613200379,-0.5724051841873978
PDS5A,0.7748954010242545,0.12241266509414872,-0.22361006194295255
PDS5B,0.03189957700940245,-0.6646867065698036,0.6512536826013151
PDSS1,-0.8881496350391063,-0.9465438927817386,-0.8276879166937083
PDSS2,0.7375011585038233,1.2901140428898867,0.587340053578515
PDXDC1,1.9050360976366763,2.3377669881718313,0.058818324373784155
PDXK,1.0164468855513296,1.3068516119904328,0.3783084846164726
PDZD11,0.0722564836695727,0.31300740071792843,-0.28295691886048396
PDZD2,-0.9057096134496818,-0.13185387720668038,-1.6479223279100752
PDZD4,,,0.7602861080209508
PDZD8,0.31957832035885164,0.4736864413087714,0.4257023981496289
PDZK1IP1,1.6121185232620132,1.7639460975233063,-0.6648232345888063
PEA15,0.6981694988287792,0.24910917461804646,-0.5864447661609268
PEAK1,1.7553962796099056,1.1847984631385229,1.5606305594043381
PEBP1,-1.1373372322780044,-1.966085882251702,-0.008667043310796095
PEBP4,,1.2039088716967767,0.32796985437676635
PECAM1,,1.3557810384349587,0.5726271484638469
PECR,-0.3426885235097046,-0.22669117671310957,1.470926911163803
PEDS1,-1.1096343162272144,-0.5373394001504066,-0.6361874695569695
PEF1,-1.0889864681914794,-0.9462620497930612,-1.2527060925262958
PEG10,1.713932564032659,-0.21524896810948288,-0.05334578106893923
PEG3,,-0.33007651652325376,
PELATON,,1.8280740467028542,
PELI1,0.10832928023233929,0.19153002334654567,0.11006580650935209
PELI2,0.8272691594208407,-0.6108280717605454,0.7668428013781808
PELI3,,-0.2641858298872465,
PELO,-0.1431475736671886,0.7493319842099322,0.01149336223215334
PELP1,-1.0860745145573845,-0.6399555993802214,-0.011870211199040562
PEMT,-0.2312922907581201,0.03404542794289991,-0.8962593741573116
PENK,,0.015309076441329358,
PEPD,-0.47083525944969107,-0.43613484192036556,-0.3835758472303415
PER1,0.4746979255624567,-0.5131506339515202,0.5018761253774016
PER2,0.43005361920188073,-0.16791835898199134,-0.22013414037773057
PER3,-0.47882592576095956,-1.1214258814801945,-0.4931335589473536
PERM1,,-0.08510971993834482,
PERP,-2.2359355305738333,-2.451500929101107,-1.3966876602202936
PES1,-0.6247907444838923,-0.6534971308949938,0.0339205964674789
PET100,0.8347499330193567,1.1728917931712572,0.4804069354209856
PET117,0.5240042143768053,0.2660512470620385,0.20875923019379153
PEX1,0.4411946063839214,0.005222916400192529,0.8923247695140528
PEX10,-0.10809764515368583,-0.05387587636411618,-0.38722871840808415
PEX11A,1.2281664932939544,0.7687907663847183,1.0430973951428062
PEX11B,0.21688775582039785,0.020352676410020972,-0.1332232333808306
PEX11G,0.3942027879571122,0.04395849128409748,1.0372719378388477
PEX12,,0.21211656817273591,0.3202255524742142
PEX13,1.0462351944073036,1.2938484442305405,0.32082058072832126
PEX14,-0.8998254706771625,-0.5753957019332253,0.8973860974422971
PEX16,-0.24859408832348226,-0.12404591687098866,-0.096995452233594
PEX19,0.025909713595668193,-0.4672487968593894,-0.285114758212907
PEX2,0.0067933948432781196,0.7873168266852213,0.16274962306407428
PEX26,0.3382960487028492,-0.02017253968720551,0.08072777381467623
PEX3,-0.11273146562142443,-0.3164137772905853,-0.02430749326195977
PEX5,-0.5923654758686618,-0.9707820013435076,0.037502702717491655
PEX6,-0.7212762768410502,-1.0086975625619023,1.0611208204302511
PEX7,0.8288914665465796,1.0021294522912463,0.6146508461173125
PF4V1,1.5269237524375818,1.3584950467114052,
PFAS,,-0.3238069323237054,-0.20337049433009027
PFDN1,-0.5673007376322973,0.686636036225991,-1.0879695760240797
PFDN2,-1.051023953831291,-1.3388196236519385,-0.573293210660843
PFDN4,-1.33604605214177,-1.389979395111442,-0.936106648582799
PFDN5,-0.1187590682249668,-0.6599770251174848,0.1486370347373862
PFDN6,0.14524177791461598,0.33826552889301387,0.7440353634774064
PFKFB2,0.7046486111381177,0.5263439794689686,0.8668041854016025
PFKFB3,-0.2564396280528068,-1.2242310824213576,-0.05504397795165508
PFKFB4,,-0.2252131256331013,
PFKL,-0.43005361920188073,-0.2413141010657563,-0.6288231802974193
PFKM,-1.8616316430623192,-2.015730770010826,-1.0117960096193945
PFKP,-1.1627666104185521,-0.20640987562770188,0.084130725912796
PFN1,-0.5375251533311055,-1.0201461622591343,-1.0440717501642007
PFN2,-0.7414361528092668,-0.24725184906573802,1.3951901427762765
PFN4,,,1.6687882580478308
PGAM1,-1.8166570824167763,-1.6235633491804038,-2.4857343701253933
PGAM5,0.16528658165841367,-0.02791908735561148,-0.038633991969485644
PGAP1,-2.2679071824221255,-2.3971011122456933,0.597895291877458
PGAP2,-0.5989651245312824,-1.1877103367166155,-1.316328705332913
PGAP3,1.7059841840183605,1.0556376703488441,-0.14749410487491962
PGAP4,-1.1130505382239853,0.1124386100077996,-1.1793113930354542
PGAP6,1.3559868463156268,1.3749933828462815,0.6685880960486222
PGBD1,,-0.6077923700300673,
PGBD2,0.6850070725997858,-0.04504016024192341,-0.8701007648601025
PGBD4,,-0.060009212791524415,0.686364216327684
PGC,,,0.5573768280086036
PGD,0.09420969751632328,0.21727693921020388,-0.6060253868969266
PGF,,-0.5935557096032738,
PGGHG,1.3629493177902625,0.2626941580789517,-0.16389527107420374
PGGT1B,0.9521522924835297,1.4440380744960677,0.5468440618230721
PGK1,-1.6362300184335887,-1.089246022429983,-1.4082741406310855
PGLS,0.5192550246936537,0.40563308649383145,-0.3577436321218708
PGLS-DT,,-0.3367402896152096,-0.2054867847990973
PGLYRP4,,1.0338790714619852,
PGM1,-0.023606179215599064,0.8969660538835644,-1.3606257482224808
PGM2,-1.1546555441314656,-0.7853540524835685,-1.5619053726646883
PGM2L1,1.1824594989560988,1.4818434627569126,1.0045923030124084
PGM3,1.9761336539474637,2.8240525690727747,0.3134897604324057
PGP,0.7625177833351319,0.9527635779342165,0.26378930908085085
PGPEP1,1.3830440646083206,1.4460846151526463,0.46838832545324055
PGRMC1,1.324332195958181,0.4262525359386443,0.5693006368665121
PGRMC2,0.39445168892677757,1.4303794836815777,-0.5121603571332578
PGS1,-0.43637708717707646,-1.3517286531555086,0.3253862572236001
PHACTR1,-0.4546876794784049,-1.0779078831312014,-0.7595316707543669
PHACTR2,2.011419922016727,1.298855890088071,0.25657806490084584
PHACTR3,0.04342194898232076,0.1708415897227411,-0.9317354887781453
PHACTR4,0.3783230432210866,0.5756082380862483,0.023553630912470282
PHAF1,0.08149508747694738,-0.35547975969961004,0.03938821218480577
PHAX,-0.4472945805903327,-0.9762783010729595,0.048252093703292184
PHB1,-0.8253252601347356,-0.6825382066580642,-1.6207037985604413
PHB2,-0.8799802577155623,-2.008910461553354,-1.4544528168227933
PHC1,-0.5014177214038874,-0.9938320467814274,1.441019853648605
PHC2,0.6391310034035352,0.36470361111122473,0.18283071480771373
PHC3,0.9015528600932035,0.3175500505666443,0.6892284834986633
PHETA1,,1.563322661076593,0.2375412508612057
PHETA2,1.5284030652186171,2.041093265085754,-0.5450945152477854
PHEX,,1.016214546336747,0.6417333955182307
PHF1,-0.19665518581291705,-0.9064313740601322,-0.4641873413332902
PHF10,0.363030028399659,0.512123685290607,0.46397750763164114
PHF11,0.18539802414522075,0.4618320669374343,0.6352650525633581
PHF12,0.8025542335701756,-0.050629650859513785,-0.06580311516959135
PHF13,-0.4783094807439169,-0.8664154140738537,-0.39088676389697297
PHF14,-0.8092455675613893,-0.9294867802664194,-0.9098561525983615
PHF19,-1.8436965430159753,-1.7372706102855278,-1.8798223671239742
PHF2,1.0696084495682423,0.03350482043269187,0.39903460136317326
PHF20,-0.49437958941581295,-0.8492422368741862,-0.18762250937034824
PHF20L1,0.12548726763217516,-0.1476765052076441,-1.8887178521448358
PHF21A,-0.7248652833326532,-0.7712132475859884,0.10703340646229828
PHF23,-0.4465311776542504,0.1821831451566578,-1.1628539710869923
PHF3,0.20982021795285294,-0.36547365698057055,-0.3028207644547966
PHF5A,-0.7861376268179433,-1.015611075663071,-1.4257564177444082
PHF6,0.45111551924527316,-0.5544807267298147,-1.2672914055976403
PHF7,-0.5439219596785541,-1.0033204347758127,0.6854107117193226
PHF8,-0.3932074280678229,0.12404591687098866,0.7836369690238256
PHGDH,-1.6441859204843676,-1.7164725626134532,-1.112472477972771
PHIP,-0.2757650548720412,-1.4460846151526463,0.7062928913587659
PHKA1,,0.26306702110652785,0.8886835375106971
PHKA2,-0.20511436363359872,-0.6912027472665836,-0.17842597104342683
PHKB,1.5298857302881677,1.493278593981202,-0.28923796831426374
PHKG1,0.03858193877163621,0.24149952587741763,0.0782706697134744
PHKG2,1.1015722448156968,0.19391520707339532,0.5087263114155379
PHLDA1,-0.8915710827274566,-1.235356643119665,-1.109678239851057
PHLDA1-DT,,-0.7448086383808766,
PHLDA2,-0.0033391068004716947,0.282695132927439,-1.1964799442439134
PHLDA3,-2.302380307909411,-2.1262575314221226,-2.453913715777303
PHLDB1,-1.5471834442056007,-1.789254803099736,-1.303443682831537
PHLDB2,-1.5540798743270197,-1.3366163637552,-1.7649590070784023
PHLDB3,-1.0852442175952512,-0.8106116333720164,0.07600299330311137
PHLPP1,0.20064800701410906,0.6173522003890314,0.9404957682134034
PHLPP2,,-0.5995806515757852,0.11385773366974651
PHOSPHO2,0.547663717433721,-0.01584944126090129,0.9019044320526354
PHPT1,0.6613216448698065,0.6575158856799581,-0.28197651877072877
PHRF1,0.07525831530164064,-0.5726350910910426,-0.10722290234412632
PHTF1,0.09397839303018148,0.7538707141018927,2.4173402351369004
PHTF2,-1.0594627884906627,-1.111350317335284,-0.33334281204987126
PHYH,0.36844668425137034,0.7807045401766222,0.4763931026934282
PHYHD1,-0.1257193741086764,-0.7172819011895304,-1.6137369949766998
PHYHIP,-2.3692813088676914,-2.112642098881287,-1.9258823807023606
PHYKPL,0.3016948379970986,0.20972260867487927,-0.13740641458721983
PI3,1.6070719521031098,1.3494868870817749,-0.39903460136317326
PI4K2A,0.17697062232160257,0.3428459882174563,0.23211823570064638
PI4K2B,0.9263791677095936,1.4115968921163602,0.6290527968071487
PI4KA,1.451560695310251,1.1829836319934768,0.6773308976589066
PI4KB,0.4227398586449555,-0.4606301927503808,0.09907796419987756
PIAS1,0.16738799815971364,-0.7008401351316393,-0.4929207984789993
PIAS2,0.07964683541417389,-0.07643665841334277,-0.09945664864355205
PIAS3,0.5654083452823728,0.9973796695395326,1.038240400849262
PIAS4,0.6236714713695635,0.4307931688109335,0.6780420387460733
PIBF1,0.045266023833722,0.014228360054706438,1.0768003861368218
PICALM,0.8932857259137104,1.0095965886417668,0.4516330265750983
PICK1,0.30579447004668275,0.536923305368049,0.15931395413204733
PID1,-1.2126487943514022,-0.6705382537847012,-2.0960317490846183
PIDD1,-0.09143437275466554,-0.26530496945598764,0.15950477492761594
PIERCE1,0.5375251533311055,0.7625133134954157,1.7421668410368167
PIERCE2,1.2464857223317256,1.6357952123353126,1.8019236016591336
PIEZO1,0.1629525297664608,-0.20475436043161468,-0.47217628970958914
PIEZO2,,,1.303443682831537
PIF1,,-0.7440958192574717,
PIGA,0.9288577854507,0.4574284393970612,0.5085118830409181
PIGB,-0.6797752795199783,-0.7017613714554489,-1.00116541671092
PIGBOS1,0.4182116553787481,0.6287234778625913,0.40700432644630263
PIGC,-0.11018257118164407,0.05459733571235216,-0.3279698543767665
PIGF,0.19829890535546713,0.04522044349084452,-0.31487536887850853
PIGG,0.2860657745193663,0.2481804048246739,0.3095341833295523
PIGH,0.3714057763893871,1.0015344937780661,-0.6988172196344272
PIGK,0.566489463956097,0.5645904690558988,0.9422564969649847
PIGL,1.1045341303657388,-0.0032418011188321584,0.6889895788052782
PIGM,1.1225128080703057,1.2024232190728252,0.01959606321659395
PIGN,0.7296652039527162,0.41582252299380723,-0.81239250387166
PIGO,-0.38749162626722683,0.22669117671310957,0.8322078359904704
PIGP,0.8465537296786506,0.6388508574575652,0.46943986145411387
PIGQ,0.7396185786007454,0.4604299451066433,1.4087822033311805
PIGR,3.1153302159771337,2.8440315958925027,1.120907778217534
PIGS,0.5945624790836673,0.4606301927503808,0.040708151736376805
PIGT,0.5090049752066462,1.2013107188469783,0.47871596087694857
PIGU,-1.243985707660086,-0.21211656817273605,0.7500125541901301
PIGV,-0.13245346069065753,0.20806595673141628,0.12220581756221498
PIGW,-0.025679354172474935,-0.2569194145198799,-0.9010558433803807
PIGX,-0.7817539143431997,-0.7707283896018451,-0.2749255703695865
PIGZ,0.6368729169407138,0.3487730948848869,0.4410176206912339
PIH1D1,-0.36180046000360716,-0.5331826210123041,-0.23347334342502116
PIH1D2,,0.9069747020813231,3.0350081787821197
PIK3AP1,,,1.2473560136999333
PIK3C2A,0.9931749310507852,0.72803848639646,-0.040708151736376805
PIK3C2B,1.3068242914318642,1.1415805924149838,0.26125408451622545
PIK3C2G,,0.08981026110232704,
PIK3C3,0.5380573776375122,0.1880459407274272,0.45142439536253454
PIK3CA,0.8631464367350119,0.5286207769116054,0.6130585249685511
PIK3CB,0.1053184729597327,1.3230986974390424,0.3349366423382324
PIK3CD,,-0.806615718497971,1.0024101951534339
PIK3CD-AS2,-1.2891792323887197,-1.6310093528364735,-1.1138728596529839
PIK3IP1,-0.09444100704296012,-0.1053729283045708,-0.7833808679505543
PIK3R1,-1.6388704702366845,-1.7267782223064674,-1.5676736846926402
PIK3R2,,0.1754120717954573,-0.25035206861471665
PIK3R3,1.5808242154097374,1.157974235018496,0.6804149906240514
PIK3R4,0.8399816139120017,-0.3476249627789718,0.649391451776799
PIKFYVE,0.43663038751118294,0.003782103697501488,0.002449353589352849
PILRB,0.6083595813819577,0.11552025935857482,0.5431282673915099
PIM1,-1.0387016786480436,-0.8466620749273291,-0.7162411575670552
PIM2,-0.2554878220569435,-0.3847967775630945,1.0162066966657985
PIM3,0.7830048677433286,0.36682175921810556,-0.6568539905103923
PIMREG,,-0.6446040791243351,
PIN1,-0.5490019171862026,-0.2290940679058703,0.8825481435494403
PIN1-DT,,,1.3312619723669263
PIN4,0.13710114201932957,0.10247572826212589,0.14178231401784097
PINK1,1.6604174568579322,1.466363748551946,0.7375899241674726
PINLYP,-1.3226735609569849,-1.3423584182283932,0.5479383787008775
PINX1,0.32491454142129716,-1.5719379705549221,-2.019400782620837
PIP,2.0202021308647464,1.8446012866679748,1.367312548240932
PIP4K2A,0.45903312164473237,1.3630407596142002,0.009609140810481948
PIP4K2B,-0.044343967558438536,-0.7663727883880546,0.09775268016731574
PIP4K2C,0.6025508385210169,1.1033703664220889,0.7418007638228892
PIP4P1,0.28462666631421035,0.3392192029817193,-0.06221595118234203
PIP4P2,-1.33212110852215,-1.895287538848959,-1.5301599189914532
PIP5K1A,0.2740909881920078,-0.4305955658704645,-0.1570245549652331
PIP5K1B,,2.261791258344596,1.6013905749046031
PIP5K1C,1.2021475019817243,1.0219660827845967,-0.5409460071373322
PIP5KL1,,-0.6757338244184213,0.18034064666082056
PIR,-1.7818002601925191,-1.1654005964620437,0.2587205380179006
PISD,-0.01185984220423958,-0.3474336520122267,-0.7610409782722564
PITHD1,-1.5261853474156784,-1.6733093254179572,-1.2085154204879722
PITPNA,1.088569909616269,1.2708980822904699,0.837012239034993
PITPNA-AS1,-0.5781537626232266,-1.4409795565839492,-0.9884947530189659
PITPNB,-0.6111328686676107,-0.8531231168097729,-1.1481612945449278
PITPNC1,0.06394703247339695,0.6443824076107969,-0.9167179854278538
PITPNM1,0.07271826086624268,0.551962161507648,1.394193533420627
PITPNM3,-0.28534614654663903,0.010265865875812675,-0.4023011378905308
PITRM1,0.36672203753751104,1.1305922362953678,0.3935319395782936
PITX1,-1.3265493927559526,0.08890615996032512,-0.541382252814436
PITX1-AS1,,0.9800559824478183,
PIWIL2,,0.5448451290687018,
PJA1,-1.1764576781552403,-1.3722176610606798,-1.9023479836025434
PJA2,0.3763448479035834,1.0698933044041528,-0.19337836502637012
PJVK,,0.1744976852514415,
PKD1,-0.2882255492173208,-0.7149544973662881,1.108981032841667
PKD2,-0.10601318891180372,-1.0951319564528708,0.48845796045168
PKD2L2-DT,,1.0830737571564844,
PKIA,-2.055078919918724,-1.9525800434954401,-2.169217890430139
PKIB,1.3433903398755018,2.1584193378648493,1.413371222183733
PKIG,-0.382283888603885,-0.1744976852514415,2.6730485830443818
PKM,-1.6668495380009305,-1.7251807778234602,-1.6228092562980128
PKMYT1,,-0.6228091074888616,
PKN1,1.8226861334910152,1.513348656691904,1.5301599189914532
PKN2,0.5746191164304105,0.1788880853566125,-0.13550467490390988
PKN3,,-0.16536170948333448,
PKNOX1,-0.1464054994302841,-0.5961351770107677,-0.3581453854916813
PKP1,-3.454547419973062,-3.801713550248534,-2.511367036030314
PKP2,-0.19243090590561093,-0.6271880179001009,-0.7060511257919746
PKP3,-1.5123110383454532,-1.0351092250068823,-1.5223098977853071
PKP4,-0.10346614464058124,-0.36143332115285,-0.6512536826013153
PLA1A,,,1.2498208358289373
PLA2G10,2.13343208720203,1.9761384342257862,1.2132216228925574
PLA2G12A,0.34806610694686674,0.34131837381634783,-0.5270397785513686
PLA2G15,0.2583439381443061,0.011346527503301533,-0.5622250180785828
PLA2G1B,,,0.6904235976656808
PLA2G3,,1.6426978381749477,
PLA2G4A,0.8755796124194878,1.4834652027771216,-0.9600272683113527
PLA2G4C,,-0.41013469654111284,
PLA2G4F,,0.368363264386942,
PLA2G6,-0.21971778735951172,-0.9214718366120699,0.7957323618615755
PLA2R1,0.5624386681934218,0.5502850620167727,-0.5958689490374659
PLAA,-0.05379697156276141,-0.012787430504111432,-0.7017063741681902
PLAAT1,,-0.9832634405332324,-0.46439719547518377
PLAAT2,-1.4378299293039465,-0.9220226890890966,0.9175787507718951
PLAAT3,1.7885992714440615,0.7917442016456164,1.5133672064951584
PLAAT4,1.681816121389292,1.5530147931453444,0.6533513957515662
PLAAT5,,-0.5063827019938547,
PLAC8,0.6166936056277431,0.7495704794664354,0.9549616053359131
PLAC9,,-0.347242353960642,
PLAG1,-0.043191450136572745,-0.6119136151311917,-0.4884579604516798
PLAGL1,1.0026469473630057,-0.19483287852088188,-1.1834759682975258
PLAGL2,0.7758285020715207,0.613217219834087,-0.06976886262819428
PLAT,-1.4294639708485988,-1.0562666981987274,-1.2477662910854055
PLAU,-1.1104871568700931,-0.625654035197823,-0.9657182048150077
PLAUR,-0.5367271022046683,0.13748783506527243,-0.6887507134298142
PLB1,,1.0676615048017863,
PLBD1,0.45673151895952413,1.3468056883093538,0.22380324754693676
PLBD1-AS1,,0.8698281789284988,
PLBD2,0.11991871063624104,0.30394133958993447,-1.3114156384051618
PLCB1,,0.09577920512552983,0.5942945948244479
PLCB2,,,1.3158807493877618
PLCB3,-0.49932977404159995,-0.39120471130892637,-1.5728452276039924
PLCB4,0.18844446002874626,1.1877103367166155,0.6189807446889373
PLCD1,-0.835729130124886,-0.4028970009367676,-0.5242275738469607
PLCD3,-2.230361208674622,-1.5099612495621682,-2.5945735104948726
PLCD4,,-0.7603473434937472,
PLCE1,0.0854235555645818,0.46945954019988534,-0.03071592429836229
PLCG1,0.7955825887208121,0.07896567846684073,-0.38641652432921314
PLCG2,-0.26120216320680695,0.08474821905083905,0.11803074740874954
PLCH1,,,2.5532109933385123
PLCH2,-1.8655538421851632,-1.283108847472466,-3.120740585416084
PLCL2,,1.275353295132382,1.1383822225574944
PLCXD1,-0.40918080190464406,-1.1558641126073113,-1.3833210506717097
PLCXD2,-1.3800538977057677,-1.1070190936876005,-1.4593535296692204
PLD1,0.26859586038181665,0.39704407110212503,-0.26125408451622545
PLD2,-1.2419912796310955,-1.3616740902409612,-1.8689081207339904
PLD3,-1.1709549046371905,-1.3179304133575216,-1.0657639371604923
PLD6,,-1.0095965886417668,0.745775957100819
PLEC,-0.7475125187864898,-0.30111334604014794,0.04712033782491821
PLEK,,-0.4835823802011214,-0.47934991567144775
PLEK2,-1.8361883053975,-1.2265204779646273,-2.4352199012764775
PLEKHA1,-2.261920061147968,-2.018485347964384,-2.1460359044865958
PLEKHA2,0.09374709357194037,-0.2563610258572786,-0.9326082950157435
PLEKHA3,0.6650516543932213,0.4185731810622013,0.2947432542790781
PLEKHA4,-1.5665259440228612,-1.9477559405073772,-0.4067996534252553
PLEKHA5,-0.9488962072236468,-0.7726689107600936,-0.3653869118123598
PLEKHA6,1.2002523713383013,1.5876192291526416,0.568636091019189
PLEKHA7,0.9434916386018851,0.9400804062681397,0.8734068273160621
PLEKHA8,,1.1180547456657486,0.22786208697362775
PLEKHB1,1.9022164957820151,1.6653291574189797,1.9467606251962484
PLEKHB2,0.23436822149129227,1.1329842557416483,0.21299748592642032
PLEKHF1,0.8445782657283173,0.11352612752594039,-0.917578750771895
PLEKHF2,0.42853855176574984,0.26120307055880754,-0.24957450591966526
PLEKHG1,1.3100764963758373,1.3093940093757919,-0.2635942318088639
PLEKHG2,0.43131692976701747,0.00630353287905228,-0.5374597359369807
PLEKHG3,-1.8118809502283526,-1.9513697554330864,-2.473506560546179
PLEKHG4,,-0.9920629176858841,-0.902470518824571
PLEKHG4B,,0.4181800364457342,0.5752929258088657
PLEKHG5,,-1.0705319409793919,-0.8990783217716901
PLEKHG6,0.7767622791047979,0.9412016658872975,-0.714051345892124
PLEKHG7,1.386046648841457,1.4425071287930362,1.3308050771017572
PLEKHH1,-0.4305588609565555,-0.3501131637866204,-0.5227150266566118
PLEKHH2,0.2884656070120951,0.7510023475222295,-0.9087166759764406
PLEKHH3,-0.9050157354945791,-1.3256961445659878,-1.5912852272767712
PLEKHJ1,0.32588575377648143,1.030810511088117,-0.5093697369605719
PLEKHM1,0.47624497408198235,0.7245217007684538,-0.12467390145622441
PLEKHM2,0.1676215343470689,0.14076115773256864,0.10059278777301014
PLEKHN1,-1.3969608114191256,-0.16517913321339397,-1.8477244652442248
PLEKHO1,-1.0712419941783944,-0.406219785124548,-1.0893326586421306
PLEKHO2,-0.79400351442497,-0.47771994390291606,-0.9573423865449636
PLEKHS1,1.8668676424819304,1.546431931451773,1.0276402956998505
PLGRKT,-1.409286144288601,-1.1440027338362209,-0.8308766863069075
PLIN2,-0.6593169860508031,-1.2930170183774847,-1.1387424700148605
PLIN3,-1.0118254953492976,0.6608729762003702,0.1633224202738612
PLIN4,,0.1644488831287749,0.7184344092156321
PLIN5,0.11412207938142678,-0.6827655627885262,0.6196654728590406
PLK1,,-0.8234360055725976,-0.8032538581167015
PLK2,1.3450955008916856,-0.7954455693469494,-0.9974403544334917
PLK3,-0.8864428046657797,-0.4900706300858626,-0.5781854728220949
PLK4,,-0.4937293397887711,0.2971053901870333
PLLP,-0.900861581767623,-1.264462451436891,-2.37102094401895
PLOD1,-0.26859586038181665,0.2403871013138144,-1.0234960609316883
PLOD2,-0.7582131656737993,-0.4789315088073151,-0.17861740905726317
PLOD3,-0.27313472372746794,-0.03368502184029433,0.3795230932356125
PLP2,-3.2629898856620203,-2.554510843912503,-1.4221215073526081
PLPBP,0.11945483440730681,0.3643186692868528,-1.5092350534911647
PLPP1,-0.20676089067930953,-1.1046954748080102,-1.0149444855447496
PLPP2,1.2535275468361586,0.6784518065011729,0.4671271654101593
PLPP3,-1.5388531659182143,-1.7571593890703248,-2.060124391387348
PLPP5,1.5610510200434196,2.275964902423204,1.0808463112843125
PLPP6,0.6484803401444367,0.9653148729076252,-1.614430155724964
PLPPR2,1.55254094567384,1.5346319354534017,-0.735859847409901
PLPPR3,,,1.1223214321476933
PLRG1,-0.9366851583233582,-0.8181390910488243,-0.6882731005264151
PLS1,1.1769178523778456,1.7324042634497274,0.9109968118104066
PLS3,-2.0988613743925444,-1.5825588111176034,-2.383740056956027
PLSCR1,0.5006344854445858,0.1458560056206704,0.33752843441235486
PLSCR4,0.05910192764513569,-0.5039273915319901,0.730682772785423
PLTP,-1.7706483239967472,-1.5282319836027392,0.3937355284916316
PLXDC1,,-1.6496796318863702,-1.8223593316098923
PLXDC2,-2.1158306899521295,-2.3845471173525254,-1.9198985464207923
PLXNA1,-0.42223629838104754,-1.006005362774307,-1.2959899315808687
PLXNA2,-1.4365363052792213,-2.387650483654665,-0.3527265600076922
PLXNA3,-0.2157090897974278,0.6928045028704177,-0.14978015879578152
PLXNB1,-0.8501840218750524,-1.0462518973286248,1.0282794379183504
PLXNB2,1.8695049521122657,1.5901647579309408,1.2535323695840188
PM20D2,-2.070543574404504,-2.4739192718423157,-1.3221763309248276
PMAIP1,-0.6064210617843341,-0.3673997213173523,-0.6067046989869277
PMEPA1,-0.9882845270765356,0.0885445398920271,-1.8343873750581705
PMF1,-1.1475089489968466,-0.8305347159752162,-1.8743373351435275
PML,0.1557225488877645,-0.057122669712437346,-0.6704740831682827
PMM1,0.24005271677456236,-0.35241188986598965,1.1184392594774741
PMM2,0.9532398996875019,1.169673241871146,-0.35132337479952613
PMP22,,0.14603803372843002,-0.13759661577692503
PMPCA,-0.7197835978428367,-0.8883818352154897,-0.7075023391123795
PMPCB,-0.6946477691772115,-1.3361764896576276,-0.7726705529156664
PMS1,0.027061531580248033,-0.7056832932794254,0.5348493150152989
PMS2,-0.12827299521638194,-0.33426344379905076,-0.10911807407858079
PMVK,-1.2227990508841078,-0.8533822989187961,-1.5524054361900361
PNCK,,-0.010445975280426394,
PNISR,-0.6969946287185342,-1.285162655571717,-0.5875639489830063
PNISR-AS1,,0.7084582549003287,0.7828688198763006
PNKD,0.4672364326567327,0.4839872971236949,0.08091680182235918
PNKP,-0.018308505363310187,0.9702051486615426,0.8564265646756607
PNLDC1,,,1.6082194186047292
PNMA1,0.0632547853795867,0.06794985780294678,2.0793773365277213
PNMA2,,,0.6521856452267352
PNMA8A,,,1.2034470567248032
PNN,-0.8762555299675311,-1.0314234462369085,-1.0791583622416867
PNO1,-0.7043534654844253,-0.7137922469216081,-0.5582573398736858
PNP,-0.480376028068106,0.03692883990887979,0.2684741948169896
PNPLA2,2.036414271658007,1.947755940507378,-0.32399598972280086
PNPLA4,-0.3845144985433167,0.055138448852989214,0.10930761269689852
PNPLA6,0.0017271218563313217,0.30017121753498927,0.6403450691687496
PNPLA7,,1.576289736650832,0.5880118281848482
PNPLA8,-0.26382407815558184,-0.16627467364669213,-0.3198289299632672
PNPO,0.4330867222578692,0.03188305601968667,0.26886486665364046
PNPT1,-0.8134060341138246,-0.4383146432456936,0.6057990116814023
PNRC1,-0.127808638736759,-1.3153594215204274,-0.7211197529288226
PNRC2,0.3956965607700744,-1.0756568353086287,-0.9443143797271566
POC1A,,-0.7414853763508793,0.18014914946152732
POC1B,1.4155299166054653,2.086530521176533,1.2551874961943288
POC1B-AS1,0.7745845172515088,1.3076981387431883,0.8673529605982885
POC5,-0.5436549830635289,-0.7386433707305159,1.101001576252989
PODNL1,,-1.4404711123311227,-0.6889895788052782
PODXL,1.5456608575752386,1.5264973623170115,-0.7856876314240681
PODXL2,0.2738518986114867,0.8126144510551659,-0.36156263165965197
POF1B,-0.08704153987547374,1.0967736851155692,-0.06523666574454937
POFUT1,0.9088374767844051,0.6419461060996453,-0.6357261934464601
POFUT2,0.5691951637559683,0.6510464149208084,1.3639615248351593
POGK,0.3919637756693004,-0.8259664800232357,-0.9481468109375638
POGLUT1,-1.208814713299456,-1.3140771797738782,-1.898907274846632
POGLUT3,-1.6053988224866262,-1.21363107933138,-1.0247693355746204
POGZ,0.25239604562907114,-0.7006099189866009,0.09339937146140627
POLA1,-0.27193974417064465,-0.8274873062302386,-0.5569367341162927
POLA2,0.1599195869651606,-0.8870464608191108,-2.0107907399844622
POLB,0.16878935268741466,-0.7294477232668966,-0.3101272097206959
POLD1,-0.8462242563905923,-1.0000486462099818,-0.6128311774496803
POLD2,-0.9565095083587263,-0.9670382117553982,0.6603646622767865
POLD3,0.09351579912900754,0.3321692522795914,1.0343723688257642
POLD4,0.39893610515651673,0.5582651865855295,-0.844524411340534
POLDIP2,0.25715363499195704,0.3369309016167399,-1.4501257644730075
POLDIP3,-0.10300311827319447,-0.1690144010217557,0.22708868728163414
POLE,-0.26453945998660827,-0.43692725665259163,-0.8076842037519136
POLE2,,-0.6934915138165875,
POLE3,-1.4333127190672599,-1.3089696887351534,-0.747269694747281
POLE4,1.505839400662773,0.46885638307017274,-0.9897239201289297
POLG,0.3510035723624316,-0.3704842649910426,0.2330861261482781
POLG-DT,,0.7388799764800777,
POLG2,-0.2803128632612376,-0.3249459031999729,-0.3441178400786813
POLH,-0.5748907569948659,-1.3218033147880766,-0.009797561307094744
POLI,-0.15455719477988725,-0.5675500003218698,1.0270015729997786
POLK,0.5158323295917333,-0.07824305047794053,-0.3085460477485829
POLL,0.4995906482604089,0.07210232359408282,-0.24413576172620485
POLM,-0.03881239405727201,-0.1900627602498076,-0.22071327483721306
POLN,,0.8743063726488908,1.2073430443588404
POLQ,,-0.8966967974663561,0.5065830779135533
POLR1A,-0.2462196919736549,-0.4248723510361785,-0.12144655756955212
POLR1B,-0.6006191097710896,-0.8369084005344735,-0.13702602711292666
POLR1C,-0.6890892401894665,-1.2513518111894815,0.5900287468407186
POLR1D,-2.170757981079189,-3.1104406229633867,-2.2216365556665325
POLR1E,-1.6344760347960077,-2.372358049835239,-2.3741648640188338
POLR1F,-1.6189118170445083,-2.2347359513816123,-1.9898947978067658
POLR1G,-1.4320274453196253,-1.5410953695495477,-1.8592721331651372
POLR1H,-1.7977952361516074,-1.8176403102055498,-1.7311021116378664
POLR1HASP,,-0.41503719911836556,0.9627190884211848
POLR2A,-0.4508605856166488,-0.45343282684014297,0.05447789492799586
POLR2B,0.05402758926864721,-0.5248965284309397,0.6785163233537496
POLR2C,-0.6630420413459797,-0.821163078449834,-0.7328991133820362
POLR2D,0.20487919097564725,-0.790266689224055,-0.05428920447509877
POLR2E,-0.9109276678626316,-1.1234546948833986,-0.16714244744284418
POLR2F,0.17954430092803353,-0.5273785484610023,0.009043881340756475
POLR2G,-1.2601225068274866,-1.0372657712213382,-1.6687882580478308
POLR2H,0.6139108642409652,0.9124227859113039,-0.25911020591937434
POLR2I,-0.3949495642043845,-0.2823202689129215,1.5734946353977481
POLR2J,0.6734060171771625,0.6210608863886704,0.027323085094011944
POLR2J2,,-0.360280025240992,-0.3283675248084479
POLR2J3,-0.24384668294180767,-0.37222086922549025,-0.12828247181072328
POLR2K,0.8779470780371913,0.9932419916764533,-0.32657841575425894
POLR2L,0.5535591787378984,0.14112495272600706,-0.3923107482213619
POLR2M,0.2937511132156551,0.24168495899277456,-0.4973934756695544
POLR3A,0.18211916935567396,0.03494646264963625,0.11063449337012178
POLR3B,0.20864332276624661,-0.2703452339411425,-0.2643746011649889
POLR3C,0.32831513236811405,0.17468055086431483,0.02298824295803636
POLR3D,-1.0778049535914465,-0.7897745683688051,-1.939295028329489
POLR3E,-0.5754341654381165,-0.2937717571022494,-0.3150733622389973
POLR3F,-0.3748621677213378,-1.1083495635995977,0.6119221038779017
POLR3G,,0.43415500130618606,0.38905709039098946
POLR3GL,-0.23294828736997245,0.018911600628184595,-0.3607581952845908
POLR3H,0.5211005344910512,0.545680989063841,0.7186783171156312
POLR3K,0.45749845045323057,1.144696008153831,0.25813610979556867
POLRMT,-0.4621057148359379,-0.6421674304543314,-0.1826391310485231
POM121,0.3850104491742868,0.030801926592578664,-0.5442203675796562
POM121C,0.035816631660069466,-0.29320767982756185,-0.7208754160729836
POMC,0.41770905230768685,-0.1783390984705901,-0.6329613703640448
POMGNT1,-1.1792224712586017,-1.9698322907919352,-1.244081325729083
POMGNT2,0.7299657567500846,0.7128631403731347,1.3432401421970446
POMP,-0.003108822803495396,1.0550090599123734,-0.06901339946706032
POMT1,-0.1396586232364581,0.8993922947866663,0.8253018522298649
POMT2,,0.3902327856084029,1.0401802540497183
POMZP3,0.2234939061282135,-0.5926967648597018,-0.5005943428717038
PON2,1.2208559630971383,0.8780075039103584,-1.2964263960038838
PON3,2.5361433457133566,1.7830406834102364,-0.6237799655832355
POP1,-0.3186090797295828,-0.5119183603888862,-0.3914969456726738
POP4,0.5053385314894803,0.7068388657460922,0.6308909248589859
POP5,-0.36032569942014636,-0.8003977484297111,-0.057685934910900016
POP7,-0.39470061433579257,0.321530248502838,-0.5205563164590956
POR,0.9886598725117438,0.346477288732168,0.20337049433009013
PORCN,-0.09582897075869948,-0.47792182264800354,-0.9002079030653003
PORCN-DT,,,1.499305687566357
POSTN,-2.107270184271777,-1.6933621763917333,-1.444220039716975
POT1,-0.35492491459016023,-0.704990401947445,-0.00584079362090495
POT1-AS1,,0.9350492925452408,
POU2AF1,0.9232007112373507,-0.8374197636213617,1.195709399694166
POU2AF2,,,1.2303104356914816
POU2AF3,-1.1298939814211943,-1.4764656147091826,0.3607581952845907
POU2F1,0.13222115254577596,0.18621313216018776,0.3226063481739753
POU2F2,,-0.8846467642346175,0.4702814640913893
POU2F3,,0.13185387720668051,
POU3F1,-1.8577378752588518,-1.39663502870119,-1.4737117037575533
POU5F1,,-0.02575711149688988,
POU5F2,,0.030441558179696234,-0.03825689012980743
POU6F1,,0.46243325418393855,
PPA1,-0.012090141516357164,-1.2628617038092425,-2.0355860249904008
PPA2,-0.62759235955003,-0.42467524787796374,-1.2698189524771117
PPAN,-1.470984308180597,-1.217779052827501,-1.0788211412383384
PPARA,-0.5425874637430456,-0.06813037491480767,-0.7410567202051611
PPARD,1.0594627884906627,0.5053592857978764,-0.4780821984194127
PPARG,-1.717947699799256,-1.205769682402053,-1.5587230817773414
PPARGC1A,-1.3588798726241322,-1.479149191382106,-0.6763832420086104
PPARGC1B,-1.2335695536760434,-1.1033703664220886,-1.5039598627051554
PPAT,-0.9689547757807341,-1.5393262317098795,-1.2589241582239987
PPCDC,-0.05425820984800087,0.44486661286396123,-0.3680066035470113
PPCS,1.0506239702032474,1.3985480442798095,-0.8602391171792901
PPDPF,1.4784991269994903,1.5663862210308623,0.05523267620372703
PPFIA1,0.2848664766695008,0.47469409214452435,0.015827237364829078
PPFIA3,-0.33439710125415906,0.5578442969803501,-1.3185724575619697
PPFIBP1,-1.9492698577135439,-1.5116527849402508,-2.4002014939008762
PPFIBP2,-0.9463706352401338,-0.5244831730327538,-1.2551874961943295
PPHLN1,-1.4973074581343342,-2.1420615078301575,-1.3262513237154108
PPIA,-0.8143681419259586,-1.9129446613369732,-1.0434220700852601
PPIB,0.9256720359529897,1.1436563027797184,-0.8569704521741949
PPIC,0.8153310041504407,1.0882686972602573,-0.9425502358196552
PPID,-0.524532630452679,-0.6013060591531093,1.1135225595012965
PPIE,-1.4193028254989182,-1.1020471926303435,-0.1360751450406122
PPIF,-0.7579062308661078,-0.26008513608944944,-0.47175507105925196
PPIG,-0.7200820052642367,-0.9378414250842808,-0.9402025968303107
PPIH,-1.3008975548375346,-1.3441341366811996,-1.4528269835995518
PPIL1,-0.7936879371321311,-0.439702874038837,-0.1665692892180207
PPIL2,0.9638121759656385,1.0129000221905826,0.5117307718064997
PPIL3,-0.8022364955270568,-0.8988526729190414,-0.4090519963619305
PPIL4,-0.5602820157394718,-0.8643202583111405,0.044102613249476064
PPIL6,,0.3805335991445642,2.5631467268771457
PPIP5K1,0.5343349957534635,-0.2237355663981181,0.2102999762556661
PPIP5K2,0.5061236246503,0.5479815735596815,0.10191844765936585
PPL,-0.7792556696888261,-1.2717062443481006,-1.083214626607576
PPM1A,0.9590596238465829,1.117718330503017,-0.17402468635675106
PPM1B,0.8624781763864304,0.9094229992851198,-0.27747015143895143
PPM1D,0.4608249391119323,-0.4227051219198023,-0.5331110580921611
PPM1E,,,1.561267648872993
PPM1F,-0.7886493995017011,-0.4775180846254409,-0.8836611947707115
PPM1F-AS1,,-0.40485103874947864,
PPM1G,-1.09904115575509,-0.42802825369322756,-0.06353744232472841
PPM1H,0.7575993674433823,1.4471101606882137,0.9906467776635588
PPM1J,,-1.2372903547757073,-1.3239847248040046
PPM1K,1.7447468806796895,1.5731782940052326,0.5181845333133992
PPM1L,0.7936879371321311,0.7334484553879339,-0.8155413991296971
PPM1L-DT,,0.8693024793216618,
PPM1M,-0.8146890120747272,-1.4238972505595044,-1.3326343283477033
PPM1N,-0.3154611084950021,-0.4912894688081667,-1.2255054267829393
PPME1,-0.5247968934147411,-0.01260731623844171,0.7988392229028366
PPOX,-0.48296210153524605,0.03638817750063917,1.8374362457271596
PPP1CA,-0.8354026420924788,-0.04197556418515532,-1.8425559769554922
PPP1CB,0.30748404486830083,1.1381319636976748,0.4797726592385201
PPP1CB-DT,,,1.3615772817148992
PPP1CC,-1.5784186938695766,-0.9426049066454839,-1.9046543625707357
PPP1R10,0.0010362727840760103,-0.5296565906979318,0.18992409510167063
PPP1R11,0.7699302051669771,1.092838482901165,-0.17880885361738585
PPP1R12A,-1.3818465150260073,-1.1689596519230179,-1.7822138098846363
PPP1R12A-AS1,,0.9941272041284022,0.8626966597483043
PPP1R12B,-1.4443344339576973,-1.0866421279221472,-0.15778759598528327
PPP1R12C,1.0176056291683109,0.6992294009166717,0.373859674947721
PPP1R13B,0.3578695037086706,-0.4594289835764526,-0.10513865788030614
PPP1R13L,-1.6206218662271459,-1.868827710063121,-3.2382518751264096
PPP1R14B,-0.2533471031357997,0.15113680838333537,-0.9639176945453131
PPP1R14B-AS1,0.14151918253635068,0.5873382198104458,
PPP1R14C,-0.8895169644924988,-0.9604475741754681,1.4609949145620873
PPP1R15A,-0.48788457183180806,-0.37782426882374687,0.0752471885858794
PPP1R15B,0.2901464779736159,0.5950599178314628,0.5424733181610448
PPP1R16A,-0.6017226798540767,-0.32058212257478713,1.1613734083631204
PPP1R16B,1.8952329051541597,1.2219480855582208,0.43852712809630545
PPP1R18,-1.1255446890140899,-1.1460842098333086,-1.1984094203530558
PPP1R1A,,2.15290252531587,
PPP1R1B,1.014133483061716,0.454630747793596,-0.9358146817369818
PPP1R1C,,0.8559772807288117,-0.629741845448006
PPP1R2,0.8608092079931331,-0.025937271414163583,0.7400652997136437
PPP1R21,-0.011399245454840317,0.21340612611265294,0.5664227484584552
PPP1R21-DT,,,1.5110028175651178
PPP1R26,1.2330768779556933,1.0069019518218862,1.333550628512382
PPP1R26-AS1,,-0.022154080927236287,1.401199111328896
PPP1R35,-0.035816631660069605,0.42763353329236553,0.3923107482213619
PPP1R36,,0.3645111334473716,1.7676486273707694
PPP1R37,0.009326588598315,0.1285844778678707,-0.24141910534795252
PPP1R3B,1.771753637697765,0.6976204787881716,0.19280249422677695
PPP1R3C,,-0.3735723376454268,
PPP1R3D,-0.5931890164737049,-0.8502758857825902,-0.7294530222886181
PPP1R3E,-0.45545389626165145,-0.08420598846986395,-0.13968915897657605
PPP1R3F,,0.13312568907710343,0.9600272683113527
PPP1R42,,,2.2964944737695356
PPP1R7,-0.3086914213775929,0.8249536563931048,0.9543672553549223
PPP1R8,-0.7955825887208121,-0.7063765235746117,-0.4903694090094482
PPP1R9A,2.715648658915101,2.285674380601934,1.2851575853957709
PPP1R9B,1.2237723283605042,0.3616255838439276,-0.8383502265758482
PPP2CA,-0.5967623559041417,-0.6017376906959787,-0.7213641328434583
PPP2CB,1.118199364257416,1.0974312049368922,0.938737950337208
PPP2R1A,-0.6089138639660072,-0.2738962006359777,-0.04655448260868394
PPP2R1B,1.0757490507732004,0.7557864086645703,0.6037630291485104
PPP2R2A,-0.7705498151008738,-0.53775558798576,-0.5012351311854846
PPP2R2D,0.18750691016629514,0.23057342703120276,-0.19145904396230862
PPP2R3A,-0.38550649452322516,-0.69899944414666,-0.8676274461700164
PPP2R3B,-0.3382960487028492,-0.2716530858854594,0.5091552383603907
PPP2R3C,1.0823440521374892,1.0253114249048765,0.5853263174205284
PPP2R5A,1.2708931846201352,0.8658912688269621,0.2203271769844973
PPP2R5B,-0.3522284092819789,0.06217444696099357,-0.9699316207245939
PPP2R5C,0.8079682403409904,1.4354070251445465,0.9247784189302101
PPP2R5D,-0.46492609551586905,-0.038550892538195825,0.04561142361619269
PPP2R5E,0.24076382063368484,0.8996622039533008,0.6573216116536853
PPP3CA,-0.04895464167136134,0.12277558156185303,-0.5516639797982654
PPP3CB,-0.4434801611284003,-0.7750986618398504,0.17919176240635132
PPP3CC,-1.0462351944073032,-1.2955139845270098,-1.6158188089704995
PPP3R1,0.737198939882616,0.5108920593068723,-0.4435108517337935
PPP4C,0.41745779034358504,0.46443842084307957,0.0520250678740841
PPP4R1,-0.8288914665465795,-0.5421312070313639,0.8097745652249937
PPP4R1-AS1,,0.5265508481677926,0.7808226764053053
PPP4R2,0.6696551795207172,0.8343548599708225,-0.1377868219445235
PPP4R3A,0.5973127762402649,0.4662446685931474,0.09245323702557141
PPP4R3B,0.718292520867508,0.5160289760953747,1.567673684692641
PPP4R3B-DT,,0.9264396241170153,0.6702382044537749
PPP4R4,,-0.536923305368049,0.7931491667427945
PPP5C,-0.6236714713695632,-1.073411224915479,0.684457829859701
PPP5D1P,,0.07065785029911818,0.30124312916219737
PPP6C,0.3600799822491863,-0.19464933112981986,-0.47365121556270695
PPP6R1,0.6014467186765413,0.838187219113301,0.8155413991296971
PPP6R2,0.1907890614323286,0.5488188687028261,0.16752458342116772
PPP6R3,0.9711666079163095,0.3073381456182145,0.1400696868324579
PPRC1,-0.18071454707751966,-0.3239967315947429,-0.9328993883451435
PPT1,-1.6231958604313919,-1.4753951552667712,-0.9149984890648033
PPT2,,-0.7320350947085562,-0.6990577595100226
PPTC7,-0.3422001456699891,-0.3243763651619913,-0.4135629287201581
PPWD1,-0.6133548866669073,-1.0456294531366586,-0.024495960991077734
PQBP1,-0.9667476738370623,-1.1615026088168823,-1.2651912841723707
PRADC1,0.6022747397400396,1.3218033147880761,0.052779749868680594
PRAF2,0.3812931172906612,0.7126309598872526,-0.1591231391373339
PRAG1,-0.04226947757793835,-0.5671269062731732,-0.5164614299307991
PRANCR,0.5743475182596768,-0.008825002136676906,0.5712957854098413
PRC1,-1.2662591882574121,-1.0882686972602573,-1.1205547145745967
PRCC,-0.27600427024619306,-0.5342209496166579,-0.3927177469142933
PRCP,-1.5872840616322357,-1.5800437266615854,-2.0223043567683745
PRDM1,0.4089304240070539,0.51520615732926,-0.09453484323306421
PRDM10,,0.33197894358723773,0.2931694109786632
PRDM10-DT,,,1.2159793614139245
PRDM11,-1.5548507208281495,-1.6581653695206793,-0.4397720334299663
PRDM15,,-0.20972260867487927,0.9053053024823842
PRDM16,0.6164151168509785,-0.5253099735338232,-0.4178766819694451
PRDM2,0.1289695818320735,-0.01494883572142756,0.24665998513972187
PRDM4,-0.010938651123771315,0.2018126043144086,0.37002347006725717
PRDM5,,0.11370739346531543,-0.24122512686241285
PRDM8,,1.108682487765594,1.1610036652493818
PRDX1,-1.292888546028923,-1.4308806119041588,-0.014696635881609604
PRDX2,-1.1636725704537163,-0.96416757131437,-1.7896404844402005
PRDX3,-0.025448996111960477,-1.019843170561265,0.13018238755988096
PRDX4,1.2631849012805851,1.73564392488764,-0.5279059104932877
PRDX5,-0.6719622687922471,-1.078874291799533,1.1895704305645614
PRDX6,-0.01047805911329413,-1.260466632197407,-0.4088471523137741
PRDX6-AS1,,-1.0277516263165305,-0.21068524064566688
PREB,0.5011566085953603,1.1703874279269662,-1.0017876119017672
PRELID1,0.1380310305579468,0.5707264534721737,-1.2022818162510183
PRELID2,,-0.4730820816539344,-0.97446518709348
PRELID3B,0.3261286048672178,0.34628605412611224,-0.17306833419494902
PREP,0.4876252005555883,0.7386433707305159,-1.3897258346043468
PREPL,1.126847238885401,0.9820959231398764,1.27617357619746
PREX1,,,1.0033447992336044
PRICKLE1,-1.4581964453875793,-2.149260729823481,-1.7202453471064052
PRICKLE2,1.2657459760702219,0.22650639330877348,1.3212737532354346
PRICKLE2-AS1,,-0.1821831451566578,
PRICKLE3,-1.0720598394283039,-1.5978638252318695,-1.3464981636731626
PRIM1,-1.67522203764254,-1.7259789495146844,-1.1721658229645073
PRIM2,-0.6278727918140404,-0.7433833780170395,-0.6421964458405985
PRIMPOL,-0.8150099661238989,0.4038738270809818,0.5072258032205632
PRKAA1,1.4696268700543786,1.7665121898330476,0.6995389606504155
PRKAA2,1.460868812425526,1.7656555334506674,0.009985982151543981
PRKAB1,-0.12664786787500792,0.11497635999678267,-0.3754765632909028
PRKAB2,-0.22916408319962328,-0.2485518870075079,0.2356036659701569
PRKACA,0.7084911103376005,0.4990258510133,0.2813884088458842
PRKACB,0.32880124023506696,0.812363920676516,0.1732595919365462
PRKAG1,-0.4744401946627879,-0.11080758262673705,-1.8233516361264654
PRKAG2,1.3062835994781279,1.1858892374887926,-0.29454648401594646
PRKAG2-AS1,-0.6754296266403675,-1.2080081810337364,-1.6348782917896774
PRKAR1A,-0.09351579912900754,-0.8536415383667703,1.1744158424359383
PRKAR1B,-0.5351320242145456,-1.1364127145907288,-0.8316751992794851
PRKAR2A,0.6879217373606277,1.1650455022212594,1.1643370872617465
PRKAR2B,2.734520049249054,0.8234360055725977,0.9603260157897073
PRKCA,-0.4995906482604089,-0.8945450816449771,-1.3276145600589624
PRKCB,,0.14312616040935014,-0.18513024551662255
PRKCD,0.8095651056942742,0.008104577324565269,0.09964599621048192
PRKCE,-0.025909713595668193,-0.8183908040637358,1.0392098386271762
PRKCH,-1.0026469473630057,-0.8528639919969399,-0.48188766566319075
PRKCH-AS1,-0.9352577385127162,-0.6415035516932768,0.35413044005357536
PRKCI,1.0639133879839768,0.837164054713933,0.06825797569152252
PRKCSH,-0.10740277466573957,0.06452044661359939,-0.6978554641209657
PRKCZ,0.23129229075811997,0.0968648281628233,0.5620043597383602
PRKD1,,-0.3550960935443587,0.34171997847509716
PRKD2,-0.17089200703793828,0.05658149659318535,0.7282243739454225
PRKD3,0.053566356718006324,-0.7107748966448623,-1.4169611463061378
PRKDC,-0.6346180732051752,-1.0490579268980207,-0.21376848687547256
PRKG2,,-0.4132711549840873,
PRKN,,0.7668560252131982,
PRKRA,-0.5163585039019668,-0.94485396080335,-0.7841493254297579
PRKRIP1,0.18656952509343694,0.38945551041797294,-0.1427339529671923
PRKX,-0.9217910540592532,-1.7413575596406943,-0.17459857400619103
PRMT1,-1.782927715796591,-2.058760660019565,-1.2955537139059259
PRMT2,-0.37560340459942454,-0.4140559040347396,0.2538529818858072
PRMT3,-0.8243544792106051,-0.858578039474546,-0.48973206074432984
PRMT5,-1.5306283257069317,-1.3530769800438045,0.6035369634336644
PRMT6,-0.9909148767118376,-0.9610190157575326,-0.33274534415425994
PRMT7,0.5163585039019667,0.8817207017095589,0.7213641328434583
PRMT8,,,1.32625132371541
PRMT9,0.003339106800471556,-0.009905648059795519,-0.26105913698349464
PRNCR1,,0.23760733766155046,0.5035864527507186
PRNP,-2.458183740894816,-2.7871823051298446,-2.653442747840206
PROC,,1.0403549463575938,0.8200162297751461
PROCA1,,-0.34705106861552815,1.782213809884636
PROCR,-2.2832411225260953,-2.3605115802625676,-2.1751997176724167
PRODH,,-0.5100714057632316,-0.34152024552551274
PROM1,2.332772615116836,1.313223550797583,1.379407682180148
PROM2,0.558127966099383,0.257664057399439,-1.9058113617908958
PRORP,,0.7848638316081967,0.6060253868969266
PROS1,,-0.7189133980075898,1.2187463787479431
PROSER1,1.166850978122382,1.0762994353412583,0.13037240486959278
PROSER2,-0.5282356579026134,-0.4234929750035428,-0.5224990461559361
PROSER3,-0.4855514089897326,-0.8572769352796547,1.5492697133460895
PRP4K,-0.15152825210362178,-0.08294087977724826,0.2414191053479527
PRPF18,-0.13152427087145868,0.3639337814397294,-0.2238032475469366
PRPF19,-1.259104330639262,-1.0335717774533726,-1.3563590149081224
PRPF3,-0.6323664514652477,-1.1374438605937751,-0.30538603214553695
PRPF31,-1.1444006703773195,-1.4033531113194737,-0.8118684711024089
PRPF38A,-1.0245869864072905,-1.3805768333312665,-0.8247722536495474
PRPF38B,-0.962713503304031,-1.2798339672162942,-1.1838555847483825
PRPF39,-0.45417701657813775,-0.06560333468207669,-0.5560568697213377
PRPF4,-0.9406204410450342,-0.8598805987585157,-1.748214225277854
PRPF40A,-0.6996394431550559,-0.6245592341426407,-0.30894126577551456
PRPF40B,-0.8544888667965626,-0.8381872191133011,0.8566984767470438
PRPF6,-0.625910800866788,-0.9200959271082646,0.1516858013448805
PRPF8,0.41243805671218076,-0.30280985172591557,0.5102279658961578
PRPS1,0.2824691077321918,0.6930334701725338,1.2795838822869658
PRPS2,-0.9608849599977125,-0.3643186692868527,-0.7607893066885152
PRPSAP1,-1.5449009060976322,-0.9853098275558536,0.19011593916564282
PRPSAP2,-0.3164293806625423,-0.5686081803070039,0.04033101901364778
PRR11,,-0.9451354286818341,-0.15855072888533317
PRR12,-0.37436812422597776,0.07047730156462878,-0.08318536539598823
PRR13,1.1960040128482812,1.1851618979181848,0.8811583651594798
PRR14,-0.029595659680843118,-0.003602002723056438,-0.4944105910846224
PRR14L,0.8482024766824015,0.7400636263540943,0.5951940451760241
PRR15,0.44398837652022327,1.5311332794639272,0.7653267999019483
PRR15-DT,,1.4404711123311227,0.8466795104786973
PRR15L,2.3617241847802113,1.8406671211692687,1.1554764529968007
PRR18,,,1.8243457392947824
PRR19,,-0.27520532022508487,
PRR22,,0.06415950079942112,
PRR29,,1.1429638521194692,1.87324706852033
PRR29-AS1,,,1.1834759682975258
PRR3,-0.19853376607153533,-0.8698281789284988,0.27629550715558004
PRR36,,1.7795204439028964,
PRR4,1.086905560927704,1.0990770838558794,0.22573556430334735
PRR5,-0.7820665379460067,-0.28851064341607546,-1.1459786920220283
PRR5L,1.2734794621618306,0.5563719606025758,-0.555177435593703
PRR7,-0.22609183436551444,-0.3026213081394154,1.2469459461714383
PRRC1,1.486098380572178,2.1402789308726318,-0.23812269993831525
PRRC2A,0.29423201873594396,-0.44307782911748117,0.3000603947519054
PRRC2C,-0.2947129923129408,-0.22133557250649705,-0.736106866302571
PRRG1,,0.1830987891663324,
PRRG2,0.2707451528112806,1.098747669943992,-0.4271468111099822
PRRG3,,0.39334425084370434,
PRRG4,-1.8178576144691208,-1.764800170856087,-0.4814644921976128
PRRT1,,-0.851569225882005,1.1269313737412343
PRRT2,,1.3235309853923047,1.1934020147265283
PRRT3,0.26501645640891225,0.6766392629090052,1.5826568455217396
PRRT3-AS1,,0.3641262186206449,
PRRX1,,0.02395555733866215,
PRRX2,0.6228325290525897,0.8458891249477506,0.03561732656845093
PRSS12,0.15618874966285284,-0.8520869609086129,1.710400589993713
PRSS16,1.2672866144001431,1.4883539818770781,-0.9576403658203297
PRSS21,-0.5762495968889887,-0.5074066488404626,-1.1968654830527696
PRSS22,0.9576016524533013,0.8873134091079538,-0.168097833278633
PRSS23,-0.4282861362282227,0.5783735802940497,-1.0460234398127264
PRSS27,,-0.0142283600547063,
PRSS36,-0.6351814812697859,0.7306231948234776,-1.6725917255392935
PRSS8,1.8059683151219665,1.8328831815012254,-1.2851575853957715
PRTFDC1,-1.4923804056829466,-1.7421784492809922,-2.2150174105568827
PRUNE1,0.6946477691772114,0.24706616351895858,-0.029773435164653465
PRUNE2,,,2.149820034832702
PRX,,-0.23853372049877727,
PRXL2A,-2.7156486589150983,-2.805140939675861,-1.8466868157824714
PRXL2B,1.6266446706983186,1.4374282375917897,1.004280280543053
PRXL2C,-0.7690013440688718,-0.7550676985050688,0.9741623264676836
PSAP,-0.15805389331685005,0.41346731836930084,0.02883097247752709
PSAT1,-2.066630886846788,-1.6195395421289471,-1.5709009735756734
PSCA,1.4528827325251767,1.9685804160640719,0.8906427335813979
PSD,,,1.268133021183329
PSD3,-0.04803242672640786,0.6590816035039058,0.8632434880860875
PSD4,-0.14687104346936838,0.6619936616720189,-0.7135651860923448
PSEN1,0.7245658432190143,0.7308584102745244,-0.32101894871402736
PSEN2,0.7609788015444173,1.028974024892964,0.8391537399353282
PSENEN,0.2547741194689521,0.7457596530168854,1.587288210080866
PSIP1,-1.4561989830781545,-1.9007419257191633,0.3431184914041157
PSKH1,1.3908769390712716,0.6743767043160251,0.6162447272329709
PSMA1,-0.7542285634964899,-0.9908852212658046,-0.7159976756734299
PSMA2,-1.3629493177902625,-0.9336559565017373,-0.6870797544747655
PSMA3,-0.2631088313166508,0.09813153276873947,-0.384387152464468
PSMA3-AS1,-0.365737014975429,-0.7233514294927149,0.06372623577792538
PSMA4,-1.4043303962000664,-1.0727706154037653,-0.4143840004457929
PSMA5,-0.15082946372364014,0.7310936661682224,0.4197278117546073
PSMA6,0.6242310101743068,0.11588287790962952,0.0907504030029504
PSMA7,-1.1426294646540809,-0.7702437127384599,-0.8171188824541616
PSMB1,-0.8449072807127926,-0.5762460026352264,-0.40557197273663986
PSMB10,1.0308348296599106,1.2046526954521164,0.21492522675677794
PSMB2,-0.6022747397400394,-0.01620968703530668,-0.40782318915728283
PSMB3,-0.34537606676064597,0.14494593744662385,-0.1258132723833823
PSMB4,-1.1936531126928274,-0.8219202489767539,-0.24471813618389884
PSMB5,-0.9696915260483646,0.10627848359127091,0.31012720972069574
PSMB6,-0.14384557154280295,0.3847967775630943,-0.6008265746758018
PSMB7,-1.2097715667348512,-0.9018238416812162,-0.3531275975393922
PSMB8,0.190085571467519,0.8843804457228528,-0.19049964829308913
PSMB8-AS1,-0.19102357905411232,-0.5226241809033041,0.5739595272901661
PSMB9,0.12363065810551588,0.48135675149797813,0.33314364287349907
PSMC1,-0.8644841152152665,-0.04143479485691128,-0.28178047130249934
PSMC2,-0.580877642697308,0.43970287403883723,-0.4395645019239133
PSMC3,-0.7708597310233071,-0.05477770497515867,-0.7108943146042054
PSMC3IP,,-0.605627437413859,0.9207407245325172
PSMC4,-0.33902767243436177,0.42684429225428255,-0.18302230527781962
PSMC5,-1.2102504090793111,-1.1516592358975335,-1.0421240293992637
PSMC6,-1.0935811436126053,-0.8948138195317674,-0.34112082048679204
PSMD1,-0.8318171311139302,-0.11987269848246583,0.07184659295779304
PSMD10,0.06510084589530149,0.7690328113501077,1.1984094203530558
PSMD11,-0.8688422970036426,-0.5251032397624444,-1.0581480008219666
PSMD12,-0.995062192123127,-0.4385129101584033,-0.6130585249685508
PSMD13,-0.35124849756441545,0.15004388751158967,-0.6968943536726592
PSMD14,-1.0724690310774077,0.11950990961386228,-0.48994448805008134
PSMD14-DT,,,1.1315653896372808
PSMD2,-1.0906545954142024,-0.4038738270809817,-0.15893232993617573
PSMD3,-0.544990254186772,0.038010197269155915,-0.6615366950283518
PSMD4,-1.056239124326944,-0.5948449485704455,0.1334133268613084
PSMD5,0.0708712441256316,-0.18786263154403088,-1.4052333700999053
PSMD6,-0.9619817000106811,-0.7142570313128785,-0.2669119165031389
PSMD6-AS1,,0.6864080769237699,
PSMD6-AS2,,0.5362993374203971,
PSMD7,-0.7362926876960919,0.3832457256493755,-0.6676459939583382
PSMD8,-1.058655840990309,-0.12096115995175795,-0.5479383787008777
PSMD9,-0.7168030391719629,-0.4793355199642953,-0.3243931449939738
PSME1,0.41896575816381126,0.09976038465919737,-0.774195153537871
PSME2,0.5816956469261693,0.9300417362579342,-0.16790674386432217
PSME3,0.1994733185910738,0.4552299529023533,0.10911807407858065
PSME3IP1,0.6858808600363779,0.3675924026166212,0.47934991567144775
PSME4,0.6806459500712655,0.8469198373474018,0.360356064657558
PSMF1,-0.1753334380402476,-0.5475630700443634,-0.661302215820145
PSMG1,-1.417413848970265,-1.3485920767635555,-1.5886177303504638
PSMG2,-0.5514131586670997,-0.9812211628598714,-0.9184401965031559
PSMG3,0.06163965945803458,0.786335060916577,0.3599539922949181
PSMG3-AS1,,1.382447580271105,1.6075331547951608
PSMG4,0.6899654840348411,0.49984193913016295,-0.18148976900263541
PSPC1,-0.3917151179832697,-0.7584250271981235,0.35613719516500625
PSPH,-0.9958180896611861,-0.861184618604763,0.9805412833136994
PSPN,,-0.1003033938990169,0.6237799655832355
PSRC1,,-1.1453898330829135,
PSTK,-0.6219940248713814,-0.5123290317848707,-0.6718901398442305
PSTPIP2,-0.2540605466320303,-1.1920971248524284,-1.261007698844584
PTAFR,-1.2489935520025186,-0.18328193636642903,-0.12030779869832522
PTAR1,1.2011993973935273,0.9048029930149333,-0.1060859845642487
PTBP1,-0.43865780071213606,-0.612782569244238,-0.22322371576181113
PTBP2,0.8118041919455308,0.32950602159053255,-0.08866951821602141
PTBP3,0.7284636511800004,1.05689614426596,0.8407623943617649
PTCD1,-0.9029367108835584,-1.113021735272179,0.21936207589717818
PTCD2,0.04664918065435891,-0.9258865195655601,0.004333480965099334
PTCD3,-0.7338789653980266,-1.2632615872881843,-0.3994426849421189
PTCH1,0.03120838458808061,-0.6106110494769048,0.6823161139232595
PTCH2,,0.1706588452843101,0.7267514453915932
PTDSS1,-1.6172064889307791,-1.53991540889444,-2.155554602983072
PTDSS2,-0.3101408675916422,-0.08872534847585964,-0.2387042295318236
PTEN,-0.8399816139120017,-0.9124227859113039,-0.5503481899063594
PTER,1.026535133060521,1.0543808660876368,-0.09321013791255678
PTGER2,,,1.7169452491054666
PTGER4,-0.7977966316626222,0.19097975153301175,0.1396891589765762
PTGES,1.465570718515443,0.853900835196502,-0.9579384301504363
PTGES2,0.004720814928350368,-0.042336083880440904,-1.4935332595954343
PTGES3,-1.0610787566260413,-1.2338129931652295,0.9540702067542706
PTGFR,1.889711845728121,1.1224397106747805,0.25482600837787694
PTGFRN,-1.4117770506318466,-0.8196501478377067,-0.9681237665476644
PTGR1,-1.2464857223317256,-1.0550090599123734,-0.13189271341046807
PTGR2,-0.8554845424444527,-0.9693404744609155,0.7462736846175404
PTGR3,-0.5308851163079596,-0.2643723301341902,-1.239600295821191
PTGS2,0.5877063029478939,0.3857666550797546,-0.4027097562337156
PTHLH,,-0.5597390799850015,-0.81948892779601
PTK2,0.8412931287259567,0.2949001923284349,0.3182429422258863
PTK2B,-0.3000082308288761,-0.5458900136231634,0.30341257184613224
PTK6,-0.4790841961601197,0.8769488122134822,-1.1149245811292277
PTK7,-1.586472954798912,-2.014359196718662,-1.3047665892281861
PTMA,-1.4061847558142455,-1.501011863366595,-1.158051416208155
PTMS,-0.4549430553915625,-0.8703541190311098,-1.5747954454295456
PTN,-0.973753098800079,-1.3490393469031352,-1.068760970430123
PTOV1,0.22136945065767386,0.8700911188949905,0.6240088577923304
PTOV1-AS1,,1.1935644961414194,0.8662556711225624
PTP4A1,0.7150177574652015,0.13348910336144282,-0.04636586752469966
PTP4A2,1.856446189601186,1.8525563815385173,-0.16580516332872214
PTP4A3,1.2750353261606238,0.0338652243417419,-0.7500125541901301
PTPA,0.826944959241435,1.3243963040842992,0.2714052369875633
PTPDC1,,0.24001635928992443,0.670945952552997
PTPMT1,0.19618564942597427,0.47610561377095384,0.5207720781843334
PTPN1,-0.421732845162086,-0.6832203809667283,-0.6187525664575179
PTPN11,0.6908422579585665,0.7287429239259188,0.027134603609482104
PTPN12,-0.9168716107595533,-1.1343540393450608,-1.4037178451915058
PTPN13,0.020151108673835395,-0.8932023600318703,-0.9493288250778252
PTPN14,-1.4167853127148966,-1.9968643618928885,-1.0203201105082278
PTPN18,1.4237302444446787,1.8616483029703605,0.6021812160860408
PTPN2,0.5415205623961283,-1.052812198961401,-1.232723627407213
PTPN20,,1.4878090263921968,1.0231780014515335
PTPN21,,0.2204128380479561,1.453910445337046
PTPN23,0.7242664680590326,0.7240534732702766,-0.008478624760701905
PTPN23-DT,0.13896103846633553,-0.27258755028051906,-0.6671751650873277
PTPN3,0.5285004366379701,0.2729614026513988,0.00037682326126773486
PTPN4,-0.030977990443842644,-0.5561617253303931,0.31863936396437514
PTPN6,-0.43308672225786937,-0.1889625815611469,0.4372829020167492
PTPN9,-0.057948539980118695,-0.30696054827722713,-0.4232283244290431
PTPRA,0.10392919319149226,0.30450722938686525,0.12296514801011368
PTPRC,,0.48034589043183235,0.4350035762066412
PTPRD,,-0.9510636517783623,
PTPRD-AS1,,-0.06361809773576439,
PTPRE,-1.3127972907631282,-2.3350073305247463,-1.9368303439414924
PTPRF,0.18985109573332998,-0.7289778168026659,0.8723037472348061
PTPRG,-0.9377569768867847,-1.6851105909135984,-1.7952759715184679
PTPRH,,1.9107047438276406,
PTPRJ,2.2167209228034115,2.6155140314710112,0.768866882705854
PTPRK,0.9759752870649456,0.39587512194393465,-0.7043599205845755
PTPRM,-0.29230880369118045,-0.08836373420282367,1.0171544185004069
PTPRN2,0.16411944395119787,1.6399274070502932,1.7378859717092354
PTPRS,-1.078216681113994,-1.5375618986503583,-1.772159950518454
PTPRT,-0.950703899117544,-0.5884085755673589,1.6313038677558835
PTPRU,-0.5827869251482762,-0.7579448859898167,0.12885239760387948
PTPRZ1,-1.5358502858469358,-1.4954789818746586,-1.4810061643484858
PTRH1,-0.027291899436580596,0.04053353949052317,0.9863472965904184
PTRH2,0.4899607259387146,0.6140868687995713,-0.479561276742057
PTRHD1,0.004260244681255307,-0.7697592167467951,0.03222396401472633
PTS,0.613632851743848,1.5224676769656063,0.10892853938023629
PTTG1,-2.4050774194534834,-2.2931005157412883,-1.6764195444394672
PTTG1IP,1.8994119362289372,2.0268422725396826,0.5750706217435959
PUDP,0.33975947768337894,0.33102758029714807,1.0158909921507164
PUF60,-0.9427731106280219,-1.030810511088117,-0.7287157012694625
PUM1,0.6450740623353246,0.598934083920039,0.38540163999443117
PUM2,0.24123795749698093,-0.4612310465627802,0.7228313182354447
PUM3,-1.026535133060521,-0.8088618315311987,-1.3803840432932781
PURA,0.15339205053071214,0.3323595730030115,0.21704666485574364
PURB,-0.4876252005555883,-0.8389551686052633,-0.336730719220985
PUS1,-0.44424252721737356,-0.6992294009166717,-0.6598961031411273
PUS10,1.1727852174120945,0.3652811252130749,0.7565182330669442
PUS3,-0.007714550309941259,-0.5236567309125506,-1.4468982050054324
PUS7,-0.8608092079931331,-0.9289321103871119,-1.1394634086317603
PUS7L,-0.6920121166992816,0.15642182927595408,-0.9738595551701441
PUSL1,-0.6459249288192929,0.4156261680002119,-0.24763125805866842
PVR,-0.3096576466033899,-0.5084311279629702,-0.9971305571341632
PVT1,-0.35418924890163306,-0.9096953688397683,-0.806901227682929
PWP1,-1.4288245679492362,-1.4780744831927857,-0.5728491409561575
PWP2,,0.7979192128570789,
PWWP2A,0.41419377511105004,0.12676874085462672,0.3010459775391628
PWWP2B,0.9912912008096294,1.450195965334176,1.1918672811308064
PWWP3A,-0.5624386681934218,-0.5143836872258003,0.3521251100375721
PXDC1,-0.9175730285440852,-0.6021694343751938,0.05862958759806139
PXDN,,0.23927497414702933,-0.5158156615660933
PXK,-0.002187688342097361,-1.0125992534216175,-0.03599439145539274
PXMP2,-0.0498768982531669,-0.32893563388016644,-1.5411873447305673
PXMP4,1.264208336228003,0.9159786086511545,0.2776659626693476
PXN,-0.39022367973499644,-0.3217199083505768,1.0190526081899545
PXN-AS1,-0.19313471210391836,-0.230203540066412,-0.6747263043273956
PXYLP1,1.1421872229709655,0.47792182264800337,-0.453929270295808
PYCARD,-2.1289696030254452,-2.2735707270130736,-0.8808806136838274
PYCARD-AS1,,-0.5127397896038436,0.12467390145622441
PYCR1,1.641522397919624,2.0324932093953265,-0.6761464230092901
PYCR2,-1.8603305847522593,-1.5311332794639265,0.5532002762779749
PYCR3,0.22821854681172943,0.865367361356959,1.0222244434508574
PYGB,-0.020381438769979728,0.37569745420824935,-0.42425887279915725
PYGL,-1.3221214904787968,-0.09523643601511134,-0.36982171580484147
PYGO1,,-0.8669397974576921,0.20664151246655033
PYGO2,-0.47160722903810204,-0.8151225666775356,-0.6906627388256699
PYGO2-AS1,,0.9278236271048425,0.819752550294322
PYM1,0.7025838780001076,1.1707447449205963,-0.4137681704932635
PYROXD1,1.1264128432417695,1.2826987348094068,0.9393235671282529
PYROXD2,1.1277166686825455,0.7395900420682159,0.0388225449462347
PYURF,-1.0015055611082422,-1.3261299228452559,-0.8842181310967792
PZP,,,1.7667506666781627
QARS1,-0.1802464190089492,-0.4154298290298941,-1.6896213384564231
QDPR,-0.44780366071214023,-0.7128631403731348,-1.7877745574961132
QKI,-0.5071709011222421,-1.0378828139238485,-0.28727392595567364
QNG1,0.5095293107440778,-0.32798522535496594,0.7201426635608484
QPCT,,0.5703025942222758,
QPCTL,,0.5513330675063243,
QRICH1,0.8525000522644481,0.472880666839013,0.21241931831925637
QRSL1,-0.6870467252673551,-0.89132525052962,0.21473241684642289
QSER1,-0.8047806732390005,-0.8011422682289946,-1.3123065685329531
QSOX1,3.7403843272708492,3.2511009128697657,0.9579384301504363
QSOX2,,0.08637506095067893,1.1830965223192145
QTRT1,-1.1417452045614414,-1.7991617221723044,-0.8418360403834844
QTRT2,-0.32540010923204066,-0.6217162465968987,-0.43852712809630534
R3HCC1,-0.2793549511597395,-0.2229969701125586,-0.048252093703292184
R3HCC1L,0.14128658596311375,0.01963213342284714,0.27923283652787356
R3HDM1,0.013702255340029747,-0.5783735802940497,-1.826339371708092
R3HDM2,0.09999398060979339,-0.43653101502309755,-0.30439915380875443
R3HDM4,0.967115196990148,0.9768585754086342,-0.24996326837609917
R3HDML-AS1,,,0.8800477666765579
RAB10,-1.1169093813115962,-1.1961385980697221,-1.3573050435044158
RAB11A,1.2580874580720642,1.7048035582587384,0.6260703616272077
RAB11B,0.7176965371321248,0.39840853129383497,0.14311464469504484
RAB11B-AS1,0.8114840734524823,1.0080986644996475,0.461880291924171
RAB11FIP1,1.66500476468835,1.439455339485339,0.9027536706863319
RAB11FIP2,-0.04849352904353473,-0.7819264565906584,0.14349535716508824
RAB11FIP3,,0.36566620229657354,0.4399795838784333
RAB11FIP4,1.404330396200067,1.4194443609298144,1.9607362201036904
RAB11FIP5,0.9095337656064485,0.3063942342981758,-0.3295608480219787
RAB12,,0.2813832822919305,0.18800603764938792
RAB13,-0.7974801005304772,-0.5536408149215719,-1.2291065221671937
RAB14,-0.1952467062845753,-0.04305713982612249,-0.6563865129569592
RAB15,1.283385894528689,0.7596261459614453,-0.5097988044913844
RAB17,1.6206218662271454,1.2749472294453756,0.7082285047194309
RAB17-DT,,,1.5205116167127013
RAB18,-0.14919924327711082,0.18090149992546742,-0.5507866805642154
RAB1A,0.9277948227637027,1.3777797390700264,-0.4888825723499612
RAB1B,0.8806587930368046,1.2798339672162942,0.20490952379355212
RAB20,0.8738915659007194,0.8272337023435167,0.850730958978461
RAB21,0.21547339260190976,0.2666110524978089,-0.7676014633126275
RAB22A,0.1992384139849321,0.4371254031917286,-0.14463761960295102
RAB23,0.08958454874833834,-0.16992792445666874,0.5859972987072903
RAB24,0.5014177214038875,0.24187040041894803,-0.18781427005657542
RAB25,0.4531560458235339,1.1419262025127455,-1.513367206495159
RAB26,,0.2567332760733652,0.22515578109907458
RAB27A,1.8708284980429213,2.0089104615533535,0.34331833369524317
RAB27B,2.009681965505258,2.278372195366636,-0.6141957383476767
RAB28,-0.7230696158567045,-1.0216625277027571,1.112472477972771
RAB29,0.6604621804018558,0.29602900319564396,-0.7767401621554476
RAB2A,1.4443344339576978,2.167762655793227,-0.8878449256000265
RAB2B,0.9800618665558699,0.5346364423175104,0.09188559614119539
RAB30,-1.7384510198794618,-1.6128908942587912,-2.3526332365768527
RAB30-DT,0.7011109007749599,0.38092087399391733,0.5611219998088883
RAB31,-1.439125963969554,-1.6017491417310656,0.2299896405594687
RAB32,-0.24147504626039876,-0.6342194211948106,-1.2986124320574004
RAB33B,0.6533188262246474,-0.2795100490193009,-0.34072144986319824
RAB33B-AS1,-0.22089748543021562,-0.9607332557511119,-0.07486930237273348
RAB34,-1.9462002956938818,-2.4816765467499633,-1.792451112252547
RAB35,0.3721460568327579,0.5593178436334812,-0.18168131265380572
RAB35-AS1,,-0.3976287490959753,0.0026377658252904152
RAB36,,0.6978502141748185,2.0601243913873475
RAB37,2.0685832721079556,2.899618659958507,1.0055289578025275
RAB38,-2.1855705769251226,-2.169654218198507,-3.5082929214453227
RAB3A,,-0.0367486179145034,
RAB3B,,-0.6595292482110339,0.5492524258065989
RAB3D,1.6189118170445078,1.5190332318879476,-1.7153021879474815
RAB3GAP1,0.5702786103959102,0.9392402365660776,0.41028142153251834
RAB3GAP2,1.0339738907353249,1.2208089717669655,0.18072366090748435
RAB3IP,1.3149809441984979,0.6175701229969235,0.8819920277718013
RAB40B,-0.7530049402507445,-0.7589053433140887,-0.40495836166112414
RAB40C,-0.1606193652707185,0.17943712616240623,-0.12182617878715357
RAB44,,,1.47706861328742
RAB4A,-1.2755546339515789,-1.1415805924149838,-0.6535846523902145
RAB4B,1.1203534805296143,1.4229052798648611,0.7706405412409567
RAB5A,0.3404914649320983,0.20917032762883442,-1.1423531038988188
RAB5B,1.669627379902633,1.4072206259736235,0.29612096617744554
RAB5C,-0.01807818444840697,0.610611049476905,-0.9651176870906636
RAB5IF,0.5827869251482762,1.2880471266889872,-1.0764640209213792
RAB6A,1.1903728933317062,1.5093983634118906,-0.06561429635755288
RAB6B,,,1.8293434997499243
RAB7A,-0.20252808525160218,-0.3384562390725471,-0.7147809022124367
RAB7B,-1.8500337756176968,-2.980905339895011,-2.1221586965120753
RAB8A,-0.7302663755011798,-0.14221644997702057,-1.9698332329299268
RAB8B,0.5514131586670997,0.39957865915805163,-0.6894674275365548
RAB9A,1.5433836741427425,1.225374977368364,-0.18992409510167063
RABAC1,1.9008123471389324,2.433716963061264,0.16695138860957848
RABEP1,0.3426885235097044,-0.5162347353653928,-0.38013060746041094
RABEP2,-0.25310931730857267,1.4028711457595704,-0.6500895241064476
RABEPK,-1.5239751105038852,-1.2802425766745786,-0.5162461498913014
RABGAP1,0.4272767467055084,-0.10863333714190548,-0.6773308976589066
RABGAP1L,1.622336667719597,1.3975908971575908,1.4889508923663086
RABGEF1,0.09606031592160306,-0.10664073006821576,-0.16828892883126104
RABGEF1P1,,0.000900498855223816,0.38033314337185725
RABGGTA,-1.4301039586991375,-0.860662835047328,-1.3349271817850483
RABGGTB,0.1861008940776579,0.1933646826281503,-0.7427934612894335
RABIF,0.4703207689240745,0.4128788759077838,-0.07827066971347454
RABL2A,-0.6053143590630478,-0.5257235084510512,2.6409172958252114
RABL2B,-0.26001097810147256,0.01675005965588979,2.790567334922005
RABL3,0.5570519122536188,0.771940874709501,0.4294184061285562
RABL6,0.2721787089635555,0.6782251167424166,0.6477638453473121
RAC1,-0.24645706893186797,0.33121782896029,-0.18570528071052286
RAC2,-1.3519555763915743,-1.5416861553802086,-1.233126524504749
RAC3,-1.671486456608457,-1.4721938786447422,-2.0446441051054274
RACGAP1,-1.0076081236474976,-1.0289740248929642,-1.1107250629134202
RACK1,-0.8604757019997449,-1.5470276077020402,-1.8487641080041033
RAD1,0.7914811047536698,0.3285554348630483,-0.831142798411852
RAD17,-0.23792013179351099,-0.15423440259167945,0.16446817566315164
RAD18,-0.21217488217226496,-0.5076115020307997,-0.8861695720540759
RAD21,-0.9796896832893591,-1.6461787045914433,-0.8781068266164508
RAD23A,-0.9645452711909055,-0.8827838498787537,-0.548814304829983
RAD23B,0.6952341249730289,0.9420433877491114,-0.13493424886192582
RAD50,-0.753922551871152,-0.6366437085872473,0.020161409793962835
RAD51,,-0.5182935324675387,
RAD51AP1,-1.1395384507339714,-1.1527085447366598,-0.56288715743859
RAD51B,1.4615385367593114,0.5106868636835876,0.7993577827597795
RAD51C,-1.3332404258739898,-1.3205101463546958,-0.9095711727287311
RAD51D,-0.1259514873583074,-0.7275690620273472,-0.2990751033492436
RAD52,,-0.09541735592665121,0.3317498281014884
RAD54B,,-0.33369215564418386,0.4641873413332902
RAD54L,,-0.4013348779140364,
RAD54L2,-0.4713498746358432,-0.9250573934198544,-0.38682258947226145
RAD9A,-0.6538890645365614,-0.5435920522031379,1.04797912201733
RADX,,,1.4252359911895471
RAE1,-1.3890617812635535,-1.172175509984962,-0.4445505113453293
RAET1E,,-0.200893664771595,0.9860408883093782
RAET1G,,-1.5105246145368407,-0.8537109176423345
RAET1L,,-0.24539537605703876,
RAF1,0.15199415211261671,0.0686719395950575,0.28550723501759756
RAI1,0.6320852242677939,0.1569688025037932,-0.32280483019471623
RAI14,2.0804663993759727,1.138476217418344,-0.6832676007213158
RAI2,,1.1160381487880935,0.6763832420086108
RALA,-0.6164151168509783,0.1291292813761061,-1.1861368750515362
RALB,-1.1537589955355836,-0.48257043449475023,1.1510799674150196
RALBP1,0.04503550618756537,0.9736711241343665,-0.6449776466296226
RALGAPA1,0.6490487842757164,-0.02900012359196442,0.5653171175511068
RALGAPA2,1.312797290763129,0.9667507892338844,0.927671741104842
RALGAPB,1.3594598444102746,1.2272850400282356,0.9918785684038305
RALGDS,-0.18797566444369948,-0.08764054027224806,0.5704087724299378
RALGPS1,1.000745361232951,0.7707283896018451,1.1732900902147179
RALGPS2,-1.0626975003743842,0.23149828259219435,0.9869603911340408
RALY,0.6033794106519094,-0.5164405164934995,-0.8629700416614001
RAMAC,-0.25834393814430595,0.19758688080635103,-0.5882358120201789
RAMP1,1.9859650286894182,2.104327295941861,1.4006964300201705
RAMP2,0.007944840168891862,-1.0964451029512328,-0.6674105610289007
RAMP2-AS1,,-0.29922935538837514,
RAN,-1.532116053949307,-2.0602622867639746,-0.9055891810093453
RANBP1,-1.7240228361723422,-1.8280740467028531,-0.6440500263245148
RANBP10,0.5092671254739033,0.6921178187613979,1.283867804357001
RANBP17,0.8820170815983783,0.32380693232370517,-0.6911411396858519
RANBP2,1.4561989830781545,1.3759209815652749,0.6674105610289008
RANBP3,-0.9116252830957902,-0.8425454967904505,-0.597895291877458
RANBP6,0.14500905726324628,-0.19501643247602912,-0.17192092042743592
RANBP9,0.9943068627175643,1.156215442211991,0.49164470369351554
RANGAP1,-0.5171480335576293,-0.23538484894395992,-0.2684741948169896
RANGRF,-0.723368731751397,-0.9647410633747961,-0.7492639427173765
RAP1A,2.098861374392544,2.173460799580243,-0.9696300916257697
RAP1B,0.03558620205488492,0.37144890684395127,-0.419933581536181
RAP1GAP,2.5982254904705346,2.5993362695153053,0.7965083561665225
RAP1GAP2,,0.4969870823882175,0.3042018137427338
RAP1GDS1,-0.057717871746617855,-0.14640210446719862,-0.8659815116981043
RAP2A,0.2466944597782122,0.6809477001889834,-0.07430249308137153
RAP2B,-1.0542298961281242,-0.6300407670877323,-1.1177352190478225
RAP2C,-0.09259067125857645,-0.26735758976800306,-0.12562336592632264
RAP2C-AS1,,-0.010986305550813666,0.39923863484188465
RAPGEF1,0.7517824434071835,1.081133173146528,1.007404918889151
RAPGEF2,0.4338456198824991,0.955602923320283,0.8761691889782202
RAPGEF3,,1.8877448677323754,
RAPGEF5,-1.0241978235093026,-0.5864824194813398,-1.1412683513081836
RAPGEF6,0.7952666152465836,0.6980799863987527,0.03618292581463327
RAPGEFL1,-1.4689491652951294,-1.2200504417674072,-1.9858181675324675
RAPH1,0.5759777438560607,0.36008785587790443,-0.06957999312170765
RARA,-0.33342316047366155,-0.7736402630659306,0.22650872666493008
RARA-AS1,-1.0296602972203281,-0.12059832360227472,-1.4410198536486059
RARB,0.2095848157170922,-0.00054029926640061,-0.21396125695163284
RARG,-1.4750729718278492,-1.6653291574189797,-2.862038300576204
RARRES1,1.7908840912983892,1.267673703905082,0.38499579744173285
RARRES2,1.032403088573029,0.27015843574404613,0.6144232763248391
RARS1,-1.1160504242131655,0.04684305957686969,-0.5996985485555019
RARS2,-0.24218639405630443,0.2810085568494971,-0.8271572732420586
RASA1,0.6172507267288413,0.635541296764971,0.41602698300906105
RASA2,0.1454745064323868,-0.3610488358400346,-0.16695138860957834
RASA3,,-0.36316416738874546,1.6471902771053015
RASA4,,-0.277076310163114,1.0791583622416867
RASAL2,-1.4205649622048533,-0.9468258109796411,1.0522302442132374
RASAL3,,,1.5683178364830277
RASD1,0.4184629965285377,0.060730925754139096,-0.2741429811071663
RASEF,1.8577378752588523,1.845589302845211,0.8792155296535102
RASGEF1B,0.3647523471490915,0.5673384406027159,0.9170048317163426
RASGRP1,,-0.6537201177812836,
RASGRP3,,0.5995806515757854,0.6971345709057554
RASIP1,-1.2370266998954698,-0.3793721166854096,-1.1876611711952512
RASL11A,,0.04990834106781726,0.14197263150837777
RASSF1,-0.25762971243845684,0.6008745396079774,-0.9714405909787095
RASSF10,-2.4352168794634896,-2.444294357153809,-0.5653171175511068
RASSF3,1.2703769481960956,0.7200799253240249,-0.30203185284134804
RASSF4,2.640914466199753,1.5927206324350187,0.2178183386399961
RASSF5,-0.32880124023506696,-0.7704860285456331,-0.5662015669208049
RASSF6,-2.3769762156493672,-2.002182340184317,-1.3012438942967328
RASSF7,1.395739900642453,1.4999016103938914,0.4158215488540038
RASSF8,-0.9704288030418813,-0.886245994940167,-0.9965112494550208
RASSF8-AS1,-1.2179499446346669,-1.4823836096346064,0.008667043310795956
RASSF9,1.0102898265372369,-0.4959684727439327,-0.7721627517333474
RAVER1,,0.24205585016306008,0.18493858073083594
RAVER2,0.23815703207584532,0.6561751237093755,0.04353683542979906
RB1,0.4340986412710103,-0.4666462634324545,0.012812341108554535
RB1CC1,0.011168947993123339,0.23427404112138578,1.0801707623497674
RBAK,-0.1357065312044518,0.13512468653951218,0.5147398586040574
RBAK-RBAKDN,,0.43375923756407697,-0.07014660911438901
RBBP4,-0.14780222715399377,-0.7452840614418283,-0.6582572854723698
RBBP5,0.23389485775294588,-0.32285811076360466,-0.46733730710762955
RBBP6,-0.24100088229303435,-0.5715744797767315,-0.1311325212535766
RBBP7,-1.040678457062845,-0.8224252912128999,-2.151723703802296
RBBP8,-1.7219907237335974,-2.145647218130647,-2.204196566443269
RBBP8NL,,0.7603473434937472,
RBBP9,1.0798654221308355,0.23871902160804273,-0.6137407577566131
RBCK1,-0.03558620205488478,-0.16773570495447726,-0.9958923237441156
RBFA,-0.8511760472416231,-0.9311525084442986,-1.0707643375087494
RBFOX2,-1.2069043194294027,-1.3594019433676143,-2.0370841341838117
RBIS,-0.37510922377670675,-0.6566219131969103,-0.4675474694445242
RBKS,0.4483128569143661,0.22632161763815367,2.0194007826208376
RBL1,,-1.0663885750479511,-0.6816029040309249
RBL2,0.38203616063068485,-0.1935481842568008,0.7691201143278239
RBM10,0.37708649815664796,-0.09614106686567851,0.674016755119131
RBM11,,-0.07065785029911832,0.42694041190230836
RBM12,0.42198455840176957,0.0934274073526694,0.32598227857646306
RBM12B,0.11574474126736947,-0.28813515670559037,0.479561276742057
RBM14,-0.9210869119462292,-1.0024270646110909,0.58242176928891
RBM15,0.045496543885267166,-0.5012708951805573,0.10665442622173668
RBM15B,0.38005517914597015,0.1204169113841432,-0.20106285181921413
RBM17,-1.194122764844918,-1.9300579721707505,-0.9308633917514303
RBM18,0.561899260173675,0.7733973565839796,-0.8412990961502771
RBM19,-0.6430905204402504,-0.39198251798716216,-0.4920699795697238
RBM20,,,1.4231581351647216
RBM22,-1.3641161712122396,-1.7063460440407399,-1.6464591079642217
RBM23,-0.40592788262000923,-0.7637181770463829,0.6350345327766782
RBM24,,,1.5939640953616967
RBM25,-0.7770736886451615,-0.6282846238983855,-0.7177029417954236
RBM26,0.011399245454840456,-0.7303880197881697,-0.19933282298523516
RBM26-AS1,,-0.3401731856882575,0.5376774361755403
RBM27,0.17814032989430875,0.142944208870942,0.5580371713541179
RBM28,-0.47960083286537536,-0.7193798914573832,-0.542909925107598
RBM3,-0.7344819947027061,-0.724755874090333,-1.6951440067311396
RBM33,0.46133715857575064,-0.015309076441329358,-0.20067834914043536
RBM33-DT,,-0.09487460553768294,0.9270924558461031
RBM34,-0.15968634494825107,-1.0540669251547596,-0.7808226764053053
RBM38,-0.7502559004228065,-0.6219347593381186,1.241226878058226
RBM39,-0.5984141602674432,-0.7959399083374226,-0.686364216327684
RBM4,0.3726396904285046,-0.9584499936449051,-0.0163925456029478
RBM41,-0.1368686884383926,-0.5325598997316731,0.5104425818388251
RBM42,-0.3714057763893873,-0.03188305601968667,-0.07959366610337958
RBM43,0.2944724970091965,-0.2032832624730296,1.3596754450699184
RBM45,-0.17977833043694957,0.0043224073802707345,0.5792992789644726
RBM47,2.0824757532177207,2.3605115802625685,0.8750634430772279
RBM48,-0.3207902935902491,-0.5944150924874501,-0.689706410945561
RBM4B,-0.825001580108703,-0.9132423353965106,0.01563880241836389
RBM5,0.29760027028564273,-0.3695199677632236,0.5936203224790624
RBM6,0.16995740126808806,-0.20512220404399534,0.4629286452646694
RBM7,-0.46133715857575053,-0.5673384406027157,-1.0184194705689968
RBM8A,-1.495191418833165,-1.5213208674378709,-1.3003657395611878
RBMS1,-0.0928219457661628,-0.6653607209288539,-0.28472232532182323
RBMS2,1.677098627988097,0.30412995869889003,-0.0845088911258967
RBMS3,-0.32928742581046005,-1.803723852035616,-1.4404879220323128
RBMX,-1.4124011476994693,-1.823306823240507,-1.0181030548011922
RBMX2,-1.2907667637795637,-1.3093940093757919,-0.835408629195205
RBMXL1,-0.8843980107809749,-0.9281006410109083,-0.6837435761348184
RBP1,-1.8190607722906753,-2.045450533589796,-1.391708049405306
RBP7,-1.4262727793472063,-1.3335426575767861,-1.241634037092636
RBPJ,1.3111636495051284,0.250781502487315,-0.615333746593545
RBPMS,0.8485325028072717,-0.032603829597096,-0.5385484921461631
RBPMS-AS1,1.529143977564594,1.2868096136924188,0.09491336083813232
RBSN,0.9796896832893591,-0.061272231215386413,0.07486930237273334
RBX1,-0.019690451676469524,-0.3650886069850436,0.3160635145087785
RC3H1,0.9012071670984105,0.5379637168338515,0.595868949037466
RC3H2,1.0434527983534052,0.8748343718111352,0.32141572259342016
RCAN1,1.2601225068274875,0.4872294979987516,-0.6368796376625631
RCAN3,-0.42425118344019075,0.8264732096829027,1.4485100985731276
RCBTB1,0.014853786772788619,-0.45782840154689114,0.2786451786975972
RCBTB2,-0.5029851172055061,-0.8780075039103586,-1.0835534535757232
RCC1,0.47160722903810215,-0.3679778061689472,-0.5527612013377459
RCC1L,-0.7114540106718423,-0.5213858558511767,-0.8825481435494404
RCC2,-0.2884656070120951,-0.7900206048802411,-1.282580155548017
RCCD1,-1.4307445328347164,-1.3209409570758048,-1.9844665950661249
RCE1,-0.8994803149210279,-0.8891838207714905,-1.356831877415775
RCHY1,0.23484163775111286,-0.12658719023685955,-1.1680561286398912
RCL1,-1.324332195958181,-1.9382415192664806,-0.10779141311933114
RCN1,0.7263634601346066,0.9754085054135982,-0.8024736688972107
RCN2,-0.9719049418303073,-1.1675342549262948,-0.44663127433993804
RCN3,,1.1639810998873634,
RCOR1,0.47083525944969107,0.05820506630031308,-0.03806834125343212
RCOR3,-0.14128658596311375,-0.6265304162293754,-0.29749924036975367
RDH10,1.6613321243396095,1.916322640319287,-0.05976203981617111
RDH11,1.0647248543100896,1.4338949552753233,-1.3838117134215318
RDH13,1.1087822818997677,0.9561717173101281,-0.46523681670983724
RDH14,0.4265199902078167,0.3689415543713235,0.3982186334396366
RDH5,-0.6119657712685107,-0.5490282525977215,-0.2653502893736829
RDX,-1.7169413189501912,-1.5750433294629125,-1.060790044140741
REC8,0.16248582630381864,-0.2543142830365215,1.31409156055863
RECK,,-0.0695745922340019,0.2759040438435421
RECQL,-1.070833340126714,-0.8588384347494783,-0.4356249859233597
RECQL4,,-0.38440892793469367,
RECQL5,1.1587015484864747,1.1942991464487855,1.1766718232541318
REEP1,,,1.8415281640204195
REEP2,,-0.6049785112177042,0.34211948528385244
REEP3,2.158768039264571,2.3907770169626374,-0.4016883362739763
REEP4,-1.9092941101345189,-1.1703874279269662,-1.6179076494917857
REEP5,1.2247467664613452,1.5470276077020402,-0.768866882705854
REEP6,1.2923575549158328,0.6461566678566851,0.2515186966851722
REL,0.6382838396504301,-0.034225632649633124,-0.502731105239164
RELA,0.02936527678973689,-0.1398517516384756,-0.4294184061285562
RELB,0.5920910516156038,-0.40524203164096784,-1.0244508612058525
RELCH,1.1062309954459506,1.3472518824335262,0.48782120765969433
RELL1,,0.40543755131726333,0.22476930101831627
RELL2,,0.33007651652325376,
RELT,,0.010626085023901617,-0.599924092695332
REM2,,,1.1180871699869557
REPIN1,-0.3026589986747706,0.04215582334790054,1.0647670509417797
REPS1,-0.7899071531653399,-0.8719333859750245,-0.7988392229028368
REPS2,1.8538720713604675,0.8822521511447124,-0.11859995239898805
RER1,0.7811288962244325,1.3923493298114202,0.2348288800163384
RERE,1.1049580483812285,0.23742208558635808,0.4135629287201581
RERG,-0.9154701266643864,-0.9173493200900402,-1.684928302373424
RESF1,0.3043469577042435,0.6793589144582796,0.02242286235201062
REST,-0.9232007112373507,-1.1586787560291367,-0.04957255378227296
RETREG1,-1.1810706859051576,-1.0388091196194378,0.6410390778971262
RETREG2,-0.38030272012411276,-0.01729043716757812,-0.649391451776799
RETREG3,0.9165210709746611,1.220429618992704,-0.47196566991709793
RETSAT,0.20652563831253617,0.48702671067936365,-0.6477638453473121
REV1,-1.796637407998823,-2.2282209407325513,-0.6454416649365583
REV3L,-0.36499848091538634,-1.0021294522912463,1.0292389396219608
REX1BD,-0.3994348675580041,-0.2606440626057406,-0.6119221038779017
REXO1,0.017847864492506166,-0.19134659297295278,-0.28217257707721494
REXO2,0.015314404775453839,0.0675888302159366,-0.2731649805201977
REXO4,-0.765601179195985,-0.6147394104038655,-0.5033725813541499
REXO5,,0.48378482874737605,1.102730269774337
RFC1,-0.08149508747694738,-0.6249970646645336,-0.6866026899813163
RFC2,-1.5433836741427425,-1.441997564134985,-2.05542842006335
RFC3,-1.0831717412571777,-1.3671561200045181,-0.885890588252167
RFC4,-1.1945926805362421,-1.2392287040606695,-1.1337123834345257
RFC5,-1.3210185567619948,-1.1000660419283617,-0.7895415583236829
RFESD,,0.09650294119535366,-0.46796785608995034
RFFL,-0.7839438874543894,-0.019451999283257443,0.03165844071738559
RFK,1.5979247947130701,1.5682314366387302,0.36921654329011544
RFLNB,,0.07228289327253189,
RFNG,0.3731334148436143,0.6479329645398912,-0.0047103080722506185
RFT1,-0.9808066406639578,-0.3743449116127304,-1.1020383971596155
RFTN1,,1.8261621750470551,1.0707643375087492
RFWD3,-0.3074840448683007,-0.9598764460512146,0.19587454893077272
RFX1,-0.17860828108791998,-0.04756426161784377,0.2070264828510921
RFX2,-0.3622922216218272,-0.49984193913016295,2.242100142807575
RFX3,0.2588201618173255,0.29640535725240175,2.35867421684479
RFX3-DT,,,1.498147204576055
RFX5,0.15805389331685019,-0.4520360741689346,-0.6394202036455201
RFX5-AS1,,-0.0932465213991586,
RFX7,-0.16155252543765572,-0.21395890233313003,-0.07997169056040554
RFXANK,-1.1121952657067182,-1.1426178322157128,-0.43169221917455897
RFXAP,0.47495568799789667,-0.22004379684917302,-0.07808168146627621
RGCC,1.2484913577656247,0.9067030046127817,0.8260966844179445
RGL1,1.8616316430623188,0.9053455199496422,1.0363044467311295
RGL2,0.8668287826871082,0.012247088928241764,0.8646116896671768
RGL3,,-0.00846478918145527,0.3549329705209872
RGMA,-1.7897405134760902,-2.3377669881718335,-2.268458711922158
RGMB,0.6222734776480126,-0.7521967480931151,-0.38844748884316616
RGMB-AS1,1.2380171758103,1.3278675363909793,0.9493288250778252
RGN,1.1373372322780044,-0.015128955835961497,
RGP1,1.2998248647178312,1.1873458018141818,0.6766200989477718
RGPD5,,0.2881351567055905,0.04768620812911726
RGS1,,0.6114793113209466,0.6135133151014138
RGS10,0.39918547394439174,0.5728472906362349,-0.9331905607455526
RGS12,-2.9739608878787167,-2.8652147406918855,-1.1283546444050077
RGS14,-1.9976830449328378,-1.6296488027811284,-0.1797661748736246
RGS16,0.10300311827319447,-0.11715216316164034,-0.2890415139882453
RGS17,1.882890533376868,1.624910477827256,-0.9832873682877142
RGS19,-0.23768324486291711,0.2595262908116529,-0.5025173258433272
RGS2,-0.7165053336755564,-0.3054505958869078,-0.9793231717752452
RGS20,,-0.17303496986331346,
RGS22,,,2.349644653833653
RGS3,0.6567434535799567,0.589908207323587,0.7019474013131177
RGS5,,0.4395045035280449,1.0680941338788401
RGS7BP,1.5072720924151495,0.860662835047328,
RHBDD1,0.6377193182387016,0.31944475165947583,0.6897064109455608
RHBDD2,0.4615933136965856,0.3846028455170464,0.4924953444601298
RHBDD3,0.8041441409242062,1.2158910167832313,-0.44392665799076814
RHBDF1,0.9579659543917438,0.48499993688301773,-1.5852991749357246
RHBDF2,-0.19078906143232846,0.08366378264549977,-1.2239100297810468
RHBDL1,-2.1517203741065174,-1.892041778489119,-0.22573556430334735
RHBDL2,-0.49333899122312985,0.13094557083474379,-0.44330297736154095
RHCE,,1.250564120152709,0.9519932189362388
RHEB,0.736896788579285,0.35298686199675267,-1.0215892541577016
RHEBL1,,,1.4528269835995518
RHNO1,-0.37041905223340393,-0.8721968085820607,-1.3971875293793414
RHOA,1.0195399107636116,0.9967875278907692,0.1110136378112102
RHOB,1.0470316537297935,0.5877662813010464,0.41684889533775127
RHOBTB1,,0.8151225666775356,1.620703798560441
RHOBTB2,-0.004260244681255307,-0.38092087399391733,-0.27296941178221207
RHOBTB3,1.5232400167174276,0.37376546021640533,-0.7333921224188191
RHOC,-1.4018654035821472,-1.1237932802587456,-2.099433398062357
RHOD,-1.8564461896011852,-1.1288876037200057,-0.9204528921479768
RHOF,0.9313421228518667,0.024135709159296085,0.25054648292300785
RHOG,-0.4917790945406365,-0.2697848676213329,-1.4195366016691837
RHOH,,1.7803984368676797,
RHOQ,1.33212110852215,1.2050248573919733,0.3255849181542997
RHOT1,0.415699693266236,-0.10157053076255443,-0.3811434431525249
RHOT2,-0.777385173561189,-0.8753626149751595,-0.6688237142879729
RHOU,1.987622390593009,1.9812405372192492,1.985818167532467
RHOV,1.6301129380156933,0.8859792991468363,-1.0568297450182058
RHPN1,0.7826920145780374,0.8533822989187961,1.6695470209386793
RHPN1-AS1,,,1.5442840162842237
RHPN2,1.6531496367404457,1.5150488920099376,1.8283402895774912
RIBC1,,0.47489568013009265,2.568211057208081
RIBC2,,0.36066440389328563,2.022304356768375
RIC1,0.17369672358324875,-0.16499656244938427,-0.5586977581233311
RIC3,-0.8331197139085874,-0.9820959231398764,-0.9842043791632826
RIC8A,-0.8191900388500035,-0.6658102318025145,-0.21936207589717818
RIC8B,0.06948614056242783,0.3315983622620841,0.8480284464436043
RICTOR,-0.08449909376737734,-0.6568453570980005,-0.13170265824268468
RIDA,0.33853990314114296,0.16317115622435308,-0.103623131062233
RIF1,-0.6673516491037997,-1.1693163724685434,-0.7818453389714511
RIGI,0.20346839247609658,0.0854712319485772,0.1949143346068625
RIIAD1,,0.9716478865726221,1.832364228534483
RILP,1.428185748671798,0.911603848807433,-0.24976888242924067
RILPL1,,-0.72381941904139,-0.3431184914041158
RILPL2,0.2819898291386273,0.12186832060606528,0.1085494817155871
RIMKLA,,1.790148196035078,
RIMKLB,-0.09305322523870652,-0.857537039973272,0.7169718581768625
RIMOC1,0.7927416791067983,0.5574235061730136,0.14578007078994326
RIMS1,1.5913553449315034,1.7235877236130768,-0.3858075460358643
RIN1,-2.11799523978254,-1.6638895582046354,-1.814484760335036
RIN2,-0.9402620864434483,-0.7068388657460922,-0.5817521870483299
RIN3,,0.886245994940167,0.5089407631837056
RING1,-0.25858204265037077,-0.6443824076107969,-0.25677278637675044
RINL,-1.0454393982090155,-1.0089971473087063,-1.443151668413099
RINT1,0.16481969964560542,-0.1553280230314096,0.632961370364045
RIOK1,-1.502983253727849,-1.758003308377541,-1.5826568455217396
RIOK2,-0.3686931517200595,-0.5854132726787337,-0.40843751566869635
RIOK3,-0.508742859914951,0.11261985365825028,-0.5117307718064996
RIOX1,-0.27959440512046074,-0.606060196589341,-0.38905709039098946
RIOX2,-0.010708354834567228,0.4438726687516178,-0.024119026396242086
RIPK1,0.8915710827274566,0.9157046728431095,-0.04089672026561732
RIPK2,0.8544888667965628,0.14986175149148465,-0.7714014230579632
RIPK3,-0.3645062354781786,0.7130953592942473,-0.305780866720267
RIPK4,-1.5517728582137524,-1.3937750526069697,-0.4725975921525452
RIPOR1,0.7724104227977334,-0.22964876865098754,-0.03184694734924827
RIPOR2,1.3052033597337154,0.49352590511053374,2.481617090307355
RIPOR3,,-0.8881146336476318,
RIT1,0.5627084335737945,0.39139914077320465,-0.35232557919737245
RITA1,0.050338042404211934,-0.4582284369488195,1.1216143250009054
RLF,-0.06487007632654747,-0.5669153973176856,0.08564345950013591
RLIG1,-0.49099959494524503,-0.5911946625886982,-2.0037278778248124
RLIM,0.6284338045396182,0.1710243398666954,0.8399577954464236
RLN2,,-0.10555403242556118,1.1762954106404588
RMC1,0.7266632911283593,0.3317886469175386,0.4933463417407356
RMDN1,-0.5632480872358294,-0.20751386651400053,-0.30874365073393345
RMDN2,-1.2960821760118926,-1.1895353834127993,-1.3376879029435598
RMDN3,1.136458286204369,0.952480065774458,0.47259759215254543
RMI1,1.1147635303294063,1.1183912874121238,1.104809061780592
RMI2,-1.1922457334873733,-1.303896117659626,-1.6320170856607812
RMND1,-1.0068432527247333,-1.1754035362997488,-1.7112146714187262
RMND5A,0.1143538697262815,-0.2634399207110695,0.9672210250030164
RMND5B,0.21170385562552477,0.09397008357911858,-1.1503493803760079
RN7SL832P,,0.40016392821750185,
RNASE1,2.347002529120492,1.7874722894282402,0.4401871532817151
RNASE4,1.384243600940457,2.0353431931966486,0.6334218377637246
RNASE6,,1.4796871867339807,
RNASEH1,-0.12177447463617758,0.24112868455067227,-1.0369493329548716
RNASEH1-DT,0.07110210786735023,-0.5747582493406257,0.2315376058494381
RNASEH2A,-1.2208559630971383,-1.2913568427727438,-0.2268953585986576
RNASEH2B,-1.9508115519051716,-1.8877448677323747,-1.4900935526559806
RNASEH2C,0.20299821642803675,-0.4302004104149573,-0.6489262459892235
RNASEK,0.5511450848298681,-0.17212096090827728,0.1339836362577042
RNASEL,0.464669544733632,0.6417248131858819,0.2860960327164394
RNASET2,0.31328357550810826,1.3436898097890868,-1.5175253625790273
RND1,1.3338007114779897,0.5360913945080233,0.036937076180173105
RND2,,-1.2076346776195224,0.8917638105465052
RND3,-0.5263832419290109,-0.07607541011710776,-0.692098416316571
RNF10,1.640637139620408,1.3145043535712024,-0.29946918501640934
RNF103,1.0994625148447377,1.377314603485729,0.7749581289879612
RNF11,0.8722060058711111,0.25338429797507495,0.19433829231970054
RNF111,0.7323725581859295,0.11388866314089036,0.25268566717846497
RNF113A,-0.22774585517321194,-0.20034238251396555,-0.39373552849163146
RNF114,1.393912426051929,0.06271580065495246,-0.7996171433083511
RNF115,0.9449301578997342,0.9045318293932404,0.49419769645110434
RNF121,-0.3954475374012681,0.2294638605596774,-0.9528828532263693
RNF122,,0.7870713141271511,
RNF123,-0.009326588598315139,0.5749707075763584,0.6617712106138195
RNF125,1.4916794919781156,0.3397915555031619,-0.8945714193035293
RNF126,-1.03161864196645,-0.5819964868157225,-1.486102714941539
RNF128,0.7962147740918195,0.1474944333224873,-0.11480596918558636
RNF13,-1.3014344616789035,-1.109015534861674,-1.3706789964340127
RNF130,1.931121123426553,1.5416861553802084,0.9021874392998799
RNF135,-0.8967229163253471,-0.7942105713683305,0.35653871808850035
RNF138,-0.06094751210013929,-0.6944080379240303,0.7172155101207418
RNF139,-1.0687927466208955,-0.7882993519074795,-0.19741126796173245
RNF139-DT,,0.5871242294214891,0.6472991301356668
RNF14,0.022684801219906618,0.25040981362092607,-0.009609140810481948
RNF141,1.1659416595731824,1.7786438205805684,0.5052982544961031
RNF144A,,0.46203244412964944,
RNF144B,1.0387016786480436,1.1010560770794553,0.11404737255578959
RNF145,1.1058064806584333,0.7505248872127054,-0.3004545928374062
RNF146,0.9826709605094671,0.7981668457019541,0.34611757002830423
RNF149,-0.661035102463473,-0.41091843178022797,-0.38621351565279743
RNF150,,,0.8772760071877834
RNF152,0.624790744483892,1.4258854062236905,-0.9384452626365234
RNF157-AS1,,,1.5846375549167848
RNF166,-0.09744849530819062,-0.3369309016167399,0.41643790400835345
RNF167,0.2597727854003129,-0.08456747276313248,-0.14254361486364128
RNF168,-1.6240562530799316,-1.5731782940052321,-1.613044608717438
RNF169,-0.20534954763618932,-0.19024614569673037,0.3967913269185445
RNF17,,-0.6269687872201722,
RNF170,0.5754341654381165,0.6969314934127461,0.31527136795156435
RNF175,-1.1342647529913008,-1.8261621750470538,-1.9011985785606924
RNF180,0.49125939497273374,-0.20420264693932758,-0.5233631145378573
RNF181,1.2286561993523617,1.1646905548225575,-0.5613425488115629
RNF183,1.3902713774372915,2.213376826226149,0.3471179537787881
RNF185,0.7450786719950718,0.5156175230762027,0.11044492711672878
RNF187,-0.21830255303956303,0.18456413927878548,-0.10817043964719747
RNF19A,0.6275923595500301,0.08276016084723146,0.23773505828748706
RNF19B,0.2566776158221294,-0.052252694782038055,0.10684391442382164
RNF2,-0.2990448386399651,-0.09125697594893487,0.2255422948135713
RNF20,-0.6217146206602207,-0.42408403734429945,0.6262995817738972
RNF207,-0.9277948227637027,-0.999751741559642,-2.3264606983355485
RNF207-AS1,,0.6886892786254526,
RNF208,,1.1377878448049148,-0.10078215687957258
RNF212,-1.4417253100475311,-1.3754570342686052,-1.3208228677551328
RNF213,0.974123129451123,1.0750146791453945,0.07354678445941745
RNF213-AS1,,,1.5259213021690994
RNF214,-0.20205799883433875,-0.8785372189492171,-0.5871161876130114
RNF215,,-0.00828468311864032,0.10324428667884707
RNF216,0.3050706339739465,-0.255058429443084,0.34731807218972444
RNF217,-0.41770905230768685,-0.48966451233260344,-0.8775528796912159
RNF220,-0.16038609711305243,0.7905128214337563,0.2766870128126971
RNF223,,1.373141726384246,0.28589975580619414
RNF227,,-2.021255327280629,0.18302230527781962
RNF24,-1.2802439659734373,-1.7937361320161527,-2.5069791640555827
RNF25,0.02752226874128535,0.22761520998410414,-0.05183640202191675
RNF26,-0.8031899528634139,-0.5540607219677967,-1.0466748890886426
RNF32,,0.43791816109514,1.9764323307205993
RNF32-DT,1.1417452045614414,0.8708802999952536,0.7612926980684925
RNF34,-0.3414677318758699,-0.2233662530238682,-0.7587776655471642
RNF38,0.036968808458350946,0.07029675512751836,-0.21859014215263137
RNF39,-0.11157278744080361,0.40739360223608134,-1.3136449200942464
RNF4,0.7221726560295796,0.4904768286833631,-0.21588939631999826
RNF40,0.20770201472243435,0.15897477413207717,0.42240420928965416
RNF41,-0.005641958524458854,-0.4656424172697807,-0.006971286634130904
RNF43,-0.887466592646638,-1.0863171589027856,0.004898721873304005
RNF44,-0.46287454414915874,-1.0132008826162853,-1.38283072073048
RNF5,-0.3348841905609571,-0.09397008357911872,0.07165769570015235
RNF6,-0.8776085675505229,-0.3826643190022559,1.0411516500064149
RNF7,-0.5803325224338485,0.5400462894928063,-1.3190220053369184
RNF8,-1.3872511886293184,-1.6242365450548177,-0.5606809836579917
RNFT1,0.6499018439605357,0.2975346716030165,0.7959909733700411
RNFT2,,,1.1030764041105074
RNGTT,-0.02130277008966093,-0.5473538542494311,-0.5318084219686787
RNH1,-1.204998320156557,-1.585083946320438,-1.4776297190058343
RNLS,0.9210869119462289,0.5656468755700228,-0.906725425697113
RNMT,0.12804081352543947,0.0030617004773687705,-0.4160269830090608
RNPC3,0.3166714950305395,-0.04846579900464444,0.30144029249487503
RNPEP,-0.1347769374409116,0.6595292482110339,0.7033944216609538
RNPEPL1,1.3182682296350219,1.5985097036544755,-0.3156674164701587
RNPS1,-1.3394267470047518,-1.8909642744499344,-1.5492697133460895
RO60,-0.5621689437373926,-0.4021158167685838,-0.8692757344951272
ROBO1,-1.0728784023772218,-1.6162062877595684,-1.5104130383392063
ROBO2,,-0.4856077594803767,
ROBO3,0.2550120058945508,-0.9010127341757485,-1.2795838822869658
ROCK1,-0.14663826747718928,-0.22835457651795424,0.17287708278389957
ROCK2,-0.3922124575930669,-0.2774506243613091,0.0465544826086838
ROGDI,-1.557168821124982,-1.098418375217953,-0.5545181416990147
ROM1,-0.9912912008096292,-1.711776966325592,-1.4388945677481337
ROMO1,1.0490257137981773,1.362129364040673,0.6676459939583383
ROPN1B,,,1.6291691779940696
ROPN1L,,0.8013905401923993,1.901198578560693
RORA,0.051490949831093584,-0.25245453200708773,-0.16141330353739636
RORB,,-0.5340132378498961,-0.12334483979569538
RORC,1.7079611781470896,1.4786116238133258,1.0551845034655034
RP1,,0.96416757131437,2.159417400334063
RP2,0.3038645954152992,0.7586651633777604,1.0634395130199465
RP9,-0.7254643586411708,-1.154109600606835,-1.0405039436106598
RPA1,-1.3758882803104786,-1.1607957777147782,-0.7701335344746578
RPA2,-1.547946084461399,-1.259669879757483,-0.8423732274354713
RPA3,-0.8769318480829511,-0.723585404457616,1.2778768714988606
RPAIN,-0.11991871063624118,-0.6700873212907155,-0.03561732656845079
RPAP1,-0.13593894793855707,-0.7393533121211883,-0.5755152583082292
RPAP2,0.2324750804902097,-0.5892653457433966,-0.5426916087029554
RPAP3,-0.916170643774008,-0.7770457620817514,0.7610409782722566
RPAP3-DT,,0.6925755718835278,1.0934341028151513
RPE,-0.3485554753127933,0.17120709572263335,-0.525957669251163
RPF1,-1.3987960914509867,-1.0048111671787854,-0.19683494388729514
RPF2,-1.61976624955704,-1.8242569552649617,-1.0578182645285086
RPGR,-0.3788178231587009,-0.13548819840850554,1.6054788929081647
RPGRIP1L,0.11736770797032338,-0.06614480748688331,1.980433483522436
RPH3AL,-0.3465985013143372,0.17376628108496292,-0.11992824714747151
RPIA,1.0312266566199046,0.139306163541829,-1.7703510960675042
RPL10,-0.2192459938278154,-0.6075757487003212,-1.4143950554560505
RPL10A,-1.186174196822399,-1.8606304704677679,-1.7243969952560274
RPL11,-0.3581150259036804,-1.0006427201378065,-1.5344262061578944
RPL12,-0.5492696750773279,-1.308545603641086,-1.4872405383759246
RPL13,-0.41369201122318133,-1.1847984631385229,-1.3976877478965177
RPL13A,-0.6949409172088942,-0.8081126742411229,-0.8437172598596454
RPL14,-0.3319628417682671,-1.2349704547175433,-1.618605500907783
RPL15,-0.6931829232743566,-1.2560943493138232,-1.5004661862513786
RPL17,-0.06394703247339695,-0.9780201119877329,-0.5365891895107068
RPL18,-0.1424496455262613,-1.2219480855582208,-1.6635036258482296
RPL18A,-0.22302171807114898,-0.9756983552819715,-1.4692614960174475
RPL19,-0.2903866692189489,-0.9653148729076252,-1.4615429185035125
RPL21,-0.6873383374876416,-0.9482365323000015,-0.9814558226132641
RPL22,-0.1964204122064816,-1.2620625420986888,-1.198795851306694
RPL22L1,-0.92567203595299,-1.4716617971772443,-1.2564311013441274
RPL23,-0.9763461204918024,-1.5602737036556793,-1.0270015729997786
RPL23A,-0.41394288013997094,-1.01049643146749,-1.2147963421518169
RPL24,-0.1345445572281929,-1.45745038846152,-1.453910445337046
RPL26,-0.5678417942230105,-1.2782016621899552,-1.1554764529968007
RPL26L1,-1.174160534608538,-0.950214718523113,0.1507329116474934
RPL27,-0.47521348199395647,-0.8461467187691268,-1.1762954106404588
RPL27A,-0.4229916789729041,-0.28400747024843137,-0.7145376745175218
RPL28,-0.4884034128875292,-1.4982396894662713,-1.4620913617103133
RPL29,-0.33220617897920557,-1.1902665125848464,-1.4648401972672278
RPL3,-1.0522249148632943,-1.274541373874813,-1.7933911425191613
RPL30,-0.11968676930248186,-0.9314303810410883,-1.4566265930423494
RPL31,-0.5242684041162313,-0.9239528800935907,-0.8488385491735573
RPL32,-0.6130769689724994,-1.4512276417494736,-1.5374907397550381
RPL34,-0.47212203158409877,-1.1143611117670615,-1.210865169358315
RPL35,-0.7780083697872477,-1.1513097479376033,-1.4216037660313618
RPL35A,-0.4325809290695301,-1.236129573150306,-1.2830091354702964
RPL36,-0.37609767716704495,-0.8544196011726791,-1.4670472619357788
RPL36A,-0.4608249391119323,-1.2102527492690693,-0.9872670775664077
RPL36AL,0.27911551321565686,0.509456140991419,-0.20356284659705814
RPL37,-0.1629525297664608,-1.1007259454823217,-1.4958362515767838
RPL37A,-0.6786151863601739,-0.9412016658872975,-1.0289190004681612
RPL38,-0.49854735514467113,-0.8300262791948623,-0.6808900406800035
RPL39,-0.6334918608754523,-1.2806513999962168,-1.3386104125663056
RPL39L,-1.3612025092781967,-1.080810138137258,-0.6971345709057554
RPL4,-1.1225128080703057,-1.959902520779048,-1.5568212587158765
RPL41,-0.600067598995199,-0.1438540140108019,-0.5156004532498163
RPL5,-0.6303989093055824,-1.6956327404211615,-1.6214048193708028
RPL6,-0.6153016393491,-1.341029401893581,-1.662752459993657
RPL7,-0.8745664854497858,-1.0400455821833607,-1.1114236217047697
RPL7A,-0.33780840015378194,-1.2592718032398418,-1.4781912903267358
RPL7L1,-0.9924210163695827,-1.3401447052378008,-0.4399795838784333
RPL8,-0.3937050592549817,-0.993241991676453,-1.6515958955506036
RPL9,-0.41018257024269933,-1.3047393819341333,-1.081860560550305
RPLP0,0.10624477224977218,-1.5032379368779447,-1.399692127851411
RPLP1,-0.9309868657436187,-2.0770950613135635,-1.7404506646096438
RPLP2,0.07987785191392,-0.7156523113892399,-0.9717426505365343
RPN1,2.111531095066008,2.190992104070931,0.9903390647701867
RPN2,1.1028404396807026,1.8271172760531473,-0.7724166274273907
RPP14,-0.4378973098976431,-0.816881302621893,-0.7062928913587659
RPP21,-0.1599195869651606,-0.5896938930541749,-0.6959338865381554
RPP25,-0.9456501512948721,-0.48479736917344346,-2.10285951495142
RPP25L,-1.003789641325816,-1.3985480442798095,-1.094462341606904
RPP30,-0.7637502702344096,-0.5484001730733575,-0.9210286332183311
RPP38,-0.28342785972964923,0.05910711549711584,1.328980268134404
RPP38-DT,,,1.4759477948698116
RPP40,-1.3473751506123777,-1.4517440597008417,0.05504397795165508
RPRD1A,0.3361022618025621,-0.4105265326403946,-0.0024493535893529883
RPRD1B,1.0257554072332131,0.46805243876431485,0.9007731246480645
RPRD2,0.04180850482117632,-0.7639592828001225,0.813178971604545
RPRM,,2.232553738550809,0.6983362611348618
RPRML,,,1.1521770013845565
RPS10,-0.07710593170841255,-0.919546050802609,-0.6901844959834609
RPS10P7,,-0.4199496973222112,0.31844114683974467
RPS11,-0.6329290559660967,-0.6184421069362479,-0.8668041854016023
RPS12,0.03996470165095994,-0.7221821480344738,-1.413882953559772
RPS13,-0.07849181642423779,-1.0941483344788718,-1.3697155696319088
RPS14,-0.3275861159655258,-0.9664634465551192,-1.354942243928213
RPS15,-0.5324765807829898,-0.9961957355412144,-1.6256277722867642
RPS15A,-0.1671544711012011,-1.2446810074320886,-1.1540084790187728
RPS16,-0.7171008082111542,-1.3768497656942267,-1.0845706816519318
RPS17,-0.8386715423369753,-1.029279864859469,-0.8160670012500031
RPS18,-1.1718695702976807,-1.5363883303692512,-1.6560338058700745
RPS19,-1.2667727341774069,-2.024040902646031,-1.5549250499557523
RPS19BP1,-0.5359293927656963,0.7360434300926643,-1.1823381409501181
RPS2,-1.4130257953787533,-1.6532008960395799,-1.441552193316089
RPS20,-0.5303549270092426,-0.6212793101406571,-0.745775957100819
RPS21,-0.41319035146770045,-1.4145294893825975,-1.2335296218703786
RPS21-DT,,0.7789958127263242,0.9428440560224554
RPS23,-0.5452574249775753,-1.4938280130961936,-1.5866245007629298
RPS24,-0.16108592782022665,-1.199090167549086,-1.4918111998153383
RPS25,-0.0586405632301941,-1.1732501605300363,-1.0250879139155002
RPS26,0.291587877081337,-0.306582994697528,-0.3587481239750982
RPS27,-0.6728283495423925,-1.2721106370265678,-1.1647082666978144
RPS27A,-0.6200392131044189,-1.180810964722516,-1.347431656665331
RPS27L,0.7736523147366811,1.0496826115750413,0.5657592869152548
RPS28,-0.393456231482122,-0.9736711241343665,-1.4637393356361459
RPS29,-0.48503328755837427,-0.15988679044705575,-0.7729245282340904
RPS3,-0.7242664680590326,-1.6503822488350948,-1.7136637444968508
RPS3A,-0.3805502844080832,-1.1509604005442036,-1.5449051306607775
RPS4X,-0.8389989252237671,-1.3445787290994615,-1.483266542182495
RPS4Y1,0.28007336115532505,0.20604193462973674,0.0473089595742232
RPS5,-0.6978756910056296,-1.299693636514958,-1.4485100985731276
RPS6,-0.8082874484998022,-1.3222348624994287,-1.3530574362041732
RPS6KA1,-1.091489798207721,-0.6786785311297411,0.3583462838521373
RPS6KA2,1.5897236687628329,0.9958999701601823,1.115626414466008
RPS6KA3,1.7874603541995666,2.0008475336476894,-0.0009420582702164708
RPS6KA4,-0.3488001907941979,-0.16189369565546538,-1.0714330822745088
RPS6KA5,-1.2575795092758886,-1.7848091210924617,0.7216085558466698
RPS6KA6,,-1.0039164600188122,1.3478988437916708
RPS6KB1,0.8857607952238928,0.6909740698289922,-0.4530939962619537
RPS6KB2,0.6702316172877393,1.2950972625948265,-0.7400652997136437
RPS6KC1,0.2911073435444033,0.9847247247642641,0.7550140881943627
RPS6KL1,,1.0613140448314824,1.048631907441484
RPS7,-0.9726438059461822,-1.829992623881302,-1.6650087797587565
RPS8,-0.6368729169407138,-1.9254390808421835,-1.478753328200868
RPS9,-0.8182241381176893,-1.2470290741127357,-1.4770686132874196
RPSA,0.03950377233127188,-0.5886227275973028,-1.23676164232843
RPTOR,1.2107295290830078,0.8399798715898569,0.5817521870483299
RPUSD1,-0.6289950151252595,-0.3114946229508534,-1.6943518856012756
RPUSD2,-0.11783146934374719,-0.5396295878289068,-0.2719917245165748
RPUSD3,-0.5261187586115704,-0.7224159252978278,-1.1075882336235305
RPUSD4,-1.4854039887512889,-2.0129914024291864,-1.6657627733895084
RRAD,0.3966928998542978,0.440298089439707,1.21361502060025
RRAGA,-0.8618103009745529,-1.2533244433629347,0.7067765463914589
RRAGB,-1.0973576672207235,-1.1899008684911538,-0.5128049124175017
RRAGC,-0.45622038052987524,-0.4236899793352498,-0.3455175060638347
RRAGC-DT,,,1.0318022554533053
RRAGD,1.6752220376425404,1.5004565056858505,0.8872861977144619
RRAS,-0.5415205623961283,0.3631641673887453,-1.4154203734969089
RRAS2,0.5016788684035016,-0.2658646637851787,-1.5631827293198834
RRBP1,1.5954531777134826,2.055771258647102,0.33453810515119
RREB1,0.22561937077658714,0.5696669973717591,0.028265507210760064
RRM1,-2.068583272107956,-1.9876915758725455,-1.8394783548977158
RRM2,-1.399408899650686,-1.023181245967427,-0.606251793172931
RRM2B,0.9822978234111488,0.7056832932794254,1.0414756670563452
RRN3,-0.4662093089757424,-0.6866360362259909,-0.8753397792111166
RRP1,-1.2092930016183312,-1.4253878389728851,-1.139102865316866
RRP12,-0.3519833996794734,0.07553355627209274,1.0710986500145951
RRP15,-1.3304452551826742,-1.0499951075724756,-1.1781791436473852
RRP1B,-0.6685029709064702,-1.0286682811444425,-1.0761277774546738
RRP36,0.030977990443842644,0.522624180903304,-0.18474692273859925
RRP7A,-0.04203899008291836,0.3539454083735311,-0.05636490725332137
RRP8,-0.3033823038171996,-0.29114019293729876,-0.9033201916599023
RRP9,-1.207381504840714,-1.5946443885601886,-0.7557659468951315
RRS1,-1.0574467106537973,-1.3535269694119536,-0.7289614309074997
RRS1-DT,,,0.9781065116216383
RSAD1,0.025679354172474935,-0.03656839711371289,-0.5940698073684575
RSAD2,,0.1900627602498076,1.515740086056964
RSBN1,-0.4232435261270837,-0.6143043536013919,-0.3941427552924688
RSBN1L,-0.6180867678207361,-0.9110582302274227,-0.6375721110296898
RSF1,-0.05656457639707602,-0.3306471189043954,-0.7668428013781808
RSKR,,0.23946030808739285,0.0022609414403652645
RSL1D1,-1.524711028713685,-2.0977786674134307,-2.2306163261889855
RSL24D1,-1.5808242154097374,-1.7446481879347906,-1.6068476472320985
RSPH1,0.26334723195623905,0.6962428387125544,1.677188062853482
RSPH10B,,,1.6959371929195306
RSPH10B2,,,1.2231134982177627
RSPH14,,0.25617491407311316,2.4463333484798593
RSPH3,0.03512534850085051,0.625654035197823,2.4735065605461797
RSPH4A,,0.8081126742411228,2.076114706049548
RSPH9,,0.6410611228925506,1.8047971269689573
RSPRY1,0.6456412547260338,0.01729043716757826,-0.42983166123418415
RSRC1,-0.2848664766695008,0.3620101493402471,-0.4854881362011056
RSRC2,-0.8581438339475222,-0.8513104439507523,-0.4825225877312923
RSRP1,-0.6388485645466154,-0.7777766844452807,-0.09926730464232468
RSU1,0.3108658349214658,-0.005222916400192529,-0.14292429624193423
RTCA,0.5610904545164728,1.1299099892629285,0.4893072724097603
RTCA-AS1,,,1.2481767786118902
RTCB,-0.4096816346821905,0.4564288539049078,-0.8870069376195874
RTF1,-0.9384721214827106,-1.2039088716967767,-1.0621138466171172
RTF2,-0.8708593399929248,-0.6073591558771944,-1.0241324907090736
RTKN,-1.3623665863362067,-1.801894498044171,-2.1536352026134136
RTKN2,-1.1524159088809622,-0.5242765289386943,-1.7015196028860633
RTL10,-0.9084894975576225,-0.8921293411100063,-0.4820992847560464
RTL5,,-0.8977742136083708,0.8945714193035293
RTL6,0.6757189394315763,0.756985127344805,0.7592802877243232
RTL8A,-0.6710966917851647,-1.1987206501110275,-0.10627546129890751
RTL8B,-1.2631849012805851,-1.4960302116497806,-2.026691946223603
RTL8C,-0.29206847795899005,0.00054029926640061,-1.5022107325233427
RTN1,,,1.0111675172233738
RTN2,-0.271700794905619,-0.7608283616282767,-2.0585540195351033
RTN3,1.7489828581190197,1.4140398782744112,0.28923796831426374
RTN4,-1.029269101929255,-1.8575884834321819,-0.6655284270876048
RTN4IP1,,0.24743754313793567,0.5326767456396174
RTN4R,,-0.5856270484731646,
RTN4RL2,,0.2996060683471154,
RTP4,-0.2628704456298798,0.1216868804756872,0.7921173697679577
RTRAF,-0.38079787201744564,-0.32760514493059895,-0.6949740609719885
RTTN,,0.2849451534726111,0.30163746754625237
RUBCN,1.1737018488582704,0.7670977107882673,0.21087788456462464
RUFY1,-0.6487645360057683,-0.4118984559606766,0.5963190357596604
RUFY2,-0.5069090298952422,-0.2636263842481506,0.5708522227771402
RUFY3,-0.01853882724944205,0.2796973281082342,0.4907944185273045
RUNDC1,0.7168030391719632,1.348145076247988,1.4731538308818999
RUNX1,1.4723444622240107,0.5290350343068805,0.11499562864944037
RUNX1T1,,-0.5072018169411462,
RUNX2,1.3057432891440204,1.0431437172311249,-0.518615549462353
RUNX3,-1.173243409913356,-1.1163739330269677,-1.3620535111045453
RUSC1,-0.14151918253635068,0.950214718523113,-1.9981487008190402
RUSC2,,0.54965654877962,0.3587481239750982
RUSF1,1.0351536686705078,1.2295830419611131,-0.8074231567318705
RUSF1-DT,,,0.9454921101662863
RUVBL1,-1.2923575549158328,-1.3644099796080578,1.6872701752419268
RUVBL2,-1.2844360242126533,-1.1736086786293916,1.4781912903267358
RWDD1,-0.5896232353341516,-0.8859792991468363,-1.642090468194469
RWDD2A,,1.5065910804403562,0.6899454337523121
RWDD2B,0.056564576397075884,0.2677309142607165,-0.7846618877647649
RWDD3,,-0.01368800817196243,0.24860276464203973
RWDD3-DT,,,1.6095942229487532
RWDD4,-0.8439205098758157,0.0652423635075017,0.24064324583107446
RXRA,-0.07641304504872316,-0.379952793843471,0.5257413213171049
RXRB,-0.06002469431575304,-0.6377468946738313,-0.2706233987707569
RXYLT1,-0.45775415407233644,-0.8658912688269619,-0.06259350889262935
RYBP,0.2700285835166705,0.20530613625567254,0.35132337479952613
RYK,0.3414677318758699,-0.03494646264963625,-0.23134407992040765
RYR1,-2.299131494552085,-2.644100550880087,-2.7389507896962666
RYR3,,,0.944020151725235
S100A10,-1.380650943911461,-1.3557810384349587,-0.15340135053993384
S100A11,-0.7622098425800599,-0.7093844546912481,0.17364212644104826
S100A12,,0.3056393017843683,
S100A13,2.277043179835523,2.102681670145097,0.10002470206914257
S100A14,-0.8214467854207138,0.6698619061350233,-1.43413629062199
S100A16,-0.8279178207826916,0.7787518944864503,-1.6291691779940691
S100A2,-2.775471518357263,-2.423405043877267,-1.5080591592151205
S100A3,,-1.5305519890915684,
S100A4,1.5188466420170585,1.0660706124947856,-0.02129212246154697
S100A6,1.2252344219011295,0.8929340089212183,-0.18244755399274631
S100A8,-0.21948188448687816,-0.06433997265871867,-0.35352869187303926
S100A9,0.15921988696182043,-0.30828233084640794,-0.5969943924547358
S100P,1.191777131512135,1.892041778489118,0.05070444541949295
S100PBP,0.314493131998095,-0.4540317058740968,0.024495960991077734
S1PR2,,1.3819794400207526,0.27844931414620394
S1PR3,,0.23316352229303425,
S1PR4,,,0.7877416031468455
S1PR5,-2.216720922803412,-1.9942264106356085,-1.8303485544157514
SAA1,1.5626105080101955,0.8361417659628778,0.603084924503942
SAA2,1.9508115519051727,1.1657558377112698,0.7522609155304028
SAA4,,1.2031657134368356,0.826626862601233
SAAL1,-1.3848441167402572,-0.99059101183788,-0.9404957682134034
SAC3D1,-1.3554096012253483,-0.9618767670260963,-1.6075331547951608
SACM1L,-0.23460492304865904,0.39003844472535937,0.05485528165951539
SACS,,-0.3724138944666402,-0.6916196987780264
SAE1,0.10462380783383045,-0.35893511861935484,-1.401199111328896
SAFB,-1.3735186077843171,-1.4595372302546317,0.301834654325389
SAFB2,-0.8159733324439772,-1.228433230103922,-0.6942546117798835
SALL2,,-1.1650455022212594,
SALL4,,1.0759780797863434,
SAMD1,-0.37461513454419787,-0.4476519999116519,0.38398146825455143
SAMD10,,0.13603349979833315,-0.8528974506249164
SAMD12,0.867835100043858,0.4781237208726878,-0.373859674947721
SAMD13,,-0.3031869712021689,
SAMD15,,,1.5879526193527673
SAMD4A,0.34293274307656546,0.2110115135608081,-0.8359429269396648
SAMD4B,0.3103825052384322,0.08818293140224619,0.6357261934464601
SAMD8,-0.0461881185952402,-0.2327934133085409,-0.1694356314647004
SAMD9,0.41544864152356764,0.9982685383063689,0.39251423944043085
SAMD9L,1.4117770506318466,1.7204146739389405,0.6992983398395058
SAMHD1,1.7943289507378912,0.8113623085778828,1.6508593983740312
SAMM50,-1.5225057451129043,-1.3731417263842456,-0.7048429163252792
SAMSN1,,0.8492422368741862,
SAMTOR,0.5423206805467157,-0.22558259215375445,-0.3501211950416386
SANBR,1.0152895050992108,1.5670007001957558,1.8125335919308638
SAP130,0.1666874443169149,0.5460990620358338,-0.6629443350474223
SAP18,-0.049646330161156854,0.2752053202250847,0.1952983987215278
SAP25,,0.8196501478377065,0.2965147012923639
SAP30,0.07572019507238158,0.5739086756441577,0.9499203298026923
SAP30-DT,,0.4516371640216402,1.7370336088982774
SAP30BP,-0.3568876304517388,-0.7231174941204699,-1.1684289220355655
SAP30L,0.512678274199396,0.7414853763508793,0.6384958847440102
SAPCD1-AS1,,,1.430457733044973
SAPCD2,,0.1677357049544774,
SAR1A,0.2331849103657509,0.7448086383808765,-0.754262656054573
SAR1B,2.35429957920032,2.6441005508800917,0.9297016957986812
SARAF,1.6249178496602459,1.6142149229463794,1.16992172208648
SARM1,1.4068039514569517,1.3265639507975406,0.7287157012694625
SARNP,-0.9682185510875806,-0.7205468106648899,-0.8496492093511977
SARS1,-1.0402827761646651,-1.5713187146240133,-1.6620022311772849
SARS2,-0.9770881904336711,-0.8199021725942813,-0.9496245359086856
SART1,-0.7055344166766979,-0.8404925539519371,-0.024684429590298335
SART3,-1.3182682296350219,-0.96962861864354,0.09415633917204617
SASH1,0.1331504280672951,0.4058286371806078,-0.5048701654240859
SASS6,-0.957601652453301,-0.9835555293588768,-0.4453825850872984
SAT1,1.2976839598391057,1.0740522752374588,0.17211214029692368
SAT2,0.33634593584535627,1.0277516263165305,0.3545316767450362
SATB1,-0.6553155916570281,-0.27146622149485117,1.1907180706401694
SAV1,1.4012504846523397,0.9788921310871493,0.4067996534252553
SAXO2,,0.6617694580991477,2.047701095454925
SAXO4,,1.0954600659944866,1.9222838252001506
SAYSD1,0.6122434998085456,0.7555467952496604,0.07959366610337958
SBDS,-0.8495231362074763,-0.9488013494883109,-1.64865526290063
SBF1,1.3439582927460147,1.8242569552649617,0.5145247695212284
SBF2,-0.20111795982786765,0.09541735592665121,-0.30716316365441776
SBF2-AS1,-0.8465537296786507,-1.0575260093567456,-1.5163346413356114
SBK1,,0.8118630128168549,-0.019784511370880317
SBNO1,-0.8574784426549922,-1.43439861421635,0.24258316732024024
SBNO1-AS1,0.4873658620794544,-0.3198238293118123,1.1212609816413628
SBNO2,0.31764013831808396,0.22281234006320025,0.04127386169348766
SC5D,1.4262727793472063,1.702497407220706,0.35894906575799584
SCAF1,0.4827033490783064,0.05243304141451778,0.6851724329373257
SCAF11,-0.3123162602992035,0.05387587636411618,-0.043725426478936825
SCAF4,0.3857545527663908,-0.7892826387091822,-0.9058731325338057
SCAF8,0.9503421123095225,0.3993835998934309,0.4606229375148154
SCAI,0.9399038525477917,-0.572422917327701,0.7759761319266556
SCAMP1,0.38947828619519037,0.7731544957266552,0.84560146999008
SCAMP1-AS1,0.10439226402734655,0.30582801856624636,-0.11518529224985902
SCAMP2,1.73325661156733,2.332265341855551,0.4115114671510417
SCAMP3,0.33123294799471625,0.38634875575972116,-0.9253564635937839
SCAMP4,1.479874461137861,0.5903369171739182,1.9023479836025434
SCAMP5,,0.40993880210654443,1.025406596328757
SCAND1,1.6053988224866262,1.6603055682555485,0.7208754160729833
SCAP,0.6570291866170613,0.20935441421373835,0.23463520557001336
SCAPER,0.10416072581746157,-0.6971611184310377,-0.8184350067698158
SCARA3,-0.7585201719286061,-2.430250877071742,-0.7944401016499013
SCARB1,,1.1323001604613556,-0.8300787027692299
SCARB2,1.3416890759437512,1.7839242048772135,0.11158238441330827
SCARF2,,-0.2314982825921942,1.5362631946903988
SCAT8,,0.240757876381773,
SCCPDH,1.0749279615784886,1.1367562956323822,1.2907715019641652
SCD,0.14780222715399377,1.2257566321983286,-0.2628140229423992
SCD5,0.4462767678490688,-1.7496198368103308,-0.7678544488135938
SCEL,0.7924264174798487,1.4727263772328554,-0.3821566699864569
SCFD1,0.11597657488888563,1.0682986188825332,0.004145067645623373
SCFD2,-0.36672203753751104,0.07679791668486267,-0.9983703212373696
SCGB1A1,2.874844910042051,0.34992168693038833,0.26144904197830354
SCGB2A1,1.9107211713100751,2.5592438535457123,1.903499907406379
SCGB3A1,3.1805588654143877,2.223929574127671,0.5514446152075777
SCGB3A2,1.2786777302798265,,0.3953648282851842
SCHIP1,,-0.9146096160415074,-0.079026650726606
SCIN,0.9327643283272059,1.990295317186155,1.0657639371604923
SCLT1,-0.3912178752440437,-0.5576338892345079,0.660598996217472
SCLY,,0.03945207644410052,0.32777103861281504
SCMH1,0.1758011568328706,-0.7919906217561036,-1.140184939974628
SCML1,0.10022542024761368,-0.348773094884887,0.3357338764070401
SCN1A-AS1,,-1.2143837027449265,
SCN2B,,-0.6928045028704177,
SCN4B,,,0.9989907790863063
SCN9A,,-0.48682394338584983,-0.44039474165221887
SCNM1,-0.1837583498045885,-0.6239027127366161,0.1412113923294903
SCNN1A,1.3046638105533006,1.357589265990651,-0.11651305386502492
SCNN1B,2.9739608878787114,1.4512276417494743,-0.8987961056608226
SCNN1G,2.070543574404504,1.0054080857495897,-0.6766200989477716
SCO1,-0.7505610690702368,-0.17669245957158913,-0.8673529605982888
SCOC,-0.09374709357194037,0.22170471901941474,-0.091507185343915
SCOC-AS1,,0.22152014198966058,0.7810782654576497
SCP2,1.301434461678903,1.562711706763776,0.03957677072285168
SCPEP1,-1.1605058752484811,-1.9312191536970553,0.12999237495049337
SCRIB,0.6072515764464178,0.5775222355772788,0.0890478320836973
SCRN1,0.8823569080549619,0.9034478393181435,1.305208065832419
SCRN2,0.6823888412928089,0.5700907030178926,0.3130939829440754
SCRN3,-0.01876915011902887,0.6459347741687984,0.12106695385308325
SCUBE3-AS1,,,1.3176741605562063
SCX,,0.7770457620817516,
SCYL1,0.48192728549190167,1.2913568427727438,-0.6336521218314717
SCYL2,1.3271047119768444,1.1312750099807332,0.1692444989272764
SCYL3,1.1096343162272144,0.8750984628696209,0.825831682387673
SDAD1,-0.509529310744078,-0.3570149483654475,-1.7047335100052188
SDC1,-1.2479894781998042,-1.3357368739439595,-2.131198894337616
SDC2,-0.6943546808284664,-1.2901140428898867,-0.7985800235150833
SDC3,,-0.049006740298368774,
SDC4,1.2030966884164949,0.44984295628544585,0.3385258805989703
SDCBP,0.4718646146793073,0.6099601550856157,-0.16981791511682245
SDCBP2,0.421732845162086,1.6109101369905088,-0.1855135954989404
SDCBP2-AS1,,-0.08312160141609938,1.4479723826468835
SDCCAG8,-0.6211559577796183,-1.084369749039444,0.37689214612957983
SDE2,-0.25620165480687157,-0.3186867339850846,-0.5801908415352971
SDF2,0.9381144892120499,0.9997517415596422,-0.9838986169418251
SDF2L1,1.6971692009108554,2.1109674310345663,0.5322425336412189
SDF4,0.16178583743023578,1.0518722409510481,-0.632731186988132
SDHA,-0.9641786588061215,-0.6795857787901451,0.07430249308137139
SDHAF1,0.6329290559660967,0.5417140352448241,-0.5909259256607036
SDHAF2,-0.1750995930330799,0.7961871507834926,-0.3898701174599694
SDHAF3,-0.030747597943949975,-0.1922638093529841,-0.5370244118507754
SDHAF4,-0.15642186277464057,0.23705160587161475,0.9144259245242208
SDHB,-1.4224624210894126,-1.267271582400864,-1.0049044233175528
SDHC,0.08889094410933092,-0.1365788416412162,0.2618389867241934
SDHD,-1.51666090489756,-1.832883181501225,-1.497568716295685
SDK1,0.20276314523789635,0.22188930360266484,0.20394757373469313
SDK2,,-1.763946097523307,-1.6605045736470987
SDR16C5,1.2227990508841078,1.6791807259800293,-0.257162258546119
SDR39U1,0.5888014279757403,-0.5088410690141937,0.2482141339030876
SDR42E1,-0.3778283558823451,-0.9189964523940428,-0.83247424289978
SDR42E2,,0.793963717127824,1.1569469211987091
SDSL,,1.800982077761263,0.13455398923598763
SEC11A,1.1551041666664745,0.25115322600305495,-0.8621500892535258
SEC11C,2.503115993349681,2.951594907289916,0.5328938893010968
SEC13,1.5533099501622047,1.9208609055113002,-0.30124312916219737
SEC14L1,1.9777589839805279,1.433391659811306,1.3991905057451561
SEC14L2,-1.1329512486222024,-1.1116843524888296,-1.825341648633147
SEC14L3,,,1.3687534125127256
SEC14L4,,,0.9726493616557594
SEC14L6,,0.5450540583602741,
SEC16A,1.7739707814895211,2.045450533589796,0.9759808329682294
SEC22A,0.640826708849621,0.35222025838551435,-0.9244895124447426
SEC22B,2.289528036204785,2.5688855302706974,0.47322970316476015
SEC22C,-0.7902217868487884,-1.1419262025127455,0.7284700156256283
SEC23A,0.439925849661487,0.5614250200445466,-0.8229204772336135
SEC23B,1.5987508403006185,1.9537931984689918,0.8665298956732018
SEC23IP,1.2585957316774743,1.6182040823995307,0.4553917626960536
SEC24A,1.9539089243226844,1.837735084325154,0.2723827681723266
SEC24B,0.43258092906952994,0.397823671961007,0.7630560894882735
SEC24B-AS1,,0.18987938119451483,0.6789907606400267
SEC24C,0.34831078070308585,0.6028172604533438,-0.3724456991148673
SEC24D,2.847259631124395,3.801713550248692,0.3835758472303413
SEC31A,2.258956646766514,2.6686341051523317,0.24394165531551443
SEC31B,,-0.1407611577325685,0.2657406353454794
SEC61A1,2.0131639753314734,2.185073467795775,-0.4952623938733356
SEC61A2,,0.45044086435723196,0.8402259346446492
SEC61B,1.7209773284292105,1.803723852035616,0.05372314468676505
SEC61G,1.4018654035821472,1.6733093254179572,0.038445440366250964
SEC62,1.3160751261286292,1.6956327404211604,0.14635136764992063
SEC63,1.5123110383454532,1.8167015445772698,0.3243931449939737
SECISBP2,1.1614094570437676,0.2487376409589806,0.5981205925474317
SECISBP2L,2.180579734697176,1.690348272317065,1.7047335100052181
SECTM1,0.36401407834702354,1.0512461182382702,-0.19645076416773524
SEH1L,-1.2107295290830078,-1.5110884593303395,-2.293870201706194
SEL1L,0.8581438339475222,1.285162655571717,0.36659568763300904
SEL1L3,3.061152302919879,2.7871823051298477,0.39964675167508185
SELENBP1,2.6334592325615516,2.252588633938723,0.7262608195343191
SELENOF,0.7008164878850016,1.3047393819341333,-0.607610884227533
SELENOH,0.595387095165879,0.7826601671048723,0.6246957306901277
SELENOI,0.6601758006585068,0.6752813128770475,-0.11897944372983442
SELENOK,1.3405570538307736,1.505471484566758,-0.3439179428802428
SELENOM,1.3866486672465343,1.3392610562556153,-0.6320408378925702
SELENON,0.2803128632612375,-0.06578382347202263,-0.46229957228257135
SELENOO,0.002417971752895379,-0.5335978834133283,0.21801127733645959
SELENOP,0.6890892401894665,-0.24001635928992457,-1.1079362319432398
SELENOS,1.5673119194662022,2.1640026353656276,-0.35935099281764116
SELENOT,0.5678417942230103,0.7704860285456334,-0.3421194852838523
SELENOW,-0.23720951099776974,-0.00108059869052736,0.784149325429758
SELPLG,,,1.3521168322267532
SEM1,-0.6530337867258005,-0.0730051956142665,0.36881317006957376
SEMA3A,-0.4749556879978965,-0.9638809441676601,-0.33015768555665437
SEMA3B,1.318817497232345,1.6364819727979443,-0.0903720313491105
SEMA3C,1.3741103027155992,1.5021239696686597,1.468707262223464
SEMA3E,,2.2413472204306917,1.622106637895318
SEMA3F,-1.0671634705232724,-0.02809925776178018,-1.1448894351863375
SEMA4A,-1.3908769390712723,-1.5253434949238396,-2.3017909650787267
SEMA4B,-1.0145186730981592,-1.363496882280054,-1.3764864602250928
SEMA4C,-0.7016999089578406,-1.1686030800650848,-0.2220648768623861
SEMA4D,1.3462344512377118,1.5144816603739466,0.019030722902386277
SEMA4F,,-0.04630217405546722,
SEMA4G,,,1.1706691007112757
SEMA5A,-2.1051539951631844,-1.8377350843251536,-1.7676486273707694
SEMA6A,-1.7059841840183605,-1.6682187543416627,-2.165272710077292
SEMA6B,,0.7256929651443544,
SEMA6C,,-0.37376546021640533,
SEMA7A,,0.4986179315866697,
SENP1,0.2695509476936037,0.0952364360151112,-0.037314159214167
SENP2,0.05610327940840905,0.38130820598290377,0.5194778709854495
SENP3,,-0.17760719952688792,0.05334578106893937
SENP5,-0.0997625463279574,-0.10374314600859115,-0.29592411583753037
SENP6,0.2263280850804723,-0.4767108419522054,0.25949991316839416
SENP7,0.2455076442778425,-0.134397716315604,0.5305066876258052
SENP8,0.4690350867110138,-0.108452173338722,0.16676033587042455
SEPHS1,0.1725279268987937,0.2855078836361412,0.05127041550894124
SEPHS2,,0.2324233362094969,0.06391503150254146
SEPSECS,0.9594244353362895,0.7880536492870167,1.0535421131598537
SEPSECS-AS1,,1.0546949109735555,1.3784326342620843
SEPTIN1,-0.21594479897687874,-0.8632741020709123,-1.106545042565642
SEPTIN10,-2.400945337913218,-2.6881486501234053,-2.1185906669042596
SEPTIN11,-1.0506239702032474,-0.21432745612725906,-0.2800165303701661
SEPTIN2,-0.2930298822562342,-0.6193145613655558,-0.9463762693407719
SEPTIN5,,,1.0298791341979137
SEPTIN6,-0.3919637756693004,0.1799862210641027,-0.48104140493310654
SEPTIN7,-1.9022164957820151,-1.8834825311425927,-0.6702382044537749
SEPTIN8,-0.19829890535546713,0.0786043593415772,-0.6162447272329706
SEPTIN9,-1.032795550210799,-1.0673431102210746,-0.1294223652533571
SERAC1,0.3409795577806514,0.9211965152022737,1.0954917388504566
SERBP1,-1.7761966800927278,-2.067840975881837,-1.9467606251962482
SERF1A,,0.27913552024245336,
SERF2,1.2950161648319443,1.5506132464994713,0.4333473037289701
SERGEF,-1.056641481898094,-1.0750146791453945,-1.3677925208459105
SERHL2,,0.802881210739567,0.5389841733696417
SERINC1,0.9845387020857125,0.4199496973222111,-0.39577231710837213
SERINC2,0.5602820157394717,1.4349026372877178,-1.246945946171439
SERINC3,0.4164530057976424,1.1682466567255463,-0.5470628727740324
SERINC5,0.5409873428599891,0.8143695941597623,-0.44871397285897013
SERP1,1.9712887363563336,1.544648187125923,0.1503517941359659
SERP2,-0.7830048677433286,-0.9917683646233026,-0.10968670172134223
SERPINA1,2.2415802082197085,2.688148650123401,0.8575145932944885
SERPINA6,,,1.1688018778843197
SERPINB1,-0.21405946029031606,-0.03746951311222171,-0.28570348990951194
SERPINB10,,-0.056040340044356575,-0.20183194642192406
SERPINB11,1.0626975003743842,1.6082789192939875,-0.1650411342388812
SERPINB13,-2.426378769275099,-2.061768573581985,-2.134864270073331
SERPINB2,-0.7019945043521154,-0.21930580429342678,-0.6055726675062392
SERPINB3,-0.4703207689240745,-0.7184470609525143,-1.1170317322137135
SERPINB4,-1.4966013669761797,-1.3838538220083905,-1.8154629406437826
SERPINB5,-3.0611523029198766,-2.5452130155818042,-1.8184079513598441
SERPINB6,1.5563951915377128,1.788362835981201,1.152542987664775
SERPINB7,0.6343364447082753,-0.4355407105661572,-0.84560146999008
SERPINB8,-0.531945942961324,0.28794742858665257,-1.0238142239843002
SERPINB9,,0.5637457973244347,-0.1631314819258693
SERPINE1,,-0.4596291390287597,-0.35694029850163356
SERPINE2,-2.038249029531669,-1.7537961649967269,-1.8966258973735877
SERPINF1,-1.1220805239669454,-1.594002480922652,-1.6327311347074054
SERPINF2,0.1496649798988211,0.375117709080155,-1.2981747284396898
SERPING1,0.9442106540144505,-1.0931657699690067,-0.1520669957432671
SERPINH1,-0.5306200030138947,-0.987653619742371,-1.1827172466058258
SERPINI1,0.18516375453707365,-0.48075017590195795,0.22612212858772626
SERPINI2,,0.38285810683600946,1.849805752863038
SERTAD1,-0.4044279848310634,-0.7327415920837164,-0.7757215558325951
SERTAD2,-1.1003058191587978,-1.190632315881233,0.18206441996143585
SERTAD3,-1.0379121028034513,-1.029585801133161,-1.302563010975164
SERTAD4,-1.5979247947130706,-2.4588371139685536,-0.9213166182697605
SERTAD4-AS1,-1.158251055825561,-2.0865305211765333,0.5748483460941649
SERTAD4BP,,,1.419020757333935
SESN1,-0.17393051134588774,-0.9635943961868365,0.6959338865381554
SESN2,-1.0798654221308355,-1.6004513506682008,-1.1006562321888516
SESN3,-0.9193285513327031,-2.1297237806565352,-2.304463614214937
SESTD1,1.989285230247746,1.9698322907919352,1.1888062067712877
SET,-0.9460103318835978,-1.0329574820516123,-0.890082614672053
SETBP1,-0.44221012326342996,-0.8735148305945135,0.1964507641677351
SETD1A,-0.0879662043835869,-0.2387190216080426,-0.5673077519227882
SETD1B,0.5519494252697145,0.2021802278111572,0.5121603571332579
SETD2,0.3222452838860863,-0.14694824697783485,0.7005018492599033
SETD3,0.7227705646412936,1.029585801133161,0.3479185109232125
SETD4,-1.2242594021021054,-1.3909264316193761,0.8979498864971571
SETD5,0.588253777275304,0.5753957019332253,0.1753638470323456
SETD6,-0.9485350408266379,-1.3414721440926618,0.4749162582212297
SETD7,1.5587188823012996,1.409162301692569,0.3525260625173926
SETD9,-0.028674137418958374,-0.6247781344326873,-0.7470206227462192
SETDB1,-0.011168947993123199,-1.117718330503017,0.3216141285059457
SETDB2,-0.5898972596083119,-0.608009019884105,-0.19357033620202252
SETMAR,-0.8738915659007194,-1.3680737950360542,-1.4952597598597808
SETX,0.22798219462500235,-0.1091768499685126,0.6514866202018107
SEZ6,,0.4023110897878411,
SEZ6L2,1.298753668178085,1.856578297079092,0.665293326162861
SF1,-0.28678555066590256,-0.9771488359581962,-0.2128047554889877
SF1-DT,,0.20475436043161468,
SF3A1,0.3205478613018449,-0.8221727438811169,0.34152024552551286
SF3A2,-1.010673520293058,-1.6155417874999398,-1.042448374908299
SF3A3,-1.5502394238437813,-1.7973473090036927,-1.2267040246734502
SF3B1,-0.12455890919953067,-0.16846635470437105,-0.10646494184908456
SF3B2,-0.8360557072656845,-0.8126144510551659,0.8610577201691738
SF3B3,-0.40068220872859606,-1.0051095816976392,-0.21801127733645959
SF3B4,-0.5084807795714822,-1.0609977936462813,0.09169638910125012
SF3B5,0.13338276488344394,0.4959684727439327,-0.16351336457635812
SF3B6,-0.8782856891571557,-1.329609168445078,-0.30144029249487503
SFI1,0.22703691308176654,-0.4083722120667362,1.7757951542202615
SFMBT1,0.3576240030845502,0.049728017691776566,0.9004904778961084
SFN,-2.5721931319278197,-2.278372195366636,-1.4549956164981457
SFPQ,-0.5108407630976058,-0.5603711208194948,-0.15683380901181979
SFR1,-0.26978975791154314,-0.7407743141798171,-0.19606661344095344
SFRP1,,-0.19391520707339518,
SFRP2,,-0.3832457256493755,
SFSWAP,0.08195719374771093,-0.4949503774397781,0.0667472445567686
SFT2D1,0.6722509063431629,1.3248293355528855,-0.8750634430772279
SFT2D2,1.3226735609569849,0.8756268281744216,0.5008079161253557
SFT2D3,0.496201926080577,0.5296565906979316,0.2593050546212457
SFTA1P,2.261920061147968,1.480225610706296,0.43458939637771604
SFTA2,,,0.5281225053467208
SFTA3,0.6309608148976928,-0.3184972581916761,0.1144266626395653
SFTPA1,,,0.42013936909978444
SFTPA2,1.4771265838342875,,0.44475850090543684
SFTPB,1.334361416101842,,0.4707023903174795
SFTPC,,,0.37083063785008674
SFTPD,0.9053626199843949,-0.20273171430949993,0.0007536465760427883
SFXN1,-2.124549116174011,-1.8636897732862068,-1.7120298884970016
SFXN2,1.280766743028206,0.8785372189492171,-0.12752263553248955
SFXN3,-0.0803398977150487,0.3367402896152094,1.553664010152721
SFXN4,-1.377670618041172,-1.014706562509248,-1.5919538737223586
SFXN5,-0.7350852912159871,-0.28926173894363644,-0.05862958759806139
SGCB,-1.5144823896194062,-1.8963739095478411,-0.4576919359978793
SGCE,0.4292959623064814,-0.4921024335023007,-0.28413375816955616
SGF29,-0.8742289758970477,-1.1678903817354913,-0.5113012808956054
SGK1,-0.6984633669324074,-1.0274462665502937,-1.1445266512933996
SGK3,-0.28438687232639975,0.4062197851245481,1.0305197511474362
SGMS1,1.2515092615563788,0.915157007266057,-0.7570199951159544
SGMS1-AS1,,0.2821328517850923,0.7918595522776916
SGMS2,1.4847103124246477,1.1551618810787787,0.9487376523157065
SGO1,,-1.1326421418438688,-1.1358646159324075
SGO2,-0.9224956535080537,-0.7666143844233604,0.40966663154653277
SGPL1,0.22750952844178618,1.1244708377887893,0.4228162309640588
SGPP1,,0.8482094945262266,
SGPP2,0.5287652524305048,0.3770506844437249,0.0633486511361676
SGSH,0.15082946372364014,0.4450654544052564,-0.37062882327346525
SGSM1,,1.0606816485409842,0.6276755945525452
SGSM2,1.9617354396394249,0.7966817817486441,0.08866951821602127
SGSM3,2.007950058106471,2.458837113968553,0.9787146606041791
SGSM3-AS1,,0.7205468106648899,0.16160418862459838
SGTA,0.3860026347484217,0.2337187456779414,-0.14025995836308547
SGTB,,-0.5290350343068805,
SH2B1,0.2502569992661684,-0.2656780897634914,0.348318873095667
SH2B2,,0.03368502184029433,
SH2B3,,0.695095813965576,0.4457987375855302
SH2D3A,-0.3904721924162114,-0.9350492925452408,-1.0597984109432093
SH2D4A,-0.20346839247609644,0.9322644306904185,0.07543613571858637
SH3BGR,2.1030471916876454,0.7358073186460092,0.6378030034252566
SH3BGRL,0.8295410004828038,0.4560291474231595,0.11177197462606137
SH3BGRL2,2.65628074593458,2.0425413823606156,1.076127777454674
SH3BGRL3,-1.3100764963758373,-0.748855121511283,-0.7218530219682616
SH3BP1,-2.73452004924905,-2.6500857986604114,-2.708202032469357
SH3BP2,-0.3048293908170239,-0.8456315872427626,-1.0212718140262793
SH3BP4,1.6309830757083208,1.1961385980697221,0.232698943816668
SH3BP5,-0.5532907869722012,0.15605720646478669,0.145589649085272
SH3BP5-AS1,,0.5819964868157225,0.9030368949448554
SH3BP5L,0.6809362882547059,0.3535619508461834,1.0375946507119118
SH3D19,0.712937804642917,1.1357259546587581,0.8024736688972107
SH3D21,,0.7405373766811846,
SH3GL1,-0.5656785629522179,-0.07715918497936822,-1.8067211217328345
SH3GL3,,,1.3276145600589624
SH3GLB1,1.1190603876645058,1.9489577190358012,-0.5735152879094901
SH3GLB2,1.1452876210300422,1.1204132036342038,0.5551774355937033
SH3KBP1,1.304124640910771,1.8555700017748573,0.20144738422588873
SH3PXD2A,-0.640826708849621,0.13076392254754746,-1.0114817134791336
SH3PXD2B,1.1053821650579123,0.9650279284233897,-1.2428567509427966
SH3RF1,1.3354840856264685,1.3787109055484372,0.7505118620932993
SH3RF2,-1.6129636211163723,-0.8983133126630402,-1.971146198593964
SH3RF3,,,1.4941082649127164
SH3TC1,-1.4730255619032402,-1.1457369524046777,-1.5953078300022434
SH3YL1,0.01047805911329413,-0.08890615996032512,-0.9013386341523372
SHANK2,2.2113783715666258,1.3162154522662717,2.617043146173125
SHARPIN,0.6662012112248833,1.085992304563319,0.07656987531054399
SHB,0.2810314661236619,-0.5147948787479492,-0.7792902117474182
SHC1,-1.0064610380645878,-0.7388799764800777,-1.1340707240939598
SHC2,,1.0850184284734505,
SHC4,0.1182952560611148,-1.2790173887232403,-1.118791487672189
SHCBP1,,-0.6214977635372413,
SHF,-0.19360396936908805,-0.5129452009549819,-0.9522896799555972
SHFL,0.3317195242122565,-0.27913552024245336,-0.032412474061766505
SHH,,1.1474746236571869,
SHISA2,0.7545346457664469,-0.5871242294214891,-1.1842353718797844
SHISA4,1.5254477735975718,1.6689433343277833,0.060328294576389135
SHISA5,-1.6266446706983186,-1.3397027499857725,-0.7744494285933243
SHISA6,,0.5217985419457764,
SHISA9,,1.131958311451528,
SHKBP1,-0.33147622629359585,0.31698186277102874,-1.5399528040754291
SHLD1,0.6911346339557657,1.0670248238056332,-0.007724953503463486
SHLD2,0.7117506440785267,0.9039897015783034,-0.6295121293607334
SHLD3,,0.49535755394142134,
SHMT1,-0.913021846289134,-1.7227928340723926,-2.3125818494358112
SHMT2,-1.1079310517471577,-1.2757595712205294,-2.261113090684078
SHOC1,,1.2238501398807786,0.8937283970176603
SHOC2,0.8458948749368166,0.5340132378498961,0.8453321133990154
SHPK,,0.8023841224632168,-0.1539733003650907
SHPRH,-0.2471692831953198,-0.42388700011203695,-0.18378873441748947
SHQ1,-0.4677501793360788,-0.5360913945080233,1.0139988873295511
SHROOM1,,1.5946443885601895,0.030150427597581773
SHROOM2,0.08496131558967204,-0.48378482874737605,0.08696726205744373
SHROOM3,2.6189736356136932,2.264122127277598,2.524828812971001
SHROOM4,,-0.7729116804625019,0.06655841394643024
SHTN1,0.15315904671809105,1.2721106370265673,-0.48782120765969417
SIAE,0.59263994473923,0.6566219131969103,0.2116485385818387
SIAH1,-0.8334455805114409,-0.9342130732762709,-0.8221277221589615
SIAH2,0.42122949881501626,0.46925846885703376,-0.33214799501445263
SIAH3,,,1.5793693952468424
SIDT1,1.764061441900903,1.5127828826155034,1.0670947686469396
SIDT1-AS1,,0.5137670629459137,0.4106913676772495
SIDT2,0.22420228169216017,-0.13203555151167246,0.16370431484069412
SIGIRR,-0.3055531735721132,-0.1416706802538039,0.9326082950157435
SIGMAR1,-0.4144446961576278,-0.46383667511469,-1.3872557194104296
SIK1,-0.17065834163273474,0.10446745941864591,-0.1928024942267771
SIK2,1.5938108321178874,0.8544196011726788,0.8208076105427086
SIK3,0.44322609638798877,0.23890433091444652,0.9591315395209948
SIKE1,-0.6456412547260336,-0.03242363462941175,-0.7157542362192066
SIL1,1.3600402738351034,2.3057657552762523,0.43583215987083646
SIMC1,-0.4728944701266522,-0.24224130823223589,-0.38276479439354305
SIN3A,0.39793887785365734,-0.4906799583297123,0.43935698934788026
SIN3B,0.25786777305364245,-0.1262241015120421,-0.262423978523781
SINHCAF,-1.6070719521031098,-1.8813641311768434,-0.3491197650397011
SIPA1,-0.39644377820129284,-0.30017121753498927,-1.4474350850594164
SIPA1L1,-0.059101927645135555,0.03837065953738513,-0.22399644150377074
SIPA1L1-AS1,,0.9281006410109083,1.3658745170537305
SIPA1L2,-0.5361952579961461,-1.657453654913629,-1.8174245289866646
SIPA1L3,1.159603239967645,1.5213208674378709,1.1751671715456125
SIRPA,-1.428185748671798,-1.617537433372931,-1.8518950843805522
SIRT1,0.18118271475193143,0.4856077594803767,-0.5029449076131015
SIRT2,-0.5819684014939617,-0.4242810910424371,0.37770138964552347
SIRT3,-0.6850070725997858,-0.6208424922628193,0.24879709408904097
SIRT5,-0.3758505294054467,-0.8043736675070243,0.5464065184408022
SIRT6,0.2159447989768786,-0.2690378442528133,-1.0228600454442711
SIRT7,-0.6003433315577802,0.8111120327252258,0.14520882150572195
SIVA1,-0.7162076916684464,-1.2027943833675814,0.06693607754714342
SIX1,0.027291899436580457,-0.5267577394026356,0.36156263165965197
SIX2,-1.4055660988384029,-0.8865127537841072,-1.0414756670563452
SIX4,-0.037660137996889685,-0.2507815024873152,0.9537732423148938
SIX5,0.542053935943541,0.00900510904077033,-0.16542313671327916
SKA1,,-0.407784999298923,
SKA2,-0.9510658104057288,-1.3379375402469789,-1.0225421928104748
SKA3,,-0.5939853462101964,
SKAP1,-1.012594225269032,-0.7431459814458523,-0.14006968683245805
SKAP2,-0.3847624620289416,1.1440027338362202,0.4221982253442497
SKI,-1.7954819833590057,-2.122816642207495,-1.8920925329877325
SKIC2,1.0898201527295348,0.8001496737439686,0.9872670775664077
SKIC3,1.081930485502342,1.4086763847574357,0.05806338977454721
SKIC8,0.17790636893142053,0.011526639028746835,0.12942236525335724
SKIDA1,,0.3268451259761674,0.4859121341285974
SKIL,0.4654392889174356,-0.09704577640081792,0.09888862730928936
SKP1,-0.44958635648665857,-1.1728917931712572,0.08053874869148081
SKP2,-1.059059228537794,-1.587619229152642,0.12315499168356141
SLAIN1,,0.7792397773222254,
SLAIN2,-0.24788162285727344,0.71054306094305,1.3267054619018124
SLAMF7,1.3981838080968116,1.1460842098333086,
SLBP,-1.4819427260432316,-1.3508311320170765,-1.3784326342620843
SLC10A3,-1.2395051709948826,-0.8993922947866665,-1.4241962945588231
SLC10A5,,1.7622418006599465,0.7277332223537317
SLC10A7,0.8098847265088867,1.5707000606734673,0.29592411583753025
SLC11A1,,0.564168082875516,0.5461877859760373
SLC11A2,1.6659264426620384,1.4323861567098832,0.8867277466818849
SLC12A2,1.3878542140500734,2.046911625132073,-0.812916759827329
SLC12A2-DT,0.19336933541395465,-0.22484368985272388,-0.38865067330917175
SLC12A4,-1.665926442662039,-1.588890706596929,-0.7203868714187102
SLC12A6,0.8044623663382601,1.3942509236704097,0.6208073326569933
SLC12A7,1.011057362898873,0.9567408208153282,1.1496194068290362
SLC12A8,,1.7716795542200612,
SLC12A9,-0.3370770778819231,-0.0914378286730395,-0.8131789716045451
SLC12A9-AS1,,-0.661545287786668,
SLC13A2,,1.8396880175353678,
SLC13A3,,1.353977233023419,0.9642175625120041
SLC13A4,,,1.6172105851028906
SLC15A2,1.8966222375037436,1.2616632633327447,-0.82689203884239
SLC15A3,0.23673583036209786,0.13167220725349424,-0.025249840675602715
SLC15A4,0.2519206025263289,0.33407300230153364,0.04542281671223319
SLC16A1,-2.270931493499714,-2.0367744071709604,-2.050777342612581
SLC16A1-AS1,-1.6904031659311345,-1.5293909573682423,-0.5956439509402144
SLC16A10,,-1.563322661076593,-1.2593404290749954
SLC16A11,1.396960811419125,0.7799719495677337,0.025061369425857988
SLC16A12,,,0.47112339995862673
SLC16A13,,0.252268605024902,0.36639418784255534
SLC16A14,,0.828248437430923,
SLC16A2,,-1.3213720131003666,-1.7667506666781632
SLC16A3,0.5740759624494064,1.2415608865925232,-0.5835383204392864
SLC16A4,,-0.012967545184621189,-0.24335939119448294
SLC16A5,0.7420425552987262,0.22115101056301945,1.5193154889225275
SLC16A7,-0.09166562262617274,0.3079046238221147,-1.3478988437916706
SLC16A9,0.66850297090647,1.6933621763917333,-0.7070184359138837
SLC17A5,2.4092509782445015,3.217464730828108,0.9534763619629409
SLC17A9,,3.0884872436873883,
SLC18B1,-1.0375175574289879,-0.198872593636749,0.4306583918009781
SLC19A1,,-0.2346442782100119,-0.6681169708795451
SLC19A2,0.6371549999850672,0.4900706300858626,0.3939391337260035
SLC1A1,0.22254957973412182,1.1210881944510889,-0.1537826448360276
SLC1A3,,-2.0663157207455174,-1.2506441327111153
SLC1A4,-0.24906913539279302,0.017110310777146722,0.17555518131941686
SLC1A5,-2.697697500246651,-1.8338501127400217,-2.9238235580461156
SLC20A1,-0.9012071670984105,-0.7296827369079079,-0.08186198536760031
SLC20A1-DT,,-0.32190957977156304,1.0574886432073256
SLC20A2,-1.4937844368111248,-1.3539772330234197,0.5927217122488855
SLC22A15,,0.5012708951805575,1.1624835914906528
SLC22A16,,,0.8383502265758482
SLC22A17,-0.3108658349214657,-1.2980190542324703,-1.6597571394581425
SLC22A18,-0.5942876969033736,-0.29640535725240175,-0.20452472106604783
SLC22A18AS,-1.2971496620718959,-0.7627541976109232,-1.7361825062158123
SLC22A23,0.24740671579610996,0.7203133483675465,1.2881754184290812
SLC22A4,,0.9214718366120699,2.1275619295169603
SLC22A5,0.5295599224407913,-0.0968648281628233,0.8102977085791966
SLC23A1,,,1.5959807789131533
SLC23A2,-0.9707976394216505,-1.5901647579309408,-0.34731807218972444
SLC24A1,,0.1639012531306035,0.8931667348578283
SLC25A1,0.926732907350043,1.3034748330027137,-0.32697590501352314
SLC25A10,0.2899063034661992,0.5805037792399118,0.008101788556835134
SLC25A11,-1.8668676424819304,-1.658877925043577,-1.21243539024971
SLC25A12,-1.1421872229709646,-2.0339161362608276,-1.5068853464837415
SLC25A13,0.5885275805615279,0.44347521391275385,0.34112082048679204
SLC25A14,-0.15315904671809105,-0.3677850975641228,1.795275971518467
SLC25A15,,0.6056274374138588,
SLC25A16,1.0732879535542277,0.7617909264490644,0.2577465399694922
SLC25A17,0.06717792951542317,-0.7175148552021564,-0.2577465399694922
SLC25A19,-1.0823440521374892,-1.0795191244270321,0.16141330353739622
SLC25A20,,0.3460948321831326,0.017711618843597548
SLC25A21,,-1.184072062676395,
SLC25A21-AS1,,-0.7273344099580292,0.4654467732514949
SLC25A22,0.3232156563604124,-0.06885246562315615,0.07845966075627299
SLC25A23,1.3177193594647711,1.0708514230592348,-0.46125152356810617
SLC25A24,0.5495374723537451,0.7079953828603907,0.6866026899813163
SLC25A25,-0.06140894040736364,-0.19556713379253302,-0.14235328192410504
SLC25A25-AS1,,0.9728035347130984,0.42549612599461684
SLC25A26,-0.9182748980533368,-1.3639532887951082,-1.2842974940011338
SLC25A27,,0.21248497721205153,0.8499195535124515
SLC25A28,-0.8752418036135713,-0.6038975332344066,-0.7179467215849841
SLC25A29,0.7320714761836472,0.8098614146788452,0.840494134267583
SLC25A3,-1.269861050105721,-1.2345844504129542,-1.8765245765217213
SLC25A30,,0.28700894004654404,-0.11461631385129524
SLC25A32,-0.07110210786735009,-0.2735222527661901,-1.013683889341857
SLC25A33,-0.06071680281884065,-0.22410491029071464,-0.22882902834721494
SLC25A35,,0.37763085154869175,0.4191106089842563
SLC25A36,0.018538827249441912,-0.5348442232797764,0.5483762891729489
SLC25A37,1.2097715667348505,1.1282066683887555,-0.15797837057832326
SLC25A38,-0.25810584828382865,-0.475702225196557,-0.7087128226616108
SLC25A39,0.9029367108835589,1.3196492593880247,-1.1610036652493818
SLC25A4,-1.0160609408396024,-0.8209107928769842,0.9472611689527719
SLC25A40,0.21948188448687803,0.7517188591830853,0.18244755399274618
SLC25A42,,1.0727706154037653,0.11784102091885756
SLC25A43,-1.0554349217453693,-1.4829241893571765,-1.0561713053291577
SLC25A44,-0.05471945967646226,0.013147660285815932,-0.609197910445422
SLC25A45,1.0335809511020944,0.9923575568465002,-0.1298023670343377
SLC25A46,0.7236679123801285,0.8737786171160546,-0.23173114045047
SLC25A5,-1.9341019262243964,-2.4478817520377323,-2.299134657308417
SLC25A51,1.0765708658657838,0.6757338244184213,-0.40311844182799517
SLC25A53,1.1838505964901516,0.6712149083087302,0.652418724387526
SLC25A6,-0.8925995537381298,-1.443527383287974,-1.8656768495647396
SLC26A11,0.1830557836955942,-0.16737041368074349,0.19933282298523503
SLC26A2,0.6158582826549216,2.4515009291011056,-0.4948364475992914
SLC26A4,,1.5744210423699059,
SLC26A5,,0.6718918702958039,0.6107864725069397
SLC26A6,,-0.009185216236976155,-0.8458708879460238
SLC26A9,,1.1750442618967696,
SLC27A1,0.2440839218427059,0.6315789877370908,0.7370953914295255
SLC27A2,1.0379121028034513,1.0951319564528708,1.0532139759898473
SLC27A3,0.2521583169527731,-0.4260553170086169,-1.5505221733216272
SLC27A4,0.11968676930248172,0.4858104068764904,-0.6759096419243802
SLC27A5,0.05241332497949041,0.0979505653748526,-0.5123751852403401
SLC28A2-AS1,,,0.8731309576994941
SLC28A3,,1.1869814246247663,
SLC29A1,1.0973576672207235,1.2170233177880383,0.7560166614106059
SLC29A2,-0.1529260512202971,-0.08691739217560518,-0.4990999685584027
SLC29A3,,0.07372753604633445,0.5945194123138003
SLC29A4,,,0.9399095062348576
SLC2A1,-1.383044064608321,-0.6317988555012919,-0.11120321601286584
SLC2A1-DT,,0.2774506243613091,0.6306610423742602
SLC2A10,1.982666576616002,2.4302508770717433,0.8822700515537408
SLC2A11,0.9084894975576225,0.17559496668061145,0.6887507134298142
SLC2A12,,1.2541148633995456,1.3114156384051618
SLC2A13,1.7479209209620095,1.9916022642077031,1.3065340243687378
SLC2A3,,0.14185259879814646,0.2696463335142445
SLC2A4RG,-1.917915495044308,-1.852556381538517,-2.450105933829608
SLC2A6,,0.8071145027708132,
SLC2A8,-0.24954423867611977,0.28869840202305824,-1.6193041414707119
SLC2A9,-2.5031159933496823,-2.3295407769931824,-3.2044992245221744
SLC30A1,1.5108674225891225,0.6501562148275131,0.6627096372124034
SLC30A4,,-0.05171166505799773,
SLC30A5,0.7260636944257137,1.052498776300753,0.6556855654416996
SLC30A6,1.0965170880885666,0.748616754011603,-0.2708188427983167
SLC30A6-DT,,0.22502840390384937,0.4242588727991571
SLC30A7,1.6981421438480866,2.1262575314221226,-0.08715638909629835
SLC30A9,1.058655840990309,1.1693163724685434,0.4581104092601995
SLC31A1,1.9237432751495045,2.924619948346569,-0.07052436561023802
SLC31A2,1.1792224712586012,0.2856954804415148,0.8063795183493825
SLC33A1,1.3117078076672128,1.4856336105705046,0.19453029924093268
SLC34A2,1.6991166969382039,0.8239416783038801,0.9328993883451435
SLC35A1,0.46646604374707756,1.240782742474045,0.04485700566816198
SLC35A2,0.6794851705123386,1.5458368034173366,1.413882953559772
SLC35A3,1.6567726077375848,2.101041718961498,1.123737332510297
SLC35A4,0.6803556692523989,1.0584715944312657,-1.417990199931228
SLC35A5,0.878624401009114,0.6247781344326871,0.09150718534391486
SLC35B1,1.2016733146642602,1.7928369827022836,-0.2538529818858072
SLC35B2,-0.26907337335689385,0.05297409156792623,-0.8867277466818848
SLC35B3,1.1650333040740155,1.6836225685504238,0.9010558433803807
SLC35B4,-1.0732879535542277,-1.2688813000536134,-1.1173834065075132
SLC35C1,1.6327270651891057,2.3489874011372542,-0.7245450036692529
SLC35C2,0.8380170460703462,1.681397500530432,-1.2465360882164624
SLC35D1,-0.9965745566196007,-0.9847247247642639,-0.431071867455707
SLC35D2,1.194122764844918,1.2435095433119323,0.31210475359764284
SLC35E1,1.3699784939234134,1.3081217537560383,0.2647648461958526
SLC35E2A,,0.5948449485704456,0.6139682321651534
SLC35E2B,0.8406371905745009,0.5777350324936128,0.9756775244912353
SLC35E3,-0.6055909651934922,-0.6461566678566855,-0.28099638963754764
SLC35E4,,0.2753923757644976,0.2390919607669763
SLC35F2,-1.7773129375701582,-1.4052842411751547,-2.002327232273756
SLC35F5,0.6332104333496488,0.919820954190349,0.1191691958175349
SLC35F6,0.4465311776542504,0.930596978828065,-0.050893100302389215
SLC35G1,,-1.7380856798442954,-1.4912381618393162
SLC35G2,,-1.0769424801230472,-1.0190526081899545
SLC36A1,,0.8953514892730183,
SLC36A4,-0.557051912253619,0.08709817492383361,1.1714171338150985
SLC37A1,1.8071457955260697,1.985101240721671,1.349770540867416
SLC37A2,,-0.3564391542023778,
SLC37A3,0.4187143641164092,1.581929101499451,1.0545272059956519
SLC37A4,0.04203899008291822,0.41131039404110964,-0.34851907511682456
SLC38A1,-0.2006480070141092,-0.9803471527720182,-1.4815705493540101
SLC38A10,0.9946844564841107,1.8626680677714407,0.3870256459606369
SLC38A2,-0.9819248230293233,-0.8101114369132804,-1.0982424899521752
SLC38A4-AS1,,1.1116843524888296,1.1865176906554935
SLC38A5,-1.0470316537297937,-1.3274327571997255,-2.237471159447752
SLC38A6,-0.4134411683394855,-0.3315983622620842,1.571548398313308
SLC38A7,0.522683813635795,0.4254637595976921,-0.4518416774477378
SLC38A9,0.7993804880627361,0.21451174393895922,-0.06599193632770743
SLC39A1,-1.2652330970473598,-0.8056187514485904,-1.8076856325095
SLC39A10,0.8571458893397931,-0.055138448852989214,-0.9999221876175151
SLC39A11,1.070424864823993,1.9429767442708727,-0.2427772095682702
SLC39A13,0.2836675884076761,0.2825076959578254,-0.3453175123971229
SLC39A14,-0.9105790264412785,0.1562395152738691,-1.3016833482071624
SLC39A3,0.1440782530591283,0.8526049244375778,-0.21184122171043743
SLC39A4,-0.5153062980557911,-0.15642182927595408,-0.46544677325149475
SLC39A6,1.1470642305516796,0.7865804312759228,-0.3597529779371605
SLC39A7,1.9462002956938824,2.638208550264649,-0.840494134267583
SLC39A8,1.307906822991146,1.2357430158526583,-0.5556170989429308
SLC39A9,1.3890617812635535,1.1976130786443009,0.9407890204538959
SLC3A2,-1.5673119194662024,-1.5259201746672724,-1.7794539771650772
SLC40A1,1.2510054861133164,0.4236899793352497,0.10078215687957258
SLC41A1,0.1575875561075839,-0.7263962018287307,0.7304367343295919
SLC41A2,2.648519438411798,2.5838114806724097,0.21608225428978287
SLC41A3,-0.5097915310445462,-1.0974312049368924,-0.9732542802382698
SLC43A2,2.373111197976546,1.9185868335584804,1.2938113034639604
SLC43A3,-0.8472129521057583,-2.0382098054224116,-1.9764323307205984
SLC44A1,-0.09906827549193169,-0.8325706141379339,-0.6012779991954827
SLC44A2,2.0345863435354006,0.7372246034831985,-1.1736651756943228
SLC44A3,1.2311091614806742,1.337496888659423,-0.7803116512565732
SLC44A4,2.1311955401112264,2.259472613211922,1.5057136063290109
SLC44A5,,0.52345017627698,0.6098785342881362
SLC45A3,,2.6948874269434357,0.8173819940367664
SLC45A4,1.0745176886195025,1.3671561200045177,0.7698801053180838
SLC46A1,1.0998840692272749,1.519604395472685,0.6735439107880867
SLC46A3,2.6723010643741376,1.8657390403993266,1.1669387212408093
SLC47A1,,-1.2489910615429283,
SLC48A1,0.49385922347286854,-0.027378581551399488,-1.0634395130199465
SLC49A3,1.218917473859578,1.0201461622591343,-0.70532607655119
SLC49A4,0.1101825711816442,0.6121308103209968,-0.21203391270434133
SLC4A11,1.1386573012613612,1.3662395948504489,0.4002590517824815
SLC4A1AP,-0.7851969901238879,-0.43277012520555913,0.44683945688497445
SLC4A2,-0.2748083510111835,0.05802466216762485,0.45622790996612506
SLC4A3,,-0.5696669973717591,
SLC4A4,2.292705741560139,1.688847060424508,-0.7602861080209508
SLC4A5,,0.9375618829466104,1.21243539024971
SLC4A7,0.7197835978428367,-0.2426122493742875,-0.7309288554810326
SLC4A8,1.0877373586352228,1.1248098102177875,1.2428567509427966
SLC50A1,1.4703052504624154,1.7496198368103304,0.17478988265927486
SLC51A,1.7159366740248094,1.689597190403474,0.8274225658444219
SLC51B,,,1.6530715833830436
SLC52A1,,-1.6109101369905088,0.3481186850344524
SLC52A2,0.4523906276834759,1.4014272007992932,-1.2057824528225378
SLC52A3,,0.29998282382854863,
SLC5A1,2.4134669296086937,3.1871166496750583,
SLC5A3,-0.5800600269671105,0.05117065047022017,0.24044930360190825
SLC5A6,-0.5675712451586442,-1.2147602725365347,-1.4299338025536086
SLC5A7,,-1.466363748551946,-1.2838678043570004
SLC5A8,1.590538977522394,2.1753759624046665,-0.007913370889682228
SLC66A1,0.2114683599712232,0.29207980490299934,-0.19587454893077286
SLC66A2,0.5132035952012148,0.3060167462405198,0.4738620033192839
SLC66A3,1.2121685593776115,0.475702225196557,-0.28021248068667043
SLC6A14,0.8311663687334713,1.4481372304754867,-0.7970259522642287
SLC6A15,-2.2415802082197067,-1.9265899545253389,-2.0943399791328163
SLC6A16,,,1.8798223671239742
SLC6A20,,1.8101745899670716,0.8239782892197844
SLC6A6,-2.01667056603256,-1.7901481960350771,-0.6071577292846356
SLC6A8,-1.5008491622116633,-0.26250774026308554,-0.34052178493253854
SLC6A9,,0.7235854044576158,1.0992761666972384
SLC7A1,0.19360396936908805,0.9231252342533603,-0.659427688839342
SLC7A11,,1.4899915060493112,0.36095928247285664
SLC7A2,0.9074462192740865,0.6403977148568475,1.2804387876191534
SLC7A4,,1.3909264316193761,0.6596618778980213
SLC7A5,0.32370095669452525,0.050088666066718135,-0.3109180813074339
SLC7A6,-0.5132035952012148,-0.23742208558635788,0.7250350189304137
SLC7A6OS,-0.30458816539933725,-0.23408893462200991,-0.1849385807308358
SLC7A7,,,1.347431656665331
SLC7A8,1.6079102066891422,1.2509578686503735,-1.2283049018301613
SLC8B1,0.11783146934374719,0.11425121372508186,-1.8293434997499232
SLC9A1,-0.9939294106631615,0.280446542644624,-1.1747914240952269
SLC9A3-OT1,-0.5385897543991809,0.025216636737708617,-0.20702648285109224
SLC9A6,0.6641900632326935,0.8706171793826002,-0.4308651204206408
SLC9A7,1.813071109789737,1.6433924196426453,-0.5757376192599548
SLC9A8,1.8436965430159742,1.6330558564372935,0.7595316707543669
SLC9A9,-1.9554646666120468,-1.7596949130603186,-2.163312690135729
SLC9B2,,-0.46483967809786,
SLC9C2,,,1.6341617354528442
SLCO2A1,,1.8606304704677679,
SLCO3A1,-1.8142638430853226,-1.8596145619042146,-0.011116514897490458
SLCO4A1,,1.0189347567058396,
SLCO4C1,1.8869727781554941,1.5518129010768364,-0.3313517137761664
SLF1,-1.0102898265372369,0.0697551295410271,1.4315067736411238
SLF2,0.02614007439378064,-0.47388793296987397,0.19414629256280444
SLFN11,,1.648977828393262,1.1312080641727866
SLFN12,0.5460591710293624,0.8614455983251227,-0.10172905676374142
SLFN13,-0.5637879049802818,0.2830700366713446,1.6991206558701628
SLFN5,1.4205649622048535,1.3995064743725973,0.9155713537267444
SLIRP,-0.37931269585103167,0.009545431529099752,-0.1891567886674974
SLIT1,,,1.2568460684825982
SLIT2,,-0.8926657220974114,0.534414599460005
SLITRK5,,0.8867795757274672,
SLITRK6,-0.826944959241435,-0.7678230365322625,-0.6650582620047555
SLK,0.3439098260772327,0.8764198348019845,-0.05523267620372703
SLMAP,0.023606179215599203,-0.045220443490844656,-0.019030722902386416
SLPI,2.4177262200778524,1.7605426071333534,-0.030338925417613717
SLTM,-0.4935990906494434,-0.28794742858665257,-0.029019462939479216
SLU7,-0.30145384167775885,-0.06217444696099357,-0.2963178279927341
SLX1A,,0.54317454961755,
SLX4,,-0.6667096574431518,0.5622250180785828
SLX4IP,-0.2643009843514009,-0.6086591407688761,0.013942912085269848
SLX9,0.27193974417064465,0.3879016650888947,0.029019462939479355
SMAD1,-0.193838613983203,-0.44367393257127014,-0.4063903584912859
SMAD2,0.6771663528658499,-0.022694516035511862,1.0114817134791334
SMAD3,-0.6879217373606277,-0.5222113169269327,-0.6540512723893218
SMAD4,1.0700165680458313,1.0216625277027573,0.801434175771444
SMAD5,-0.12734430981448788,-0.8001496737439686,-0.2933661016031447
SMAD5-AS1,,-0.3166031277626395,
SMAD6,,-0.0016208984301062947,
SMAD7,-0.6841338078564222,-1.3419151494042807,-1.0045923030124084
SMAD9,,1.287221899006533,
SMAGP,1.5396060580636406,1.4164913329543856,-1.3248905476486397
SMAP1,0.33147622629359585,1.5602737036556795,-1.4378343576591959
SMAP2,1.7706483239967468,1.7032651180181493,1.4458256942885181
SMARCA1,-0.4427180527039326,-0.8559772807288117,-1.30212305364224
SMARCA2,-0.7375011585038233,-0.3652811252130749,-0.03128143082185271
SMARCA4,0.46390007577097536,0.13966988432211172,0.7036357348921748
SMARCA5,0.1589866709656358,0.08908697435142787,0.44746412077748343
SMARCAD1,0.03627749658810683,-0.39431736377833304,0.3289641278587592
SMARCAL1,-0.08473020241570915,0.1885959062179187,0.030527424315637184
SMARCB1,-0.8908859590038983,-1.2196714398742103,-0.938152655306702
SMARCC1,0.7058298082198546,0.7054522918723262,-0.8561547159104406
SMARCC2,0.016465964211539463,-0.6640129940396549,-0.8996429689306207
SMARCD1,-0.05887124387126929,-0.8282484374309231,-1.1093295689410545
SMARCD2,0.1285051838225144,0.2448385993272399,-0.5540787463219201
SMARCD3,-1.0091396366527268,-2.0075575523371403,-0.5922725865990396
SMARCE1,-1.1623139880799322,-1.2505641201527093,-0.8605119207698959
SMC1A,-0.5197821324944772,-0.5828500449538812,0.02185748891348008
SMC2,-2.020202130864747,-1.6696687915972255,-1.468153479212897
SMC2-DT,,,1.5175253625790273
SMC3,-1.6379890503606427,-1.888815829166227,-0.5151701082335718
SMC4,-0.9856609974109899,-1.2087556938637287,-0.9845102334262363
SMC5,0.620039213104419,0.2102749536967451,-0.23018310600904351
SMC6,-2.0400906746072436,-2.022646153142289,-0.1659961857077136
SMCHD1,1.0284871835092568,0.6964723535773487,0.09926730464232468
SMCO4,1.45953132599311,1.3187893493386593,-0.9112821618549561
SMCR5,-0.5045537496813396,-0.35720690604990163,-0.7450297120279505
SMCR8,0.33561497356461184,0.7419596261403845,0.47049191678428
SMDT1,1.1229453020389752,1.1302510470181732,0.6510207803324367
SMG1,0.15852026490069399,-0.005403018689052216,-0.0229882429580365
SMG1-DT,,0.4476519999116519,
SMG5,0.8282422821268365,0.626311275880901,0.5586977581233311
SMG6,-0.021533105714509632,-0.5209732585346064,0.04297107154611891
SMG7,0.883376999388259,1.0138028787705349,1.1114236217047697
SMG8,,0.4916959105342913,
SMG9,-1.2320924233996022,-0.8687770198456076,-1.6642557315095647
SMIM1,0.7399213378445527,-0.19336468262815043,-0.4778709869442936
SMIM10,,-1.661736603487963,-1.3455658425592574
SMIM10L1,0.6153016393491,0.8948138195317671,0.1648501420362017
SMIM12,0.07756787669404513,0.7412483139867331,-0.24627154116780986
SMIM13,-0.7745845172515088,-0.7438582968946514,-0.7910864153968385
SMIM14,2.422029828840589,3.0679284634862793,1.449586788674961
SMIM14-DT,,,1.1617433103163988
SMIM15,-0.9158203290422945,-0.16171122290213996,-1.585961489633954
SMIM19,0.21830255303956317,0.16937979342759427,0.835408629195205
SMIM2-AS1,,-0.3378841454315754,0.7079864080380038
SMIM20,0.9424140291083241,0.6770921902134892,-0.2141540349789861
SMIM22,2.365485860339532,2.211295572233551,1.559994102740026
SMIM26,0.4315696744399202,0.20401875626194627,0.4466312743399378
SMIM27,0.8793021273044787,0.9294867802664194,0.9502162068324159
SMIM29,-0.14966497989882124,-0.5315224895186076,0.15340135053993398
SMIM3,-1.6942599709024808,-2.4133445551599237,-2.4983455426017214
SMIM30,0.06856281240654513,-0.11824027211511631,-0.626528834832267
SMIM31,2.188086554507698,2.426813743887008,0.21184122171043743
SMIM5,0.7111574398537696,1.6089356798748433,2.413855375652051
SMIM6,,,1.5229104201585941
SMIM7,-0.667063956878775,-0.7003797399675313,-0.9514005477630842
SMIM8,-0.8534940375434501,-0.8793322540582142,0.880602930147866
SMKR1,,-0.3251357726289983,2.5838122431973054
SMN1,-0.34806610694686674,-0.43039797974199684,-0.07222439517091708
SMN2,,-0.02467616934453389,-0.03542879602731256
SMNDC1,-0.1846952457923314,-0.4558293215045641,-0.8176451622170237
SMO,,-0.6169164430978449,
SMOC2,-1.670556196540697,-2.2217991569571076,-1.9000516797780538
SMOX,-1.0053152752619163,-0.7826601671048723,-2.123952891188021
SMPD1,0.30869142137759276,1.1241319945148618,-1.7387395990067716
SMPD2,0.3682002391623902,0.8505344399758444,1.4776297190058343
SMPD3,,2.61004524345323,1.7153021879474808
SMPD4,0.3981881475429188,-0.05026899269437244,0.03373207701790964
SMPDL3A,-0.7848835989236723,0.6934915138165875,-0.5348493150152989
SMPDL3B,1.7129330851167426,1.3952036141522088,
SMS,-0.20487919097564725,-0.15277652866628877,0.12277530876830277
SMTN,-0.8678351000438584,-0.8376755272969237,-1.439425279854085
SMU1,-0.5090049752066463,-1.1110164061396208,-0.4995268187827756
SMUG1,0.573804448966368,1.2143837027449271,0.08299630224052963
SMURF1,0.833445580511441,0.32627523565553596,0.4453825850872984
SMURF2,0.8998254706771625,0.9530471666969899,0.24510643192561657
SMYD2,-1.5712563957315342,-1.7055742938987146,1.6983231756007309
SMYD3,-0.40742869417911604,-0.7794837883063038,0.44788066038005
SMYD4,-0.1471038274199775,-0.4759039098037304,0.5437834496843916
SMYD5,0.0683319895311872,-0.5787994098647725,-0.17593786918224322
SNAI1,,0.2088021757164359,
SNAI2,-2.6805757131776944,-2.35760107314923,-2.1574819776380396
SNAP23,0.5773374352940515,1.2189139612186621,0.16905337257243266
SNAP29,0.701405374449023,0.9656018968951476,0.26281402294239936
SNAP47,-0.7296652039527162,-0.9970835550140091,-0.9121386575570004
SNAPC1,-2.4177262200778493,-2.7381255207939135,0.03448616207623855
SNAPC2,-0.9594244353362895,-0.4347487744702776,-1.5787139496235518
SNAPC3,1.0687927466208955,0.9823876769477049,0.4364537940107401
SNAPC4,-0.0381210343352528,0.16116383692195999,1.460447349018652
SNAPC5,-0.06902446912876527,0.22816972319686124,0.8074231567318705
SNAPIN,-0.7456867194844591,-1.0948039647662962,-0.3275722358040577
SNCA,-2.3189999498927163,-1.6777074479661953,-2.1422822573314835
SNCAIP,,-0.7353352187646449,1.4185052903173985
SNCG,-1.8449580717767056,-1.4140398782744112,-1.6552918878428757
SND1,1.2194016666436545,1.003320434775813,-1.1774251490598386
SND1-IT1,1.136897649452941,1.3269982287922764,0.0001884116272896606
SNED1,,0.8975047619035659,1.4849668122316748
SNF8,-0.2573916664229877,1.1433100089241763,-0.246465758505153
SNHG10,0.6050377992380288,-0.26474535822329986,1.6635036258482296
SNHG12,-0.003799675337862722,-0.386154707663457,-0.5677504202923135
SNHG15,-1.4080439634535518,-1.9889917609920644,-1.9128075056655742
SNHG18,1.446953427435889,1.4496807054402436,-1.1812018422622772
SNHG19,0.48555140898973237,-1.1357259546587581,-1.546772058771593
SNHG21,-0.4340986412710103,-0.930041736257934,-0.4364537940107401
SNHG25,0.06048609676925623,0.3276051449305991,-0.3024262851200046
SNHG28,,0.5319373848996313,1.2171640849337013
SNHG30,0.6870467252673549,0.003962204794624026,-0.02110366849888261
SNHG31,,-0.23371874567794157,0.09680615395690138
SNHG32,-1.5152077625367582,-2.0632795529262986,-1.4555388451999074
SNHG7,-1.363532512437071,-1.7830406834102368,-1.5486443936552574
SNHG8,-1.219401666643654,-2.165878818003985,-1.797167200046405
SNHG9,0.7269631874623804,0.31036050744195054,0.019407615758214414
SNIP1,0.12107851433314586,-0.045941591243060007,-0.3010459775391628
SNN,-0.9102304956664494,-0.8328253440482961,-1.5319849140250963
SNORC,,,1.1276427235399695
SNRK,0.736292687696092,0.13403425786115197,1.080508475178574
SNRNP200,0.24242353720646012,-0.5465172304795584,0.3627697252559731
SNRNP25,0.28582588208612036,0.781681979950131,0.41233184348576546
SNRNP27,-0.7108609315718284,-0.2903886884288744,-0.34771835075198354
SNRNP35,0.0856546823905783,-0.11896575578693648,0.3329444869115124
SNRNP40,-1.4155299166054653,-1.5322974148151398,-1.1240916597762791
SNRNP48,-0.6911346339557657,-1.063530782024195,-0.6904235976656808
SNRNP70,0.09744849530819062,-0.4284230407939587,0.02034986007615477
SNRPA,-0.5694659627333346,-1.2696873932677546,-0.9270924558461031
SNRPA1,-0.6292756947144859,-0.0443190418262657,-0.02242286235201076
SNRPB,-1.5688867814746934,-1.3703730374151986,-1.9967635776500154
SNRPB2,-0.817580628187816,-0.5719986470833271,-0.46859859118749375
SNRPC,-0.28318814733906933,-0.4584284821477159,-0.16523213246212434
SNRPD1,-1.1053821650579123,-1.12854707064479,-0.4692295127612333
SNRPD2,-0.8262968194821744,-1.4856336105705052,-0.8491087072299681
SNRPD3,-0.7159101130972021,-1.5584512689832881,-0.4770263540647703
SNRPE,-1.3571426939531215,-1.513348656691904,-0.7408087968249243
SNRPF,-1.6353523977281492,-1.8465791239345184,-1.103422670655621
SNRPF-DT,,,1.3726096761167805
SNRPG,-0.1480350430699468,-0.13857877721610162,0.08469797826123561
SNRPN,-0.17206047429904583,-0.48885251896240595,0.1433049983337028
SNTA1,,1.0317300591687824,
SNTB1,,1.8942034003762096,1.4320318852165224
SNTB2,-0.8728799322797924,-0.709616099723959,-0.6452096384178383
SNTG2,,0.44725387528152505,
SNTG2-AS1,,0.5612141903449606,
SNTN,,0.6013060591531093,1.8909652453529813
SNU13,-0.32103274473406096,-0.4472538752815252,-0.8931667348578283
SNUPN,-1.1506283538784254,-1.1866172049636226,-0.8016939678340693
SNW1,-1.572048231158726,-1.5813000185461514,-0.24510643192561643
SNX1,-0.6731171552823865,-0.7130953592942473,-1.0282794379183502
SNX10,,-0.4568286333214451,-0.11404737255578959
SNX11,0.24194926452517235,1.1157024903365664,-0.40189258670810735
SNX12,-0.12270251352566869,-0.0250364801293446,-2.191543194806285
SNX13,0.7311686280384456,0.7741262130296723,1.077810213539375
SNX14,0.6267513586800096,0.44625887360682853,1.082875923950871
SNX16,0.5929144582625029,0.7507635959736754,-0.6366488810724251
SNX17,-0.8854199449605741,-0.1456739823456095,-0.5853263174205284
SNX18,1.680869627059747,1.530551989091568,0.43666104286413804
SNX19,1.5203078411158204,1.114026080276413,0.9084319911401831
SNX2,-0.6774560057735639,-0.6590816035039059,0.020538311081044428
SNX21,0.37560340459942454,-0.31925523004938533,0.07241330014002167
SNX22,,0.7362795825798547,
SNX24,0.9543286356395406,1.0012371474263935,0.8728551545157242
SNX25,1.3577212983072557,0.8369084005344731,1.0584778522038087
SNX27,0.2851063034082988,-0.4201464074141334,-0.04900663187013951
SNX29,0.15246008511622852,0.11824027211511645,1.0900149595349249
SNX3,-0.41419377511105004,-0.6362026510825601,-0.044102613249476064
SNX30,2.084493550412838,0.8624901045148596,-0.33932408006692666
SNX31,-2.2221275051175047,-1.5663862210308623,-1.7235642867579801
SNX33,0.5234759445747572,0.5832769832776967,0.29749924036975367
SNX4,1.329330092172656,1.4455724122302391,0.44642311115008904
SNX5,-0.837035974173994,-1.2971831263860902,-1.276599052850699
SNX6,0.493078925167762,-0.2531983272830314,-1.1308508830842694
SNX7,-1.2870675646726282,-1.1844351847854258,-0.04466840518695325
SNX8,0.32734314920099855,1.6610206606791995,0.24180708958056277
SNX9,0.03535577433923377,1.0101963929728084,-0.5396378871201333
SOAT1,1.3854451323572028,1.6454809351681257,1.8193931355023327
SOBP,-0.6812266838498809,-1.09907708385588,-0.571295785409841
SOCS1,-0.4590331216447325,-0.8036272153706377,-0.7716551495844647
SOCS2,1.1645794865972054,0.7750986618398504,-0.15073291164749353
SOCS3,-0.5522176180971216,-0.9004723250024675,-0.2639843963918944
SOCS4,0.6203183267338425,0.4951539554289854,0.7795454953684924
SOCS5,0.18422677758477238,-0.06397903102977996,-0.801434175771444
SOCS6,1.8190607722906753,0.9200959271082646,-0.38296753397825956
SOCS7,1.2928885460289234,0.515411829300368,-0.2020242387101684
SOD1,-1.1173391690429062,-1.6828799532040521,0.6659987393350356
SOD2,0.30482939081702404,-0.33578741294740677,-0.3585471966765449
SOD3,-0.4564759348371943,-0.7207803122419892,-0.8734068273160621
SON,-0.20135295288607272,-0.2800719157250977,0.04202816221517748
SORBS2,1.7575502196770019,1.4538136132422994,1.435190879206703
SORBS3,1.3468045818681142,0.9815126661685771,-0.5699654342242397
SORCS2,,-0.7481401465678856,
SORD,1.3360460521417705,0.2722137360041199,-0.03901109930322159
SORL1,1.4307445328347161,1.8148288019651355,-0.9053053024823842
SORT1,2.2991314945520847,1.9265899545253382,1.548644393655257
SOS1,0.564597939814255,0.5115077753103001,0.30065170938581504
SOS2,0.7965309861317863,0.5764586429014598,-0.3573419364856513
SOSTDC1,-1.6121185232620139,-1.0613140448314824,-1.3941935334206277
SOWAHC,-1.2739977408590115,-1.1133563921596443,-1.2053927635019015
SOX12,,-1.5500142551312088,0.30439915380875443
SOX13,-0.13338276488344394,-0.14148876639784044,0.12847244243621325
SOX15,-3.1153302159771257,-2.4407381457373463,-2.45775741351015
SOX2,-0.12038261267085894,0.109539209761343,0.029773435164653327
SOX21,-0.022454459760564628,1.1292282677545098,-0.31844114683974467
SOX21-AS1,0.18258745650385874,1.2454629334408303,-0.3081508779098329
SOX4,1.15735077497897,0.08203731209585312,-0.44996452628374034
SOX5,1.175538076320351,0.12114258409539966,0.7838931215044082
SOX6,-1.6459681034193465,-1.381979440020752,-0.011681786508223055
SOX7,-2.633459232561548,-2.201030428095354,-2.9670608430434537
SOX9,0.09166562262617288,0.07806239987931086,0.008290206511611697
SP1,0.7203804768205541,-0.13512468653951218,-0.1488275418858426
SP100,0.39146648451487875,0.09704577640081778,-0.13455398923598763
SP110,-0.04019516948874784,0.1242274096381748,0.19683494388729514
SP140L,1.2150541754465223,1.340144705237802,-0.021669032662146342
SP2,0.29327027562162966,0.12331998659997197,-0.3841843024558935
SP2-AS1,,-0.2757665157601037,
SP3,-0.46543928891743575,-0.6725691403359828,-0.6428912796393974
SP4,0.14198439866572912,-1.2403939520020808,-0.4774486279277684
SPA17,0.24883160483891792,0.5924820970066977,1.627041886480319
SPACA9,0.17299541720099515,0.18786263154403088,2.1915431948062842
SPAG1,1.1083565664350674,1.0971023857371287,1.5121839553284675
SPAG16,-0.05195213188033889,0.353370241579634,2.0122154180255603
SPAG17,,0.8188943857213087,2.1832985614859624
SPAG4,,0.8915932166695442,1.2877435811270186
SPAG5,,-0.6969314934127461,0.5741816894585419
SPAG6,,0.8297721412534159,2.0385868292698723
SPAG7,-0.8796411419459539,-1.133668881654476,0.0903720313491105
SPAG8,,0.7550676985050688,1.817424528986664
SPAG9,-0.15409111198999687,-0.34800762249272,0.030338925417613717
SPARC,-0.9196799959623426,-1.2411717205908166,-0.9434319407543268
SPARCL1,-0.7402241649270865,-1.8729738717924118,-1.0694282825674182
SPART,0.5524858506499861,0.44168753266608207,1.3437047009965255
SPAST,-0.7591343990285156,-0.9564562303407407,-0.5031587329798554
SPATA13,1.5517728582137524,1.1866172049636234,1.379895698308168
SPATA17,,0.8061171348189369,2.4243993249810063
SPATA18,-0.7052390866829421,-0.24391080665930182,2.967060843043451
SPATA2,1.0944190223481995,0.484189785342264,0.607610884227533
SPATA20,-0.2353151066501906,-0.9159786086511542,-0.6531181746554756
SPATA24,,-0.764441627593955,1.9492734446744022
SPATA2L,0.09814265526087756,-0.24038710131381455,-0.22940929582595468
SPATA33,-0.6533188262246475,-0.06379856334386957,2.7156514242452463
SPATA4,,,2.2063401464113612
SPATA41,,0.040353292391461716,
SPATA6,-0.7481216724208801,-0.5694551828986406,2.3556429810867416
SPATA6L,,1.1600895260827513,2.246777673295444
SPATA7,-0.7317704605292943,-0.7254586326631302,1.6650087797587565
SPATC1L,0.031669177858606276,-0.04612188189966793,-0.2534638386266435
SPATS2,-1.590538977522394,-0.5082261894782236,-1.392701210695722
SPATS2L,-1.0398872580696616,1.063530782024195,0.9141397546425779
SPC24,,-0.7429086267488545,
SPC25,,-0.9699168433540891,
SPCS1,0.5710916348430106,0.9247811593238568,0.34851907511682456
SPCS2,0.3492896844449814,0.6335588988992853,-1.2787299111338
SPCS3,1.592172774288464,1.848564211217563,-0.46167068219441515
SPDEF,1.6875269773876114,2.257166052001427,-0.6185244204370924
SPDL1,-0.8531626154614801,-0.8038759829795837,-0.8210715183838175
SPECC1,0.9377569768867847,1.4611065429431203,0.15683380901181992
SPECC1L,1.0542298961281242,0.5798644433617339,0.01752317797595996
SPEF1,,0.7429086267488545,2.1441553045580335
SPEF2,,0.314520895141135,2.8508982993324743
SPEG,,0.16901440102175586,
SPEN,-0.3031411844856907,-0.3331209763757293,-0.06693607754714329
SPEN-AS1,0.6547448209350135,-0.040353292391461716,0.21261203295586847
SPESP1,,0.026838083745627163,0.37891571905046867
SPG11,0.9849126626887722,0.8685143800427737,1.1355055452091318
SPG21,0.5311502669205693,0.21303764486649646,-0.3234003526012344
SPG7,-0.0634855310264834,-0.39977373362707275,0.2573570092563032
SPHK1,,-0.31830779383197205,-0.6256120199829314
SPHK2,0.45468767947840505,1.463730088891179,0.11082406359928906
SPI1,,0.49719086617666486,0.029961930848831506
SPICE1,0.13965862323645825,0.83665280104286,1.1819592051452228
SPIDR,1.2688302666062068,-0.01675005965588993,0.7754670300023375
SPIN1,-0.7046486111381177,-1.0431437172311253,-0.4978199629230121
SPIN2B,-0.30121286286535337,-0.7974240938939049,-0.9993011522727411
SPIN4,,0.6685101291107518,0.6811276233355289
SPINDOC,-1.3788612788782695,-0.8315522342208488,-0.9805412833136994
SPINK2,,-0.669185864772365,
SPINK5,-1.334922540549304,-1.5184625634246378,-1.7007188660533645
SPINT1,1.524711028713685,0.9107855226220098,-1.553664010152721
SPINT1-AS1,1.7426405792050688,1.222328142705047,-0.16122242433144837
SPINT2,1.332680558488414,1.9231449546213104,-0.5670864594240748
SPIRE1,0.2289276799273269,0.2733352931767864,0.5294225953772015
SPIRE2,,1.2396169330343711,1.5062992178924932
SPMIP4,,-1.6567427788803033,
SPMIP6,0.48218594108200874,0.37859807937234113,1.5859614896339533
SPMIP8,-1.4662450697352072,-1.4711301320269872,-0.9285412531601485
SPNS1,0.1543241491944016,0.12440890649745776,0.24355347005783418
SPNS2,2.9937090408604825,2.730556599021779,0.8512722072584475
SPNS3,,,1.4725964161079204
SPOCD1,,-0.2405724847137314,
SPOCK1,,-0.8438303910844692,
SPOCK3,-1.8681846730510883,-1.347251882433527,-1.4190207573339346
SPON1,,-0.7809488301665392,-1.1365831970713947
SPON2,-1.1591522764213225,-0.6962428387125544,0.01884227749154383
SPOP,0.18094862595716352,-0.07228289327253189,-0.5913746934588221
SPOPL,0.9481739981152794,1.2276675902314071,1.1680561286398907
SPOUT1,-0.7965309861317865,-0.5031096300779909,-1.112822368810444
SPP1,,,0.541382252814436
SPPL2A,-0.10508691228733552,-0.16353619378103082,0.8378148515814003
SPPL2B,0.5978633775993186,0.5055639266628748,1.0614517128608933
SPPL3,0.10277161337663832,-0.4984140029868113,-0.38783803161372593
SPR,-0.3024179321621892,0.3593193113041066,0.4172599570907786
SPRED1,-1.6770986279880975,-2.042541382360616,-1.2116499063744723
SPRED2,-0.8528312870649137,-1.6468772764317021,-1.8333748637682838
SPRING1,1.6062348252407044,1.6303287005718756,0.5466252770509065
SPRR1A,,0.7210138531248,
SPRR1B,,0.029901012958086417,-0.45873826963550796
SPRR2A,,0.32646518731284657,-0.3373289854972473
SPRR2D,0.08981575985585835,0.05694227682168253,
SPRR3,-0.1997082342047039,0.9398002759915252,-0.3645813578730023
SPRTN,-0.3835228808030399,-0.8902540253433683,0.607384291165334
SPRY1,-1.8748189232327837,-1.721206312694868,-1.5259213021690994
SPRY2,-1.8761557236377717,-2.119400704472962,-2.085969797386037
SPRY4,,-0.4542313684005475,-0.736353930119425
SPRYD3,1.1325138479573642,1.0459406245781588,0.9854283493052155
SPRYD4,0.006102532068881681,0.6900597211216475,-1.3413847994985342
SPRYD7,-1.3525301271646273,-0.8078630559185055,-0.8022137143568281
SPSB1,-1.7230058905631913,-1.689597190403474,-0.3222094222479491
SPSB2,0.18633520447029592,0.6069260556801711,1.0862685602003863
SPSB3,0.760363713336118,0.42290206057503316,-0.6577893765773926
SPTAN1,0.9098820754256254,0.9378414250842808,0.9443143797271569
SPTBN1,0.6967010615170395,0.6834478430599337,1.233126524504749
SPTBN2,-0.20652563831253604,0.13803328560556388,-0.15225760122559184
SPTBN5,,-0.5826366156301411,
SPTLC1,0.6887972764758916,0.5724229173277008,0.31032490941339286
SPTLC2,1.1704979389562697,1.1268463647620335,0.7422970211192443
SPTLC3,0.9864098845156952,-0.022334225236584907,-0.40720901651860736
SPTSSA,-0.12757647083741594,-0.6472666139863703,-1.199182461358153
SPTSSB,0.030286817828190364,0.6662598772500918,-0.9711386200291032
SPTY2D1,0.7823792380016213,0.9364444462489815,0.22129248333267412
SQLE,1.6837136429038082,2.1143227127060857,1.4642895446308035
SQOR,-0.19266549736362046,0.6644621022183337,-0.7782695846554492
SQSTM1,-0.1823533079311691,-0.25654714652159755,-0.6825539276842182
SRA1,0.7892781202592606,1.6010999091157634,0.34911976503970127
SRBD1,0.2750475033625539,0.9126959009582857,0.2313440799204075
SRC,-1.3073653657029776,-0.2062259016388465,-1.6123529948872024
SRCAP,,0.857537039973272,0.42116857406110864
SRCIN1,,,2.226104003095431
SRD5A1,-0.9550550884859481,-0.8693024793216618,-0.6484611805975714
SRD5A2,,,1.878720832262307
SRD5A3,1.7363676322494312,2.0296596393334245,0.7223420836859366
SREBF1,-0.7332762028462575,-0.31319654824371923,-0.5341972795537753
SREBF2,1.8118809502283537,1.2980190542324703,0.06410382950536156
SREBF2-AS1,,-0.011886863207262618,0.12733268798346845
SREK1,-0.2764827483956063,-0.27053204157202476,0.28178047130249934
SREK1IP1,0.07779885538801924,0.16828368385049916,-0.45246774815405566
SRF,-0.2891858802096346,-0.45982931289651774,-0.0875346525335306
SRFBP1,0.05933261456415418,-0.6976204787881716,-0.6098785342881364
SRGAP1,2.1051539951631844,2.7017508501399594,1.1409070653951487
SRGAP2,-0.8850791975333404,-0.5271715895354595,1.2560163504475057
SRGAP2B,-0.8485325028072717,-1.2855740682335022,1.2457169998961053
SRGAP2C,-0.9916676653463056,-1.258873926172629,0.9064412548171267
SRGAP3,-0.7758285020715204,-1.6689433343277837,0.18973225802743773
SRGAP3-AS2,,,1.9844665950661238
SRGAP3-AS4,,,1.2061723253366936
SRGN,0.48866288271858843,0.4391078143757605,0.22882902834721494
SRI,0.933120174571837,0.1258610294270177,1.1721658229645073
SRM,-0.20746671649696677,0.028819948566487976,-1.152909128388621
SRP14,0.6504708132368837,0.7976716289325606,0.2837414347552641
SRP14-DT,0.7251647884550014,0.7524357569761407,1.3857777039366201
SRP19,0.38426655869765425,1.119064751189779,-0.0843198070120356
SRP54,1.0011253888513185,1.6162062877595684,0.3403221335762263
SRP68,-1.2112089271782467,-0.6373055271719784,-0.5326767456396176
SRP72,-0.7176965371321248,0.9236769278460399,-2.393538921925579
SRP9,0.3448872375160271,0.5856270484731646,0.1263830190078074
SRPK1,-0.7305670602621331,-0.6103940559484237,-1.5110028175651171
SRPK2,-0.9036292850895347,-0.14549196389695976,0.34471761422260916
SRPRA,2.156406900960356,2.0157307700108245,-0.5668651946923111
SRPRB,1.3647002950542437,2.025439600721017,-0.7277332223537317
SRPX2,-1.085659272520573,0.11932852108089448,-0.5072258032205632
SRR,0.23365819554254158,0.2526404677167442,0.5300729759771153
SRRD,-0.19876863773914863,0.16810101861185237,-0.689228483498663
SRRM1,-0.058179211296977076,-0.7910052295850192,-0.8971043098555355
SRRM2,0.5439219596785541,0.43573873725853796,0.24996326837609917
SRRM2-AS1,,0.5762460026352264,1.261007698844584
SRRM3,,-1.2466372522476832,
SRRT,-0.5056001945789244,-1.050933211374298,-0.8828263038138966
SRSF1,-1.08482934954143,-1.4569296685899158,-1.0499388206572235
SRSF10,-0.240289737889309,-1.4647823337268244,0.0037682414414267817
SRSF11,-0.9730134371940451,-0.9888275527511357,-0.9857345725758483
SRSF12,,-0.3335017504674624,
SRSF2,-1.1997792617291996,-1.2110022951373545,-1.0502658292722793
SRSF3,-1.3981838080968123,-2.0324932093953274,-1.2605905528431407
SRSF4,-0.6066978535035993,-0.9856025054813206,-0.29356280357779474
SRSF5,-0.3642601458837761,-0.8495005640059915,-0.01337762445951757
SRSF6,0.04065611158161502,-0.3013018037910655,-0.1560708821861056
SRSF7,-0.878624401009114,-1.5082740236224779,-0.834607629429098
SRSF8,0.5849715672085573,0.5425484731875918,-1.103076404110508
SRSF9,-0.14524177791461598,0.590551312788255,-0.23250536573518046
SS18,0.729064295994936,0.27090568516503977,1.0064664955974216
SS18L1,0.06810117029644534,0.21653939221782775,-0.14482801498459202
SS18L2,-0.7408300228411618,-0.4530336644930466,-1.4210864054994148
SSB,-1.1277166686825455,-1.6747717686201369,0.7570199951159543
SSBP1,-0.5463264977079291,-0.8343548599708225,-0.4835812237570459
SSBP2,-1.3884577445724604,-2.316171082026319,-0.2745342547212015
SSBP3,0.48063449060843655,0.04504016024192341,1.3464981636731626
SSBP4,-1.0045521660245598,-1.06925510389415,1.748214225277854
SSH1,-0.8066922300147203,-1.2884600696637054,-0.8635169990732763
SSH2,1.9477327827121245,1.2349704547175433,0.23521625534340498
SSH3,-0.44246407371463964,-0.9561717173101281,-1.4092906299374999
SSNA1,-0.5332728187923786,0.15879238676000484,-0.07694781030811981
SSPN,-1.4980142965873982,-1.610251286963602,-0.7515110397019084
SSR1,1.6362300184335892,1.8120315664154112,-0.7754670300023377
SSR2,1.361784317142153,1.3383784517802555,-1.4283643615263986
SSR3,1.96968399789525,2.4002994623188756,-0.7430417500325944
SSR4,2.9048082266126145,2.7231409467690666,0.08753465253353074
SSRP1,-1.898015240473872,-2.107635747476218,-0.448088959321556
SSTR2,,-0.26213493199033844,
SSU72,0.9067512488021278,0.8247005826970197,0.04221674106525861
SSU72-AS1,,-0.19795419390877197,0.6295121293607336
SSX2IP,-1.5036961409353162,-1.527653265691311,-0.08469797826123575
ST13,-1.3456647578638345,-1.9441673849974694,-0.1976033905491322
ST14,0.9186260024947567,1.3603099594601022,0.2501576637685029
ST20,0.11296321937038611,-0.12749498517220428,-0.05164773801483795
ST20-AS1,,1.2162682771951687,
ST3GAL1,1.4888831391643076,0.4612310465627802,-1.1135225595012965
ST3GAL2,,-0.7695170365001566,-0.14692271228007014
ST3GAL3,-0.8518378630951926,-1.0259209025575131,-1.1995692507313616
ST3GAL4,1.8603305847522589,1.909588370463012,0.22940929582595468
ST3GAL5,0.5113655900191998,-0.24669481797291878,-0.4057765436896193
ST3GAL6,,-0.7687907663847181,1.4566265930423494
ST6GAL1,1.2375217860951961,2.010267057830578,-0.22921586475984304
ST6GAL2,,-1.3612190985063632,
ST6GALNAC1,1.3473751506123777,1.8719343117195435,-0.034863211932614
ST6GALNAC2,-2.584990367510143,-3.03032838477979,0.5361540687868236
ST6GALNAC4,-0.2265643484284722,-0.3739585967284693,-1.2748985303342604
ST6GALNAC6,1.301971743945797,1.0171204468874813,1.4032133860103075
ST7,1.4301039586991369,0.2984760567868355,-0.060139540849282185
ST7L,-1.0827578039768189,-1.3562326796712,-0.9817608515156792
ST8SIA1,,,1.5741447074610615
ST8SIA4,0.5316806802180629,-1.1481706631701918,0.41007647431788014
STAG1,-0.8185460201721052,-0.7753418885773183,-0.8087289427595162
STAG2,-0.3971912170461299,-1.0253114249048763,-0.03410911712257973
STAG2-AS1,,0.6633395827626891,1.1344292104363887
STAG3,,-0.03098211229614538,0.8982318880822597
STAM,-0.8266208459554115,-0.36066440389328563,-0.0807277738146761
STAM-DT,,-0.3616255838439276,
STAM2,1.0840001730905924,1.0804872158729142,1.3248905476486392
STAMBP,-0.4734095859254659,0.030621741889049373,-1.1474331529867894
STAMBPL1,,-0.6204057928157383,0.09756336794601778
STAP2,-0.49385922347286854,-0.6129998800630833,-1.669547020938679
STARD10,2.088554794187629,2.573797368962838,-0.3533281376009342
STARD13,,0.5251032397624443,0.639189072730468
STARD3,1.0041708306915595,0.30054803691877263,-0.7169718581768625
STARD3NL,1.0894032158145288,0.2909523014114564,-0.13303314471432312
STARD4,1.637108901205784,2.0212553272806284,0.25852571880152286
STARD5,-1.6856172462186114,-1.0775859705363238,-1.5530344156689484
STARD7,-1.145731434407924,-1.6330558564372941,-1.0690945669895602
STARD9,,,2.390247078492405
STAT1,0.5909938000756667,1.2121278913007374,0.5387663199744505
STAT2,0.04641864839135033,-0.31036050744195054,-0.12790254444102062
STAT3,1.1439575324707825,0.5390047109480003,0.4219922593108991
STAT5A,-0.007484260860118914,0.5242765289386943,0.5639912718905421
STAT5B,0.6996394431550559,0.225952089470242,0.4954754007061049
STAT6,-0.5735329777773591,-0.7565055094334641,0.09453484323306435
STATH,,1.405767843324877,
STAU1,-0.05679522939909813,0.17358344458217578,0.4387345650760638
STAU2,1.5594953193412622,1.620208356548162,-0.24025537041648146
STC1,,-0.25338429797507495,
STEAP1,-0.36081719905261844,0.16536170948333434,-1.775795154220261
STEAP2,0.5471287121545811,0.14021550015490022,-0.9064412548171267
STEAP3,0.9568734295735306,0.030081193720075197,1.0541987280487646
STEAP4,3.37619564691468,2.8144709420678247,0.3389249533408627
STEEP1,-0.350758668214765,-0.7214810529114842,-0.237928874643822
STIL,,0.32836535316635773,0.6683525149207327
STIM1,0.010708354834567228,1.0948039647662962,-0.25268566717846513
STIM1-AS1,,,1.4720394585109737
STIM2,0.06256256859652796,0.7610689367194247,0.49824654074486224
STIM2-AS1,,0.5997962298273537,0.8828263038138966
STIMATE,,1.0132008826162853,1.3852857042337676
STING1,-1.6450763588204527,-1.1467791396188107,0.5668651946923111
STIP1,-1.1614094570437676,-0.6736986099057172,0.38215666998645703
STK10,-0.2595346074366487,-0.4817612336302816,-0.2388980906600417
STK11,0.07202560085520368,0.12223121290914436,0.4248774180968268
STK11IP,-0.2559636960690758,0.3234273687654443,2.002327232273755
STK16,0.3106241610094289,0.6108280717605454,0.6538179445949502
STK17A,-1.2459850962595893,-0.877742738759267,-0.39699517829850606
STK17B,1.0986199917027286,0.16737041368074349,-0.9195898521597239
STK19,0.5292949953029311,0.05044932095667295,0.9305728500312541
STK24,0.044804990934498,0.7040670729674214,-0.23928583986074692
STK24-AS1,,,1.3451001202850208
STK25,-0.38649887000835054,-0.47691262347894353,-0.7798008298024465
STK26,-1.117769163265482,-1.1779227168517816,-1.3813617220767298
STK3,0.5640578754637755,-0.4087637654776111,-0.7628040312386991
STK32A,,-2.03964941546379,-1.7023214321870066
STK32C,0.9349011812269606,0.7170489860955495,1.7516987825284047
STK33,0.41519761596264104,0.33578741294740655,3.238251875126386
STK35,0.7566792048645595,0.3335017504674622,0.9334818122846386
STK36,,0.5813565963942486,1.6787280782833307
STK38,1.291296664438557,0.7892826387091822,-0.19952501885730167
STK38L,-0.9973315942904458,-0.06452044661359953,-2.0461702100515042
STK39,0.5203093847525265,1.2963481039977345,-0.07656987531054399
STK4,-0.5391222838544535,-0.6138694130399597,0.09093959369870541
STK40,0.7405270599065378,1.0168183873193792,1.0215892541577016
STMN1,-2.4926886215671233,-3.1871166496750525,-1.4205694250587775
STMN3,-1.73325661156733,-1.577538597475934,-2.020850440037744
STMND1,,0.6415035516932768,2.952027779703684
STMP1,0.8035079342605687,0.29264369583120403,-0.03429763898992767
STN1,1.1871054324239363,1.988991760992064,-0.02204594594110204
STOM,0.07133297539873605,-0.7135599125431987,0.619437197868695
STOML1,-0.10416072581746143,0.20788191962058114,-0.829281247457394
STOML2,-1.3106198793124655,-1.5657723327407291,-0.6019553658324022
STOML3,,0.858578039474546,1.9307195894373572
STON2,-2.0627495841060446,-1.4014272007992938,-1.2614250643904692
STOX1,0.5218920105303119,-0.9267162827012504,1.923480577667068
STOX2,-1.2944837106715223,-1.0360328691108798,0.5095842589992373
STPG1,-1.3559868463156268,-1.4160003610105931,2.244432769746462
STRA6,0.5629782399105688,1.8233068232405065,-0.29494003595489887
STRADA,,0.7851089184615533,0.5365891895107066
STRADB,0.8285668306877643,0.4452643135450884,-0.14216295414140837
STRAP,0.06371628005362494,0.24372527334359342,-1.0680941338788401
STRBP,-0.24764416234508518,0.5220049183187467,1.4195366016691837
STRIP1,0.07802983823272695,-0.7285080712504368,-0.7862008133508482
STRN,0.06671633064596431,0.7714557445762912,-0.4372829020167492
STRN3,0.1823533079311693,0.15350542484649457,-0.17421597586235563
STRN4,0.4287909946099664,0.3128182643898739,0.23540995624028432
STS,1.8251164156762587,2.0367744071709613,1.0781470670145294
STT3A,1.2444850884819287,1.5494158193778143,-0.02543831282226185
STT3B,1.5343540250313095,1.1288876037200057,-0.5459690796399002
STUB1,-0.4462767678490688,0.2405724847137316,0.17900030473125964
STX10,1.1969462261066317,1.7149031601243951,-0.5040142646696562
STX11,,0.004862712324875063,0.8139659426362095
STX12,0.41068360875412097,0.5907657355510041,0.018276945246939787
STX16,0.10809764515368583,0.6399555993802214,0.8477585358532517
STX17,0.7191869751883772,0.1847473358466722,-0.5444388654870651
STX18,0.12177447463617772,1.6682187543416627,0.7859441965145982
STX18-AS1,,0.4876351327643445,
STX19,1.9728985673689836,1.5713187146240133,0.1473036353352128
STX1A,,0.606276618743181,-0.16198597647203955
STX2,,0.04756426161784391,2.809560850146818
STX3,0.39395391140658126,0.9873603491025742,-0.05485528165951539
STX4,-0.8314917059074731,0.13058227857494817,-1.1355055452091318
STX5,1.5494740716954054,1.622219160476625,-0.7247899895457184
STX5-DT,,0.5603711208194948,-0.19625868518406384
STX6,-1.6780391421746956,-2.290611080265814,-2.3902470784924055
STX7,0.7727207840425546,1.1343540393450608,1.2046139335168293
STX8,-0.13222115254577596,0.17962015177694787,-0.12315499168356155
STXBP1,1.3848441167402572,0.305450595886908,1.3363062692685581
STXBP2,0.6518941587768325,1.3454687121374773,-0.182064419961436
STXBP3,-0.7569858545045821,-0.6519371312391772,-0.9262241108032925
STXBP4,,0.15332319317056814,1.570254206626119
STXBP5,1.190840711828284,2.078654829754771,0.7686137003788404
STXBP6,-0.0061025320688818194,0.8438303910844694,-1.7031243574581716
STYK1,,1.7955387936499363,0.8298128256997898
STYX,0.5242684041162313,-0.16043406402934082,0.055798782787137235
STYXL1,0.7702399731704485,0.7843737992760292,1.4900935526559806
SUB1,-0.2178309055529767,-0.4335613811711994,-0.32936192827240707
SUCLA2,-0.8621441906097486,-0.9261630364242753,-0.9155713537267444
SUCLG1,-0.30434695770424336,-1.2684785624566843,-1.3253438670106101
SUCLG2,-0.3605714383483919,0.4015300896639929,-0.4840048298947401
SUCO,1.557943383806378,1.71962411188691,0.4825225877312923
SUDS3,-0.23271167741635296,-0.4177869564536763,0.9699316207245939
SUFU,,0.16171122290213996,0.3067681618963063
SUGCT,,-1.7910430200682323,
SUGP1,-0.48529233198947347,-0.29866436554241366,-0.28354528942798296
SUGP2,0.7179944971211643,0.37415174719083694,0.7490144988629531
SUGT1,-0.9064039277480154,-0.9154308057330701,0.8928860094145161
SUGT1-DT,,0.4530336644930466,0.5994730349183071
SULF1,-0.8611428097585975,-1.2905280880569316,-0.7975437619778887
SULF2,-1.8474899741521291,-1.1869814246247663,-1.7508256488419272
SULT1A1,0.646492433010957,-0.1706588452843101,0.8940093338491947
SULT1A2,,0.4087637654776111,0.32399598972280097
SULT1A3,-0.2800733611553249,-0.14057926722460315,-0.7077443528451183
SULT1E1,-2.0273418048399154,-1.67697217249157,-1.58928354485265
SULT2B1,0.8435917688352306,-0.6877763685019697,-1.2494095048864577
SUMF1,-0.27911551321565686,-0.37975922056513256,-0.21916908022424178
SUMF2,0.5160953988861166,0.46825339646151415,0.003391415772312153
SUMO1,-0.19430793524393739,-0.3633565507186042,-0.6806524964514535
SUMO2,-1.1207849280088062,-1.9723453417822527,-0.7660845805573062
SUMO3,-0.5269123190718192,-0.8141187059113395,-1.7252309011767037
SUMO4,,0.7110067705555528,
SUN1,0.3395155224020117,0.5652242372763163,1.0906977682450534
SUN2,0.019460124750790318,0.20438654452224034,-1.6277501653844064
SUNO1,-1.246986661001269,-0.9264396241170153,-1.151445491438435
SUOX,1.1316396960234876,0.5248965284309397,0.16981791511682245
SUPT16H,-1.3508078118022602,-1.5494158193778136,-1.005528957802527
SUPT20H,0.08172613843083164,-0.6173522003890316,0.8747871737484827
SUPT3H,0.11481746886085054,-0.6896027630671697,-0.33314364287349907
SUPT4H1,-0.4250072091648035,-0.2958408418932729,-0.6980958424559306
SUPT5H,0.8728799322797924,1.3932994969592727,0.7167282487894941
SUPT6H,0.049415764708397085,-0.08709817492383361,-0.6233222791723112
SUPT7L,0.40868007174231635,-0.22798487767217016,0.9358146817369818
SUPV3L1,-0.8130854987988948,-1.1888048895543224,-0.8356757482469639
SURF1,0.4245031650512042,0.9704935346349653,0.08205103082592662
SURF2,-1.7189558236041884,-1.807400775137717,0.5400738244215733
SURF4,1.0923257630798158,1.7389019057185906,-1.525318018977357
SURF6,-0.6823888412928089,-0.24335423187287572,-0.7736867535299207
SUSD1,,1.2280503201816,0.7353659442715331
SUSD2,,,0.25365840545471025
SUSD3,,1.0030225557738983,
SUSD4,1.0438497887649791,-0.6289429502556207,-1.7269023214278767
SUSD6,1.046633341077398,0.4215238338827101,0.3085460477485829
SUV39H1,,-0.18731274184181618,-0.3744658933170863
SUV39H2,-0.5589354307307134,-1.043454081647011,-1.265610861987547
SUV39H2-DT,,0.7974240938939049,
SUZ12,0.3149770833557022,-0.3107385015200413,0.035051738716111766
SV2A,,-1.4921811060291823,
SVBP,-0.8172590001566056,-0.9434477427014855,0.0163925456029478
SVIL,-1.1829229437989355,-1.3287378486134356,-0.22728202445264523
SVIL-AS1,1.6112745752011073,1.5201760552253991,0.9790188708751081
SVIP,1.3388622347509604,1.8387106743371322,0.10779141311933114
SVOPL,-0.3867470233259134,-0.3485817076444944,-0.08110583272137205
SWAP70,0.8403093570996514,1.0125992534216175,-0.33712955000014033
SWI5,-0.3363459358453564,-0.22743038780678926,0.029207954432459732
SWSAP1,-0.05956330464068717,0.17157262459630765,0.31230257500404074
SWT1,,0.9129690841019,0.21068524064566674
SYAP1,1.3366084409060013,1.7227928340723933,1.1441640179715655
SYBU,1.4716640448765115,1.209878231185746,0.42797259004406124
SYCE1L,0.261440444655289,0.010986305550813666,-1.5670301827234143
SYCE3,,0.5768840016547861,0.8359429269396648
SYCP2,0.3290443233004738,-0.44884679995759297,-0.15588016469027063
SYDE1,,-0.7426713138979094,
SYDE2,0.21123287604399307,-0.22447428475709427,0.5523222329367296
SYF2,-1.4682721345295116,-1.6755043354353616,-0.6875569753923443
SYK,-0.37165251390272697,-0.7306231948234776,-0.18072366090748435
SYMPK,0.26048740777764307,0.14876903954741447,0.7113795499993212
SYNC,-0.8661583918568098,-0.695095813965576,-0.6364181583779722
SYNCRIP,-0.5814229356267923,-0.6802665817672023,-1.002721632528869
SYNE1,-0.08981575985585849,-0.519735998169752,1.7177685208635858
SYNE2,-0.05933261456415404,-0.39314967297549613,0.7014653877813591
SYNE3,,,1.427320018938694
SYNE4,0.19571615628700517,0.7294477232668966,-0.19126715075808198
SYNGAP1,,-0.42329598710652655,1.9000516797780538
SYNGR1,-0.548466519436755,-1.4248906243598012,-2.494097616256891
SYNGR2,1.8024508167629345,2.2071615723779736,-0.9502162068324161
SYNJ1,1.0331881709905915,0.3365496898476572,-0.3758809386360028
SYNJ2,0.47366719093018606,0.4767108419522054,0.13664565946453094
SYNJ2BP,0.043191450136572745,1.047186324396157,-0.175555181319417
SYNM,,1.180087979707387,0.6401138014635392
SYNPO,1.8629358603085377,0.992652282181093,-1.120907778217534
SYNPO2,,-1.376385225214141,-0.9875738568858548
SYNRG,1.0811039068994397,0.7605878305630581,0.37446589331708646
SYP,,0.2888861708081625,0.34631761903762764
SYPL1,-1.596275966838288,-1.55421893280963,-0.8767224638297682
SYS1,0.4659526049298645,0.18053537023795055,1.26184264978479
SYT12,,-0.63333878622633,
SYT15,,0.2489234034934253,
SYT17,1.1983615416480657,1.2545103674033693,0.3449175664864119
SYT2,,-0.096683883096347,
SYT5,,,0.9845102334262363
SYT7,,2.473919271842317,
SYT8,-1.5232400167174276,-1.358042017077249,0.19817980210611943
SYTL1,-2.4442494056905844,-1.5334636304649414,-0.3710324675314455
SYTL2,1.1479538945059078,2.0035207235892267,1.05387036380819
SYTL3,0.887808062067358,1.0795191244270321,1.8710731914216514
SYTL4,0.5327419559199087,1.7086674129046604,-0.3770944338499246
SYTL5,,2.505888918222317,
SYVN1,1.5144823896194062,1.8252087369991614,0.2373474523568763
SZRD1,0.4951603894638153,0.5298638216299549,-1.2457169998961053
SZT2,1.1390977654447545,0.7219484102330188,0.7269968239305894
TAB1,-0.0067933948432781196,-0.5029052422947846,-0.1436857211963835
TAB2,1.4805631791883673,1.4921811060291816,-0.04240532141666258
TAB3,1.3711566230383765,1.410135134992812,0.7482664467479782
TACC1,-1.6138098725066226,-1.9710872602562817,-1.9659145794397666
TACC2,1.0522249148632943,1.299693636514958,0.8163298868670228
TACC3,,-0.8397236131870986,-0.7385795312545713
TACO1,-0.20958481571709206,-0.12549797393240517,-0.14825603661623668
TACSTD2,-1.6214786709697497,-1.4684780230805017,-1.7560846089777893
TADA1,0.2464570689318678,0.09071443566111165,0.09018285037726108
TADA2A,-0.41896575816381104,-0.8330801280099366,-0.43500357620664104
TADA2B,1.195533304136748,1.133668881654476,0.8108210737889044
TADA3,-1.116479799794012,-1.0385002520449063,-0.23386059571127438
TAF1,0.4414484429105117,0.001981098509633599,0.4023011378905308
TAF10,0.7877069024237359,0.6426101735656079,0.33155076437018427
TAF11,0.45213554721199994,-0.45024154378444275,-0.6785163233537496
TAF12,-0.9931749310507852,-0.8510517190175767,-1.4200528240134038
TAF13,0.8498535326424622,1.2140073050800617,0.07373570766037432
TAF15,-0.22325780587744254,-0.8292640260728674,-0.01130493836413944
TAF1A,-0.20699615448954758,-0.5121236852906071,-0.5335454711273014
TAF1A-AS1,,0.6221533017794031,0.936983028313994
TAF1B,-1.3428228200127101,-1.7002002752428587,0.34591753486951105
TAF1C,-0.3229730347434857,-0.8656292853923235,-0.7104092465338575
TAF1D,-0.6078054856407371,-1.2497772042740176,-0.8993606095086653
TAF2,0.15945311161824882,0.1447639382407706,0.004521894438412171
TAF3,-0.5757059333835698,-1.003618402830873,-0.5828683025432206
TAF4,0.7873928922017608,-0.16225865734037512,0.5684146315443542
TAF4B,0.6295564238874597,-0.9973796695395326,-1.1999562196506663
TAF5,,-0.9861881147604229,-0.7928911383695977
TAF5L,0.6103003898103163,0.38363340205333474,0.4027097562337156
TAF6,-0.6518941587768325,-0.530278351779865,0.616016934153227
TAF6L,-0.2542983898528941,-0.28719661750631176,-0.33433885648559825
TAF7,-0.46159331369658546,0.06831089424682142,-0.09339937146140627
TAF8,0.15222711448348183,-0.012066975872021964,-0.6015037574069738
TAF9,-0.07918481515388871,-0.02665791956046898,-0.1991406344760923
TAF9B,-0.7993804880627361,-0.7981668457019541,-0.3539298430892714
TAFA2,,0.8420319284196188,0.9224693234211505
TAFAZZIN,-0.004490529685733662,-0.42034313376490595,-0.13227283804577478
TAGLN,-0.3351277650053531,-0.40974292340196294,0.1356948267072269
TAGLN2,-0.5237400612058302,0.18346508971453918,0.11025536483213141
TAGLN3,,,1.2465360882164624
TALDO1,-0.41469564330092645,0.27258755028051895,-0.29848406790283305
TAMALIN,,0.1304006389107477,
TAMM41,-0.48141007100103506,-0.8138678688970845,0.12353469235356564
TANC1,0.7579062308661078,-0.007924471793386623,-0.6116949145081695
TANC2,0.3171557794770979,1.0702125681301047,-0.0913179848623029
TANGO2,,1.1194016734885666,0.5701870893183927
TANGO6,-0.564597939814255,-1.2396169330343705,-1.1558438357588998
TANK,0.2178309055529767,-0.7010703884268307,-0.40414045063085524
TAOK1,0.7619019740864894,0.627626569723135,0.07978267690674963
TAOK2,1.0712419941783944,1.1833462864621263,0.9152848838491947
TAOK3,0.2779185631896918,0.5049500675385052,-0.6283640467036687
TAP1,-0.556514127189158,-0.12440890649745762,-0.5655381884118694
TAP2,-0.4245031650512042,0.4902737192728826,-0.6463701187746573
TAPBP,1.446297748728284,1.5952869539370316,-0.1970270446384557
TAPBPL,0.9470916107789358,1.0863171589027856,-0.7343786757052109
TAPT1,0.835729130124886,1.027141002557815,0.9774987241720733
TARBP1,0.6925974013112832,0.25133910077250354,0.7380846373581859
TARBP2,-0.08935334242978175,-0.3846028455170464,-0.7597831017909874
TARDBP,-0.9306317260941576,-1.0934931741752087,-0.6730712170012408
TARS1,-0.6815171369039992,0.4967833192364765,-0.8415675379379319
TARS2,-0.4004326906791772,0.1262241015120421,-0.02864248303989478
TARS3,-0.5915423368213966,-1.1173820417906954,-0.972347035795313
TAS2R14,,0.3573988768975301,
TAS2R4,,0.29414786054389386,
TASOR,0.2669250463936372,-0.25450030641990334,0.5801908415352969
TASOR2,0.13291809843843685,0.18914592875743413,0.17115610373633666
TASP1,-0.12641573422856772,-0.5172638598541393,1.0879695760240797
TAT-AS1,,,2.0009305039226932
TATDN1,-1.0881535398452478,-1.6276136164483261,-1.3060917830223002
TATDN2,0.5719050369621065,0.384215024806588,-0.47470536504633487
TATDN3,0.11342674508324829,-0.26922458600398236,0.7179467215849841
TAX1BP1,1.6668495380009298,1.4732592937473201,1.5973288491992936
TAX1BP3,-1.9326093783781908,-1.7149031601243947,-2.6287929517723616
TBC1D1,1.3606211618172637,1.2065151769315268,0.7985800235150835
TBC1D10A,-0.2954345805704026,-1.2369032423769315,-2.212832434661329
TBC1D10B,0.24028973788930885,0.21230076909057272,0.28315303148934895
TBC1D12,0.632647728684662,0.26455883957707627,-0.06297107552582143
TBC1D13,0.6835519211087178,0.4540317058740966,-0.28080039622967795
TBC1D14,-0.8598089769611307,-0.6164808029180012,-0.30341257184613224
TBC1D15,0.7786318683177764,1.4263833267361306,0.07071324762879455
TBC1D16,1.6231958604313919,1.801894498044171,0.8884039307878103
TBC1D17,0.42148115864037194,0.4759039098037304,-0.015450368027195566
TBC1D19,0.15455719477988739,-0.2402017261749142,0.9636179132298259
TBC1D2,-1.5441418457947977,-1.5060310465282833,-2.346676911030591
TBC1D20,0.5565141271891582,0.7989100381041626,0.8418360403834845
TBC1D22A,-0.8902012532023004,0.03764973993963994,-0.10665442622173668
TBC1D22A-DT,-0.2681184086437522,-0.6759601320818133,-0.25852571880152275
TBC1D22B,0.7733417299463328,0.6727949655744712,0.9696300916257697
TBC1D23,0.5417872299033833,1.0153094789815809,-1.0375946507119118
TBC1D24,1.443028644070656,1.175762962485683,0.3811434431525249
TBC1D25,-0.3586061350807551,-0.6097432477156596,-0.7892842653415137
TBC1D2B,0.8956906482108188,0.07481111894719412,0.24219511021623766
TBC1D30,2.051288488831072,2.112642098881288,0.16427720147809374
TBC1D31,,-0.8158760016273092,0.7833808679505543
TBC1D32,0.7572925753435436,0.764441627593955,1.3897258346043468
TBC1D4,,1.089898150969546,0.5383306898684461
TBC1D5,-0.44678561636415604,-1.2921864853873135,-0.6707099991930436
TBC1D7,0.12989846140258363,0.8226778910099931,-0.3686115059647634
TBC1D8,0.1036976661367583,-0.7089212787776206,0.9931118659715952
TBC1D8-AS1,,-0.5802906409277686,1.0080310275949125
TBC1D8B,1.8801863696199193,2.2881357599397205,0.33095365196151477
TBC1D9,-1.1134784799573323,-1.1972442144551934,-0.4648169651326161
TBC1D9B,0.8227382349708938,0.45383206144603583,-0.5600196638058395
TBCA,-0.6019986868631564,-0.5584756684751164,1.0460234398127268
TBCB,-1.0622925534701981,-1.2419502407197538,0.2808003962296781
TBCC,-0.932408600156117,-0.8310433675461226,-0.7795454953684923
TBCCD1,0.12270251352566854,0.02017253968720551,-0.15835993702105652
TBCD,1.1636725704537163,1.1167098431853864,0.7108943146042054
TBCEL,,0.4083722120667362,1.5467720587715923
TBCK,0.5174112817387648,-0.2684776752587727,0.27688278154227824
TBILA,,0.8033784974844828,1.1654511073685117
TBK1,0.36499848091538617,-0.05802466216762471,-0.4715444931225516
TBKBP1,,0.33445389742039455,
TBL1X,1.3089908894270448,0.92450499577552,0.5947442598559074
TBL1XR1,-0.355906101140844,-0.21156400857295982,0.12448402207581144
TBL2,0.952877238715593,1.6777074479661946,-0.00659445471113511
TBL3,-0.07133297539873591,-0.47913350460998355,-0.5475005732793271
TBP,0.31909366257354904,0.14421796936804562,0.052591076568637055
TBPL1,-0.7025838780001076,-0.9437288370229282,0.32419456096639254
TBRG1,0.05010746899674571,-0.4986179315866699,-0.3565387180885002
TBRG4,-1.361784317142153,-1.0759780797863434,-1.468707262223464
TBX1,-0.8089261120348562,-0.765648268502753,0.09529189204245621
TBX19,,0.851569225882005,
TBX3,-0.5857915277366633,-0.006123429655484162,-0.7686137003788404
TBX6,-0.7444708998527608,-0.053695515923294565,-1.2453077689666763
TBXAS1,,1.1251489119393303,
TC2N,2.1201697587379345,1.917453508194256,1.022542192810475
TCAF1,-0.45111551924527316,-0.1342159848721022,-0.7403130866110931
TCAIM,-0.3578695037086705,0.5944150924874501,0.044291208984345125
TCEA1,-0.6855895394006907,-1.1950344418987993,-0.5609014780968561
TCEA2,0.25905829566047917,-0.6764128513049007,0.8179083870375223
TCEA3,2.0327651884433102,2.2196787763393644,-1.124446128225748
TCEAL1,-1.0761598674673785,-1.2009402156634286,0.4806184037588577
TCEAL2,-1.537349993042043,-1.5998034647174735,-1.6054788929081647
TCEAL3,0.9704288030418813,2.0310743858988474,1.3701971240573485
TCEAL4,-0.8588096053965573,-1.5952869539370316,-1.1661945917068017
TCEAL7,,-0.9575950575556668,
TCEAL8,-0.4626182373321666,0.588194450519075,-1.3321765975550282
TCEAL9,-0.974123129451123,0.6236839320271517,-1.3592007536098158
TCEANC,,0.635100548286802,
TCEANC2,0.1566549843869719,0.500454223724484,1.3606257482224804
TCERG1,-0.2839073333891428,-0.47529891401469265,-0.4551827756393348
TCERG1L-AS1,,,1.1922507012814458
TCF12,0.5269123190718192,-0.07842370363003999,-0.27923283652787356
TCF19,-1.1737018488582704,-1.3428019509658764,-1.8384563419691542
TCF20,-0.5795151651943365,-0.7343915102834,0.01620410895042661
TCF25,0.973753098800079,1.54524222238019,0.18723900868745813
TCF3,0.18914773109950234,-0.1525943173182485,-0.6542846357968963
TCF4,-0.527970916195507,-1.0119979905219285,-1.1496194068290362
TCF4-AS1,,,1.1333541882937528
TCF7,-0.8840575712531142,-1.0338790714619852,-0.39964675167508185
TCF7L1,-1.0273154834928946,-1.526497362317012,-1.424715950364953
TCF7L2,0.5001124987374169,0.48236810467334096,-0.25949991316839427
TCFL5,,-0.5707264534721737,0.4526764777949783
TCHP,0.09212813708794593,0.4474529287312472,0.8775528796912155
TCIM,1.3548328074206437,1.1513097479376033,-0.14920857239461852
TCIRG1,0.6774560057735639,1.471661797177245,-0.31903583578343014
TCN1,1.5130340296440827,2.096155481794457,-0.2116485385818387
TCN2,0.7200820052642367,0.8934707754795178,-1.195709399694166
TCOF1,-1.0149040137189755,-1.4987932032196416,-0.7530112146043845
TCP1,-1.1435146190907601,-1.067661504801786,0.20587166350243877
TCP11,,,1.3558864554865593
TCP11L1,,-0.7851089184615533,
TCP11L2,0.14826786701015704,1.02075242678796,1.0257253829147945
TCTA,1.8525896051621524,1.6631710498423737,1.003656528745139
TCTE1,,,2.106310495100553
TCTN1,-0.5076947479573916,-0.9099678058970536,2.122158696512075
TCTN2,,0.16262364063893686,1.7353326593267047
TCTN3,-0.7426492307778954,-1.161149120750586,0.5808598162073891
TDG,-0.5184646333565128,0.30149027224372327,-0.7703870131037451
TDP1,-0.6624683580280737,-0.11207613378114499,0.8861695720540759
TDP2,-1.126847238885401,-0.19519999300191593,-0.3339403989618761
TDRD1,,0.18712945786843038,
TDRD3,0.17182676210377454,-0.18346508971453918,0.34871929110789757
TDRD7,,0.8627513781106891,1.36779252084591
TDRKH,,1.4106220525028563,
TDRP,-0.6183655441880287,-1.5651590339591899,0.8223919164217518
TEAD1,0.48373855304610314,0.23390383614320723,1.188424355110429
TEAD2,-0.5743475182596769,-1.5201760552253991,-1.0152598866864269
TEAD3,0.03397324703869827,-0.4458609966656425,-0.7250350189304133
TEAD4,-0.9274407347565665,-1.5869844517524192,-1.5387206059959737
TEC,,0.3747312823720056,
TECPR1,1.6318544500382817,1.5651590339591892,0.8300787027692299
TECPR2,1.0426593104763169,0.6488218797610973,0.5501289842579464
TECR,-0.08819738223200464,-0.1425803199845755,-0.22766872429066595
TEDC1,0.2631088313166508,0.5421312070313639,0.7235654946431528
TEDC2,,-0.8484675952703808,
TEF,-0.76683657685631,-1.1282066683887555,0.032978011140648036
TEFM,-0.2331849103657509,-0.4929157235628635,0.10570704251366314
TEKT1,,0.7217147118673767,1.7739746220528907
TEKT2,,0.6741506384055143,1.9912610533254347
TEKT3,,,1.826339371708092
TEKT4,,1.0234852729103512,2.1936278192262066
TELO2,-0.4041780903900404,-1.0824264428851027,-0.0414624346055735
TENM2,,-1.6188714513666884,
TENM4,-1.6827641247791838,-0.9058883134906301,0.15454530056345028
TENT2,-0.05102977873314152,-0.05044932095667309,-0.3047938695147858
TENT4A,-0.13500932493188877,-0.34189113568923907,-0.07978267690674963
TENT4B,0.5103160768459727,0.5500755334625566,1.0721023065497517
TENT5A,0.9427731106280219,0.43593678103970146,-0.04485700566816198
TENT5B,0.23294828736997245,-0.1304006389107477,-0.5686360910191891
TENT5C,2.680575713177693,1.9441673849974692,0.6751995259021268
TEP1,1.180608254126272,1.3170724486080803,0.6214928371716985
TEPSIN,0.32758611596552556,0.21193237445172874,-0.14654181054256946
TERF1,-1.2286561993523617,-0.9658890004536844,-0.9323172806897663
TERF2,-0.3173979495897576,-0.11642683432339668,0.11897944372983456
TERF2IP,-0.19219632503720302,-0.759866501222896,-0.5266068608423065
TES,0.3147350984626776,0.8679892800802076,-0.18225598363288323
TESK1,0.8641495506395115,1.0237893944859067,-0.6456737262086779
TESK2,-1.2934199019244264,-0.9739604835175069,-1.1456154553773321
TESMIN,,-1.1579742350184956,0.3529270716783361
TET1,,-0.6032492850810961,
TET2,1.144400670377319,0.6827655627885263,-0.18359711702867124
TET3,0.44017954429353495,0.6543892735810574,0.760537683282869
TEX10,-1.529143977564594,-1.6888470604245076,-2.1115344731067625
TEX2,0.913021846289134,0.7541100245333008,0.615333746593545
TEX26,,,1.2886074960882714
TEX261,0.9363281245206097,1.2106274371840238,0.26984172594321754
TEX264,-0.7533107403094211,-0.7548282151165273,-0.7495134332013941
TEX30,-1.214572536934273,-0.7541100245333007,-0.48527616996698014
TEX56P,,,0.7157542362192068
TEX9,0.6943546808284663,0.7685487664511451,1.7525732536903724
TF,1.6923284217580306,1.292186485387314,
TFAM,-1.0022663401985472,-1.985101240721671,-1.2007306970270546
TFAP2A,-2.0345863435354,-2.052800116601274,-1.972462571095649
TFAP2C,-0.07779885538801938,-0.27501827431454867,-0.9218928177272158
TFAP4,-0.2357886283063952,-0.864581945197842,-1.0401802540497185
TFB1M,-1.575225471645832,-1.431382099720953,-0.6778049536326802
TFB2M,-0.7958986416453735,-0.6186601763893834,-0.06674724455676845
TFCP2,0.5184646333565129,0.7353352187646449,0.7091973068993035
TFCP2L1,0.5142546624153594,0.020712951842795452,-1.0604593838746965
TFDP1,-0.3326929124362213,-0.2615757878681742,0.01714629810072518
TFDP2,-0.42525927171095557,-1.0369573979204671,-0.4020968539098663
TFE3,-0.24455844087464795,-1.0129000221905826,-0.6995389606504155
TFEB,-1.4275475116916203,-1.1381319636976748,0.2305700627638428
TFF1,,3.5202769419134987,
TFF3,1.834946946157213,2.3971011122456947,0.8308766863069075
TFG,0.671962268792247,0.5304856510255671,-0.36659568763300904
TFIP11,-0.5995162706779833,-0.1465841471107879,0.12752263553248955
TFIP11-DT,,0.4349467329146052,2.3264606983355476
TFPI,1.4055660988384027,0.8814550703591486,-0.013189196209810074
TFPI2,0.43840427560619316,-0.5824232128434091,-1.3267054619018124
TFPT,1.2636964533018205,2.1492607298234803,0.8892429594963425
TFRC,-0.7603637133361183,-0.6045460352603762,-0.48739681567060794
TGDS,-0.12339861200704205,-0.053154445057381164,-0.04297107154611877
TGFA,1.030443160898414,1.3876172417414605,0.23676611029461783
TGFB1,-2.315624533216159,-3.0485899222745783,-2.7725301342258337
TGFB1I1,-1.7020500799819538,-2.2480579327684587,-1.844617461844591
TGFB2,-0.3241863332775094,-0.7075326624591513,-1.214402379989019
TGFB3,,0.6359821687374964,
TGFBI,-2.388789243505905,-2.4625554107258427,-1.6756520148795728
TGFBR1,0.057717871746617855,0.03819042778299555,-0.9233346572878183
TGFBR2,0.48296210153524605,-0.1768753957107584,-0.33772789675520354
TGFBR3,,-1.6880978795491972,0.6201221197458012
TGFBR3L,,-0.24372527334359328,
TGFBRAP1,0.3458649785482089,0.1482227502621138,-0.37123431232802573
TGIF1,-1.494487558011518,-1.4389480095437794,-0.4414329684477867
TGIF2,-0.49724400125494755,-1.6447839659815138,-1.449586788674961
TGM1,-2.0967821803673004,-1.8565782970790925,-2.1772110716610413
TGM2,2.376976215649366,2.2981224456089335,0.4846404020149787
TGM3,,,1.512775316160388
TGOLN2,1.1466197388509112,1.4476235046996049,0.6445137671532111
TGS1,-1.0164468855513298,-1.4338949552753226,-0.7019474013131177
THADA,0.1765028071712267,-0.37087008031314883,1.4216037660313612
THAP1,-0.05702588542271191,-0.22225849545728743,-0.07411356196453413
THAP10,,-0.7042978489150213,0.9434319407543268
THAP11,-1.3215698226653347,-0.9485189030697766,-0.6517195931572879
THAP12,0.32661436477255745,0.06686680142256231,-0.43521069410352076
THAP2,-0.34464285380211723,-1.1873458018141818,-0.3307546407216539
THAP3,-0.40642805138787635,-0.6689605856139423,-0.6966541766466469
THAP4,-1.2365319167182318,-1.2761660579950977,-0.9247784189302101
THAP5,0.13175655764914848,0.18035231447221126,-0.01752317797595996
THAP6,0.036047063167054465,-0.3516454415104458,0.6010522716250302
THAP7,0.13036294317061148,-0.1151576559968991,0.1465418105425696
THAP7-AS1,0.0487240840624541,0.4223112937785268,0.6205788959810182
THAP8,,0.49821009511232656,0.008478624760702044
THAP9,,-0.3970440711021252,-0.3845900182910869
THAP9-AS1,-0.27050628095092244,-0.6746028046963504,-1.3358462911239526
THBD,-1.7250415678609654,-1.512217592367328,-1.5098237840271462
THBS1,-0.5792427988206743,-0.6041136723450413,-0.5418186015464982
THBS3,,0.2065938566030597,0.3557357296499784
THBS3-AS1,,0.42980532212289746,1.5866245007629298
THEM4,0.3307464501860691,-0.443872668751618,-0.5708522227771402
THEM6,1.0969372807713234,0.8999321786771087,-0.8758926521080957
THG1L,-1.6622481838351406,-2.34615450728773,-1.8732470685203308
THNSL1,-0.9605196367503116,-1.0063041359080973,0.18685553554035214
THNSL2,-0.08010887267671567,-0.1242274096381748,0.21820422414880855
THOC1,-0.5338038319919036,-0.6619936616720187,-0.8189618535752219
THOC2,-0.6765872174107972,-0.8239416783038804,-0.5074400915477432
THOC3,-1.1833866428506723,-0.9650279284233894,-1.3721265265998952
THOC5,-0.5192550246936538,-0.6523826833909097,-1.3882427491614966
THOC6,-1.9036244049471325,-2.254871437267144,-2.0777432566579135
THOC7,-1.3204676920163063,-1.661020660679199,-0.4329334214663757
THOP1,-0.6544595155540466,-0.5937705142063997,0.418082292242298
THRA,0.23768324486291698,-0.5500755334625566,0.0826181848227
THRAP3,-0.5697368034772696,-0.8766842928438258,-0.49867320925123537
THRB,1.7806750649953305,1.864713427986103,0.09264245726484115
THSD4,-1.9876223905930086,-1.9018396165555966,-1.2163740795674822
THSD7A,0.9852867610792088,-0.05820506630031308,-0.3825620705405171
THTPA,0.6896733439203537,0.5734840441212077,0.11461631385129524
THUMPD1,-0.03627749658810697,-0.5170579911599947,-0.42611499681500253
THUMPD2,-0.4049278495077124,-1.0724504756803,-1.3363062692685581
THUMPD3,0.686755171460231,0.8983133126630402,-0.6044414115327087
THUMPD3-AS1,0.9612504115308914,0.5635346922463741,0.20933695169713323
THYN1,-1.3531051247667842,-1.1100154150092436,-0.03938821218480563
TIA1,0.5874326318373192,0.4288178946786561,0.15282945089204145
TIAL1,-0.5951121781794643,-0.30998255770282135,-1.0168384097440089
TIAM1,-1.4509006270110083,-1.1891700571627553,-1.3230799870077894
TIAM2,,-0.8934707754795178,-0.12923237137435317
TICAM1,0.036507931935494495,0.3541371566519532,-0.3980146829006477
TICAM2-AS1,,0.4640372383523846,
TIFA,1.2232855447747402,-0.31887622122038084,-1.3639615248351593
TIGAR,0.3390276724343619,0.33883769637186467,-0.1053281156416927
TIGD1,,-0.4093512131426031,-0.27629550715558004
TIGD2,,0.790266689224055,-0.8982318880822597
TIGD4,,,2.0252250812349395
TIGD5,-0.13919355919282245,-0.5565822204686474,-0.49760670798248685
TIGD6,,0.6258730853838875,0.5806367957801739
TIGD7,,0.6624421686835288,0.4094617359668306
TIMELESS,-0.7067163526604547,-0.7870713141271515,-0.7116222305154661
TIMM10,-0.5457918833684289,-0.5090460716068048,-0.7440353634774064
TIMM10B,0.37659204163443744,0.968188701633011,0.3740617324609268
TIMM13,-1.0570440106034065,-0.9328208242606895,-1.1907180706401694
TIMM17A,0.48115151204963513,1.1555129256159113,-0.36740183575547164
TIMM17B,-0.03742969283378157,0.16152875553304216,-0.053157102112077304
TIMM21,-0.6818076474643164,-1.1123527951872363,-1.0617827215505102
TIMM22,-0.34928968444498154,-0.4916959105342914,-0.5499098050406582
TIMM23,0.6422412054510581,0.3972389486762768,0.1805321504736461
TIMM23B,0.254536247460135,0.2903886884288746,0.103623131062233
TIMM29,-0.6601758006585067,-0.23890433091444652,-0.7024295779884714
TIMM44,-0.975234022558469,-0.7878079942319689,-1.3615772817148992
TIMM50,-1.1139066257038144,-1.0403549463575938,-0.6173841727666559
TIMM8A,-1.4476097288007033,-1.5707000606734673,-1.0372719378388477
TIMM8B,0.33780840015378194,0.33140808961246887,-0.39210727324606515
TIMM9,-0.7147204321042406,-1.2794255713295763,-1.7596177505906945
TIMMDC1,-0.48063449060843655,-0.09740768241550693,-0.6148784477457837
TIMP1,1.4230960468357408,1.8771524834732145,-1.286880626204212
TIMP2,1.0168329817256212,1.0311169302400371,-0.4191106089842561
TIMP3,-1.6761595949718242,-1.898553389694412,-1.3611013609233256
TIMP4,,,1.0764640209213794
TINAGL1,-1.1325138479573633,-1.0443857785416164,-1.5062992178924932
TINCR,-1.4397748887853032,-1.2050248573919733,-1.5151460661039962
TINF2,-0.6365908845637748,-0.760587830563058,-1.5169297331162208
TIPARP,-0.7278632690610367,-0.4032876852106714,-0.09358860835488436
TIPARP-AS1,0.9939294106631615,-0.27670203478236616,0.608744317969311
TIPIN,-0.8681707345037811,-1.407220625973624,-0.6799400940694824
TIPRL,-0.6705199196951273,-0.20769788955036608,-0.504228205221537
TIRAP,,0.8136170830803002,-0.36720027635998165
TJAP1,-0.6186443686206673,-0.9533308321270048,-1.2092979283054754
TJP1,0.5324765807829899,0.7882993519074796,-0.47576004230160407
TJP2,1.5001393151282492,1.6262605617610233,0.81948892779601
TJP3,1.7728611202314402,1.6215481638416858,1.4474350850594164
TK1,-1.2232855447747402,-1.091530503639617,-0.9487376523157065
TK2,0.5306200030138947,1.029279864859469,0.39312481067051125
TKFC,-0.49802591208062547,0.041074288712636166,0.8351415697387158
TKT,-1.2021475019817243,-1.496581896375301,-0.8739587660597141
TLCD1,0.8591426339078383,1.2438998416918716,0.8150160222123775
TLCD2,0.2918281690944567,0.25171087637072026,0.7012244421248524
TLCD3A,-1.0835858642158567,-0.6095263690296024,-1.2942465377560768
TLCD4,0.9341884229828773,1.1895353834127993,-0.5240114223155912
TLCD5,0.7141259708379005,-0.23612554879608016,0.539202052348081
TLE1,1.4575299783589712,1.4214199438656654,-0.2768827815422781
TLE2,0.9057096134496818,-0.4750972874161848,-1.4533685012065822
TLE3,-0.6490487842757163,-1.4354070251445465,-1.1676834975040724
TLE4,0.4500959604291202,0.16700514473917052,0.2806044136077174
TLE5,-1.462879955577755,-1.085992304563319,-0.1924186158905174
TLE6,,0.10482963665349175,
TLK1,-0.2502569992661684,-0.4872294979987516,-0.7764854350516686
TLK2,0.3862507404891328,0.11860300614803701,0.13056242688672273
TLN1,-0.013702255340029747,-0.4886495709927545,-0.7805671383506221
TLN2,,-0.39139914077320476,
TLNRD1,0.22443843186563547,0.7070700934982795,-0.4766041652457025
TLR1,,1.5247673220021736,1.2299089331012816
TLR2,1.0474301325661846,0.4335613811711994,-0.39883058449478465
TLR3,0.9510658104057288,0.8772133929579212,-0.41623243472328564
TLR5,0.9064039277480154,-0.03602774181416671,-0.48485230288791525
TLX1,,-0.08221802025035828,
TM2D1,-0.6425242589456979,-0.5425484731875918,-0.27531692812128816
TM2D2,-0.5970375434622012,0.032063247846570005,-0.8985139611172583
TM2D3,-0.5519494252697145,-0.9209212636032005,-0.9808460385951848
TM4SF1,0.3699258254258982,0.6932624738134071,-0.7749581289879611
TM4SF1-AS1,0.7305670602621331,0.9137890426564792,-0.4526764777949783
TM4SF19-AS1,,,1.4935332595954343
TM7SF2,2.4009453379132184,2.1385031289891434,1.01968615457544
TM7SF3,-1.2296364964140118,-1.0107965609577825,-1.1587885317559545
TM9SF1,1.0253657780861418,0.16517913321339397,0.5315914037145609
TM9SF2,1.236037436071792,1.3136502456315005,0.7135651860923448
TM9SF3,1.1448440331252332,2.2807927644808257,-0.08053874869148067
TM9SF4,1.0222543311377115,1.5512127947305907,0.23618484823849567
TMA16,-1.606234825240704,-1.3239635208192166,-1.3726096761167805
TMA7,-0.582241199364199,-0.4910862783796878,-0.6214928371716986
TMBIM1,-0.0969857481125297,0.5536408149215719,-1.297737273390858
TMBIM4,0.45341124419015727,0.8907895101612637,-0.07543613571858637
TMBIM6,1.786323750819023,2.3461545072877312,0.9720447987821703
TMC4,1.7773129375701582,1.7397192917392745,1.3239847248040055
TMC5,2.5477952908520165,2.30320301136798,1.428887117523396
TMC6,1.7662485620715502,0.9135156548965417,-0.808206462988103
TMC7,,0.6786785311297411,
TMC8,,-0.0455810144038781,
TMCC1,1.670556196540697,1.6235633491804038,0.9753743057461506
TMCC2,,0.23668115869058542,0.9747681371280553
TMCC3,,0.10736526505334638,
TMCO1,0.766527617777123,1.3335426575767861,-0.06806912585063919
TMCO3,1.2370266998954698,2.3083437327478116,1.031481470318622
TMCO4,0.6510399931655521,0.2823202689129215,-0.0022609414403654032
TMCO5A,,,1.2531191241118134
TMCO6,-0.31618728484201447,-0.8333349660623454,0.07864865460150505
TMED1,-0.6416752527600807,0.23519969417327155,0.2717962182881998
TMED10,1.7750826314329924,2.0396494154637885,0.5875639489830065
TMED2,0.9667476738370623,1.1920971248524284,-0.6408077073630077
TMED2-DT,,0.49739467061446396,0.9567466828586619
TMED3,1.3349225405493044,1.9736065528439273,-1.5926232326701022
TMED4,1.5036961409353162,1.6873496449594332,0.5270397785513689
TMED5,1.4423766707921322,1.5781639516350283,0.3919038145035245
TMED7,1.1677612625193352,1.6461787045914424,0.3109180813074339
TMED8,0.4526457375936193,-0.26045774472824174,0.7615444661116544
TMED9,0.0019574050473133817,1.6971513201773702,-1.2800112180139354
TMEM101,-0.9554185039781866,-1.3106683879636527,-1.4357187725893858
TMEM102,-0.18563230392887034,0.3380748310155301,-0.49100695653119947
TMEM104,,1.6532008960395794,0.36196493757177206
TMEM105,,-1.2668696657122602,
TMEM106A,,1.5105246145368407,-0.027511567549206768
TMEM106B,1.4628799555777545,1.4872645123937085,-0.19529839872152766
TMEM106C,-1.8774958852325985,-2.2051086364323895,-1.065099228741153
TMEM107,-0.5116280562999959,-0.940921240083667,2.304463614214938
TMEM108,,-0.26399933882885207,-0.584879142938407
TMEM109,-1.9446723657734408,-2.160272962418422,-1.9405318014231465
TMEM11,-0.2455076442778425,0.38829003848065086,-0.7663372718768889
TMEM115,-0.00495110042131827,0.1575158226975496,-0.33872541022678043
TMEM116,0.8661583918568098,0.9624489945789441,0.8332738183843852
TMEM117,,0.2509673599104025,
TMEM120A,1.085659272520573,1.050933211374298,-0.483157704376443
TMEM120B,1.1207849280088071,1.2326571822170793,1.5086468455972482
TMEM121,,-1.4590149239702281,1.3563590149081224
TMEM123,-1.2316006436005842,-1.8667666191113477,0.18934860481791693
TMEM123-DT,,-0.4142521311269448,1.199182461358153
TMEM125,3.454547419973036,3.1104406229633996,1.538105382063828
TMEM126A,0.04365245013508779,0.8305347159752162,-0.6445137671532111
TMEM126B,0.05840988570954963,0.3822767864335579,-0.3805356948860738
TMEM127,0.7933724388621118,1.5381494777560842,0.18129823200990663
TMEM128,-0.6742729402499492,-0.8346099690707877,-0.2723827681723266
TMEM129,-0.36598323731217125,-0.6353209070987681,-0.7698801053180838
TMEM131,0.4237473010009243,1.197982105853613,0.9528828532263693
TMEM131L,0.016005337902377917,-0.5989340839200392,-0.17230336645990577
TMEM132A,-0.9239062281946204,-1.0419032631139347,-1.9751056168680252
TMEM134,-0.7508663076318615,-0.6125652873595794,-0.9363986952485075
TMEM135,1.1338267008398266,0.6223718739392671,0.6466023192896868
TMEM138,-0.8416212335729142,-0.7476637090071223,1.0644349905894939
TMEM139,,1.16327223033118,0.7744494285933243
TMEM140,,1.2859856986072031,0.831142798411852
TMEM141,0.7402241649270866,1.3348584161162784,-0.49058190269146057
TMEM143,,-0.2866336154454783,0.2643746011649889
TMEM144,1.399408899650686,1.4684780230805008,0.9104263341345245
TMEM147,0.1487335390160511,0.6474886988909876,-0.6069311985652309
TMEM147-AS1,,-0.09795056537485244,0.7238103067879008
TMEM14A,-0.44754910615273913,-0.6320187538120519,-0.07127990884866539
TMEM14B,0.7895925976588132,0.9917683646233023,1.013683889341857
TMEM14C,-0.3307464501860692,-0.9873603491025742,-1.2219201538652928
TMEM150A,1.2479894781998042,0.24595222886988574,-0.9585348142752265
TMEM150C,0.8618103009745529,-0.18126765386460897,-0.7900563011603753
TMEM154,-1.2360374360717925,-0.9897088975713815,1.208515420487973
TMEM160,-0.16785507967671842,0.4305955658704646,-0.3718399375140069
TMEM161A,-1.186639685991463,-0.9118767598900888,-1.1166801960143586
TMEM161B,-0.0010362727840760103,-0.0755335562720926,-0.2247693010183164
TMEM161B-DT,0.03236038040333728,0.015128955835961636,0.14616093006506767
TMEM164,0.7426492307778954,0.6193145613655558,-0.1486370347373862
TMEM165,1.1143349757366032,0.9342130732762709,-0.6695307919226786
TMEM167A,1.5665259440228612,1.907362736791205,-0.7921173697679577
TMEM167B,1.0562391243269444,1.4019081910501279,-0.9416692630186663
TMEM167B-DT,,-0.007384156718801495,0.5162461498913012
TMEM168,-0.10485535724959794,-0.652159891131963,-0.7067765463914588
TMEM17,-1.216018298997743,-1.4009465345525434,1.3779456013589848
TMEM170A,-0.05979399788709857,0.77680221353625,0.18398035855475744
TMEM171,,-0.4219175311270993,-0.5819753521346221
TMEM175,0.7105644857735939,0.9581649371338119,0.2886486387915286
TMEM176A,2.4825254347724903,2.0833647247960516,0.9259348176174347
TMEM176B,2.5084334766654863,2.192982152000548,1.00116541671092
TMEM177,0.35394406961642394,-0.12949250499887593,-0.7897989035838706
TMEM178A,,1.200940215663429,0.8431794641189129
TMEM178B,,1.2560943493138232,
TMEM179B,0.9561457137786753,0.8394674099157582,0.03674853663606239
TMEM18,-0.2566776158221294,-0.8241945936906141,-1.0737774715848583
TMEM181,1.1764576781552403,1.6821382647700545,0.2385103773742054
TMEM182,,1.7812778044404405,0.5545181416990147
TMEM183A,0.3470876200930384,0.7296827369079079,-0.8453321133990154
TMEM184A,1.8287821756833402,2.084945011005024,0.5929463199111701
TMEM184B,0.23507836561337977,1.0591025106230416,-0.7065346982158441
TMEM184C,0.3203054478516693,0.7424340428649039,-0.5987966768254548
TMEM185A,-1.0335809511020944,-0.21580196299879714,0.25969478156921494
TMEM185B,-0.6380015535294207,-1.1714598276925083,-0.7388270460465486
TMEM186,-0.40317876479161047,-0.9067030046127814,-0.5821985462085979
TMEM187,0.8688422970036426,0.9269930122345158,0.6169282984428727
TMEM19,-0.5784259573454336,-1.0603656094128746,0.39801468290064757
TMEM190,0.544990254186772,0.5486095088662725,1.4648401972672278
TMEM191B,0.03904285140423849,0.17980318340867096,-0.2336669651879338
TMEM191C,,-0.03206324784657014,0.504442168854715
TMEM192,1.2320924233996022,1.0775859705363238,-0.17938322665012907
TMEM198,,0.5279995608397,
TMEM199,-0.4580098876248999,-0.035306884435607123,-0.4362465639022483
TMEM200A,,0.35778285811783833,
TMEM201,-0.8548206645155151,-1.2438998416918716,-0.9900314456207078
TMEM202-AS1,,0.5452630114469559,
TMEM203,-0.3137673430053283,0.1363970565217564,-0.056742333589147896
TMEM204,,-0.8264732096829026,
TMEM205,1.9135870235049721,1.4600599350102286,-1.4108180997356758
TMEM208,1.6275099032485576,2.1831174875084454,0.25599395880798737
TMEM209,0.6334918608754523,0.15022602850931588,0.6641183725493675
TMEM212,,,2.457757413510149
TMEM213,0.6080825101745015,0.7498090173661218,-0.6387269133021278
TMEM214,1.8202665691419668,2.189010695460271,-0.24044930360190825
TMEM216,-0.7368967885792851,-0.77680221353625,-0.22032717698449716
TMEM217,,0.8666775759761217,0.5320254652722279
TMEM218,0.24574497966163267,0.04089403764523446,0.9838986169418251
TMEM219,1.2724439297199666,1.328302566737963,0.5203405789646581
TMEM220,0.17486575760057674,0.4444689825330886,-0.4248774180968268
TMEM220-AS1,,0.7912515055937561,
TMEM222,0.15502331114714746,0.432770125205559,-0.5440018956509657
TMEM223,-0.020842102218339258,0.3304569061580025,0.20548678479909743
TMEM225B,,-0.519942152936024,
TMEM229B,0.34464285380211723,0.6408399555449721,-0.343718059423439
TMEM230,0.7508663076318615,0.09234213727543641,-0.43148541682053654
TMEM231,-0.43561735405698215,-0.06343763419953906,3.054420073366995
TMEM232,,0.6506012504275338,2.6798186465565483
TMEM234,0.1613192222387727,0.8021356526628938,1.2894723738726572
TMEM237,-2.9208264206728676,-2.8144709420678247,-1.01652250249804
TMEM238,0.6217146206602207,0.5282066102126568,0.03278949761801403
TMEM238L,,1.9981885656424088,
TMEM241,1.1255446890140903,0.14840484176760646,-0.2843299362740981
TMEM242,-1.2714097599596568,-0.8262198183339999,-1.1290671376153858
TMEM243,-0.5986896196819635,-0.3344538974203944,-0.08129486651855834
TMEM245,1.1533110688145278,0.980638406233938,1.0133689919035591
TMEM248,1.372927393335449,1.6496796318863698,0.2016396615963935
TMEM25,-0.44195620132751706,-1.1492157666370812,-2.061699860142842
TMEM250,-0.13291809843843685,0.4234929750035428,0.7681074834680716
TMEM254,0.46672280926815213,1.380109900814717,2.077743256657914
TMEM254-AS1,,-0.21377463633703767,1.0903563003456955
TMEM256,0.5551703679278189,0.45443104903663106,0.13246290752750897
TMEM258,1.2812898703457667,1.2095038827276818,0.3425190467042905
TMEM259,0.2659706302943236,0.3880958444675217,0.1976033905491322
TMEM260,0.4417023078841299,0.48075017590195795,0.07090213217018025
TMEM263,2.3122752950533445,2.85446307934963,-0.04108529024907833
TMEM263-DT,,0.6490441886682664,0.7926331627752187
TMEM267,-0.0872726989947544,-0.09994138446288901,-0.192994444046349
TMEM268,0.7958986416453736,0.6610970468583834,0.5525417038283549
TMEM270,,,1.106892639079958
TMEM30A,0.24978181143571437,1.1523586341407892,0.09850996415600884
TMEM30B,-0.5032464699144996,0.16463143741349007,-0.8102977085791966
TMEM33,1.1609575476616905,0.9730926498022111,-0.2751212439782104
TMEM37,0.2500193982940352,-0.11334486531665515,0.14749410487491948
TMEM38A,,-0.48621576153768953,-0.38601052289196736
TMEM38B,-0.036507931935494495,-0.48155898271589975,-0.6591935359410709
TMEM39A,1.2550446183801136,1.2525348055833485,-0.626758120823821
TMEM39B,-1.6650047646883512,-1.5682314366387302,-1.7712547988600185
TMEM40,-3.180558865414371,-2.5940916084185104,-0.3529270716783359
TMEM41A,-1.0218660958151569,-0.7799719495677336,-1.615124093030616
TMEM41B,0.8156521262314144,1.2517459480225743,0.10438086450323818
TMEM42,-1.1156212542926172,-0.6539431371773373,-0.10741240207626651
TMEM43,-1.922280201195298,-2.140278930872633,-2.291261632623176
TMEM44,0.15013074898671705,1.3222348624994287,0.14920857239461852
TMEM44-AS1,0.6934757733854781,0.12477191251696772,0.8542535429708383
TMEM44-AS2,,1.7991617221723044,
TMEM45A,2.7647919119057076,1.5608823349770697,-0.13379352829263025
TMEM45B,0.9834176454648214,1.5787899235730694,1.4748288275267216
TMEM47,-0.7560661189339228,-1.3022123650083197,-0.6754361933961767
TMEM50A,1.2714097599596568,1.4465971977392584,-0.010739669141520804
TMEM50B,1.0191527493917862,1.02439792188333,0.8084676752863543
TMEM51,-0.31352545008488425,-0.15788052900372182,-0.21743248556327072
TMEM52,,-0.9722255483392032,0.394346393202091
TMEM53,0.4041780903900404,1.363496882280054,0.9253564635937839
TMEM54,1.1927145974116113,1.0578410992885328,-0.5248761754765068
TMEM59,0.9158203290422945,1.346359762158629,0.36679720230914137
TMEM59L,,,0.633882439507172
TMEM60,-0.03927331082481278,-0.3672070536572305,-0.3779037391577131
TMEM61,-1.2375217860951961,0.004502508880478732,0.7314211537148927
TMEM62,1.1242440459881715,1.5806715607632151,0.7046013979083201
TMEM63A,2.0627495841060437,2.0709059979724582,1.1823381409501181
TMEM63B,1.0960970889197916,1.0042146064194672,-0.38033314337185725
TMEM63C,,0.4313860786101572,
TMEM64,-0.4605688747210659,-0.1816338321076844,-1.5436634970955079
TMEM65,0.08750386277750571,-0.34915590770265786,0.241225126862413
TMEM67,-0.7353870398185282,-0.25115322600305495,3.431017002324772
TMEM68,-1.3338007114779897,-1.2942644927607974,1.4571711138691403
TMEM69,-0.7631338818824313,-1.2810604374735954,-0.7635603514886469
TMEM70,-0.7281634273114139,-0.3139532504861664,0.20260116042809648
TMEM71,1.5760222713783056,1.1950344418987993,-1.2907715019641652
TMEM79,-0.017156910256564076,0.11189490119273433,-1.2046139335168293
TMEM80,-0.0699478268068781,-0.04359794645629768,0.10475975367197539
TMEM86B,,1.2192926130966493,0.9848161798147452
TMEM87A,0.5097915310445462,0.7642004329725138,-0.3409211283780124
TMEM87B,1.6045639402432632,1.7421784492809933,0.32201097832377945
TMEM88,,0.2802592242682265,0.015450368027195707
TMEM8B,0.4834797034937154,1.134011393955829,0.427559664132324
TMEM9,1.137777034984167,0.7327415920837161,0.45706437632619135
TMEM91,0.17720454441501793,-0.9759882871448288,0.7510113571755233
TMEM92,2.045657518777561,2.230382105747318,-1.0872887921649
TMEM94,-0.5934636194080914,-0.7690328113501077,0.8613307160787305
TMEM97,1.1312029441594178,0.5817831635421721,-0.19011593916564282
TMEM98,1.056641481898094,0.7562657657269642,0.19875627951593014
TMEM9B,0.4353641655696394,0.47449252344759374,-1.6298799162026265
TMEM9B-AS1,,-0.005943326630542422,
TMF1,1.246986661001269,1.5259201746672724,1.4659428370010388
TMLHE,-0.199943160839819,-0.37299305348688244,-0.8588760583038152
TMOD2,,-0.13948802162531276,0.5895803355124141
TMOD3,1.2560576062920679,0.9858952678582243,0.04372542647893669
TMPO,-0.4741824952740596,-0.11443249464592216,-1.0492851400240641
TMPO-AS1,,-0.49963788591118813,0.06353744232472855
TMPRSS11A,,-0.6236839320271519,
TMPRSS11D,-1.6604174568579322,-0.8320613163132823,-1.535037960214066
TMPRSS13,1.668700001423023,1.0180271829140644,-0.8797702866321341
TMPRSS2,2.1289696030254452,2.0817896243180374,1.353528187433935
TMPRSS3,,2.117701967481153,1.8776215722947995
TMPRSS4,-0.37980766145410183,0.5811433524873449,-0.5359365464903882
TMPRSS7,,0.48014377713870177,1.4560825037673752
TMSB10,1.2616522250412978,1.4155097301614716,-0.11784102091885756
TMSB15C,,-0.5785864819649655,
TMSB4X,1.121648449444617,1.2489910615429283,-0.42446503651825224
TMSB4Y,,0.4274361980781281,0.18647208986869412
TMT1A,0.8468832948879992,-1.1764822709058147,1.2424489732585398
TMTC1,-1.878839427381465,-1.4507116105325881,-0.8875655270225677
TMTC2,0.7456867194844591,1.209129703688883,0.7452784142686348
TMTC3,-1.1673059994145591,-1.3787109055484372,0.09510262473693643
TMTC4,-0.054488833313159506,0.2954645507014036,0.6078375084914542
TMUB1,1.0844146681195723,1.1888048895543224,-1.0624450881789083
TMUB2,0.8759175211715526,0.17340061388195768,-1.269397131349565
TMX1,-1.19318372368106,-1.1485188916125737,-1.545526841608125
TMX2,-0.9678506354726029,-0.418769777630222,-0.9675218512423764
TMX3,-0.26931215284725185,-0.08366378264549977,0.2896309104658697
TMX4,-0.9652788851572911,-0.9308747077261593,0.22438285450772616
TNC,-1.9680843157611554,-1.941788851602215,-1.7327906104090087
TNFAIP1,-0.6072515764464178,-0.6809477001889834,-0.6725986735572114
TNFAIP2,1.3676279233156885,-0.18639638476929443,-0.11139279821123751
TNFAIP3,0.12386271086112201,0.3597035570331575,0.239479727949475
TNFAIP8,-1.9371000136117595,-1.9774091402544984,-1.2560163504475057
TNFAIP8L1,-0.41745779034358504,-0.21285341509319622,1.9659145794397666
TNFAIP8L3,,,1.4164471817000337
TNFRSF10A,0.5748907569948658,0.1373060273161147,-0.9407890204538959
TNFRSF10B,-0.5508770505940463,-0.8695652990859384,-1.1233831462709318
TNFRSF10D,-0.21712352513434605,-0.371834860336466,-0.770640541240957
TNFRSF11A,,1.3352975162259602,0.7978027470392234
TNFRSF12A,-0.4265199902078169,-0.8835818662564446,-0.7890270245991016
TNFRSF14,2.322401996613415,1.6475766528782363,0.27062339877075675
TNFRSF14-AS1,2.2221275051175047,1.738085679844296,1.6406411956736788
TNFRSF18,-2.2863732832407297,-1.5026807201844385,-2.332140038896961
TNFRSF19,0.8888330920466271,1.5838201163537904,1.6880528597768283
TNFRSF1A,-0.8551525563681427,-0.8801278453652163,-1.350239204655216
TNFRSF1B,,0.5244831730327538,
TNFRSF21,-0.2988040339887288,-1.0083980683193874,-0.607384291165334
TNFRSF25,-0.7594416199982694,-0.5408799743199737,-0.17287708278389957
TNFSF10,1.3259944823145364,1.7251807778234602,-1.0757916556106155
TNFSF12,0.25548782205694365,-0.8451166800159209,-0.665293326162861
TNFSF13B,,0.964454277694283,
TNFSF14,,1.2786094191066975,
TNFSF15,-0.009096296028083666,-0.9765683971372396,-1.097898191695832
TNFSF9,,-0.46945954019988534,-0.7475188131152406
TNIK,-0.4801175976142966,-0.7376973608927423,-0.5833149520470396
TNIP1,1.279721538570052,0.8320613163132826,-0.5378951618994418
TNIP2,-0.6499018439605359,-0.5869102659146814,-1.1351466208289505
TNIP3,,0.9538983932460446,
TNK1,-0.31134923723603275,-0.09632200245380887,-0.6139682321651536
TNK2,-0.20088297787522083,-0.9573102343574394,0.3813460571850279
TNKS,0.5762495968889887,0.012066975872022104,0.9835929466779151
TNKS1BP1,0.3339100912721616,-0.6241215233132602,-1.6935608261778476
TNKS2,0.820156704462752,0.6825382066580642,0.6880343529454187
TNKS2-DT,,0.7403004807485675,
TNNC1,1.1126228002311445,0.18200003470702653,-0.21994111197350294
TNNC2,,,1.0427728301200085
TNNI2,,-0.30771578678448575,0.151114051054319
TNNI3,,,1.6123529948872024
TNNT1,,,1.1061975796963928
TNNT2,,-0.3415092819903486,
TNNT3,-1.6424089445234258,-1.3603099594601022,0.062404728925512784
TNPO1,-0.24194926452517235,0.7436208164905771,-0.4213744685646918
TNPO2,-0.04664918065435891,-0.30092489898306274,0.704118484325988
TNPO3,-0.5740759624494062,-0.7282732587495123,0.5828683025432206
TNRC18,0.6141889241959363,0.021253370047574018,0.014696635881609743
TNRC6A,0.1480350430699468,0.13948802162531276,0.257162258546119
TNRC6B,-0.16645394456425586,0.07174119128392147,0.47597104123503897
TNRC6C,0.6089138639660073,0.5371313411347072,0.44247167128883125
TNS1,-1.7099448704822764,-2.5787720998205863,-1.0838924049855234
TNS2,-0.17159305929354313,-1.0018319287066446,-1.2323209303135387
TNS2-AS1,0.5951121781794644,0.8961584795629135,-0.6587253385297753
TNS3,-0.6222734776480126,-1.6631710498423744,-0.22245112328489783
TNS4,-2.5361433457133544,-2.400299462318876,-2.337895613902576
TOB1,0.8350762430850661,0.4201464074141334,-0.17919176240635132
TOB2,0.07710593170841269,0.16189369565546524,0.3555350183952922
TOE1,-1.080278066282222,-0.7348632827166784,-1.305208065832419
TOGARAM1,-0.29687821911469703,-0.23297846381159465,1.7631729952247999
TOGARAM2,,0.9162526132122443,2.0340924704426615
TOLLIP,-1.47644135452508,-0.9231252342533603,-1.7990648785181929
TOLLIP-DT,,0.6539431371773373,0.4370755968548379
TOM1,1.5173886786339283,1.8803080894634645,0.8087289427595161
TOM1L1,2.100949681690017,1.9863947422503299,0.005463964346641192
TOM1L2,0.7350852912159871,0.5879803524358381,0.09567043690125501
TOMM20,-0.4051778197847899,-1.2493840363903714,-1.3298921190625146
TOMM22,-1.334361416101842,-1.5358023388806852,-1.4463617416819958
TOMM34,-0.568653690970042,-0.584772105730176,0.9705349436366886
TOMM40,-1.0558369376794219,-0.9398002759915252,-1.3008046915385856
TOMM40L,,-0.45443104903663106,
TOMM5,0.2877454834375635,0.3384562390725471,0.02543831282226199
TOMM7,-0.07572019507238158,-0.6864080769237699,-0.07770371333135098
TOMM70,0.9860353718383309,0.28907394977911305,-0.26925557952996504
TONSL,,-0.3105494989346003,-0.6281345295763286
TOP1,1.1130505382239853,0.5671269062731732,-0.6559191788031327
TOP1MT,-1.3794573430349124,-1.9685804160640712,-2.534064284853735
TOP2A,-1.8106933516390455,-1.5578449394750575,-1.0849100071699662
TOP2B,0.47444019466278803,0.4393061503106254,0.7540122733090386
TOP3A,-0.0261400743937805,0.2656780897634913,-0.003579828543328591
TOP3B,0.24930668000017092,0.08510971993834468,0.2969084823805369
TOP6BL,-0.4819272854919019,-0.7574649194512199,-0.13341332686130855
TOPBP1,-0.3346406359831208,-0.8690397195900689,-0.6230934849278746
TOPORS,-0.7266632911283593,-1.1398545835141367,-0.9702332380352061
TOR1A,0.021763442481792034,0.2930196748082339,-1.428887117523396
TOR1AIP1,0.39868676117393326,-0.3020557418912593,-0.08034972644593101
TOR1AIP2,0.744774751535154,0.26903784425281346,-0.5575969154388813
TOR1B,1.061483181811768,1.4120848153737617,-0.029396446963176365
TOR2A,0.8009663523333204,1.1471268122801241,-0.33613257344397224
TOR3A,-0.7185906084249285,-0.3687487773434023,-0.3389249533408628
TOR4A,0.04849352904353473,0.08113381138760374,-0.6089710985456852
TOX,,,0.7949568464249197
TOX-DT,,0.4586285456937236,0.3825620705405173
TOX3,1.6856172462186119,1.506031046528284,0.061083331046554
TOX4,0.14431094237621117,0.1818169303595503,-0.5095842589992373
TP53,-0.9112764200431884,-1.2976009769678316,-2.159417400334064
TP53AIP1,-2.3056536057272887,-2.019868400372004,0.09226402009646717
TP53BP1,0.4891819211161397,0.04738395880289226,1.8898403556043348
TP53BP2,0.3157031487752606,-0.04990834106781726,-0.14349535716508838
TP53I11,1.0956772830128196,-0.1953835601051981,-0.09207480647063838
TP53I13,-1.0490257137981773,-1.4600599350102286,-1.4827007372977528
TP53I3,-0.09791126337192387,0.2780121685736904,-1.4906656131269065
TP53INP1,1.64329678388581,1.4658362029019676,1.8477244652442257
TP53INP2,0.6920121166992816,1.3379375402469789,0.746771597079352
TP53RK,0.5868854215491834,0.8236888156105793,0.24899143293205395
TP53TG1,-1.8801863696199197,-1.8555700017748573,0.25326928139329424
TP63,-2.86078021525246,-2.911891830500669,-2.2562829511346916
TP73,-2.2959067682976557,-2.151078061444844,1.2140086062188606
TPBG,-0.6760083087927988,-0.3622024521634299,-2.1011433735359333
TPCN1,1.4320274453196253,0.9771488359581962,0.25911020591937445
TPCN2,,0.296593550022454,-0.9693286506597519
TPD52,0.703173495799671,1.2946807654442676,-1.7587324055199052
TPD52L1,1.0003654780882816,0.9829714355714921,-1.9568866731385033
TPD52L2,-0.2126459557981071,-0.03981255893695416,-0.3345381051511898
TPGS1,0.48658804319433685,0.10392421924381713,0.2608641993716916
TPGS2,-0.5113655900191997,-1.180087979707387,0.6433546746467383
TPH1,,0.33597796386394907,
TPI1,-1.5487096260981874,-1.7283800854261506,-1.5846375549167848
TPK1,,1.041283636858479,-0.13360342516287024
TPM1,-1.0614831818117676,-1.064165096114823,-0.836210165319027
TPM2,-1.7447468806796902,-1.8357891350900164,-0.8626966597483043
TPM3,-0.5651381688909762,0.10935802807002586,-0.46208992194917503
TPM4,-0.22585559626906293,0.1478585819884341,-1.4320318852165224
TPMT,0.6036556934128188,1.39663502870119,-0.29257940711706376
TPP1,0.8383442493139552,0.5546907657916196,-0.3065706789686256
TPP2,0.516621644667204,0.3782111457897535,0.9466711535118488
TPPP,-0.36204632986853214,0.16919709440095296,1.1051559915137315
TPPP3,-0.2662092115728442,0.14640210446719848,1.3003657395611878
TPR,-0.6228325290525897,-1.0537530880752062,0.039011099303221726
TPRA1,-0.5404542770946885,-0.3029984060775221,-0.3176484033553164
TPRG1,-2.482525434772494,-2.0102670578305775,-1.943014290063543
TPRG1-AS1,0.23863087275494824,-0.40993880210654465,-0.4842166655323649
TPRG1L,-0.1053184729597327,0.3439922240968277,1.1684289220355648
TPRKB,-1.1058064806584338,-1.2876344032377647,-1.2355481220048683
TPRN,0.3229730347434858,0.4799416834574371,-0.43065839180097787
TPRXL,,-0.19703596111654195,0.28295691886048396
TPSB2,,0.9499318929129472,
TPST1,-1.5792195192835747,-1.2713020595292466,1.136942707819379
TPST2,-1.5188466420170585,-1.1555129256159113,-0.4954754007061049
TPT1,1.0114413545268122,0.7452840614418283,-1.143801535048253
TPT1-AS1,-0.45162547449151946,-0.6784518065011729,-0.30973184668798454
TPTEP1,0.08033989771504883,1.0931657699690067,-0.5501289842579464
TPX2,,-1.1815345674836872,-0.9302823868436808
TRA2A,0.17322917652434722,-0.15514574009204465,0.12600318337793862
TRA2B,-0.6422412054510582,-1.0840455803667397,-0.9390307184780058
TRABD,-1.0939999869763266,-0.6555051849534731,-1.4731538308818999
TRABD-AS1,,1.1027085381999795,1.1857562313841161
TRABD2A,,,0.8920442549422797
TRAC,,-0.44347521391275396,
TRADD,0.3183668163678058,0.6145218674634697,0.27472990728679086
TRAF1,,-0.10700299053936566,
TRAF2,-0.3860026347484217,-0.7091528477174434,-0.8058580284044424
TRAF3,-0.49463982258775957,-0.859359400084587,0.6589594191792089
TRAF3IP1,-0.15945311161824882,0.009725539636704236,1.3887367716148127
TRAF3IP2,-1.0840001730905924,-1.4748605589418886,-1.3887367716148127
TRAF3IP2-AS1,,-0.2772634624062499,1.3298921190625146
TRAF4,1.3456647578638345,0.9722255483392032,0.3758809386360027
TRAF5,,0.17870508374554697,-0.012623914243621888
TRAF6,0.00587224514096203,-0.3380748310155302,-0.6048938210219487
TRAF7,0.10786601587484583,0.4965795767088041,-0.08829121703842416
TRAFD1,0.6596032035268851,0.04197556418515532,-0.5363716164548574
TRAIP,,-0.8254599623623551,
TRAK1,0.28918588020963476,0.7348632827166784,0.8221277221589618
TRAK2,1.4568641581054,1.4595372302546317,0.7701335344746582
TRAM1,1.4642240118865706,1.6228908882898603,-0.1768947017038333
TRAM2,-1.2854875722508712,-1.4023895058535738,-0.8747871737484827
TRAM2-AS1,,-0.12477191251696786,-0.21569654637971203
TRANK1,0.8376899325218955,0.7695170365001566,0.7336386937921199
TRAP1,-1.458863560745601,-1.6023990501913674,-1.0020988549746699
TRAPPC1,0.268118408643752,0.19832153372090103,-0.29139970464548137
TRAPPC10,0.03420366367470474,0.349347333297477,0.1513046289865581
TRAPPC11,0.5811502675618293,0.5650129559889473,0.6681169708795449
TRAPPC12,0.00817513044918528,0.4994338534938733,0.5143097042393866
TRAPPC13,0.15059655064638366,-0.31906571990575117,-0.026757643525594475
TRAPPC14,0.4734095859254659,0.6326786322150061,0.003579828543328591
TRAPPC2,0.5147804090712002,-0.2813832822919305,-0.6909019194901463
TRAPPC2B,-0.6028269832424122,-0.10645960508350631,-0.5416004142903625
TRAPPC2L,-0.2440839218427059,0.015669319147952717,0.2236100619429527
TRAPPC3,-0.8826968364384706,-0.5067922169635138,-1.1488900453563167
TRAPPC4,-0.1352417197141312,0.3579748685082913,-0.06769143344488747
TRAPPC5,0.5530224350564132,0.6664847504927035,0.11822047814738815
TRAPPC6A,-0.16481969964560556,-0.3260852957700388,-0.39393913372600364
TRAPPC6B,-0.5168848212097704,-0.8287561249024061,-1.7413081117473768
TRAPPC8,0.906056716000737,0.6023853483092988,1.2494095048864577
TRAPPC9,0.7792556696888261,0.6306998217638586,1.3199219014653043
TRDMT1,0.8159733324439772,0.25636102585727877,1.2589241582239987
TREM1,,,0.5597992782851392
TREM2,,-1.554821848666967,-1.2183505192961908
TRERF1,-0.08403688999752665,-0.22816972319686124,0.6017295462793324
TRIAP1,-0.9834176454648214,-1.032650480476768,-1.561267648872993
TRIB1,-0.22845491174797025,-0.6814019546844557,-0.5741816894585419
TRIB2,-0.7914811047536698,-0.7346273760618581,-0.513234734312889
TRIB3,,-0.014048242306649267,-0.28315303148934895
TRIM11,0.3897267266444932,0.3693271495721144,-0.4333473037289701
TRIM13,-0.14896638710809354,-0.6811748098669098,0.21049260454527477
TRIM14,0.3125580616705278,0.6669345981229238,-0.12619309891705766
TRIM16,0.7224715780504655,1.0798417091298775,0.08242913054662852
TRIM16L,-0.48322088633190907,-0.13149054164590998,0.5960939773041182
TRIM17,,,0.6707099991930436
TRIM2,1.6163555855976428,1.3499346977154913,0.8651594236668639
TRIM21,0.9980892039700328,0.4918991618568323,-0.2910065606722093
TRIM22,1.4074236869431926,0.7198465415084141,0.4633481290360109
TRIM23,0.38302721337807094,0.5348442232797767,0.6861257817009799
TRIM24,0.07318005356974376,0.17212096090827742,-0.48803343660179804
TRIM25,0.19430793524393752,0.45842848214771575,0.4646070700705479
TRIM26,0.7839438874543895,0.22096645615232616,-0.17153849953932154
TRIM27,0.5923654758686617,1.2668696657122602,-0.39109014164078776
TRIM28,0.36869315172005934,-0.08962943502461611,0.22824883790735392
TRIM29,-2.3579956341464965,-1.8677961727654229,-0.7939235689233464
TRIM3,0.8237077233183534,1.462679462234027,1.10376906955226
TRIM31,,2.0647952575967885,1.0324441444585266
TRIM32,-0.7877069024237358,-0.786335060916577,0.7252800918535109
TRIM33,0.9627135033040308,0.35279519166281925,0.27023254171755673
TRIM35,-1.5768200729696655,-1.1408897809823442,-1.7277398438814806
TRIM36,,,1.486102714941539
TRIM37,0.5942876969033736,0.18126765386460897,1.3692343326268637
TRIM38,0.771169721002877,0.5532210054716784,-0.760537683282869
TRIM39,0.33585860771489084,-0.49433976648583683,1.463189569402681
TRIM4,-0.6396960341396771,-1.2158910167832313,-0.9955830039055283
TRIM41,0.2562016548068714,0.18602988580418764,1.2753233152661858
TRIM44,0.3902236797349966,0.7339199012464734,0.5429099251075981
TRIM45,,-0.6490441886682664,-0.3676034100782039
TRIM47,-1.407423686943193,-0.5193237548826298,-1.0664291168079747
TRIM5,1.2791994602082475,1.1143611117670615,-0.5523222329367297
TRIM52,0.049646330161156854,0.026477756240599615,0.13911840509883774
TRIM55,,,1.3847940396299525
TRIM56,0.013932560124161575,0.16499656244938413,0.8594210902394458
TRIM59,,-0.757225001608819,-1.000854464411968
TRIM62,,0.19079634045342014,
TRIM65,-0.2671636883806989,-0.3731861342898734,-1.237976986684826
TRIM66,0.9793176356803818,0.5350520273354006,0.7048429163252792
TRIM68,1.458863560745601,0.8310433675461226,-0.17574652203357022
TRIM69,-0.1882100570658738,-0.5542707121268592,-0.17766028430170877
TRIM7,-1.4615385367593114,0.04305713982612235,-1.622106637895318
TRIM7-AS2,0.7417393199595792,0.46463904011918006,0.8415675379379322
TRIM72,,0.633118704234102,
TRIM73,0.17977833043694944,0.06109179407463215,0.4119216206646036
TRIM8,1.032010785887923,0.7500475979378217,0.7356128734100127
TRIM8-DT,,0.08745974896615626,0.4368683104747368
TRIO,1.2213413027923994,1.023181245967427,0.29081000555506303
TRIOBP,-0.39918547394439163,0.05874629008807445,0.27218724114175685
TRIP10,-0.739315887137538,-0.4831775425500907,-1.352586984630192
TRIP11,0.5901713281846082,0.7565055094334643,0.2939562416132905
TRIP12,0.8019188384550628,0.6880045422716101,0.7145376745175218
TRIP13,,-0.5041318845401709,1.443685648084081
TRIP4,-0.37733376098680993,0.5807169439264094,0.4246712182801671
TRIP6,-1.622336667719597,-1.5959301786683395,-2.829625452012596
TRIQK,0.4985473551446713,0.9445725677602339,0.3281686831054599
TRIR,0.20135295288607272,-0.29207980490299945,-0.34471761422260916
TRIT1,-0.9815519592119846,-0.9719366769148399,1.1759191646181604
TRMO,-0.7693108906810554,-0.5398379269436556,0.10229724042487309
TRMT1,-0.9133712654002464,-1.4840066507495022,-1.0505929502357172
TRMT10A,0.6699433705780881,1.1133563921596443,1.4027092836649873
TRMT10B,-0.08126404087355928,-0.5567925049436601,-0.33912450995098703
TRMT10C,-1.5533099501622047,-1.8204662599876789,-1.2015058952905147
TRMT11,-1.1087822818997677,-1.3252626155911265,-0.8596937019643438
TRMT112,-1.5579433838063792,-2.035343193196649,-0.31111582957483636
TRMT12,,0.10102745225564044,1.0219067972662699
TRMT13,-0.11852715895581985,-0.7969291703363606,-0.010551246838817854
TRMT1L,-0.16388604328605025,-0.500454223724484,1.5625437323036946
TRMT2A,-0.3036234407882009,-0.196117894425454,-0.2645697186439662
TRMT2B,0.865488390072913,0.6208424922628193,-0.07883765125600452
TRMT44,0.832468245952857,0.6448257823171231,0.847218899864298
TRMT5,-0.8455655852304277,-1.2388406617758634,-0.22844222617408455
TRMT6,-1.3411228500604975,-1.5476238333908257,-0.40107568546465694
TRMT61A,-0.41118475038461294,-0.5412969577127277,-0.4823109254407842
TRMT61B,-0.18656952509343694,-0.9870671633587587,0.03071592429836229
TRMT9B,,-0.26325346633298896,1.2219201538652928
TRMU,-0.6536039188139143,-0.6508238165523355,-0.7274877123812319
TRNAU1AP,-0.10925587879950874,-0.7833942991915641,1.259756918260763
TRNP1,-1.1969462261066313,0.546935494511785,0.7351190599631166
TRNT1,0.15525638195545233,-0.4797396093759811,-0.6770939267474381
TRO,,-0.616263026699336,
TROAP,,-0.7126309598872526,
TROAP-AS1,,,1.883140729240111
TRPC1,,-0.5946300067947597,0.6155614438542854
TRPC4AP,0.7254643586411708,0.8988526729190415,-0.06202717565633737
TRPC6,,-0.9454169714578109,-0.31032490941339297
TRPM4,1.9943070276553878,1.8996465203675394,-0.04617725409019683
TRPM6,,-1.131958311451528,
TRPM7,-0.12015065842142067,-0.6660350376938471,-0.03674853663606253
TRPS1,0.26096389658795155,0.30337554710779263,-0.15187639578544465
TRPT1,0.5348663103124072,0.9058883134906301,0.7309288554810326
TRPV1,,-0.09270388182023906,0.5571567675734993
TRPV3,,0.5631125574082854,
TRPV4,-1.5987508403006185,-0.9788921310871493,0.42838558894136863
TRPV6,,-1.2640619608332364,
TRRAP,0.7040583811748863,-0.09089527944898383,0.7628040312386991
TRUB1,-0.6510399931655521,-0.4138596928844915,-0.5538590887478039
TRUB2,-1.367041459961161,-1.030504188691217,-1.0862685602003863
TSACC,,,0.9036035608913033
TSC1,0.38178845610050044,0.5551109173516516,0.5231470608319795
TSC2,1.2385128695348775,1.2261384656560796,0.6754361933961767
TSC22D1,-1.564173805537599,-2.181169824027171,-1.4929587476630768
TSC22D2,-0.08172613843083164,-0.36971279969364107,-0.48167606814833686
TSC22D3,-0.06925530300045761,-0.4064153824016061,-0.7186783171156312
TSC22D4,1.0145186730981592,0.6960133605179355,-1.003656528745139
TSEN15,1.3933043011823023,0.8923974995103546,-1.1304938462095753
TSEN2,-0.6716736872127523,-1.0481216667144226,0.8987961056608226
TSEN34,-0.747208045968633,-0.6987695243338801,-0.24685422107973437
TSEN54,-1.184314805097061,-1.5328802620391149,-1.5906172915197923
TSFM,-1.1041104107493087,-0.8098614146788452,-0.838082509051554
TSG101,-0.23910476701870728,0.5145892721111287,0.34052178493253854
TSGA10,0.29254914630727813,0.010806195112082877,1.7943327602051022
TSHZ1,-0.5417872299033833,-0.8290100487558348,-0.3237974312537238
TSHZ2,-0.8601422916863859,-0.47167258035719817,-0.8158041720183381
TSHZ3,-2.1731938208610106,-2.313546190509007,-2.666398862173872
TSIX,,0.7224159252978278,
TSKU,-0.9826709605094671,-0.9797648951892175,-2.3679002865008996
TSKU-AS1,,-0.018010948397772182,
TSLP,-3.146273691120827,-2.675026337008727,-2.553210993338511
TSN,-0.7156125979084489,-0.7362795825798547,-0.8847753418230776
TSNARE1,,0.1465841471107879,0.20895179627705124
TSNAX,-1.026145192163376,-0.7792397773222254,-0.177468878907392
TSNAXIP1,,,1.9646150444757708
TSPAN1,1.186639685991463,2.290611080265814,1.2363569332424458
TSPAN10,0.368939641587497,-0.27015843574404613,-0.36498410523712443
TSPAN11,,,1.3399963167512587
TSPAN12,1.7270844189064392,1.0250068288576997,-1.0285991666009473
TSPAN13,1.9092941101345193,2.481676546749966,-0.3230033249332046
TSPAN14,0.19876863773914863,-0.04071378790648882,-1.4883802905195063
TSPAN15,1.7415903211865587,1.6115696870297957,0.8335404619488104
TSPAN17,0.26453945998660844,0.41621528109158346,-0.2559939588079875
TSPAN19,,0.792237089967923,1.7269023214278774
TSPAN2,,-0.2664244414109356,0.9977502474911191
TSPAN3,2.435216879463488,2.73812552079391,1.2448987464826677
TSPAN31,0.7378034445005252,1.2403939520020812,-0.03524026674543888
TSPAN33,,1.1495644135271583,0.8426419121356237
TSPAN4,-0.49073982805406535,-1.2868096136924188,-1.1669387212408093
TSPAN5,0.12409477028673882,1.4621547538067914,-0.6064782305295487
TSPAN6,1.1100606356251093,0.7858444621651863,1.0784840428717672
TSPAN7,-0.8340975793804147,-0.930596978828065,-0.8999254000964964
TSPAN8,2.20348101580667,2.1160093196631267,-0.4993133822986573
TSPAN9,-0.49048009427321865,-1.0098964453915833,-1.9620258837039792
TSPO,-1.7739707814895211,-0.6497113079580371,-1.9116349699636153
TSPOAP1,,-0.09596013442492958,1.4501257644730075
TSPYL1,0.18703819708627265,0.19244727201575076,0.0966168591490812
TSPYL2,-0.20864332276624661,-0.14421796936804548,-0.7220975312380649
TSPYL4,0.6428073639282839,0.2699716469732656,1.3163287053329127
TSPYL5,,1.2053971863080986,1.3601504431062845
TSR1,-0.9977103275479611,-1.3313548429449504,-1.656776636570017
TSR2,-0.6103003898103164,-0.32228895736622803,-0.8421046035337193
TSR3,-0.368939641587497,0.14148876639784028,-0.1564523342159335
TSSC4,0.21264595579810724,0.20953850789349132,-0.26144904197830354
TST,1.1913087910905804,0.9105128827343859,-0.0064060391041414555
TSTD1,1.2897080483968566,0.5438008390290089,1.2215227588743236
TSTD2,0.4917790945406366,0.2062259016388465,-0.11347846817436448
TTBK2,-0.688505371465528,-1.0925113128528612,2.0960317490846174
TTC1,-0.5160953988861168,-0.14512794145375127,-0.2421951102162378
TTC12,-0.8050990617004374,-0.5275855299776873,1.5819979868392884
TTC12-DT,,0.3968492086054565,
TTC13,,0.6850410692486097,0.1408308034516265
TTC14,0.09536629580641079,0.3114946229508535,0.07619195124949954
TTC16,,,1.9581666332274836
TTC17,0.2671636883806991,-0.10482963665349175,-0.10892853938023643
TTC19,0.03466450240682793,-0.545680989063841,-1.3601504431062854
TTC21A,,0.6557284651696914,2.179231272419192
TTC21B,-0.21335265475951434,-0.3133857069753399,1.5689626396761236
TTC22,0.00034542420640484454,0.8518280648537916,0.49952681878277577
TTC23,-0.44170230788412973,-0.46163170828653194,-0.23211823570064638
TTC23L,,,1.9517986330045083
TTC23L-AS1,,0.008825002136676906,1.5307676842829405
TTC27,-0.9053626199843949,-1.3136502456314996,-0.07203549277911117
TTC28,-0.6844248381069018,-0.7971766077066482,-0.8186984017670041
TTC29,,,1.9885322466663524
TTC3,1.7405419807088056,1.9929126219873416,0.5370244118507754
TTC31,0.19149264583097433,-0.18694618018107184,-0.46880887764131934
TTC32,-0.015544714989149777,-0.4823681046733411,0.7125933720420526
TTC33,0.12571937410867626,0.36643651922663956,0.452050347993244
TTC34,,,1.6725917255392935
TTC36-AS1,,0.7193798914573832,0.7274877123812319
TTC38,0.5613600155951808,0.5935557096032738,0.31250040863262696
TTC39A,2.168334953392346,2.514296805458887,1.237166554084371
TTC39A-AS1,,,1.4810061643484855
TTC39B,0.1424496455262613,0.15204771364564318,0.4041404506308554
TTC39C,-0.8943157735254642,-0.8505344399758444,0.6756728987284719
TTC39C-AS1,,,1.3016833482071624
TTC4,,-0.1443999542077611,-0.15950477492761594
TTC5,-0.9496189116024812,-1.1700302603005992,1.4969907287410065
TTC6,0.16458627211757137,0.031342486726835164,0.5448759393045003
TTC7A,0.7114540106718423,0.8910573483767832,0.7903137510915326
TTC7B,,0.5444273418127465,0.9993011522727414
TTC8,-0.5431211460358453,-0.13258060059953974,1.3303484594777242
TTC9,1.2570718847431892,1.629648802781128,0.9129958229134989
TTC9-DT,,,1.4664948258729702
TTC9C,0.40392822118627164,0.10265677781475811,0.08450889112589656
TTF1,-0.6618948926540092,-0.6602009631979275,0.6761464230092902
TTF2,-1.0534273954480604,-1.0869672117367437,-0.8150160222123775
TTI1,0.606144316517407,-0.01963213342284714,0.5965441244235965
TTI2,-0.7733417299463328,-0.5648016999206233,-0.22805545817652992
TTK,,-0.8123639206765161,-0.4768152490315899
TTL,-0.5786981949299497,-0.8417752275016634,-0.062782291090472
TTLL1,0.08681038540712378,0.021613652289428482,1.4283643615263992
TTLL10,,0.633999216364282,1.9139826770852446
TTLL11,,0.7748554809479927,0.6486936957554914
TTLL12,-0.5719050369621065,0.41464463317782235,-1.0257253829147945
TTLL3,0.05541135627863814,0.05730306446207411,1.2506441327111153
TTLL4,,0.4785275758088179,1.0965222982523382
TTLL5,-0.12873737935676746,-0.3270351129988149,2.215017410556883
TTLL6,,,1.5344262061578937
TTLL7,,1.4111093046853012,2.4616377688933664
TTLL9,,,2.2809803590371245
TTN-AS1,0.3954475374012681,-0.14530995026843532,0.03203545511279107
TTPAL,-0.07202560085520382,-0.5404630849516047,-0.26964633351424433
TTTY14,0.6768767567604448,0.4927123705009604,0.28668492961655456
TTYH3,1.124677382272281,1.0406644101322962,-0.8703759066189473
TUB,,0.054416968225746896,1.8624649415167882
TUBA1A,0.26215537813229317,0.21285341509319622,1.525318018977357
TUBA1B,-1.4149030542727927,-1.5224676769656056,-0.660598996217472
TUBA1B-AS1,,-0.05261338975239334,0.2153108705562758
TUBA1C,-1.1117679343791527,-0.5588967065039823,-1.7319457437952996
TUBA4A,-1.7209773284292105,-1.4796871867339807,-2.0400941418248806
TUBA4B,,0.7964344419091324,2.142282257331484
TUBB,-1.8071457955260697,-1.8931214837060097,-2.2886685621719787
TUBB2A,1.0939999869763262,1.3209409570758053,0.42446503651825207
TUBB4B,-0.8772701575985861,-0.8051205681023546,1.134787842626424
TUBB6,-1.1259786600478239,-0.864843691304538,-1.0975540235365837
TUBD1,0.5986896196819638,-0.2141431755942603,-0.9431379576438338
TUBE1,-0.6192021618350632,-0.41346731836930084,0.5992475517640323
TUBG1,-1.0981990224325435,-0.6291624529478393,-0.5857736089780875
TUBG2,-1.1439575324707825,-0.8711434809149105,-0.8410307149737837
TUBGCP2,0.11134106982821367,-0.11697082518871893,1.3634840559543815
TUBGCP3,-0.9852867610792088,-1.120075899576397,-1.151811169368747
TUBGCP4,-0.34171184943579463,-0.8392112617353082,-0.7425452183290412
TUBGCP5,-0.3302600306459416,-0.5532210054716784,0.047874834948189046
TUBGCP6,0.7144231699128378,0.15441665982004338,0.6856490294230891
TUFM,-1.1955333041367473,-1.4038354030860627,0.07298003057924701
TUFT1,-0.43688371586305685,-0.2517108763707204,-0.5933956250069423
TUG1,0.7606712214668411,0.43197914009853117,0.17020022358788103
TULP3,-0.499068933800432,-0.6043298396812056,1.9069709178598957
TULP4,0.4935990906494434,0.3029984060775221,-0.13721621836826706
TUSC1,-0.5920910516156039,-0.7367520107856397,-1.5561885672936373
TUSC2,1.3298874669485667,1.1017167005299928,1.356831877415775
TUSC3,-1.2306179765611365,-2.127987460103929,1.2128284128556144
TUT1,-0.10693955650330884,-0.24818040482467377,0.7512611749916076
TUT4,-0.7952666152465836,-1.5458368034173366,-0.0520250678740841
TUT7,1.1003058191587978,1.0256161161088884,0.16809783327863287
TVP23B,0.893628969766174,1.0957882935112182,0.2357973845410976
TVP23C,0.7359907380013077,1.1353827754784427,0.4004631851585257
TWF1,0.3815407749936995,1.0092968226414192,0.51237518524034
TWF2,-1.5494740716954054,-0.9364444462489815,-2.0696549716785944
TWIST1,,-1.0465632714842232,-1.1152754291287106
TWIST2,,-0.390815896733319,
TWNK,,-0.8482094945262265,-1.0092844319823444
TWSG1,-0.5100537864027053,-0.6514917084702907,-0.871201727540324
TXLNA,-0.18048047809933515,0.20034238251396555,0.34511753254128336
TXLNB,,,1.318123176103709
TXLNG,-0.7420425552987262,-1.3625849203499238,-0.004521894438412032
TXN,-0.9242591591805879,-0.4395045035280451,-0.6285935969368153
TXN2,-1.1727852174120945,-1.368533064900072,-1.8313554613889966
TXNDC11,1.7040138353381915,1.8931214837060097,-0.007536536391488642
TXNDC11-AS1,,0.36335655071860434,
TXNDC12,-0.5708205847742938,0.13003737248275776,-0.5315914037145608
TXNDC15,1.2494960614321315,1.3726795472066438,-0.9475563003660605
TXNDC16,0.4623619609024368,-0.21875238827130317,-0.5492524258065989
TXNDC17,-1.2385128695348775,-0.36682175921810556,-1.5277344919629363
TXNDC5,,0.9684765243920525,
TXNDC9,-0.22231352917446484,0.5584756684751163,0.005652378883443062
TXNIP,-1.5130340296440827,-1.4658362029019683,-0.9273820595751088
TXNL1,-0.635745091031394,0.1251349349788386,-1.4517452246406972
TXNL4A,0.4247551736188163,0.9935369759895865,0.1659961857077136
TXNL4B,-0.16341926872484067,-0.7301528851417127,0.12866241769823766
TXNRD1,-0.3339100912721618,0.061813554630705175,0.6978554641209657
TXNRD2,0.1802464190089492,0.26549152498956424,0.0064060391041414555
TXNRD3,-0.3222452838860863,-0.4375217477725399,0.33792737253553856
TYK2,0.8259728797412286,0.9590203404396656,0.782356976982718
TYMP,-0.349044927165518,0.36701439962717436,0.5507866805642154
TYMS,-1.4423766707921322,-1.2151370146658333,-1.120201790557981
TYRO3,,-0.15095464240275336,-0.9070096698168517
TYROBP,0.88099821278759,0.4468558215299603,0.26613102181237275
TYSND1,-2.036414271658005,-1.769951844617201,-1.884251472239578
TYW1,-0.24527032272222218,-0.3323595730030115,-0.16771566058095702
TYW1B,,0.11642683432339682,-0.009043881340756616
TYW3,-1.0438497887649791,-1.5127828826155032,-1.0146291853352918
TYW5,0.22018962980307377,-0.09451278748093472,-0.26320410734823696
U2AF1,0.01738722740881021,-0.44327651276513413,-0.47007103222536184
U2AF1L4,-0.09120312777264539,-0.3892612283975409,-0.5220671582507095
U2AF2,-0.25049461436720616,-0.3660513336102891,-0.08848036604439992
U2SURP,-0.40567783632017457,-0.8729874398093125,-0.2618389867241934
UACA,-1.1551041666664745,-0.27838658008032025,0.29415297769198934
UAP1,1.8681846730510883,1.7708150386877268,-0.1204975809698326
UAP1L1,,-0.6845856844779109,
UBA1,0.6993453334277081,1.2125034314825984,0.7133221694295472
UBA2,-1.2390088677642326,-1.6426978381749477,-1.673355329469252
UBA3,-0.4260156215685114,-0.472880666839013,0.11594398815726659
UBA5,1.0720598394283039,1.517892389039568,0.14102109533723228
UBA52,-0.11203624065125184,-0.5346364423175105,-1.0866085118551778
UBA6,-0.7411330537892769,-0.47872953254426576,-0.6533513957515662
UBA6-DT,-0.09513496599181255,0.7137922469216081,-0.6937751785701283
UBA7,1.0778049535914458,0.7165832725610108,0.04051958465462933
UBAC1,-2.13343208720203,-1.7546351115802923,1.3511774229964957
UBAC2,-1.0253657780861418,-0.7079953828603907,-0.892324769514053
UBAC2-AS1,,0.20199641265038096,1.1602646547934081
UBALD1,-0.4192171786922058,-0.6412823216020783,-1.3668328904222506
UBALD2,-0.31183271231696014,-0.08167590381763665,0.588235812020179
UBAP1,0.07479645158541884,-0.15040817449097865,-0.7872277989092442
UBAP1L,,0.2235509058996635,
UBAP2,0.06302404310055043,0.35317854529942483,-0.3892603230286592
UBAP2L,0.3012128628653535,-0.6110451228171913,0.2241896438213885
UBASH3B,-0.6473440799405226,-1.6316907615672822,-0.9588331342203255
UBB,0.7037633581583222,1.1725335763803653,0.5496906522375948
UBC,-0.5975880542740535,-1.0092968226414192,-0.7490144988629531
UBD,1.4211968800517187,0.7579448859898167,-0.2988780799355437
UBE2A,-0.2810314661236619,-0.11026397254646152,0.34451767573997977
UBE2B,0.2748083510111835,0.6852688149118581,-0.16485014203620185
UBE2C,-1.661332124339609,-1.3736041990643846,-1.2485874765640008
UBE2D1,0.5713627268752641,-0.19097975153301175,0.26827887426721686
UBE2D2,-0.8127650470009535,-0.9490838716186939,-1.3344680497043537
UBE2D3,-0.5511450848298681,-0.4290153466912954,-0.476182061361095
UBE2D3-AS1,,0.1403973813674653,0.5339799848736553
UBE2D4,1.5217722934581919,1.391400418040706,0.34531751239712305
UBE2E1,0.32345829700500145,-0.937282414054399,-0.47091288470444137
UBE2E2,-0.2246745945560108,0.2023640498034556,-0.8322078359904702
UBE2E3,-0.1398911665797312,-0.2671709414971965,-0.743786891280857
UBE2F,0.6233917751841146,1.3200795805781382,-0.20298581236132313
UBE2G1,-0.18586659390176682,-0.7811931667705012,0.25677278637675044
UBE2G2,0.46313088137746233,-0.2018126043144086,0.14825603661623668
UBE2H,-0.3561514512885203,0.3241865425380797,0.865707417348304
UBE2H-DT,,0.5063827019938547,
UBE2I,-1.454870562535971,-1.6010999091157627,-1.973782370453832
UBE2J1,2.1830683587127337,2.477779271869725,0.14235328192410504
UBE2J2,-0.49985155648347085,0.022154080927236426,-0.5772949441253197
UBE2K,-0.06740873431180536,0.9386804915729979,-0.9609237680235881
UBE2L3,0.06740873431180536,1.0177248446000895,0.0018841173764858872
UBE2L6,1.0079907802489645,1.145736952404677,-0.010174403350520372
UBE2M,0.2211334618867273,0.4670479335458412,0.3819539932638955
UBE2N,-0.38947828619519037,-0.46544170436506405,-0.5637703940328577
UBE2O,0.4644130245315111,0.33293060744384906,0.2809963896375475
UBE2Q1,0.17089200703793814,0.47913350460998355,0.47576004230160407
UBE2Q2,1.0741075964478366,1.0540669251547596,-0.3136876675885866
UBE2QL1,,-1.0632137853912824,
UBE2R2,0.19290009942509898,0.3302667053670827,-0.2939562416132905
UBE2S,-0.9867845355977949,-0.6875482305345975,-0.42158038093296185
UBE2T,-1.7040138353381915,-1.4818434627569126,-0.24801983259465185
UBE2V1,0.32079029359024896,0.02539679416451741,0.11234076939826741
UBE2V2,-0.8668287826871082,-0.6355412967649708,-0.7138082449035413
UBE2W,0.6445070773937083,0.6626664721645059,-0.28393759099953375
UBE2Z,-0.04296095358555148,0.379952793843471,0.3563379494456234
UBE3A,-0.172995417200995,-0.8086120620115562,-0.21627512029690818
UBE3B,0.6507553768484075,0.8601412857071423,0.8889632137280611
UBE3C,0.06879363893493298,0.002161198642864661,0.30637320799632617
UBE3D,-0.6852982769378022,-0.43435290867675114,2.0136441920224417
UBE4A,1.1233780061578003,1.4748605589418886,0.6285935969368153
UBE4B,-0.07087124412563146,-0.31792889938095986,-0.4053674187551454
UBFD1,0.5385897543991809,0.6508238165523355,0.519909176606273
UBIAD1,-0.6340548665145378,-1.0189347567058396,-1.4866713860703074
UBL3,1.1627666104185512,1.3072747582664417,1.2812946298026295
UBL4A,-1.2672866144001431,-0.5734840441212075,-1.4742700356623748
UBL5,1.1342647529913008,1.1478225739028451,0.8681766135192717
UBL7,-0.06187038178991008,-0.13076392254754746,-0.6380339298279377
UBL7-DT,-0.4303062263487255,-0.7228835983146855,-0.5218512508150315
UBLCP1,0.2903866692189489,0.0927038818202392,0.15645233421593363
UBN1,0.23342154641837615,0.4428791629588711,0.4065949974440522
UBN2,0.7496457726288895,0.4302004104149573,1.1337123834345257
UBOX5,0.699051284181665,0.9900028500659854,-0.002826178154866528
UBP1,0.4633872490411423,-0.23575518270203896,-0.9928034000103895
UBQLN1,0.08935334242978162,0.8875804206429647,-0.3785108805843581
UBQLN1-AS1,,0.3774374483998667,0.9121386575570004
UBQLN2,0.32442905020555707,0.11316360683135103,0.7445324457350686
UBQLN4,0.4506056812866076,-0.13021900354874974,-1.194170436692208
UBR1,1.2489935520025184,0.9381210405276705,0.761796282436206
UBR2,1.0860745145573845,1.1100154150092436,0.7726705529156664
UBR3,1.02887806408771,0.865105496675978,-0.1646591558467402
UBR4,0.5732615488492057,0.4929157235628635,0.6167004093569762
UBR5,0.3568876304517388,-0.2675442473533652,0.4667069438801741
UBR5-DT,,0.9710705488564035,1.6657627733895084
UBR7,-0.6682150574302169,-0.7170489860955495,-0.2608641993716916
UBTD1,0.09120312777264539,-0.44188609411952146,0.10873900859489488
UBTD2,-0.17439811540529207,0.29339569521114656,-0.9505121670705197
UBTF,-0.8977561408532384,-0.7989100381041626,-0.8134412393038198
UBXN1,-0.837362908584457,-1.465309064885501,-0.828484319166083
UBXN10,,1.3476983449423519,2.099433398062357
UBXN11,-0.5841519997889844,-0.10265677781475825,1.7794539771650768
UBXN2A,0.5108407630976058,0.15988679044705575,0.09056121555537965
UBXN2B,0.517674565781183,0.47429097402742265,0.3998508350519845
UBXN4,0.36278407086860764,0.987653619742371,-0.041651008992064406
UBXN6,-0.5732615488492057,0.03260382959709614,-0.363977347666741
UBXN7,0.28438687232639975,-0.23594036170353636,0.8635169990732763
UBXN8,0.2980817239220259,-0.22650639330877362,-1.2899051746970753
UCHL1,,0.4874323053563108,-0.032223964014726186
UCHL3,-0.8809982127875902,0.11117000752950182,-1.1016926585970275
UCHL5,0.5522176180971216,0.5845584368374145,-0.9980602363960402
UCK1,-0.6803556692523989,-0.32247866355639004,-0.4876090006873316
UCK2,-0.6225529790288311,-0.6417248131858819,-1.897765351452248
UCKL1,-1.2616522250412978,-1.4976866343595023,-0.9525862246945107
UCKL1-AS1,,0.16609206975079394,1.375030243886798
UCN3,,,1.2175593726346117
UCP2,2.0905984033333693,2.7087439536106834,1.5045439298417067
UCP3,,,1.3872557194104296
UEVLD,0.6130769689724995,0.9056168833679837,1.3136449200942464
UFC1,0.030056430187819855,1.2388406617758634,1.5350379602140654
UFD1,-0.3041057677151067,0.6375261953987216,-0.6566202337968411
UFL1,0.35909733076464706,0.9209212636032005,0.12562336592632278
UFM1,1.1506283538784254,1.664608926585362,0.883939628661409
UFSP1,,0.6000118359574469,
UFSP2,-0.3237009566945251,0.18254938438857513,-0.9454921101662863
UGCG,1.2621627877094195,1.2572844071621194,0.5357190495493439
UGDH,-1.338862234750961,-0.8272337023435167,0.5177536134086451
UGDH-AS1,,0.11914713647396512,0.810559363431395
UGGT1,1.5864729547989118,1.666772216235435,0.6582572854723698
UGGT2,0.9517900069552919,1.2876344032377647,-0.10987625214141424
UGP2,0.37091236917021925,1.1987206501110275,-0.27805761707938176
UGT1A1,-1.8966222375037443,-1.7982537755853585,-1.3769725148927376
UGT1A6,-1.1470642305516796,-1.4626794622340265,
UGT1A7,,-1.569464553096242,
UGT2A1,-0.21547339260190962,0.24650915795929582,-0.8637905746739313
UGT2B7,,1.8505566097446158,
UGT8,,0.7608283616282767,
UHMK1,0.5675712451586441,0.6282846238983855,0.4193163254904197
UHRF1,,-0.6401766414769308,-0.5481573207971998
UHRF2,0.09050942203779844,-0.021793794459509797,-0.6716540368937093
UIMC1,-0.9785739468339972,-0.9234010459182355,-0.21029997625566624
ULBP2,,0.16043406402934082,
ULK1,0.8038259969229191,0.6038975332344066,-0.014885068118530515
ULK2,0.08842856479406869,-0.5728472906362351,1.426798430902157
ULK3,0.8130854987988947,-0.009545431529099752,0.26203397402485823
ULK4,,0.39120471130892637,1.6672736080340127
UMAD1,0.9018986608604433,1.150262126834734,0.18743075558315803
UMPS,-0.8282422821268365,-0.6298211430091597,-0.7655793446048668
UNC119,-0.871869191178603,-0.8188943857213087,-2.1132886762033163
UNC119B,-0.07548925317396821,-0.05243304141451778,2.2538874858488125
UNC13B,1.8815367316569116,2.004862705494057,1.0917229358208622
UNC13C,,0.2875720027828181,
UNC13D,,0.3485817076444944,
UNC45A,-1.030443160898414,-1.0409739736012786,-1.7336367157017942
UNC50,-0.20276314523789635,-0.4833799514727505,-0.4650268806746298
UNC5B,-1.985965028689417,-1.322666656595718,-1.093776720590283
UNC5B-AS1,-1.3747024791184042,-0.0800496978900025,-0.4755490645471421
UNC79,,,1.219142429275183
UNC93B1,0.553827610384681,0.8146205336790845,1.1673110284352257
UNG,-1.9064515970691882,-2.1990049741358138,-2.465555547441854
UNK,0.7902217868487884,0.6820836002008901,0.8245075410913085
UNKL,0.037199249658359176,-0.6153922138757608,-0.1144266626395653
UPF1,0.6031031739405804,0.9797648951892177,0.7343786757052105
UPF2,-0.5767934307698952,-0.41700099001503704,-0.027888535398415706
UPF3A,-1.0631026216168604,-1.0591025106230423,0.5149549715030948
UPF3B,-1.6327270651891057,-1.1391651299297405,-0.4713339360935046
UPK1B,-0.6590308225760719,0.8116126352629771,-1.2231134982177623
UPK3B,0.6133548866669072,-0.20530613625567254,-0.4004631851585255
UPP1,-1.6415223979196252,-1.6413110479212212,-1.4294102642897852
UPRT,0.9295670106753211,1.1237932802587456,0.011870211199040701
UQCC1,-0.8305159581548098,-0.574545817045452,-0.03919965504717052
UQCC2,-0.3358586077148906,-0.28325750346091844,-0.7196543766352994
UQCC3,0.2908671019881396,0.7063765235746117,-0.188581381942849
UQCC4,-0.5129409170062703,-0.6649113444578071,-0.5748483460941649
UQCC5,0.35418924890163306,0.24632350644236603,-0.12657294365725702
UQCC6,-0.8272691594208407,-0.7268652259168966,-0.8394216981381811
UQCR10,0.8850791975333406,1.1221016394563903,0.37204184287640885
UQCR11,0.19782921672207135,0.5648016999206235,0.2864886196128164
UQCRB,-0.5396549662420506,-1.2676737039050812,-0.8340739269536852
UQCRC1,-2.1781045427185495,-2.1565730999390356,-1.324437500386215
UQCRC2,-1.4902798588995434,-1.6903482723170655,-1.6235126767519021
UQCRFS1,-0.616693605627743,-0.6581867100171307,-0.8179083870375224
UQCRFS1-DT,,,1.5039598627051554
UQCRH,-1.7149337580342605,-2.004862705494057,-1.836418057938525
UQCRHL,,-0.4363329199112544,-0.2764912546866807
UQCRQ,0.4587772681207971,1.1492157666370808,-0.013000768428386537
URB1,1.2776353132983091,1.1593838526197668,0.3441178400786813
URB1-AS1,1.3411228500604975,1.1173820417906954,1.2955537139059259
URB2,,-0.4272388795073599,-0.3766898738306075
URGCP,0.5271769129547509,-0.41484090815680524,0.18187286297090816
URI1,0.5806050609992859,0.5127397896038437,0.2849185362825558
URM1,-0.7996974999969395,0.019451999283257304,-1.1584198953051685
UROD,-0.935614414740354,-0.8748343718111351,-0.7838931215044082
UROS,1.502983253727849,1.7580033083775404,-0.8665298956732017
USB1,-0.15898667096563593,-0.3801463813599213,-0.6094247536888469
USE1,0.03282119066877034,0.316224438162425,-1.1804451563095402
USF1,,0.17705833776936628,0.35433105126879716
USF2,0.7052390866829422,0.5851995236343949,-0.06108333104655414
USF3,0.7542285634964899,0.231313295663526,0.5214195088998017
USH1C,,,1.2873119838343778
USO1,1.537349993042043,1.9277433856690647,-0.10305487004713365
USP1,-1.1875714365054835,-1.8157643772482763,-0.7228313182354447
USP10,-0.6556010570844533,-0.9879469753525663,0.9684248557702446
USP11,-0.6550301796216181,-0.5779478555744662,0.4660767660478399
USP12,0.2284549117479701,-0.31603511037001264,-0.3164596621419694
USP13,0.3805502844080833,-0.7642004329725138,0.4006673352234096
USP14,-0.21500203410543273,0.23094334554490398,-0.490156937467056
USP15,0.12061457339739663,0.2716530858854592,-0.8290155461952018
USP16,0.5592046665855498,0.6097432477156596,0.2519076487142374
USP18,-0.27672201120243345,0.4963758547925704,0.9505121670705196
USP19,-0.2526337885703685,-0.3283653531663579,0.815278682541792
USP2,,-0.7421968136217504,1.9092977522114243
USP2-AS1,,,1.8887178521448347
USP20,,0.2559888111618081,0.5746260988423301
USP21,,-0.35452069228238187,0.9940378313534759
USP22,1.2069043194294027,0.6736986099057172,0.353328137600934
USP24,0.8864428046657797,0.5802906409277688,0.6454416649365583
USP25,0.8671641242301146,0.738170283234859,0.6966541766466469
USP27X,,0.028459601316411353,0.5218512508150315
USP28,-0.8079682403409904,-1.221568204831851,-0.457273542871167
USP3,1.1993064205176043,0.38518468508409104,-0.5339799848736553
USP3-AS1,,0.8809239941532757,
USP30,0.31425118394498336,0.10157053076255443,0.5188310936668703
USP30-AS1,,1.6056587893207834,0.8993606095086653
USP31,-2.36548586033953,-2.2260701330782964,-0.5788536703422561
USP32,0.21523770737601344,-0.4576284113211399,0.3245917418150226
USP33,0.435111004987984,-0.1754120717954573,0.5956439509402146
USP34,0.15479024875971473,-0.07119951034630445,0.07997169056040554
USP34-DT,,0.7438582968946514,1.0337292003132794
USP35,,0.6245592341426407,
USP36,-0.12618360739396972,-0.15623951527386895,-0.9778025727461391
USP37,0.25073224361224644,-0.40367843104977175,0.07316894592566899
USP38,1.0049336474921438,1.1197387229060136,-0.16561414699969482
USP39,-0.7520879622312061,-0.644160767756567,-0.9962017388978132
USP4,-0.10369766613675817,-0.20732985050471547,0.4820992847560464
USP40,0.4298010394939365,-0.29791119398917626,0.3766898738306075
USP42,0.1741643086153841,0.07715918497936822,0.6545180348412597
USP43,-0.18165092214151748,0.30714934147356104,1.313198541532227
USP44,,-0.5809301350034781,
USP45,0.6587447130588931,-0.06415950079942098,0.8602391171792901
USP46,0.9674828508210969,0.828502254473713,0.19721915266072118
USP46-DT,,0.8551981815727943,
USP47,0.4044279848310634,0.3679778061689474,-0.2633991645674769
USP48,-1.4648970331054336,-1.3526272644940986,-0.8474886870094449
USP49,-0.11064595280797852,0.024315861763250395,0.6187525664575179
USP5,-0.9920442704801199,-0.09577920512552969,-0.9603260157897073
USP51,,-1.1506111935617047,1.4698161814998516
USP53,0.6245108528714978,1.1007259454823226,0.010174403350520372
USP54,2.2472972248245746,1.7648001708560876,1.2167689873261112
USP6,,0.44307782911748134,0.7427934612894336
USP6NL,1.581628092312895,1.3680737950360535,0.9317354887781453
USP7,0.6066978535035992,0.5858408510341556,0.39027672762224563
USP8,-0.007944840168891862,-0.20917032762883428,0.588459825370459
USP9X,0.7770736886451615,1.300112851996266,0.625382898442416
USP9Y,0.610022990848954,0.4610307434670043,0.2951368290523542
USPL1,0.026370436579053195,-0.02773891785573006,-0.08696726205744373
UST,-1.0172192295390055,-1.1224397106747808,-1.2783032750424055
UTP11,-1.6012355450371485,-1.5482206097449858,-1.7658541283197278
UTP14A,-1.159603239967645,-1.493278593981202,-1.8898403556043353
UTP14C,1.3144344431269719,1.8357891350900164,0.41315249742091803
UTP15,-0.40692832185203975,-0.6664847504927035,-0.5942945948244479
UTP18,-1.4522213966468533,-1.1450428517164162,-0.8045552612285654
UTP20,0.5765214925157814,0.32665515075028484,-0.18628037731731098
UTP23,-0.20041304723051392,-0.8108618076686956,-0.782612872800586
UTP25,-0.4202231260454272,-1.0069019518218865,-0.36176377729677645
UTP3,-0.6039320222597608,-0.9168008288140324,-0.13645548305720281
UTP4,-1.4352450807875676,-1.348145076247988,-1.4057392629827468
UTP6,-0.7927416791067983,-0.7240534732702766,-0.4426794691195659
UTRN,1.0430559723233548,0.2554305555921566,0.8009147538433763
UTY,0.568653690970042,0.41307500750028925,0.22090633609895072
UVRAG,0.5069090298952422,-0.4765090798332564,0.32637969047636795
UVSSA,0.818867987056837,0.654835540270951,1.0020988549746699
UXS1,-0.5253255293301909,-0.8969660538835644,-0.32816868310546
UXT,-0.24432117448200352,-0.29734642623005064,-0.3255849181542997
VAC14,-0.76282579641485,0.06253534738926746,0.787998583263095
VAMP1,,-0.3770506844437249,0.3105226212359356
VAMP2,0.0028785389713822294,0.12604256339264233,-0.9633182184885535
VAMP3,-0.6791951186811005,-0.5790123640095898,-1.2753233152661854
VAMP4,0.2939915574768666,0.8412619919962007,-0.25930505462124553
VAMP5,1.3926966911425613,0.2546863386106088,-0.4039360151316203
VAMP7,-0.4255113612790768,-0.16956249810812785,0.17230336645990577
VAMP8,1.9401156144770857,1.6155417874999398,0.5920480685729279
VANGL1,0.480376028068106,0.7029137551023434,0.6318107884650029
VANGL2,0.14035627597452,0.1724865471926767,-1.0077179238623273
VAPA,0.6405439634147425,-0.22927896031363384,0.621035801733348
VAPB,0.543388045192712,0.4592288465281916,0.17880885361738572
VARS1,-0.3783230432210866,0.19208035316130972,-0.02656916491282597
VARS2,0.0699478268068781,0.37164187667023213,0.8100361091908639
VASN,0.40742869417911604,-0.21340612611265294,-1.3118609733067874
VASP,-0.10022542024761368,0.22318160776380755,-1.3056497969704681
VAT1,-0.35051378510310954,0.22521312563310145,-0.007159702963512028
VAV1,0.168088634162117,0.05982878944935113,0.6622403510133198
VAV2,-0.6513246622309093,-1.505471484566758,-0.5302898193326367
VAV3,-1.7500467712936116,-1.9537931984689907,-1.201893765320247
VBP1,-1.5015597663539966,-1.4164913329543862,-1.2363569332424458
VCAN,-0.3317195242122565,-1.6475766528782363,0.29356280357779474
VCF1,-0.6955273925191808,0.11515765599689924,-0.5166767339086197
VCF2,-1.4771265838342875,-1.504353772619658,1.4399563976918475
VCL,0.30820841687141964,0.0695745922340019,-1.3294360554248343
VCP,-0.3341535863563951,0.8753626149751595,0.14463761960295102
VCPIP1,0.9445703448332549,1.065117370875606,0.8447935841216483
VCPKMT,-0.7612864536316335,-1.148867259383587,-0.8764457928675556
VDAC1,-0.1800123697927051,0.4213270097622992,-0.9021874392998795
VDAC2,-1.739495549634599,-1.7512867038397326,-2.0909743115253763
VDAC3,-1.6292440327983988,-1.5985097036544755,0.7393222114766353
VDR,-0.6809362882547059,-0.8428023643252404,0.020915215285709873
VEGFA,0.7459908466325816,0.28682127269549884,-0.7959909733700411
VEGFB,-0.30917449791016605,-0.20199641265038082,0.2569675175890552
VEGFC,,0.4009445002824575,
VEPH1,,,1.0105394239876258
VEZF1,-0.9528772387155928,-1.4303794836815777,0.7142944890871051
VEZT,0.9077938689139433,0.41975300347884187,-0.3095341833295522
VGLL3,,-1.3607643883935134,-0.08016070707118604
VGLL4,0.12293453972999041,-0.22392023452615895,-0.09623827991241993
VHL,0.9123233422693017,-0.12168688047568733,-0.3813460571850279
VILL,0.46031284052566673,1.2553019646647257,0.1682889288312609
VIM,1.2849616206254482,0.19446579029619057,0.7721627517333474
VIM-AS1,,0.5726350910910426,1.5247152904157568
VIPAS39,-0.32831513236811405,0.34074572389317687,-0.4287986609205206
VIPR1,1.7586302546012251,1.721206312694868,-0.5920480685729278
VIRMA,0.18469524579233154,0.2922677582177931,0.608971098545685
VKORC1,-0.08565468239057816,0.43435290867675125,-1.292507068841264
VKORC1L1,1.1007277648958997,1.853559052013582,-0.28786302197178626
VLDLR,-1.5426263886283702,-0.9725145009153733,-0.2806044136077172
VLDLR-AS1,,-0.3764706442239616,0.5067972964183598
VMA21,-0.6783253057767756,-0.633118704234102,0.34751820451080595
VMAC,-0.23389485775294572,-0.15150115539740924,0.21627512029690832
VMO1,1.2242594021021054,1.650382248835095,-0.4912195167173739
VMP1,0.48141007100103517,0.6116964488038115,-0.0973740592212402
VNN1,,,1.023496060931688
VNN2,,,1.4082741406310855
VNN3P,,1.9611332052966637,1.5892835448526503
VOPP1,0.25263378857036833,1.5908027527149609,0.9999221876175153
VPS11,-0.08380579485097162,0.09487460553768308,0.7403130866110931
VPS13A,0.8854199449605739,0.46744967902636037,0.5721832481087049
VPS13B,0.7356888553945544,-0.031342486726835025,0.896540948271344
VPS13B-DT,,0.7242875671705368,1.1778020626548986
VPS13C,1.4358903937829555,0.9826795144006288,0.8836611947707115
VPS13C-DT,,,1.8184079513598435
VPS13D,1.1950628601666116,0.8048715513494953,-0.12524356659643246
VPS16,0.021993780403740393,0.15842762785578918,-0.04033101901364792
VPS18,0.9882845270765356,0.8899863786417213,0.07770371333135084
VPS25,-0.03236038040333714,0.6971611184310373,0.6033109285587944
VPS26A,-1.2266991393494417,-1.1429638521194692,-1.3673125482409325
VPS26B,0.5681123848579639,0.7249900871625022,0.5575969154388813
VPS26C,-0.5797875745652157,-0.8875804206429647,-1.5555564981986243
VPS28,0.5383235469465513,0.5980723829681048,0.031092927544759258
VPS29,-0.6394134932542334,-0.14895114583433958,-1.0324441444585266
VPS33A,0.16715447110120124,0.03999280212055198,0.42735322851598556
VPS33B,,0.5102765369249037,0.6012779991954825
VPS35,-1.5633916791774922,-1.2580787693392605,1.2920728121949765
VPS35L,0.2709840401212927,-0.22152014198966072,-1.0551845034655034
VPS36,-0.24930668000017078,-0.2294638605596774,-0.9320263452997077
VPS37A,-0.07987785191391986,-0.2574778833009147,-1.0906977682450534
VPS37B,0.9999857392527252,0.9690524107373192,-0.13949890263700715
VPS37C,0.5232118644550598,0.9473898732534677,0.7729245282340904
VPS37D,,-0.3917880441027152,
VPS39,0.7783200812309794,0.9621628414206689,0.9340645530499226
VPS41,0.23271167741635296,-0.030621741889049373,0.2673024248629711
VPS45,0.14058884205217753,0.41189845596067676,0.16561414699969482
VPS4A,-0.6436569882182548,-0.14603803372842988,-2.0093701316068024
VPS4B,-0.702878656355493,-0.15332319317056814,-0.3579445015849874
VPS50,0.3882364441089301,0.690288254188718,0.3817513322299699
VPS51,-0.0824193175204582,-0.7895285796562681,-0.7432900845907261
VPS52,0.524532630452679,0.5705145110351331,0.17651194930978026
VPS53,0.8884913116645823,0.5104816895606447,0.571517608878306
VPS54,0.9804341856304706,1.5015676843789458,0.5216353677032419
VPS72,-0.13942608744517646,-0.3623947683819287,-0.8756161822035767
VPS8,0.38773987497678236,0.15222990981425571,0.2534638386266435
VPS9D1,0.009787175234894491,0.25357027743085225,-0.01601567287328534
VPS9D1-AS1,,-1.4486513387198863,
VRK1,-1.4840173497861948,-1.3980693106169413,0.5804138042289971
VRK2,-0.32006305322255163,-0.029540654340452475,0.08148390322076177
VRK3,0.8442493421447701,1.5387375883871606,1.6904071390685815
VSIG10,-1.8337084080963313,-1.7133379701509437,-1.6095942229487532
VSIG2,2.3887892435059044,2.876308182673802,-0.41746551440540586
VSIG8,,,1.152909128388621
VSIR,1.532116053949307,1.3644099796080578,-0.19453029924093268
VSNL1,-2.904808226612606,-2.753751348307603,-2.8194512816834933
VSTM2L,1.9993796279370424,2.236928858328863,1.9319359790387276
VTA1,0.11759958549544959,-0.018371207495823938,0.6171562195724806
VTCN1,0.8742289758970477,1.0575260093567456,-1.5644626416314673
VTI1A,0.18492949509068926,0.11606419289647293,0.1038125588277896
VTI1B,0.21877424909285084,0.9361652697374171,-0.4387345650760637
VWA1,0.935614414740354,0.9604475741754681,-0.26769297398981934
VWA2,0.4119366565469624,0.5051546660940668,-0.5160308937748288
VWA3A,,,1.7438881639960504
VWA3B,,1.1718175938129463,2.3208554206306555
VWA5A,0.8611428097585975,1.190632315881233,0.8231848438695698
VWA7,,,1.292507068841264
VWA8,-0.354434449480028,-1.23265718221708,-0.8951337875310239
VWA8-AS1,,-0.3991885558234208,1.441552193316089
VWCE,,,0.7803116512565731
VWDE,,-1.2963481039977345,
VWF,,0.4256609288485899,0.2379288746438222
WAC,0.37412113674737935,-0.14822275026211365,-0.3218125470795892
WAC-AS1,0.31594520755192734,0.2528264121611199,-0.11499562864944023
WAKMAR2,,1.594002480922652,1.109678239851057
WAPL,-0.045496543885267166,-0.36913434511118826,-0.1129096005181269
WAPL-DT,,1.0695741496944722,
WARS1,0.9420550690619537,1.6289696574798858,0.9996116217532393
WARS2,-0.9391877463655373,-1.2334275397576282,0.19568249164589305
WARS2-AS1,,0.2176457570085534,0.983287368287714
WASF1,,-0.09017192207376729,
WASF2,-1.7629710387414361,-1.7690899673335778,-1.2770247607327627
WASF3,0.012550742076518425,-0.9633079273046647,-1.0741128663302386
WASH9P,0.4049278495077124,-0.12840288518728468,0.186663809273862
WASHC1,-0.3470876200930384,-0.3597035570331575,0.14901805443584623
WASHC2A,-0.4754713075755026,0.21893685282628164,1.0548557977630948
WASHC2C,-0.33123294799471625,0.19483287852088202,0.40761844786267004
WASHC3,-0.29351068593600765,-0.16079893977109427,0.1292323713743533
WASHC4,0.4559648560139257,0.9037187372800839,0.28217257707721494
WASHC5,0.10508691228733552,0.44665682120604755,-0.0990779641998777
WASL,1.1857089645319419,0.9086062951009088,-0.02694612308891146
WASL-DT,-0.14221701824805347,-0.6868640312151444,0.6925772925162211
WBP1,,0.9414821657252811,0.6387269133021277
WBP11,-0.9373995843808205,-0.9521966301535668,-0.005087135848260729
WBP1L,0.8220923388057837,0.2602714358919259,0.31943235775804346
WBP2,1.103263565667651,0.8966967974663561,0.4074137236535883
WBP2NL,,0.3793721166854096,0.5615631251223658
WBP4,-1.460868812425526,-1.4732592937473201,-1.4420849418123756
WDCP,,-0.5756082380862481,0.02261132174869722
WDFY1,0.3490449271655178,0.8645819451978417,0.839689716626415
WDFY2,-1.6079102066891422,-1.785695437161666,0.2517131679396929
WDFY3,1.0622925534701981,0.6777718417448797,0.7890270245991017
WDHD1,-1.136019142228306,-1.4558894123455957,-0.44892234965133754
WDPCP,-1.2281664932939549,-1.277386785298881,1.2404131767087487
WDR1,0.0065631069078262135,0.4614313681654696,0.24724272090897462
WDR11,0.39768963288802645,0.6703127705000238,0.8066403455721709
WDR12,-1.5587188823012996,-1.524767322002174,-1.2343364184654741
WDR13,-0.005181386176850302,0.06903299389516024,1.4883802905195063
WDR17,,,1.7730665564400507
WDR18,-1.0618877806879716,-1.04500741379655,-0.4633481290360109
WDR19,,-0.05099031561039276,3.0970908863599376
WDR20,0.24479572103559233,0.44546319029443837,-0.5717394604722328
WDR24,0.4260156215685113,0.037829967989994245,1.0724370988121532
WDR25,0.5407207907709961,0.6898312240888939,0.8189618535752219
WDR26,1.2140911800085867,0.8497589478398831,0.7152674845121363
WDR27,-0.638566176642544,-0.44805019550871344,1.4357187725893858
WDR3,-1.0474301325661846,-1.420431459417595,-1.0525580416300304
WDR31,,0.2584088431793569,1.6305914786981344
WDR33,-1.2291462002347147,-1.3030537795605555,-1.6665177152082093
WDR35,-0.33317972472410484,-0.7471874411001777,1.9672174429297087
WDR36,-1.366455466409286,-1.4584930154076814,-1.6575203826018252
WDR37,0.6624683580280737,0.43613484192036545,0.10097152960031855
WDR38,,0.7637181770463829,1.7803724152441451
WDR4,-0.5759777438560607,-0.6716661821011568,-0.4658667479072212
WDR41,-0.9660130189948252,-0.7775329975043368,0.10835995873534379
WDR43,-1.272443929719966,-1.0830737571564844,-1.2128284128556144
WDR44,0.03489492452747003,0.44407142246473835,0.36116038425795244
WDR45,0.7886493995017009,0.8950826220576031,-0.4859121341285974
WDR45B,0.018308505363310048,0.3236171447166954,0.5613425488115629
WDR46,-0.6158582826549216,-0.3375028111101856,-1.2195386711246425
WDR47,-1.2330768779556933,-1.4527780586811847,1.0353379246735577
WDR48,0.10902422039438538,-0.17596077407922117,-0.2743386126641987
WDR49,-0.412688795675198,-0.4185731810622012,1.7252309011767042
WDR5,-0.43081152304746967,-0.4781237208726877,-0.09472410033914205
WDR53,,-0.6789052906505089,-0.3132918655539928
WDR54,-0.5433880451927121,-0.43732356689479246,1.9685236542631774
WDR55,0.1997082342047039,0.8489839664023556,0.21357572474268646
WDR59,-0.8981007620627576,-0.8249536563931048,-1.187279838516098
WDR5B,,0.14967962044268754,1.3760007305337976
WDR5B-DT,,0.3888727084223746,0.7600345808684248
WDR6,0.13129199119022633,-0.5117130570665128,-0.3851987107874097
WDR62,,-0.5047454901182573,
WDR7,1.259104330639262,1.263661672873348,0.9090014344791146
WDR70,-0.9711666079163095,-0.9317083255752001,-0.7435384649960601
WDR73,-0.7459908466325816,-0.5834904923104559,1.407259104345275
WDR74,-1.1316396960234876,-1.3990270986849755,-1.5879526193527673
WDR75,-1.2839107823880087,-1.2288163202239066,-1.768548015644071
WDR76,-1.4489242053750204,-1.5621013352005342,-1.0614517128608933
WDR77,-1.3606211618172637,-1.2227083764912183,0.2725783056168675
WDR81,0.5643278870643607,1.2020522203535329,0.8692757344951272
WDR82,-0.2227856426948635,-0.7424340428649039,-0.449547597045831
WDR83,-0.5229478208182334,-0.09921740483303722,0.8706511142836328
WDR83OS,0.4954207232204665,-0.28157065982775087,-1.0954917388504566
WDR86,,,1.5919538737223589
WDR89,0.6861722388928397,0.3249459031999729,-0.3365313239194758
WDR90,-0.0632547853795867,-0.00666373994543836,1.6457288179757315
WDR91,-0.6044848183577126,-1.5004565056858503,0.12619309891705752
WDR93,,,2.8735452221317295
WDR97,,,1.1287108193869233
WDSUB1,0.5708205847742936,-0.3046958809817965,0.5416004142903625
WDTC1,0.6670639568787751,0.492509037811889,1.615124093030616
WEE1,0.2512075445947561,0.171755397626971,0.3770944338499246
WEE2-AS1,,,1.4325573919606989
WFDC1,,2.049846986267042,
WFDC2,2.3692813088676936,1.8319179608967298,0.34932002300039866
WFDC3,,1.4960302116497806,0.9511043374629652
WFDC6,,0.9885339417822956,1.3025630109751636
WFS1,0.9221432965577009,1.2733250650234997,1.5092350534911647
WHAMM,0.25572575182417817,0.31546719492584896,-1.1086326314063817
WHRN,-0.5830598531303218,-0.1160641928964728,1.3194718198354263
WIF1,,,0.6008265746758016
WIPF1,,-0.40543755131726333,-0.026380687243900608
WIPF2,0.10045686525406362,0.2845700501640194,-0.4667069438801741
WIPF3,,0.21949029121935532,1.097898191695832
WIPI1,0.8735542553636954,1.1779227168517823,-0.2704279650800226
WIPI2,0.3210327447340608,0.017650691637285408,0.3756787432846064
WIZ,0.38451449854331654,0.42585811464874945,-0.6279050455331602
WLS,-1.2499988865774148,0.6254350150283929,1.0627764463542504
WNK1,0.3271002017589337,0.22428959369871546,0.852355452692213
WNK2,2.1267541648283115,1.6828799532040515,-0.5038003471843033
WNK3,,-0.8577972026960325,
WNK4,,,0.6361874695569695
WNT10A,-2.332772615116837,-1.9812405372192488,-1.917524141248234
WNT2B,-1.9761336539474643,-1.5863503131720211,-1.8096197146437074
WNT3,,0.058385472327342994,
WNT3A,-2.1115310950660064,-2.5100706817364995,-2.790567334922004
WNT4,-1.525447773597571,-1.8750590851358924,-1.8809261876571526
WNT5A,1.188037698622631,-0.5879803524358382,-1.3554141986574095
WNT5B,0.2855860061005633,-0.5002501080240597,0.5136646510477091
WNT7B,0.6075285077436897,-0.6452692838202886,-0.4574827294240685
WNT9A,-1.79203001599362,-1.5737993643609984,0.8493789272731177
WRAP53,-0.9070986792738427,-0.8539008351965018,1.791512663234116
WRAP73,-0.5586662353858627,-0.8878474954731662,-0.2356036659701569
WRN,0.1438455715428028,0.011886863207262618,0.11689245195495544
WRNIP1,-0.169490154099187,-0.4422832693081436,0.7413046891435632
WSB1,0.7441671168887298,-0.3148993812104565,0.0684468279668076
WSB2,0.020611769947404567,0.36913434511118826,-0.3241945609663927
WTAP,-0.37807568798659014,-0.7651654784569688,-0.5842086004021944
WTIP,-0.2234939061282135,-0.8247005826970197,-0.5067972964183598
WWC1,2.094712011509307,1.082750043309626,1.6249219325505653
WWC2,1.0606745049156368,0.7261617497007052,0.17670332227094052
WWC3,0.5896232353341516,-0.17779016532832478,0.6315807724697343
WWOX,-1.0998840692272753,-0.880658549202213,0.12030779869832522
WWP1,0.43561735405698226,1.205769682402053,-0.42817908036350405
WWP2,1.6379890503606427,1.6122299388580583,1.266870934219265
WWTR1,0.9116252830957904,-0.5279995608397,-0.08356350063424982
XAB2,1.7954819833590068,1.4965818963753017,-0.16962677019208763
XAF1,0.16972377305187744,-0.16554429126562417,0.09302090770144161
XBP1,2.7978314902808212,2.9965787215485267,0.09358860835488436
XDH,0.2398157091449722,0.7545887750112912,
XIAP,1.4482666542896745,1.6063127884334365,0.32240787886153427
XIST,0.47650292625448576,0.5475630700443634,0.42921180607789255
XK,,,1.2030584617253437
XKR6,,0.9018238416812162,0.007724953503463486
XKR8,0.354434449480028,0.5690316305739567,-0.37648761694238175
XKR9,,-0.30035962189576615,
XKRX,,0.9178980874828331,
XNDC1N,0.6091910754167154,0.11171367227946546,-0.06429262979317034
XPA,-1.3025094023189214,-1.3598558112648726,-1.2568460684825982
XPC,-1.7458029406781201,-1.6420040483129748,-0.7537619378247576
XPC-AS1,,,1.4017021469541227
XPNPEP1,0.8515069085483801,1.0657527576850387,0.26417949375045313
XPNPEP3,0.9767170882319048,0.3700985048089225,2.0585540195351024
XPO1,-0.7008164878850016,-0.29433592786566604,0.25755176972797195
XPO4,0.5404542770946885,-0.35183703421652107,-0.35915002203544094
XPO5,0.1837583498045885,-0.25040981362092624,-0.06089456868120287
XPO6,0.44907686927331963,0.608009019884105,-0.18934860481791713
XPO7,0.12757647083741608,-0.005042814280747558,-0.08677813812927306
XPOT,-0.3111075269913839,0.04864611118563602,0.33254621459209405
XPR1,-0.7634420398011642,-0.6791320850858809,0.20067834914043536
XRCC1,-0.345864978548209,-0.8700911188949905,1.1587885317559545
XRCC2,,-1.2600681559887614,
XRCC3,-1.0894032158145288,-0.7557864086645706,-0.8728551545157242
XRCC4,-0.4587772681207972,-0.55385075623768,0.24161309291795213
XRCC5,-1.3095334999838415,-1.386674544797398,-1.100311019341881
XRCC6,-1.298753668178085,-1.315787316369101,-1.2050032571435865
XRN1,0.5100537864027053,0.35260353428882885,0.4296250245099616
XRN2,-1.3310034576626393,-1.5787899235730694,0.4290052243459016
XRRA1,-0.516621644667204,-0.1271318546317582,0.8561547159104406
XXYLT1,-0.9503421123095225,-0.854679070404956,-0.58622101776194
XYLB,,-0.35126229481127225,
XYLT1,,0.693720590205643,
XYLT2,-0.3062771164301682,0.5367152928362349,-0.21453961491855703
YAE1,0.5546331449236832,-0.037829967989994384,0.40782318915728283
YAF2,-0.5423206805467155,-0.8422886848355691,-1.0086575317106552
YAP1,-1.2505020279626207,-1.7786438205805692,-0.41028142153251834
YARS1,0.4071784952722921,0.4071979271094084,-0.2135757247426866
YARS2,-1.2636964533018205,-1.3666977139210887,-1.445290062026749
YBEY,-0.027061531580248172,-0.40895956568276826,-0.20010165072769576
YBX1,-1.4199336111095564,-1.3322292036515888,-1.7378859717092354
YBX3,-1.1686725155738913,-1.3880890529938024,0.05051579234118436
YDJC,-0.9413375128758679,-0.9994549250136393,-0.9132816938010813
YEATS2,0.47572916476741833,-0.054416968225747035,0.47829343122406975
YEATS4,-1.0422628126141296,-1.0785520436517082,-0.1916509442168912
YES1,0.6047612856817884,0.35567161239793493,-0.47428364201549406
YIF1A,1.0053152752619163,1.7454738038960063,-0.01827694524693965
YIF1B,0.30844991012959183,0.1566041484773983,0.3287652471755353
YIPF1,1.1885042191627757,2.0184853479643836,-0.14939909576938215
YIPF2,1.9164686789366112,2.121105579545054,-0.19894845332221067
YIPF3,0.8974116262316573,1.3030537795605555,-0.4999537600409065
YIPF4,0.1739305113458876,0.7149544973662881,-0.08923699379350183
YIPF5,1.3394267470047518,2.017106145839696,0.6505550816961657
YIPF6,1.179684147176416,1.705574293898715,0.5650960743152543
YJEFN3,,-0.5387964654278314,-0.03448616207623855
YJU2,-0.7748954010242545,-0.9053455199496423,-1.8508494086816014
YJU2B,0.5506090559286855,0.05261338975239334,0.45372042211774216
YKT6,1.1251109298516786,1.386674544797398,-0.3982186334396367
YLPM1,0.24503301497979554,0.20512220404399548,0.81239250387166
YME1L1,0.4713498746358434,0.6581867100171308,-0.11575430794054395
YOD1,0.22467459455601094,0.24353974841716577,0.35533432146231525
YPEL1,,0.3183077938319722,1.483266542182495
YPEL2,2.0865198705043118,1.8636897732862063,1.0771368732272864
YPEL3,1.3237789129366937,0.7207803122419891,0.3339403989618761
YPEL3-DT,,0.5110972764436473,0.529205851613087
YPEL5,0.5216281488810385,-0.027198414735235852,0.2201341403777307
YRDC,-0.3079669415863148,-0.23908964842507832,-0.633191587281915
YTHDC1,-0.1994733185910738,-0.3050732167133447,-0.4867603922133738
YTHDC2,0.44805824429164204,0.27464421134997025,-0.01695785907973709
YTHDF1,1.3084486639979824,1.1790046573293087,0.3337411900843983
YTHDF2,-0.780191940747074,-1.384792838962294,-1.2187463787479431
YTHDF3,1.1833866428506723,1.2984373584992446,0.22148556932046162
YTHDF3-DT,1.1899053352081954,0.8937392553143658,1.483832822311931
YWHAB,-0.12804081352543933,0.3595114275336336,-0.9854283493052155
YWHAE,-0.972274307540223,-0.9094229992851198,0.7747037537312913
YWHAG,-0.6613216448698066,-0.6800396124221224,-0.4740728121323539
YWHAH,0.41494661656218124,0.9165266865814818,0.8237137498190795
YWHAQ,-1.1233780061578007,-1.3662395948504489,-0.6169282984428724
YWHAZ,0.2471692831953198,0.7666143844233604,-0.18723900868745813
YY1,0.11319497918673851,-0.05694227682168253,-0.4806184037588576
YY1AP1,0.007253971807210425,-0.4722765374387452,-0.4451745377638556
YY2,,0.25487237961591047,
ZBBX,,0.927546684378611,2.2684587119221558
ZBED1,-1.0898201527295348,-0.92450499577552,0.11347846817436448
ZBED10P,,0.9850172340080587,
ZBED3,,0.5946300067947595,-0.4296250245099616
ZBED4,0.41369201122318133,0.645491082170623,0.7026707275745608
ZBED5,-0.3723928622878179,-1.4214199438656654,0.3661927029274009
ZBED5-AS1,0.9726438059461818,0.012967545184621327,1.5449051306607782
ZBED6,-0.5683830170961003,-0.5008625176960954,-0.6057990116814024
ZBTB1,-0.7487311037859942,-0.7278037541646183,-0.5020898359271392
ZBTB10,0.8419494290477755,0.7548282151165273,0.8113446611858441
ZBTB11,0.28654560879318347,-0.341318373816348,-0.14768457976566304
ZBTB11-AS1,0.935971210034661,-0.15824525631090205,-0.34891952107886254
ZBTB14,-0.19196175474453298,-0.09939839485031822,-0.16848003052957952
ZBTB16,0.04457447806222179,-0.6898312240888939,-0.263789309080851
ZBTB17,0.07064038416115155,-0.28832289497949254,-0.4937719743598785
ZBTB18,0.9189772202157213,0.35835892889425736,1.424715950364953
ZBTB2,-0.3709123691702191,-0.2826951329274388,-0.962120303729246
ZBTB20,0.25810584828382876,-0.6861801532854693,0.4662868047480079
ZBTB21,0.48322088633190907,0.020893090564455676,0.07921565302014485
ZBTB22,0.47934249851987515,0.4211302019626317,0.6909019194901463
ZBTB24,0.012320441469710584,-0.9710705488564035,-0.6240088577923304
ZBTB25,-0.2721787089635555,-1.3745300268216234,0.8027336776771613
ZBTB26,,0.4528341103885036,0.34271884791849444
ZBTB3,,0.4949503774397781,0.7159976756734301
ZBTB33,-0.4600568365018342,-0.714024619836389,0.936106648582799
ZBTB34,,0.9026355429268584,0.25638335315298555
ZBTB37,0.2783972953245977,-0.38829003848065086,0.6808900406800036
ZBTB38,0.9641786588061215,1.1037014618387375,-0.6308909248589859
ZBTB39,,-0.4474529287312471,-0.2782534602763577
ZBTB4,0.5022012650830879,0.3196342847442184,0.7116222305154662
ZBTB40,0.6385661766425438,-0.061633111487503806,0.8423732274354713
ZBTB41,1.115192289756479,1.3051613622117064,0.9928034000103895
ZBTB42,1.168216767788322,1.3639532887951087,0.27453425472120135
ZBTB43,-0.2251469575454666,0.2740831889313934,-0.6683525149207329
ZBTB44,-1.4456426912161795,-1.779520443902896,-0.30933653206412914
ZBTB44-DT,,0.7086897478468767,0.9881876945267924
ZBTB45,-0.02406687567972963,-0.47207519928077507,0.15149521241433203
ZBTB46,,1.6911003090091965,
ZBTB47,,0.18731274184181632,
ZBTB48,-1.0960970889197916,-0.8953514892730183,0.5826450213942245
ZBTB49,,-0.1347611925251372,-0.32121732933258784
ZBTB5,-0.18961663043647514,-0.33026670536708286,-0.6246957306901275
ZBTB6,0.1856323039288702,0.43474877447027743,0.17383340321878948
ZBTB7A,-0.18750691016629514,0.128766074788745,0.18762250937034824
ZBTB7B,0.49646239431846206,0.14676619461223558,-1.3330923385210047
ZBTB7C,0.029595659680843257,0.7254586326631302,-0.3659912328771716
ZBTB8A,-0.07456552571661647,-0.4876351327643445,-1.7905757893293757
ZBTB8OS,1.1936531126928274,1.5756662270761237,0.11670275081017346
ZC2HC1A,-1.9617354396394249,-1.9358901117311236,1.0417997934846461
ZC2HC1C,,0.5182935324675387,2.3321400388969606
ZC3H10,,-0.5020879010973704,-0.20625657270429995
ZC3H11A,0.04042563946153902,0.23964565025326473,0.013000768428386537
ZC3H12A,0.2353151066501906,-0.3086600818561824,-0.4988865775474473
ZC3H12C,1.260632085155169,0.26362638424815077,0.3091388928825156
ZC3H13,-0.14338023185994822,-0.5381718689878592,-0.3559364552365046
ZC3H14,0.9249653667623917,0.7471874411001778,0.5128049124175016
ZC3H15,-0.3404914649320983,0.037109063102711955,-1.1163287977576297
ZC3H18,0.15385808315341584,-0.10790870326102497,-0.11822047814738801
ZC3H3,0.6708082778457537,0.2962171749794096,0.09377784859988622
ZC3H4,0.6765872174107972,0.4154298290298941,0.1740246863567512
ZC3H6,-0.17907627139614368,-0.7782641969463376,0.8356757482469639
ZC3H7A,1.207381504840714,1.0159127647534192,-0.003956654473295455
ZC3H7B,0.9897867454730848,-0.06506188111101338,-0.21107053630993297
ZC3H8,-1.6585922780153906,-1.5236164923036186,-0.2072189795460756
ZC3HAV1,0.7365947045362744,0.4712700378781751,0.5846555995535505
ZC3HC1,-0.8641495506395115,-0.8458891249477506,-0.5911502946781055
ZCCHC10,-0.02890451567104271,0.5292421970502768,0.28001653037016627
ZCCHC14,-0.15758755610758376,-0.21174818792073977,0.05768593491089988
ZCCHC17,-0.9452900933436281,-0.33140808961246887,-1.1744158424359386
ZCCHC2,0.361800460003607,0.26194854151872093,0.5626664169111465
ZCCHC24,0.44933159830045794,0.6054111003570813,0.3204238826178228
ZCCHC3,0.2516829023345994,0.003602002723056438,0.6343431757705763
ZCCHC4,0.07364186187960252,-0.5530111373080656,0.29277606374453613
ZCCHC7,-0.6484803401444367,-0.7517188591830856,-1.0456978815856492
ZCCHC8,-0.09629166622582537,-0.9530471666969899,-0.023176704784090216
ZCCHC9,-0.2138238465818923,0.0807724296893635,-0.3289641278587592
ZCRB1,-0.3850104491742868,-0.1478585819884341,0.27649125468668084
ZCWPW1,-0.5142546624153594,-0.802881210739567,1.0684274927671427
ZCWPW2,,0.7743692565745156,-0.062404728925512784
ZDBF2,,0.5057685887020117,1.1055030543147373
ZDHHC1,-0.1436128978141151,0.1504081744909788,1.5505221733216272
ZDHHC11,,0.30488454342130195,1.3145384633220938
ZDHHC11B,,0.09216126953732141,0.9937290815557351
ZDHHC12,0.24218639405630443,0.765648268502753,-1.843585740059984
ZDHHC12-DT,1.1964749867037554,1.6102512869636012,0.22283740289692233
ZDHHC13,1.170041217565311,0.951063651778362,0.7867142024116738
ZDHHC14,,-0.31773946927330093,
ZDHHC15,,-0.662442168683529,
ZDHHC16,0.5330073685799335,0.5253099735338232,-1.735332659326705
ZDHHC17,-0.08657923557716733,-0.589908207323587,0.49867320925123537
ZDHHC18,0.5918166719448931,0.8181390910488243,-1.0627764463542504
ZDHHC2,0.08288145889521287,-0.33597796386394907,-0.256578064900846
ZDHHC20,1.3232260348566491,1.3594019433676143,0.32697590501352325
ZDHHC21,0.7293647170530034,0.9867740624365994,0.17612922277287502
ZDHHC23,-0.04641864839135033,0.2894495383094632,1.2387882332066096
ZDHHC24,0.6593169860508031,0.5333902407153986,0.10343370701489965
ZDHHC3,-0.9841648791163089,-0.34246400974360164,-1.085249457652509
ZDHHC4,-0.38178845610050044,-0.26455883957707627,-0.6253828984424158
ZDHHC5,0.8082874484998024,0.9953087005995589,-0.029207954432459594
ZDHHC6,0.682098215578136,0.5365073035250775,-1.0972099853354143
ZDHHC7,-0.3939539114065814,-0.44287916295887125,0.13854769653671492
ZDHHC8,-0.520573065123577,-0.9225738214854585,-0.9903390647701867
ZDHHC9,1.0598665210621285,1.3833847707684657,-0.3986265842255242
ZEB1,,0.508636087803939,
ZEB1-AS1,,0.40406923853315363,1.2383825080700381
ZEB2,,0.8131156648925321,
ZER1,0.9958180896611866,0.9471078044493372,1.1149245811292277
ZFAND1,-0.9316974975414893,-1.4770014794693889,-1.6047956421984952
ZFAND2A,-0.2206615212737147,0.7479019065664652,-0.6201221197458012
ZFAND2A-DT,0.6476280665896632,0.5515427412514992,0.8372797166191503
ZFAND2B,0.7093793263711524,0.6854965961242374,-0.9708367376082256
ZFAND3,1.0083735845035235,0.8740424644520391,0.7316673693148645
ZFAND4,,0.13585172818191096,1.4057392629827468
ZFAND5,-0.0024179717528952397,-0.5924820970066977,-0.017334737730567675
ZFAND6,0.5781537626232265,0.6732467190206985,0.8421046035337195
ZFAS1,-1.213610104228997,-2.3268333959267,-1.7868439234241658
ZFAT,,1.4389480095437797,0.3672002763599818
ZFC3H1,-0.07387277191802435,-0.028279429080094197,-0.28668492961655456
ZFHX2,,,2.138558554122681
ZFHX3,0.7423458588852844,1.1527085447366598,0.6128311774496804
ZFHX3-AS1,,,1.768548015644071
ZFHX4,,-0.5065874488591859,
ZFP1,,-0.5319373848996313,-0.45706437632619124
ZFP14,0.14338023185994808,-0.15970437656885558,0.6671751650873279
ZFP28,,-0.43415500130618606,-0.5298561575433128
ZFP3,,-0.46744967902636037,1.4929587476630761
ZFP30,,0.16335367228178307,0.4728082748300488
ZFP36,0.35934296109321673,-0.31017152703404055,-0.14425684456156154
ZFP36L1,0.5890753195527104,-0.865105496675978,-0.7934072479335954
ZFP36L2,-1.9281573808785142,-2.0410932650857534,-1.007404918889151
ZFP37,,-0.42980532212289746,
ZFP41,,-0.019992403618971373,0.5335454711273014
ZFP62,-0.5074328071338877,-0.33388257291939333,0.09813131512713064
ZFP64,-1.2875949434266372,-1.1562154422119906,-1.0334077763594924
ZFP69,,0.49230572548316237,
ZFP82,,-0.17340061388195782,0.3107203451975421
ZFP90,-0.1725279268987937,-0.7991578669760687,1.3455658425592574
ZFP91,-0.24883160483891778,-0.07083840133693095,-0.0998353473500374
ZFPL1,1.0502241545906819,1.1913644008331685,-0.24549476462642794
ZFPM1,,0.1269502956508671,0.06202717565633737
ZFR,-0.29808172392202575,-0.8173842628120358,0.05730848826571445
ZFTA,-1.15735077497897,-1.3115191576432612,-1.6904071390685824
ZFTRAF1,-0.4046779045300476,-1.1063545930040601,0.37365763269702057
ZFX,0.3788178231587009,-0.4068066236156684,-0.06618075983869173
ZFY,0.5503411008028614,0.42467524787796357,0.18378873441748947
ZFY-AS1,,0.6948665187652712,0.36236730207646906
ZFYVE1,,0.7075326624591513,0.1983719539155399
ZFYVE16,0.9043222930009502,0.7897745683688051,1.0849100071699662
ZFYVE19,-0.0017271218563313217,-0.6530512545694775,-0.5704087724299378
ZFYVE21,-1.7270844189064398,-1.6228908882898603,-1.9607362201036904
ZFYVE26,,0.8513104439507522,0.7882556154283507
ZFYVE27,0.5465938634346323,0.3331209763757295,0.6067046989869277
ZFYVE28,-1.1978895031730241,-0.6714405281127502,0.490156937467056
ZFYVE9,-0.22160545175748414,-0.3506876714134655,-0.3953648282851842
ZG16B,1.6450763588204522,2.0802196717659185,-0.21762540805155398
ZGLP1,,0.03296422271430781,
ZGRF1,,0.10283783073243363,0.4199335815361812
ZHX1,0.4687780433467998,0.5576338892345081,-0.47913857601290877
ZHX1-C8orf76,,0.7464733568404202,
ZHX2,0.3101408675916422,-0.2554305555921565,-1.0219067972662699
ZHX3,0.9924210163695827,0.03332462011306945,-0.21319022427597373
ZIK1,,0.1443999542077611,
ZKSCAN1,0.4618494991086539,1.4278792141076488,0.9771949658177628
ZKSCAN2,,0.05549919990646791,0.5196935117113929
ZKSCAN2-DT,,-0.24446745701358302,-0.22283740289692233
ZKSCAN3,,0.20567402152373412,
ZKSCAN4,,0.43990126185382467,
ZKSCAN5,,-0.33331135738078954,0.4528852271600023
ZKSCAN7,,0.47529891401469265,
ZKSCAN8,0.546861268239999,-0.5053592857978764,0.483157704376443
ZMAT1,0.8340975793804145,-0.16025163417091678,0.9047377641794807
ZMAT2,-0.09999398060979339,-0.21119567139979878,0.6141957383476767
ZMAT3,0.7326737065927006,1.0369573979204671,0.6242377826989457
ZMAT5,0.08403688999752651,0.12459040745500048,0.22844222617408455
ZMIZ1,0.48606966080008734,-0.38731921466478414,-0.03618292581463341
ZMIZ2,0.9292123396387353,0.4912894688081665,0.9463762693407719
ZMPSTE24,1.1591522764213225,1.279425571329577,0.9663190710002599
ZMPSTE24-DT,1.1117679343791527,0.4242810910424373,0.8534396992221724
ZMYM1,-0.13756607141959026,-0.46203244412964944,0.08016070707118618
ZMYM2,0.6042083972292199,0.466445456609353,0.18551359549894025
ZMYM3,0.5282356579026134,0.07408872066528713,0.6990577595100226
ZMYM4,0.8939723189350423,0.43336354174955927,0.051081756996622166
ZMYM5,-0.3181245716900258,-0.6964723535773487,-0.9802366190735494
ZMYM6,0.4731520123325359,0.18566341182518975,0.09548116276159452
ZMYND10,0.656457774151541,0.5698788374062835,1.8603342964621272
ZMYND11,0.5700076860205326,-0.4771144244254225,-0.46838832545324055
ZMYND12,,1.1023778051456916,2.0876321645219216
ZMYND15,,0.8041248003466063,
ZMYND19,0.2757650548720412,0.20126122018816148,-0.3425190467042906
ZMYND8,1.460199742695902,1.4077055474659739,0.8808806136838274
ZNF10,0.6578867078153259,-0.38382726187534616,0.01921916898904424
ZNF100,0.34439849066971706,-0.1713898572970167,0.12486378533175901
ZNF101,,0.5047454901182575,0.4961145561603196
ZNF106,0.7502559004228065,0.967613296599319,1.2375716687798102
ZNF107,0.9867845355977948,0.21359037759915447,0.20972213817374719
ZNF112,,0.15769817322869278,0.08602167338610946
ZNF117,1.6180585647943158,1.2806513999962168,0.5190466619786154
ZNF12,0.2469318645276927,-0.3593193113041066,0.05598748894654151
ZNF121,-0.08311253621460749,-0.6741506384055143,-0.8725794177117945
ZNF124,0.22680062442405494,-0.9333775067578386,-0.8889632137280611
ZNF131,-1.4535447044550298,-1.6215481638416858,-1.9234805776670676
ZNF132,,,0.7990984759711782
ZNF133,0.5457918833684291,0.053154445057381025,-0.3337411900843983
ZNF134,-0.016235650626355548,-0.4783256385889598,-0.21974809176392557
ZNF135,,0.27483123802535436,0.8076842037519139
ZNF136,0.27313472372746794,-0.12386442818973632,-0.047874834948189046
ZNF138,0.27337376639492567,-0.4746940921445241,-0.7181905440485725
ZNF14,,-0.05189200660967535,-0.3583462838521373
ZNF140,0.13686868843839273,-0.4933224908551456,-0.40618573655555473
ZNF141,0.3096576466033899,-0.5061779763545337,-0.0435368354297992
ZNF142,,0.3147101325404505,-0.2478255406492576
ZNF143,-0.8114840734524823,-0.6064930692978652,0.35052186532135376
ZNF143-AS1,,-0.383051909048578,0.4774486279277682
ZNF146,-0.38773987497678253,-0.09053359483995885,-1.7447507666885216
ZNF148,-0.22443843186563528,-0.6577394609028746,-0.8884039307878103
ZNF154,,0.3506876714134657,
ZNF155,,-0.14185259879814646,
ZNF16,-0.016005337902377917,-0.44665682120604755,-0.7643171087630862
ZNF160,0.7278632690610367,0.026297593780162654,0.1572153066320021
ZNF165,,0.0401730466034298,0.9909545843871305
ZNF169,,0.418376600670791,0.6281345295763286
ZNF17,,-0.6114793113209468,-0.46146109274677005
ZNF174,-0.3072426234019085,-0.6006588217913001,-0.23851037737420555
ZNF175,,-0.006483636307089686,0.5759600086823229
ZNF18,-0.9514278463072023,-0.6644621022183337,-0.5624457037969965
ZNF180,0.5481988795169583,-0.11751485067096196,0.15416396149117523
ZNF181,0.017156910256564215,-0.42684429225428255,-0.42652766803395487
ZNF182,,0.719613196894823,0.8539821988755314
ZNF184,-0.17463193172916916,0.06740831972891521,-0.0981313151271305
ZNF185,-0.6105778357423588,0.031162299005610208,-1.0744483819457322
ZNF189,1.6477555296273831,1.7848091210924613,-0.11063449337012178
ZNF19,,0.3090378769155994,1.6420904681944695
ZNF195,-0.6644772054742852,-1.0746937672405734,-1.8019236016591345
ZNF197,0.1145856662151625,0.33559687422240847,-0.3335419944502845
ZNF2,,-0.10609736558543381,
ZNF20,,0.8466620749273291,1.8154629406437826
ZNF200,0.23081926554432408,-0.057844259923366996,0.25988965983210494
ZNF202,,0.009185216236976155,-0.14406646488743516
ZNF205,-0.4636436471642805,-0.5903369171739182,-0.3355345479037607
ZNF207,-0.13129199119022647,-0.311305575913672,-0.3423192591626914
ZNF208,,0.23168327744311096,
ZNF211,,-0.375117709080155,0.46775765243418227
ZNF212,,-0.5616358747019591,0.07109101924120144
ZNF213,,-0.037289287501869106,-0.4441345899005402
ZNF213-AS1,0.8701865989853629,-0.00720405218078016,0.8607847884163855
ZNF214,,0.005042814280747697,1.5181215309082254
ZNF217,0.5359293927656964,0.39295510999101146,-0.04051958465462933
ZNF219,-1.8251164156762583,-1.8148288019651355,-1.8864799581329135
ZNF22,-1.0518244259554477,-1.7839242048772128,-0.8632434880860875
ZNF222,,0.007924471793386623,
ZNF223,,0.019091732891775612,
ZNF224,0.007484260860118914,-0.34992168693038833,-0.2517131679396928
ZNF225,,0.013507891773641218,0.3257835919354189
ZNF226,0.5153062980557913,1.182258789426984,0.4267340308809637
ZNF227,-0.13361510889987038,-0.20714584151574356,-0.4566461032081185
ZNF230,,-0.13585172818191082,0.5624457037969965
ZNF232,-0.16668744431691473,-0.6260921656053282,1.112822368810444
ZNF234,,-0.26549152498956424,0.1476845797656629
ZNF235,,0.09198040481404084,
ZNF236,0.36253813528225964,-0.09288475863896396,0.07883765125600452
ZNF239,,0.027378581551399626,
ZNF24,1.0018858781688509,0.8386991304851769,0.7507615862204718
ZNF248,0.0768749653918153,-0.39256602863465245,-0.0037682414414267817
ZNF248-AS1,,-0.11189490119273447,
ZNF25,,-0.6116964488038115,0.12011802075988234
ZNF250,-0.23010982451360953,-0.835375622500964,-0.7036357348921748
ZNF251,,-0.4323745988372459,0.21511804465745174
ZNF253,0.4011813196939797,-0.1285844778678707,-0.052591076568636916
ZNF254,0.42349540012918796,0.18236626171499146,0.202985812361323
ZNF256,,-1.261264185604353,-1.219142429275183
ZNF257,,-0.0798690214880408,
ZNF26,-0.402928996330041,-0.4990258510133,0.04240532141666272
ZNF260,0.8086067390393908,0.38305190904857817,-0.14159200166262698
ZNF263,-0.6161366758726995,-0.5978570271256347,-0.9236232555896892
ZNF264,0.8578110908272488,0.7133276166758433,1.3376879029435607
ZNF266,0.6876300081693099,-0.18877924071684254,0.3295608480219787
ZNF267,-1.1430719299230447,-0.8063664016020606,-0.0030145905847697757
ZNF268,0.3380522143796666,0.3200133853704591,0.2521021390170942
ZNF273,-1.1347030229046973,-1.3339809871768504,1.594635602768201
ZNF274,0.7798797744377011,0.1997911611360966,0.17249459892378946
ZNF275,0.1357065312044518,-0.10175156358084834,-0.883939628661409
ZNF276,-0.7736523147366811,-0.675507551357553,-0.20991474307767957
ZNF277,0.798113242747766,-0.14239838262408017,-1.3203722506353062
ZNF28,0.9815519592119847,0.8440875371349036,0.4341752910869855
ZNF280B,,-0.41131039404110975,
ZNF280C,,-0.4528341103885036,-0.18743075558315803
ZNF280D,1.0651308505027988,0.3281752833331126,-0.06146086231353106
ZNF281,0.9384721214827106,-0.1567864728845584,-0.25404756792824973
ZNF282,0.2564396280528068,0.31376405808846214,0.08639989957751802
ZNF283,,-0.0885445398920271,-0.18398035855475744
ZNF284,,0.27053204157202476,
ZNF286A,,0.06993566912166031,-0.050327141060715036
ZNF286B,,-0.029901012958086556,
ZNF287,,0.25989884531347063,0.43956450192391316
ZNF292,0.08218825344008575,-0.3399823644062627,-0.12847244243621325
ZNF295-AS1,,,1.306976521391464
ZNF296,-0.44017954429353495,-0.7493319842099322,-0.8084676752863545
ZNF3,0.1722941958928775,-0.36932714957211454,1.602750372351309
ZNF30,,0.07336636104520249,
ZNF300,,-0.9286548825940762,
ZNF302,0.37189927404412415,-0.45902872787257737,0.062782291090472
ZNF304,,-0.15660414847739815,0.0663695857093354
ZNF316,0.8472129521057583,0.3568230038352907,0.6570877831214037
ZNF317,0.6119657712685107,-0.21469603903619447,-0.2804084417629516
ZNF318,0.06602395896398211,-0.1805353702379507,0.31408351877135937
ZNF319,,-0.280446542644624,0.49760670798248685
ZNF32,-0.10138269921913899,-0.5187055553632894,-1.0398566734369132
ZNF320,0.01899947398429774,-0.23223830959946398,-0.15454530056345045
ZNF322,-0.47727697313238326,-0.6893743380332051,-0.5646540706474893
ZNF324,-0.448312856914366,-0.793963717127824,0.7177029417954236
ZNF324B,,0.23631074398672883,0.7887698360582224
ZNF326,-0.7805041831029623,-0.6572923433187221,-0.5407279229032427
ZNF329,,0.05748346107650158,0.5477194628671831
ZNF330,0.5554390395172376,-0.1629886456023372,-0.6087443179693109
ZNF331,-0.29423201873594396,-1.0556376703488441,-0.8556112081003371
ZNF333,,-0.4494444402410876,0.09207480647063825
ZNF334,0.18797566444369962,0.12005409883038105,0.5153852688107291
ZNF335,0.42399922876401364,-0.015669319147952717,-0.21820422414880855
ZNF337,-0.7526992105921186,-1.313223550797583,0.243165321497221
ZNF337-AS1,,-0.28250769595782554,0.5635495436764311
ZNF33A,0.9109276678626316,0.9189964523940428,0.8739587660597141
ZNF33B,0.09189687739974114,-0.7536314468364836,1.1082843644889198
ZNF34,-0.3106241610094288,-0.8724602917260258,-1.2715085008063967
ZNF341,,0.6730208251287246,0.9190148724977558
ZNF343,,0.06343763419953906,
ZNF345,0.15409111198999687,-0.48439229341527706,-0.10494920389271703
ZNF346,-0.2944724970091965,-1.0546949109735555,-0.6552184460312149
ZNF347,0.010938651123771315,-0.04323740729581821,-0.20972213817374705
ZNF35,0.19219632503720288,0.23538484894395992,-0.4984598636552197
ZNF350,-0.20417374092865367,-0.14804066367115684,-0.5851027155544584
ZNF354A,-1.0347602493286874,-1.1190647511897795,-0.4789272577526648
ZNF354B,-0.568924406512439,-0.711934648788759,-0.4890949113525959
ZNF354C,,-0.32342736876544415,
ZNF358,0.8050990617004374,0.10410529588652445,-1.1121227232749957
ZNF362,-0.5124156667529466,-1.127526255774908,-1.4001941024023241
ZNF367,,-0.6584103839502017,
ZNF37A,0.32467178624771464,-0.42585811464874945,0.03146993521049099
ZNF382,,,1.2291065221671937
ZNF383,-0.5918166719448932,-0.823183248151859,-0.15149521241433203
ZNF384,0.47057799861660354,0.14221644997702057,0.03524026674543888
ZNF385A,-2.874844910042046,-2.965931702226072,-1.2034470567248032
ZNF385B,,-0.21912132483136273,
ZNF391,,0.19905629368815092,1.1628539710869923
ZNF394,-0.14943210753628994,-0.35586347818852143,-0.44975605189214934
ZNF395,-1.1857089645319419,-1.1786438571957345,-0.06825797569152252
ZNF396,,0.39821356305018085,1.8144847603350351
ZNF397,-0.14198439866572912,-0.22059736990169188,0.3164596621419696
ZNF398,0.8826968364384706,0.8604020311220911,0.7138082449035413
ZNF407,-0.05310513556254849,0.13621527590953855,-0.04127386169348766
ZNF407-AS1,-0.09860545481609495,-0.7593858345760819,0.1989484533222108
ZNF408,-0.3662294818388079,0.037289287501869106,-0.619437197868695
ZNF41,,0.3124400252946126,
ZNF410,,0.17266934897721165,-0.005652378883443202
ZNF414,-0.6771663528658499,0.029360476473087472,-0.8442552997346743
ZNF415,0.478567687297263,-0.5446362235577016,0.22303055516879783
ZNF416,,-0.024135709159296085,
ZNF417,,1.0531257250778963,
ZNF419,,-0.14203452203713088,-0.2700371286748055
ZNF420,-0.18188504076368467,-0.14731236632666495,0.15092347861037636
ZNF423,,-0.2253978550474217,
ZNF425,,0.13258060059953974,
ZNF426,-0.2512075445947561,-0.5051546660940669,-0.673780314122985
ZNF428,0.06487007632654761,-0.102294682068477,-0.15530804619179198
ZNF429,0.7218737985240543,0.08384451517953243,0.2655454573019367
ZNF43,0.25144521636245093,-0.5534308980045441,-0.1602681162644928
ZNF430,-1.2828613600135217,-1.205397186308098,-1.6493890846101067
ZNF431,0.723368731751397,0.46865536860276047,-0.674016755119131
ZNF432,,0.24094327632504914,1.2929415693639295
ZNF433,0.8588096053965574,0.4300028578787782,0.07203549277911117
ZNF436,-0.23626220283768315,-0.19079634045342,-0.7331455956258229
ZNF436-AS1,,0.4884466431475468,1.017470528864068
ZNF438,,0.2625077402630854,-0.6382648902600708
ZNF439,0.6636159429623986,0.17577786743970084,0.5175381895094135
ZNF44,0.4323280739770587,0.5098662960625038,0.7055677184163759
ZNF440,-0.450350806231857,0.4140559040347396,1.595307830002243
ZNF441,,0.3080934718400844,0.38966683655220474
ZNF442,,0.0760754101171079,
ZNF443,,0.08601352092389661,-0.12106695385308325
ZNF444,1.8312397368881173,1.2644624514368914,0.9195898521597239
ZNF445,0.4378973098976431,-0.03945207644410052,0.5227150266566118
ZNF446,-0.3451316418295117,0.11026397254646166,1.125865417004965
ZNF449,,0.4414889886253756,0.48654829487835066
ZNF45,,-0.4884466431475466,0.0011304699978325326
ZNF451,0.3912178752440437,0.055859958182830724,0.06013954084928232
ZNF454,,0.049006740298368774,0.3283675248084477
ZNF460,0.40592788262000945,0.04467959812985478,-0.13037240486959278
ZNF460-AS1,,,1.0751197762870337
ZNF461,,0.37840460549931887,-0.022611321748697358
ZNF462,-0.9782023052966734,-1.4318839477746985,-0.1115823844133081
ZNF467,,2.0724458337792457,
ZNF468,-0.09027819648802657,0.377244059367975,-0.39455004746594025
ZNF469,,0.339409974799437,0.9308633917514303
ZNF470,,-0.1373060273161147,0.2653502893736829
ZNF471,,-0.08908697435142801,0.38824432041253293
ZNF473,,0.18822925622980965,1.239600295821191
ZNF474,,,1.744750766688521
ZNF48,,0.3181183408977923,0.023365167433334354
ZNF480,-0.5904454410979608,-0.5553210298798393,-0.8375472541192843
ZNF483,,-0.9347704801620398,0.19165094421689133
ZNF484,,-0.10338100973632393,0.003956654473295455
ZNF485,,-0.5010666959928286,
ZNF486,0.16365265154839634,-0.5888369066255315,-0.05957329249662131
ZNF487,0.3436655245810656,0.7529139037437553,1.945508811095405
ZNF493,0.6479121054785912,0.11443249464592216,0.4238465994417582
ZNF496,-0.5613600155951808,-0.8714067221874585,0.11708215730638383
ZNF497,,,1.4241962945588225
ZNF500,-0.03328200790376144,-0.4874323053563106,0.569079093662367
ZNF501,,-0.263067021106528,
ZNF502,0.09444100704296012,-1.032343576198355,-0.7625520214433132
ZNF503,-1.318817497232345,-1.8515555700753343,-1.6919818791224168
ZNF503-AS1,,0.5717865505706995,
ZNF503-AS2,,-0.2242895936987156,0.7311749824472402
ZNF506,0.2815106153116245,-0.0804110585394312,-0.2757083280453211
ZNF507,0.3932074280678231,-0.2502239821631747,0.6048938210219484
ZNF510,,-0.11117000752950168,0.4574827294240686
ZNF511,-1.0944190223481995,-1.2450718752805523,-0.7653267999019483
ZNF512,0.30290008277707736,-0.19905629368815092,0.19203476590746774
ZNF512B,-0.12479098871247536,-0.5700907030178926,-1.115626414466008
ZNF513,0.3773337609868101,0.30526190086589045,0.22264425893826237
ZNF514,0.7523935512725733,0.5096612078096028,0.6322709207743348
ZNF516,0.15362506267140455,-0.041795306386327016,0.7198984986429278
ZNF516-AS1,,0.5892653457433966,0.5158156615660934
ZNF517,,0.519942152936024,
ZNF518A,0.2767220112024336,0.5230371339836797,0.2757083280453211
ZNF518B,0.1247909887124755,-0.05856588025462634,-0.9259348176174347
ZNF519,-0.7517824434071831,-1.1495644135271579,-0.9158578987603627
ZNF524,0.7055344166766983,0.6457129122801212,-0.1526388287927314
ZNF525,-0.41243805671218065,-0.5035184687150118,-0.4193163254904195
ZNF526,-0.06717792951542317,-0.3811145328412711,-0.413357704366576
ZNF527,,0.1540521504864835,0.2665214488422737
ZNF528,0.24598232888857433,0.308471200849101,0.4622995722825711
ZNF529,0.4270244673719254,0.28832289497949254,0.9555562928505226
ZNF529-AS1,,0.502700875517967,0.9894164882087738
ZNF530,,-0.05838547232734313,
ZNF532,0.047571334621486425,-0.5907657355510041,-0.6940148752345527
ZNF540,,-0.04702335778829266,
ZNF543,,-0.039091599077878014,-0.5140946627433195
ZNF544,0.22869128944830677,0.14330811668626825,0.692098416316571
ZNF546,,-0.3612410718212059,0.7762307583208815
ZNF547,,-0.21672376790753176,
ZNF548,-0.4159507712119345,-0.6457129122801211,0.36136150065013156
ZNF549,,0.09143782867303964,0.3976068314747155
ZNF550,,-0.0627158006549526,0.11518529224985916
ZNF551,-0.32637147519345117,-0.6721175927185624,-0.9484421902397552
ZNF552,1.8361883053975,1.4023895058535738,0.8577867590871083
ZNF554,,-0.041615049945538114,-0.004145067645623373
ZNF555,,0.7077640037173366,0.6408077073630077
ZNF556,,-0.42250819965775493,-0.43603935252637444
ZNF557,0.09721711910816204,-0.20825000088964432,-0.2530747337463527
ZNF558,-0.34684305033146856,-0.552171908048298,-0.2153108705562758
ZNF559,-0.13733360300871705,-0.6613211507134508,-0.056553619414222225
ZNF561,-1.0363348891736341,-1.4224098191400532,0.15244821223966432
ZNF562,0.2662092115728442,0.4720751992807749,-0.4119216206646034
ZNF563,,-0.7360434300926643,0.5562767954394776
ZNF564,,1.0600496761593794,0.792375239920909
ZNF565,,0.4892584753244567,-0.4106913676772495
ZNF566,-0.10462380783383059,-0.6368642837856967,-0.5250924250837249
ZNF567,-0.6639029757435739,-0.6779984618311033,-0.748765101605182
ZNF567-DT,,0.5982877665516322,0.19741126796173245
ZNF568,-0.11736770797032338,-0.38712509372894643,-0.1633224202738612
ZNF569,,-0.5255167297587859,0.8767224638297684
ZNF57,-1.149735953594487,-0.817887429860077,-0.41479464105800146
ZNF570,0.1048553572495978,-0.11352612752594039,0.4499645262837405
ZNF571,,0.3966543611765401,-0.07449142685047123
ZNF573,,-0.45004224109755564,-0.38195399326389534
ZNF574,-0.7511716161681746,-0.8402361851646004,-0.37972558240299165
ZNF575,,-0.4923057254831622,
ZNF576,-0.023375832868457985,0.4634356045969033,-0.5615631251223658
ZNF577,,0.40758929296259216,-0.22148556932046162
ZNF579,0.29928566063312756,0.5467263505398048,0.2749255703695865
ZNF580,0.5931890164737049,0.0764366584133429,-0.600375272561829
ZNF581,-0.8452363871846432,-1.2482056899567908,-1.930719589437358
ZNF582,,0.011166416345938665,-0.1705825569369842
ZNF582-DT,,-0.1258610294270177,
ZNF583,,0.4718738802575242,-0.2663262302527009
ZNF584,-0.32442905020555723,-0.4518366101077318,1.278303275042405
ZNF585A,,-0.5618467543324842,0.7094396114502134
ZNF585B,,0.12640564379138966,0.4010756854646571
ZNF586,0.6150233891852581,-0.18987938119451497,-0.7269968239305894
ZNF587,1.214572536934273,1.5542189328096299,0.3083484568102767
ZNF587B,0.33050323064120807,0.5394212721342486,-0.030527424315637184
ZNF589,,-0.552591474029011,-0.48442852290112115
ZNF592,0.5179378857129111,0.3869309873800234,0.7346254257112309
ZNF593,-0.051490949831093584,0.11298235206392021,-0.7926331627752187
ZNF594,,0.01008575680421713,0.40823272304885144
ZNF594-DT,,,1.2547733922465607
ZNF595,-0.10277161337663832,-0.24966653960503987,-0.82318484386957
ZNF596,,-0.21230076909057258,0.41253698091559393
ZNF597,,0.23186828022328623,0.43024498975941455
ZNF598,0.32953054778250657,0.3666291324209508,0.07581403807037916
ZNF599,0.5048153090677278,0.14694824697783498,1.5016287092261051
ZNF600,-0.7111574398537696,-1.3791769374112386,-0.9555562928505222
ZNF605,0.32855817659676795,0.5352598544984921,0.03467468638822851
ZNF606,0.5253255293301912,0.04936737578470547,1.2022818162510178
ZNF607,,-0.1513189793794467,1.0601288395146253
ZNF608,0.6731171552823865,-0.4710687952759214,-0.22418964382138865
ZNF609,1.6397531651951998,1.4743263837901455,1.3813617220767298
ZNF610,,0.36297179749914216,0.8794928743092469
ZNF611,0.16201915822987742,-0.09035275697951435,0.3876349112237363
ZNF613,,0.7226497420491887,
ZNF614,,-0.33293060744384906,
ZNF615,,-0.0758947896948184,-0.23618484823849567
ZNF616,,-0.13530644023906985,0.01450820416651655
ZNF618,0.008405421163036227,-0.09342740735266954,-1.6457288179757321
ZNF619,,0.28775971061496564,
ZNF620,0.7239671577977154,0.07661728629921111,-0.7395698621782562
ZNF621,0.7533107403094211,0.39101029663216336,0.6645882438905508
ZNF622,-1.0773934086968793,-0.45702855040854934,-0.9352309872311264
ZNF623,0.6399786261008736,-0.6026012903295555,-0.10589651163815234
ZNF624,,0.20365099559683328,0.3686115059647632
ZNF625,,0.4827727840732464,
ZNF626,0.7908512890266581,0.06614480748688331,0.360155021198307
ZNF627,,0.200893664771595,1.3808727176956066
ZNF628,-0.2851063034082988,-0.2025478786339962,-0.49185733051198127
ZNF629,0.3227304321369581,-0.5104816895606447,0.37466799668116857
ZNF630,,0.5271715895354596,
ZNF638,0.3422001456699892,0.09505551922079818,0.30874365073393356
ZNF639,0.4006822087285959,-0.20843405210203939,-0.6545180348412596
ZNF641,0.3031411844856907,-0.26493188608025925,-0.42776611797100955
ZNF644,-0.3261286048672176,-0.480548023348894,-0.6203504916843174
ZNF646,,0.39470671347617614,0.42343439811269534
ZNF649,0.007714550309941259,-0.1732177889778297,-1.0631079212616896
ZNF652,0.784257047657519,0.562057658951418,0.43251961335135625
ZNF653,,0.18548018418903756,0.8701007648601025
ZNF654,0.08380579485097148,-0.0818566066202727,-0.4579011626055903
ZNF655,0.16855577065400104,0.41444837417125485,-0.6711819432731028
ZNF658,,-0.3884842471378119,0.3645813578730021
ZNF66,,0.4282256389008554,0.42652766803395487
ZNF660,,-0.37859807937234113,0.22689535859865775
ZNF662,,0.07264403970591195,-0.3603560646575578
ZNF664,1.6240562530799316,1.5863503131720207,1.9380612145012517
ZNF665,,-0.3880958444675219,-0.028265507210760064
ZNF667,,-0.3726069335844617,-0.018842277491543692
ZNF667-AS1,0.06140894040736364,0.1451279414537514,-0.7007426728918382
ZNF668,-0.14082141573410986,0.39276056188060876,-0.7936653819808254
ZNF669,-0.43764386924995463,-0.6223718739392671,-0.6956938700676354
ZNF670,,-1.1464316055206538,-1.165079606670011
ZNF671,,0.1743148254735551,0.5012351311854845
ZNF672,0.8243544792106051,0.45123832573011186,-0.02487289906632415
ZNF674,,0.7233514294927149,
ZNF674-AS1,,-0.13912431006541282,
ZNF675,0.5195185605510144,0.07950767649975586,-0.8071621647225256
ZNF677,-0.7144231699128378,-0.6201874874576492,-1.4560825037673752
ZNF678,0.7484263533571267,0.8404925539519371,0.26359423180886365
ZNF680,-0.5890753195527106,-0.8128650324483309,0.024119026396242086
ZNF681,,0.3277951792235747,0.6540512723893218
ZNF682,1.113906625703815,0.4797396093759811,-0.20394757373469313
ZNF684,,-0.04053353949052303,-0.055798782787137235
ZNF687,0.6647644025129225,0.273148343141026,0.14064051666550853
ZNF687-AS1,,0.7462354133331993,
ZNF688,-0.26883460920694235,0.1567864728845584,1.551777070267301
ZNF689,-0.2626320748805052,-1.0428334532646568,-0.6341127908128572
ZNF69,,1.2211885003074574,1.0052166415502848
ZNF691,0.0715638467322188,-0.05423660250944076,-0.2794287438922847
ZNF692,0.530089888264895,-0.21746134441181342,-0.09680615395690138
ZNF696,,-0.19850521365981164,
ZNF697,,0.5694551828986408,
ZNF699,,-0.8068650855423248,-1.1322804743441672
ZNF7,-0.1769706223216027,-0.3689415543713233,-0.7296988840929846
ZNF70,,1.0286682811444425,0.9164312145478206
ZNF700,,0.3610488358400347,0.10494920389271717
ZNF701,-0.03489492452747003,-0.10356207617478158,0.06863568268329281
ZNF703,-1.4006360951147074,-1.2185354840245854,-1.0311607912914766
ZNF704,1.3382981488356918,1.4199377372317838,1.1013470516753041
ZNF706,-0.8237077233183534,0.3724138944666402,-0.7082285047194309
ZNF707,,0.15314096658611517,
ZNF708,0.20158795706386415,-0.1788880853566125,-0.20144738422588873
ZNF709,,,1.4205694250587781
ZNF71,,-0.4662446685931475,-0.6643532898855458
ZNF710,1.4495823835342494,1.2174010983951544,0.31903583578343014
ZNF710-AS1,,0.9253336981206555,1.3936957476072098
ZNF711,-1.2750353261606238,-1.8698612397648555,-1.3857777039366201
ZNF713,,-0.017110310777146722,1.1635952092389767
ZNF714,0.15152825210362192,-0.4353427009518455,-0.5895803355124141
ZNF717,0.4303062263487255,0.24558098519809635,0.48273427164146715
ZNF718,,0.1365788416412162,-0.08980449810929805
ZNF721,0.5697368034772696,-0.2578502404292326,-0.04693171775205359
ZNF724,,-0.40113968145680184,
ZNF726,,0.30696054827722713,0.06127209558840463
ZNF736,0.6357450910313939,0.47408944387213775,0.4610419746453013
ZNF737,,0.6912027472665836,0.23231179636585203
ZNF738,-0.2433722462954474,-0.39821356305018085,-0.5604605164748326
ZNF74,,-0.3822767864335579,-0.666233950706785
ZNF740,0.012781043348999094,-0.3949014107617758,0.38621351565279755
ZNF746,0.9546917990848596,0.04918705724189097,0.27355614934977307
ZNF747,-0.06763954269916432,-0.27370922191674896,0.05900706324473128
ZNF747-DT,,-0.5392129798453776,0.34191972505793294
ZNF749,,-0.03026137545865817,0.531808421968679
ZNF750,-0.04249996731852436,-0.1986889002961986,-0.47723748035893115
ZNF75A,0.11713583675555697,-0.39860351468321636,-0.2649599838291183
ZNF75D,,0.38440892793469383,0.941082353621635
ZNF76,0.697581943412881,0.17760719952688792,0.11120321601286584
ZNF761,-0.2263280850804723,0.8562370959278763,-0.17096491522326657
ZNF763,,0.7410112932723604,
ZNF764,,0.11406993655877518,0.9372753148511789
ZNF765,-0.1940732692701885,-0.004502508880478871,0.13607514504061233
ZNF766,0.0810329986081701,-0.3392192029817193,-0.5737373934465421
ZNF768,0.43764386924995463,-0.468253396461514,1.0741128663302386
ZNF77,-0.36475234714909166,-0.7976716289325606,-0.5768498514442694
ZNF770,0.12502307494696996,-0.1867629087731531,-0.3647827241588455
ZNF771,-0.38203616063068485,-1.0478097840859706,-1.1383822225574938
ZNF772,,0.8224252912128999,
ZNF773,,-0.6671595725535224,-0.15359199489672765
ZNF774,,0.07463051573132864,
ZNF775,,-0.29602900319564396,0.12809250581468593
ZNF776,1.204998320156557,0.8103615097989467,0.750262184760883
ZNF777,,0.4570285504085492,0.13512438598838575
ZNF778,1.2040469600267016,1.19393174074783,0.1768947017038333
ZNF778-DT,,0.15715113734146263,0.5268233073548331
ZNF780A,0.5857915277366633,0.7661312370766094,0.27101429717126185
ZNF780B,1.0045521660245598,-0.024856324333571312,0.3577436321218707
ZNF781,,-0.43375923756407714,
ZNF782,,0.4105265326403948,0.17593786918224322
ZNF783,,0.046662762888182184,0.10305487004713365
ZNF784,,0.22484368985272402,-0.2655454573019367
ZNF785,-0.21241041309317704,0.15970437656885572,-0.4690191848281018
ZNF786,,-0.5113025151070689,-0.729944790014124
ZNF787,0.4551984609781245,0.3495387716945514,0.0688245398477772
ZNF788P,,0.10193259973389591,
ZNF789,0.5335383065865816,0.10175156358084834,0.30736068250315973
ZNF79,,0.13912431006541282,
ZNF790,0.2540605466320303,-0.43197914009853106,-0.23115056265535366
ZNF790-AS1,,-0.4592288465281916,-0.7390746061099895
ZNF791,-0.6047612856817884,-0.8111120327252259,-0.4197278117546072
ZNF792,,0.9096953688397683,
ZNF793,-0.2740909881920079,-0.343801153435662,0.22902244226959517
ZNF793-AS1,,0.1387606169087945,0.1843636271046937
ZNF799,,0.03314442087556305,0.9891091497742761
ZNF8,,0.5178815975400023,0.5261740418062232
ZNF8-DT,0.7438634025839636,0.36258709800472366,0.5987966768254548
ZNF800,0.35173841120460614,0.10048440354355101,-0.21685376662078684
ZNF805,,-0.15715113734146263,-0.25112978270306063
ZNF808,0.5573208652031428,-0.4692584688570336,1.067427771940062
ZNF81,,0.7574649194512199,
ZNF812P,,0.19685233451692247,-0.5078687381287872
ZNF813,,-0.520148329802096,-0.2022165384688169
ZNF814,0.27600427024619306,-0.013868125014349827,-0.0752471885858794
ZNF816,-0.46031284052566673,-0.29226775821779294,-0.15111405105431913
ZNF816-ZNF321P,,0.6333387862263302,0.1058965116381522
ZNF821,0.34880019079419805,-0.3373121623557257,-0.894290341258594
ZNF823,,0.02557695241562608,-0.25210213901709405
ZNF827,0.7755173933680294,0.8528639919969399,0.06939112609722439
ZNF829,,-0.2468804864904129,-0.2437475580954515
ZNF83,0.43485787228964384,0.4195563258737328,0.28040844176295177
ZNF830,-1.1960040128482805,-1.323098697439042,-1.0996209867365263
ZNF833P,,,1.2271039491671298
ZNF836,0.07410368589536895,-0.415626168000212,-0.4707023903174795
ZNF837,,-0.15295874508680002,-0.5679717961987808
ZNF839,0.3605714383483919,0.13149054164591012,1.198795851306694
ZNF84,0.016926594014419944,-0.751241141887324,0.8092516433952335
ZNF84-DT,,,1.4077664411856987
ZNF841,,1.220050441767408,
ZNF844,0.8987903246734725,0.9308747077261593,0.7996171433083511
ZNF845,,0.03927183712309722,0.0016957054482173448
ZNF846,-1.6932934066456666,-0.909150697179469,-0.09850996415600898
ZNF85,0.1793102812523123,-0.17394912339680024,-0.8213354834227761
ZNF850,,0.5896938930541749,
ZNF852,,0.6570688337983397,
ZNF853,,-1.134011393955829,0.8464099081427252
ZNF860,,1.2592718032398418,
ZNF862,,0.047203657528337835,0.7147809022124367
ZNF865,0.2277458551732121,-0.4566287344906713,-0.1556894528641218
ZNF875,1.3485176058845836,1.7751509253605289,1.045047097403301
ZNF879,,-0.290576549164997,-0.23482888001633853
ZNF880,0.3996842860178125,0.3818893112672562,-0.29927213837319255
ZNF891,-0.37857042160529863,-0.8166299000056542,0.08337443152494427
ZNF90,-0.7597489126644409,-0.6930334701725338,-0.9109968118104066
ZNF91,1.088986468191479,1.4169826465859643,0.1776602843017089
ZNF92,-0.2824691077321918,-0.5974263985953571,-1.1430770197083275
ZNF93,,-0.023595256023940327,-0.6787535228992464
ZNFX1,1.5152077625367584,1.4125730750367447,1.1103759866901366
ZNG1A,-0.6541742634355908,-0.5311076856127281,-0.5300729759771153
ZNG1B,0.1085609211235256,-0.5168521443774282,-0.3413205261993523
ZNG1C,-0.6647644025129226,-0.8590988882715787,-0.5571567675734993
ZNG1E,-0.5121530946392961,-0.8348651324992827,-0.2980901022029781
ZNG1F,,-0.4146446331778225,-0.4341752910869855
ZNHIT1,0.6289950151252595,1.2427295143154597,0.48612416585001067
ZNHIT2,-0.1954814259006848,-0.005583121153168899,1.64865526290063
ZNHIT3,-1.1903728933317062,-1.1954023320309357,-1.1507145971202066
ZNHIT6,0.8963787208275098,0.4878379802351637,-0.4646070700705479
ZNRD2,-0.07064038416115155,0.4602297159240392,0.4139734296974965
ZNRF1,0.8762555299675312,0.5002501080240599,0.3081508779098329
ZNRF2,0.6972882560005071,0.8507930510400644,0.5289891327070795
ZNRF3,-0.2623937190531125,-1.4199377372317838,-1.1903353497445015
ZNRF3-AS1,,-0.30149027224372327,
ZP3,-1.2797215385700513,-0.8318067483202096,-1.1632245102735972
ZPR1,-1.0478287777886257,-0.716350474069251,-1.4765079722236982
ZRANB1,0.2867855506659024,0.3939280738471424,0.236378593381115
ZRANB2,0.0646393102123716,-0.2278000399369082,-0.059950789264800526
ZRANB3,,-0.4918991618568322,-0.6634138403098521
ZRSR2,-0.358360569688174,0.07300519561426665,0.5179690613381855
ZSCAN1,,,1.3867627109463394
ZSCAN12,,0.33712152586074506,
ZSCAN16,1.502271129531387,1.139509789014226,0.42158038093296185
ZSCAN16-AS1,0.7005221357285509,0.29508830134120595,0.6431229598804469
ZSCAN18,-0.037199249658359176,-0.5650129559889473,1.1233831462709318
ZSCAN2,,0.909150697179469,
ZSCAN21,,-0.8975047619035655,0.07146880099937943
ZSCAN25,,-0.3816955951865142,-0.0688245398477772
ZSCAN26,-0.28462666631421035,-0.66087297620037,-0.2486027646420396
ZSCAN29,0.6473440799405226,0.4550301997151933,0.2798205908047343
ZSCAN30,0.6354632609182526,0.06542284802921286,0.19990943272086456
ZSCAN31,-0.026600800163727137,0.0018009984406612625,-0.43894202093633294
ZSCAN32,0.43333966039820665,0.001440798472126796,-0.023365167433334354
ZSCAN5A,0.1582870748052935,-0.3094157160888688,1.9871733773548734
ZSCAN5A-AS1,,,1.3244375003862146
ZSCAN9,,-0.6023853483092988,-0.3160635145087784
ZSWIM1,,0.5622685885740674,-0.0007536465760427883
ZSWIM3,,0.3133857069753399,
ZSWIM4,0.266686419606988,-0.11497635999678284,-0.5453131172363058
ZSWIM5,,0.5184995329126681,
ZSWIM6,-0.6083595813819577,-0.35778285811783833,-0.25755176972797195
ZSWIM7,0.39843744197620773,0.12731341780347744,0.09604899546976187
ZSWIM8,1.3812484826758435,0.9513467818837491,0.48973206074432973
ZSWIM9,-0.09467232162268807,-0.7858444621651864,-0.5455317452867182
ZUP1,-0.7099717814188209,-0.5078163765251825,-1.0917229358208622
ZW10,-0.5481988795169583,0.46163170828653194,-0.818171668540895
ZWILCH,-0.832468245952857,-0.6004431319221656,-0.8624233422959459
ZWINT,-1.1641259088392177,-1.0298918338033662,-1.1880426766559542
ZXDA,,-0.6364231643593418,
ZXDB,-0.05402758926864735,-0.5705145110351328,-0.2727738534839661
ZXDC,0.6078054856407371,-0.02125337004757388,0.4213744685646918
ZYG11B,0.6487645360057687,0.05423660250944076,0.10172905676374155
ZYX,-1.628376355915816,-1.8101745899670714,-1.6449994046396508
ZZEF1,1.1435146190907601,1.1736086786293916,0.7296988840929842
ZZZ3,-0.49646239431846206,-0.8116126352629771,-1.0105394239876258
